timestamp,scenario_id,outdoor_temp_c,outdoor_humidity_pct,solar_irradiance_w_per_m2,total_building_occupancy,total_hvac_power_kw,total_lighting_power_kw,total_equipment_power_kw,gross_building_power_kw,baseline_building_power_kw,variance_delta_kw,comfort_compliance_pct,iaq_compliance_pct,active_anomalies_count,evidence
2026-08-01 00:00:00,summer_peak,30.08,72.5,0.0,0,4.29,0.06,14.1,18.45,55.43,-36.98,87.5,100.0,0,SIMULATED
2026-08-01 00:15:00,summer_peak,29.88,73.1,0.0,0,9.45,0.06,14.1,23.61,55.18,-31.57,87.5,100.0,0,SIMULATED
2026-08-01 00:30:00,summer_peak,29.7,73.7,0.0,0,9.13,0.06,14.1,23.29,54.95,-31.66,87.5,100.0,0,SIMULATED
2026-08-01 00:45:00,summer_peak,29.54,74.2,0.0,0,8.9,0.06,14.1,23.06,54.74,-31.68,87.5,100.0,0,SIMULATED
2026-08-01 01:00:00,summer_peak,29.4,74.7,0.0,0,8.74,0.06,14.1,22.9,54.61,-31.71,87.5,100.0,0,SIMULATED
2026-08-01 01:15:00,summer_peak,29.28,75.1,0.0,0,8.61,0.06,14.1,22.77,54.42,-31.65,87.5,100.0,0,SIMULATED
2026-08-01 01:30:00,summer_peak,29.18,75.4,0.0,0,8.51,0.06,14.1,22.67,54.29,-31.62,87.5,100.0,0,SIMULATED
2026-08-01 01:45:00,summer_peak,29.1,75.7,0.0,0,8.46,0.06,14.1,22.62,54.21,-31.59,87.5,100.0,0,SIMULATED
2026-08-01 02:00:00,summer_peak,29.04,75.9,0.0,0,8.43,0.06,14.1,22.59,54.14,-31.55,87.5,100.0,0,SIMULATED
2026-08-01 02:15:00,summer_peak,29.01,76.0,0.0,0,8.39,0.06,14.1,22.55,54.1,-31.55,87.5,100.0,0,SIMULATED
2026-08-01 02:30:00,summer_peak,29.0,76.0,0.0,0,8.39,0.06,14.1,22.55,54.09,-31.54,87.5,100.0,0,SIMULATED
2026-08-01 02:45:00,summer_peak,29.01,76.0,0.0,0,8.39,0.06,14.1,22.55,54.1,-31.55,87.5,100.0,0,SIMULATED
2026-08-01 03:00:00,summer_peak,29.04,75.9,0.0,0,8.43,0.06,14.1,22.59,54.14,-31.55,87.5,100.0,0,SIMULATED
2026-08-01 03:15:00,summer_peak,29.1,75.7,0.0,0,8.46,0.06,14.1,22.62,54.21,-31.59,87.5,100.0,0,SIMULATED
2026-08-01 03:30:00,summer_peak,29.18,75.4,0.0,0,8.49,0.06,14.1,22.65,54.29,-31.64,87.5,100.0,0,SIMULATED
2026-08-01 03:45:00,summer_peak,29.28,75.1,0.0,0,8.56,0.06,14.1,22.72,54.42,-31.7,87.5,100.0,0,SIMULATED
2026-08-01 04:00:00,summer_peak,29.4,74.7,0.0,0,8.62,0.06,14.1,22.78,54.61,-31.83,87.5,100.0,0,SIMULATED
2026-08-01 04:15:00,summer_peak,29.54,74.2,0.0,0,8.7,0.06,14.1,22.86,54.74,-31.88,87.5,100.0,0,SIMULATED
2026-08-01 04:30:00,summer_peak,29.7,73.7,0.0,0,8.8,0.06,14.1,22.96,54.95,-31.99,87.5,100.0,0,SIMULATED
2026-08-01 04:45:00,summer_peak,29.88,73.1,0.0,0,8.91,0.06,14.1,23.07,55.18,-32.11,87.5,100.0,0,SIMULATED
2026-08-01 05:00:00,summer_peak,30.08,72.5,0.0,0,9.03,0.06,14.1,23.19,55.43,-32.24,87.5,100.0,0,SIMULATED
2026-08-01 05:15:00,summer_peak,30.3,71.8,0.0,0,9.16,0.06,14.1,23.32,55.7,-32.38,87.5,100.0,0,SIMULATED
2026-08-01 05:30:00,summer_peak,30.54,71.0,0.0,0,9.29,0.06,14.1,23.45,56.01,-32.56,87.5,100.0,0,SIMULATED
2026-08-01 05:45:00,summer_peak,30.79,70.2,0.0,0,9.44,0.06,14.1,23.6,56.31,-32.71,87.5,100.0,0,SIMULATED
2026-08-01 06:00:00,summer_peak,31.05,69.3,0.0,0,9.61,0.06,14.1,23.77,56.65,-32.88,87.5,100.0,0,SIMULATED
2026-08-01 06:15:00,summer_peak,31.33,68.4,53.4,0,10.37,0.06,14.1,24.53,57.01,-32.48,87.5,100.0,0,SIMULATED
2026-08-01 06:30:00,summer_peak,31.62,67.5,106.5,0,11.19,0.06,14.1,25.35,57.36,-32.01,87.5,100.0,0,SIMULATED
2026-08-01 06:45:00,summer_peak,31.93,66.5,159.3,0,12.0,0.06,14.1,26.16,57.73,-31.57,87.5,100.0,0,SIMULATED
2026-08-01 07:00:00,summer_peak,32.24,65.5,211.4,0,13.11,1.34,14.1,28.54,58.14,-29.6,87.5,100.0,0,SIMULATED
2026-08-01 07:15:00,summer_peak,32.56,64.5,262.7,0,13.95,1.34,14.1,29.38,58.51,-29.13,87.5,100.0,0,SIMULATED
2026-08-01 07:30:00,summer_peak,32.89,63.4,312.9,0,14.77,1.34,14.1,30.21,58.94,-28.73,87.5,100.0,0,SIMULATED
2026-08-01 07:45:00,summer_peak,33.23,62.3,361.9,0,15.58,1.34,14.1,31.02,59.37,-28.35,87.5,100.0,0,SIMULATED
2026-08-01 08:00:00,summer_peak,33.56,61.2,409.5,0,16.4,1.34,14.1,31.84,59.78,-27.94,87.5,100.0,0,SIMULATED
2026-08-01 08:15:00,summer_peak,33.91,60.1,455.5,0,17.21,1.34,14.1,32.65,60.22,-27.57,87.5,100.0,0,SIMULATED
2026-08-01 08:30:00,summer_peak,34.25,59.0,499.6,0,18.01,1.34,14.1,33.44,60.65,-27.21,87.5,100.0,0,SIMULATED
2026-08-01 08:45:00,summer_peak,34.59,57.9,541.8,0,18.59,1.34,14.1,34.01,61.06,-27.05,87.5,100.0,0,SIMULATED
2026-08-01 09:00:00,summer_peak,34.94,56.8,581.9,1,18.98,1.67,14.1,34.74,61.49,-26.75,87.5,100.0,0,SIMULATED
2026-08-01 09:15:00,summer_peak,35.27,55.7,619.6,1,19.27,1.67,14.1,35.04,61.93,-26.89,87.5,100.0,0,SIMULATED
2026-08-01 09:30:00,summer_peak,35.61,54.6,654.9,1,19.56,1.67,14.1,35.32,62.34,-27.02,87.5,100.0,0,SIMULATED
2026-08-01 09:45:00,summer_peak,35.94,53.5,687.7,1,19.83,1.67,14.1,35.6,62.74,-27.14,87.5,100.0,0,SIMULATED
2026-08-01 10:00:00,summer_peak,36.26,52.5,717.7,7,20.12,4.13,14.1,38.35,63.15,-24.8,87.5,100.0,0,SIMULATED
2026-08-01 10:15:00,summer_peak,36.57,51.5,744.9,5,20.33,4.13,14.1,38.56,63.54,-24.98,87.5,100.0,0,SIMULATED
2026-08-01 10:30:00,summer_peak,36.88,50.5,769.1,5,20.48,4.13,14.1,38.71,63.93,-25.22,87.5,100.0,0,SIMULATED
2026-08-01 10:45:00,summer_peak,37.17,49.6,790.3,5,20.65,4.13,14.1,38.88,64.28,-25.4,87.5,100.0,0,SIMULATED
2026-08-01 11:00:00,summer_peak,37.45,48.7,808.4,5,20.77,4.13,14.1,39.0,64.65,-25.65,87.5,100.0,0,SIMULATED
2026-08-01 11:15:00,summer_peak,37.71,47.8,823.3,6,20.91,4.13,14.1,39.14,64.95,-25.81,87.5,100.0,0,SIMULATED
2026-08-01 11:30:00,summer_peak,37.96,47.0,834.9,7,21.09,4.13,14.1,39.32,65.28,-25.96,87.5,100.0,0,SIMULATED
2026-08-01 11:45:00,summer_peak,38.2,46.2,843.3,5,21.18,4.13,14.1,39.41,65.59,-26.18,87.5,100.0,0,SIMULATED
2026-08-01 12:00:00,summer_peak,38.42,45.5,848.3,6,21.3,4.13,14.1,39.53,65.86,-26.33,87.5,100.0,0,SIMULATED
2026-08-01 12:15:00,summer_peak,38.62,44.9,850.0,7,21.45,4.13,14.1,39.68,66.1,-26.42,87.5,100.0,0,SIMULATED
2026-08-01 12:30:00,summer_peak,38.8,44.3,848.3,7,21.55,4.13,14.1,39.78,66.33,-26.55,87.5,100.0,0,SIMULATED
2026-08-01 12:45:00,summer_peak,38.96,43.8,843.3,7,21.61,4.13,14.1,39.84,66.51,-26.67,87.5,100.0,0,SIMULATED
2026-08-01 13:00:00,summer_peak,39.1,43.3,834.9,5,21.69,4.13,14.1,39.92,66.7,-26.78,87.5,100.0,0,SIMULATED
2026-08-01 13:15:00,summer_peak,39.22,42.9,823.3,4,21.75,4.13,14.1,39.98,66.87,-26.89,87.5,100.0,0,SIMULATED
2026-08-01 13:30:00,summer_peak,39.32,42.6,808.4,5,21.8,4.13,14.1,40.03,66.97,-26.94,87.5,100.0,0,SIMULATED
2026-08-01 13:45:00,summer_peak,39.4,42.3,790.3,6,21.85,4.13,14.1,40.08,67.09,-27.01,87.5,100.0,0,SIMULATED
2026-08-01 14:00:00,summer_peak,39.46,42.1,769.1,6,21.89,4.13,14.1,40.12,67.15,-27.03,75.0,100.0,0,SIMULATED
2026-08-01 14:15:00,summer_peak,39.49,42.0,744.9,5,21.77,3.8,14.1,39.67,67.21,-27.54,75.0,100.0,0,SIMULATED
2026-08-01 14:30:00,summer_peak,39.5,42.0,717.7,5,21.77,3.8,14.1,39.67,67.21,-27.54,62.5,100.0,0,SIMULATED
2026-08-01 14:45:00,summer_peak,39.49,42.0,687.7,6,21.77,3.8,14.1,39.67,67.21,-27.54,62.5,100.0,0,SIMULATED
2026-08-01 15:00:00,summer_peak,39.46,42.1,654.9,5,21.77,3.8,14.1,39.67,67.15,-27.48,62.5,100.0,0,SIMULATED
2026-08-01 15:15:00,summer_peak,39.4,42.3,619.6,6,21.73,3.8,14.1,39.64,67.09,-27.45,62.5,100.0,0,SIMULATED
2026-08-01 15:30:00,summer_peak,39.32,42.6,581.9,5,21.68,3.8,14.1,39.59,66.97,-27.38,62.5,100.0,0,SIMULATED
2026-08-01 15:45:00,summer_peak,39.22,42.9,541.8,4,21.62,3.8,14.1,39.52,66.87,-27.35,62.5,100.0,0,SIMULATED
2026-08-01 16:00:00,summer_peak,39.1,43.3,499.6,4,21.47,3.8,14.1,39.37,66.7,-27.33,62.5,100.0,0,SIMULATED
2026-08-01 16:15:00,summer_peak,38.96,43.8,455.5,0,21.2,1.34,14.1,36.64,66.51,-29.87,62.5,100.0,0,SIMULATED
2026-08-01 16:30:00,summer_peak,38.8,44.3,409.5,0,20.92,1.34,14.1,36.35,66.33,-29.98,62.5,100.0,0,SIMULATED
2026-08-01 16:45:00,summer_peak,38.62,44.9,361.9,0,20.63,1.34,14.1,36.08,66.1,-30.02,62.5,100.0,0,SIMULATED
2026-08-01 17:00:00,summer_peak,38.42,45.5,312.9,0,20.33,1.34,14.1,35.77,65.86,-30.09,62.5,100.0,0,SIMULATED
2026-08-01 17:15:00,summer_peak,38.2,46.2,262.7,0,20.02,1.34,14.1,35.46,65.59,-30.13,62.5,100.0,0,SIMULATED
2026-08-01 17:30:00,summer_peak,37.96,47.0,211.4,0,19.71,1.34,14.1,35.14,65.28,-30.14,62.5,100.0,0,SIMULATED
2026-08-01 17:45:00,summer_peak,37.71,47.8,159.3,0,19.39,1.34,14.1,34.83,64.95,-30.12,75.0,100.0,0,SIMULATED
2026-08-01 18:00:00,summer_peak,37.45,48.7,106.5,0,19.07,1.34,14.1,34.51,64.65,-30.14,75.0,100.0,0,SIMULATED
2026-08-01 18:15:00,summer_peak,37.17,49.6,53.4,0,18.77,1.34,14.1,34.21,64.28,-30.07,87.5,100.0,0,SIMULATED
2026-08-01 18:30:00,summer_peak,36.88,50.5,0.0,0,18.29,1.34,14.1,33.72,63.93,-30.21,87.5,100.0,0,SIMULATED
2026-08-01 18:45:00,summer_peak,36.57,51.5,0.0,0,17.82,1.34,14.1,33.25,63.54,-30.29,87.5,100.0,0,SIMULATED
2026-08-01 19:00:00,summer_peak,36.26,52.5,0.0,0,17.24,1.34,14.1,32.67,63.15,-30.48,87.5,100.0,0,SIMULATED
2026-08-01 19:15:00,summer_peak,35.94,53.5,0.0,0,16.69,1.34,14.1,32.12,62.74,-30.62,87.5,100.0,0,SIMULATED
2026-08-01 19:30:00,summer_peak,35.61,54.6,0.0,0,16.15,1.34,14.1,31.59,62.34,-30.75,87.5,100.0,0,SIMULATED
2026-08-01 19:45:00,summer_peak,35.27,55.7,0.0,0,15.64,1.34,14.1,31.08,61.93,-30.85,87.5,100.0,0,SIMULATED
2026-08-01 20:00:00,summer_peak,34.94,56.8,0.0,0,14.81,0.06,14.1,28.97,61.49,-32.52,87.5,100.0,0,SIMULATED
2026-08-01 20:15:00,summer_peak,34.59,57.9,0.0,0,14.35,0.06,14.1,28.51,61.06,-32.55,87.5,100.0,0,SIMULATED
2026-08-01 20:30:00,summer_peak,34.25,59.0,0.0,0,13.91,0.06,14.1,28.07,60.65,-32.58,87.5,100.0,0,SIMULATED
2026-08-01 20:45:00,summer_peak,33.91,60.1,0.0,0,13.51,0.06,14.1,27.67,60.22,-32.55,87.5,100.0,0,SIMULATED
2026-08-01 21:00:00,summer_peak,33.56,61.2,0.0,0,13.08,0.06,14.1,27.24,59.78,-32.54,87.5,100.0,0,SIMULATED
2026-08-01 21:15:00,summer_peak,33.23,62.3,0.0,0,12.74,0.06,14.1,26.9,59.37,-32.47,87.5,100.0,0,SIMULATED
2026-08-01 21:30:00,summer_peak,32.89,63.4,0.0,0,12.35,0.06,14.1,26.51,58.94,-32.43,87.5,100.0,0,SIMULATED
2026-08-01 21:45:00,summer_peak,32.56,64.5,0.0,0,12.02,0.06,14.1,26.18,58.51,-32.33,87.5,100.0,0,SIMULATED
2026-08-01 22:00:00,summer_peak,32.24,65.5,0.0,0,11.67,0.06,14.1,25.83,58.14,-32.31,87.5,100.0,0,SIMULATED
2026-08-01 22:15:00,summer_peak,31.93,66.5,0.0,0,11.38,0.06,14.1,25.54,57.73,-32.19,87.5,100.0,0,SIMULATED
2026-08-01 22:30:00,summer_peak,31.62,67.5,0.0,0,11.08,0.06,14.1,25.24,57.36,-32.12,87.5,100.0,0,SIMULATED
2026-08-01 22:45:00,summer_peak,31.33,68.4,0.0,0,10.8,0.06,14.1,24.96,57.01,-32.05,87.5,100.0,0,SIMULATED
2026-08-01 23:00:00,summer_peak,31.05,69.3,0.0,0,10.55,0.06,14.1,24.71,56.65,-31.94,87.5,100.0,0,SIMULATED
2026-08-01 23:15:00,summer_peak,30.79,70.2,0.0,0,10.3,0.06,14.1,24.46,56.31,-31.85,87.5,100.0,0,SIMULATED
2026-08-01 23:30:00,summer_peak,30.54,71.0,0.0,0,10.08,0.06,14.1,24.24,56.01,-31.77,87.5,100.0,0,SIMULATED
2026-08-01 23:45:00,summer_peak,30.3,71.8,0.0,0,9.89,0.06,14.1,24.05,55.7,-31.65,87.5,100.0,0,SIMULATED
2026-08-02 00:00:00,summer_peak,30.08,72.5,0.0,0,9.69,0.06,14.1,23.85,55.43,-31.58,87.5,100.0,0,SIMULATED
2026-08-02 00:15:00,summer_peak,29.88,73.1,0.0,0,9.51,0.06,14.1,23.67,55.18,-31.51,87.5,100.0,0,SIMULATED
2026-08-02 00:30:00,summer_peak,29.7,73.7,0.0,0,9.36,0.06,14.1,23.52,54.95,-31.43,87.5,100.0,0,SIMULATED
2026-08-02 00:45:00,summer_peak,29.54,74.2,0.0,0,9.21,0.06,14.1,23.37,54.74,-31.37,87.5,100.0,0,SIMULATED
2026-08-02 01:00:00,summer_peak,29.4,74.7,0.0,0,9.08,0.06,14.1,23.24,54.61,-31.37,87.5,100.0,0,SIMULATED
2026-08-02 01:15:00,summer_peak,29.28,75.1,0.0,0,8.97,0.06,14.1,23.13,54.42,-31.29,87.5,100.0,0,SIMULATED
2026-08-02 01:30:00,summer_peak,29.18,75.4,0.0,0,8.87,0.06,14.1,23.03,54.29,-31.26,87.5,100.0,0,SIMULATED
2026-08-02 01:45:00,summer_peak,29.1,75.7,0.0,0,8.8,0.06,14.1,22.96,54.21,-31.25,87.5,100.0,0,SIMULATED
2026-08-02 02:00:00,summer_peak,29.04,75.9,0.0,0,8.74,0.06,14.1,22.9,54.14,-31.24,87.5,100.0,0,SIMULATED
2026-08-02 02:15:00,summer_peak,29.01,76.0,0.0,0,8.68,0.06,14.1,22.84,54.1,-31.26,87.5,100.0,0,SIMULATED
2026-08-02 02:30:00,summer_peak,29.0,76.0,0.0,0,8.65,0.06,14.1,22.81,54.09,-31.28,87.5,100.0,0,SIMULATED
2026-08-02 02:45:00,summer_peak,29.01,76.0,0.0,0,8.63,0.06,14.1,22.79,54.1,-31.31,87.5,100.0,0,SIMULATED
2026-08-02 03:00:00,summer_peak,29.04,75.9,0.0,0,8.63,0.06,14.1,22.79,54.14,-31.35,87.5,100.0,0,SIMULATED
2026-08-02 03:15:00,summer_peak,29.1,75.7,0.0,0,8.65,0.06,14.1,22.81,54.21,-31.4,87.5,100.0,0,SIMULATED
2026-08-02 03:30:00,summer_peak,29.18,75.4,0.0,0,8.66,0.06,14.1,22.82,54.29,-31.47,87.5,100.0,0,SIMULATED
2026-08-02 03:45:00,summer_peak,29.28,75.1,0.0,0,8.71,0.06,14.1,22.87,54.42,-31.55,87.5,100.0,0,SIMULATED
2026-08-02 04:00:00,summer_peak,29.4,74.7,0.0,0,8.76,0.06,14.1,22.92,54.61,-31.69,87.5,100.0,0,SIMULATED
2026-08-02 04:15:00,summer_peak,29.54,74.2,0.0,0,8.82,0.06,14.1,22.98,54.74,-31.76,87.5,100.0,0,SIMULATED
2026-08-02 04:30:00,summer_peak,29.7,73.7,0.0,0,8.9,0.06,14.1,23.06,54.95,-31.89,87.5,100.0,0,SIMULATED
2026-08-02 04:45:00,summer_peak,29.88,73.1,0.0,0,8.99,0.06,14.1,23.15,55.18,-32.03,87.5,100.0,0,SIMULATED
2026-08-02 05:00:00,summer_peak,30.08,72.5,0.0,0,9.1,0.06,14.1,23.26,55.43,-32.17,87.5,100.0,0,SIMULATED
2026-08-02 05:15:00,summer_peak,30.3,71.8,0.0,0,9.22,0.06,14.1,23.38,55.7,-32.32,87.5,100.0,0,SIMULATED
2026-08-02 05:30:00,summer_peak,30.54,71.0,0.0,0,9.34,0.06,14.1,23.5,56.01,-32.51,87.5,100.0,0,SIMULATED
2026-08-02 05:45:00,summer_peak,30.79,70.2,0.0,0,9.48,0.06,14.1,23.64,56.31,-32.67,87.5,100.0,0,SIMULATED
2026-08-02 06:00:00,summer_peak,31.05,69.3,0.0,0,9.64,0.06,14.1,23.8,56.65,-32.85,87.5,100.0,0,SIMULATED
2026-08-02 06:15:00,summer_peak,31.33,68.4,53.4,0,10.4,0.06,14.1,24.56,57.01,-32.45,87.5,100.0,0,SIMULATED
2026-08-02 06:30:00,summer_peak,31.62,67.5,106.5,0,11.21,0.06,14.1,25.37,57.36,-31.99,87.5,100.0,0,SIMULATED
2026-08-02 06:45:00,summer_peak,31.93,66.5,159.3,0,12.01,0.06,14.1,26.17,57.73,-31.56,87.5,100.0,0,SIMULATED
2026-08-02 07:00:00,summer_peak,32.24,65.5,211.4,0,13.12,1.34,14.1,28.55,58.14,-29.59,87.5,100.0,0,SIMULATED
2026-08-02 07:15:00,summer_peak,32.56,64.5,262.7,0,13.96,1.34,14.1,29.39,58.51,-29.12,87.5,100.0,0,SIMULATED
2026-08-02 07:30:00,summer_peak,32.89,63.4,312.9,0,14.78,1.34,14.1,30.22,58.94,-28.72,87.5,100.0,0,SIMULATED
2026-08-02 07:45:00,summer_peak,33.23,62.3,361.9,0,15.59,1.34,14.1,31.03,59.37,-28.34,87.5,100.0,0,SIMULATED
2026-08-02 08:00:00,summer_peak,33.56,61.2,409.5,0,16.41,1.34,14.1,31.85,59.78,-27.93,87.5,100.0,0,SIMULATED
2026-08-02 08:15:00,summer_peak,33.91,60.1,455.5,0,17.22,1.34,14.1,32.66,60.22,-27.56,87.5,100.0,0,SIMULATED
2026-08-02 08:30:00,summer_peak,34.25,59.0,499.6,0,18.02,1.34,14.1,33.45,60.65,-27.2,87.5,100.0,0,SIMULATED
2026-08-02 08:45:00,summer_peak,34.59,57.9,541.8,0,18.59,1.34,14.1,34.01,61.06,-27.05,87.5,100.0,0,SIMULATED
2026-08-02 09:00:00,summer_peak,34.94,56.8,581.9,2,19.02,1.67,14.1,34.78,61.49,-26.71,87.5,100.0,0,SIMULATED
2026-08-02 09:15:00,summer_peak,35.27,55.7,619.6,2,19.3,1.67,14.1,35.07,61.93,-26.86,87.5,100.0,0,SIMULATED
2026-08-02 09:30:00,summer_peak,35.61,54.6,654.9,1,19.56,1.67,14.1,35.32,62.34,-27.02,87.5,100.0,0,SIMULATED
2026-08-02 09:45:00,summer_peak,35.94,53.5,687.7,1,19.83,1.67,14.1,35.6,62.74,-27.14,87.5,100.0,0,SIMULATED
2026-08-02 10:00:00,summer_peak,36.26,52.5,717.7,7,20.09,4.13,14.1,38.32,63.15,-24.83,87.5,100.0,0,SIMULATED
2026-08-02 10:15:00,summer_peak,36.57,51.5,744.9,5,20.33,4.13,14.1,38.56,63.54,-24.98,87.5,100.0,0,SIMULATED
2026-08-02 10:30:00,summer_peak,36.88,50.5,769.1,6,20.51,4.13,14.1,38.74,63.93,-25.19,87.5,100.0,0,SIMULATED
2026-08-02 10:45:00,summer_peak,37.17,49.6,790.3,7,20.69,4.13,14.1,38.92,64.28,-25.36,87.5,100.0,0,SIMULATED
2026-08-02 11:00:00,summer_peak,37.45,48.7,808.4,5,20.77,4.13,14.1,39.0,64.65,-25.65,87.5,100.0,0,SIMULATED
2026-08-02 11:15:00,summer_peak,37.71,47.8,823.3,5,20.91,4.13,14.1,39.14,64.95,-25.81,87.5,100.0,0,SIMULATED
2026-08-02 11:30:00,summer_peak,37.96,47.0,834.9,5,21.05,4.13,14.1,39.28,65.28,-26.0,87.5,100.0,0,SIMULATED
2026-08-02 11:45:00,summer_peak,38.2,46.2,843.3,8,21.22,4.13,14.1,39.45,65.59,-26.14,87.5,100.0,0,SIMULATED
2026-08-02 12:00:00,summer_peak,38.42,45.5,848.3,5,21.3,4.13,14.1,39.53,65.86,-26.33,87.5,100.0,0,SIMULATED
2026-08-02 12:15:00,summer_peak,38.62,44.9,850.0,6,21.41,4.13,14.1,39.64,66.1,-26.46,87.5,100.0,0,SIMULATED
2026-08-02 12:30:00,summer_peak,38.8,44.3,848.3,5,21.51,4.13,14.1,39.74,66.33,-26.59,87.5,100.0,0,SIMULATED
2026-08-02 12:45:00,summer_peak,38.96,43.8,843.3,8,21.65,4.13,14.1,39.88,66.51,-26.63,87.5,100.0,0,SIMULATED
2026-08-02 13:00:00,summer_peak,39.1,43.3,834.9,5,21.69,4.13,14.1,39.92,66.7,-26.78,87.5,100.0,0,SIMULATED
2026-08-02 13:15:00,summer_peak,39.22,42.9,823.3,7,21.75,4.13,14.1,39.98,66.87,-26.89,87.5,100.0,0,SIMULATED
2026-08-02 13:30:00,summer_peak,39.32,42.6,808.4,6,21.8,4.13,14.1,40.03,66.97,-26.94,87.5,100.0,0,SIMULATED
2026-08-02 13:45:00,summer_peak,39.4,42.3,790.3,6,21.85,4.13,14.1,40.08,67.09,-27.01,87.5,100.0,0,SIMULATED
2026-08-02 14:00:00,summer_peak,39.46,42.1,769.1,5,21.89,4.13,14.1,40.12,67.15,-27.03,75.0,100.0,0,SIMULATED
2026-08-02 14:15:00,summer_peak,39.49,42.0,744.9,5,21.77,3.8,14.1,39.67,67.21,-27.54,75.0,100.0,0,SIMULATED
2026-08-02 14:30:00,summer_peak,39.5,42.0,717.7,6,21.77,3.8,14.1,39.67,67.21,-27.54,62.5,100.0,0,SIMULATED
2026-08-02 14:45:00,summer_peak,39.49,42.0,687.7,4,21.77,3.8,14.1,39.67,67.21,-27.54,62.5,100.0,0,SIMULATED
2026-08-02 15:00:00,summer_peak,39.46,42.1,654.9,6,21.77,3.8,14.1,39.67,67.15,-27.48,62.5,100.0,0,SIMULATED
2026-08-02 15:15:00,summer_peak,39.4,42.3,619.6,4,21.73,3.8,14.1,39.64,67.09,-27.45,62.5,100.0,0,SIMULATED
2026-08-02 15:30:00,summer_peak,39.32,42.6,581.9,5,21.68,3.8,14.1,39.59,66.97,-27.38,62.5,100.0,0,SIMULATED
2026-08-02 15:45:00,summer_peak,39.22,42.9,541.8,5,21.62,3.8,14.1,39.52,66.87,-27.35,62.5,100.0,0,SIMULATED
2026-08-02 16:00:00,summer_peak,39.1,43.3,499.6,5,21.47,3.8,14.1,39.37,66.7,-27.33,62.5,100.0,0,SIMULATED
2026-08-02 16:15:00,summer_peak,38.96,43.8,455.5,0,21.2,1.34,14.1,36.64,66.51,-29.87,62.5,100.0,0,SIMULATED
2026-08-02 16:30:00,summer_peak,38.8,44.3,409.5,0,20.92,1.34,14.1,36.35,66.33,-29.98,62.5,100.0,0,SIMULATED
2026-08-02 16:45:00,summer_peak,38.62,44.9,361.9,0,20.63,1.34,14.1,36.08,66.1,-30.02,62.5,100.0,0,SIMULATED
2026-08-02 17:00:00,summer_peak,38.42,45.5,312.9,0,20.33,1.34,14.1,35.77,65.86,-30.09,62.5,100.0,0,SIMULATED
2026-08-02 17:15:00,summer_peak,38.2,46.2,262.7,0,20.02,1.34,14.1,35.46,65.59,-30.13,62.5,100.0,0,SIMULATED
2026-08-02 17:30:00,summer_peak,37.96,47.0,211.4,0,19.71,1.34,14.1,35.14,65.28,-30.14,62.5,100.0,0,SIMULATED
2026-08-02 17:45:00,summer_peak,37.71,47.8,159.3,0,19.39,1.34,14.1,34.83,64.95,-30.12,75.0,100.0,0,SIMULATED
2026-08-02 18:00:00,summer_peak,37.45,48.7,106.5,0,19.07,1.34,14.1,34.51,64.65,-30.14,75.0,100.0,0,SIMULATED
2026-08-02 18:15:00,summer_peak,37.17,49.6,53.4,0,18.77,1.34,14.1,34.21,64.28,-30.07,87.5,100.0,0,SIMULATED
2026-08-02 18:30:00,summer_peak,36.88,50.5,0.0,0,18.3,1.34,14.1,33.72,63.93,-30.21,87.5,100.0,0,SIMULATED
2026-08-02 18:45:00,summer_peak,36.57,51.5,0.0,0,17.82,1.34,14.1,33.26,63.54,-30.28,87.5,100.0,0,SIMULATED
2026-08-02 19:00:00,summer_peak,36.26,52.5,0.0,0,17.24,1.34,14.1,32.67,63.15,-30.48,87.5,100.0,0,SIMULATED
2026-08-02 19:15:00,summer_peak,35.94,53.5,0.0,0,16.69,1.34,14.1,32.13,62.74,-30.61,87.5,100.0,0,SIMULATED
2026-08-02 19:30:00,summer_peak,35.61,54.6,0.0,0,16.14,1.34,14.1,31.57,62.34,-30.77,87.5,100.0,0,SIMULATED
2026-08-02 19:45:00,summer_peak,35.27,55.7,0.0,0,15.64,1.34,14.1,31.08,61.93,-30.85,87.5,100.0,0,SIMULATED
2026-08-02 20:00:00,summer_peak,34.94,56.8,0.0,0,14.81,0.06,14.1,28.97,61.49,-32.52,87.5,100.0,0,SIMULATED
2026-08-02 20:15:00,summer_peak,34.59,57.9,0.0,0,14.35,0.06,14.1,28.51,61.06,-32.55,87.5,100.0,0,SIMULATED
2026-08-02 20:30:00,summer_peak,34.25,59.0,0.0,0,13.91,0.06,14.1,28.07,60.65,-32.58,87.5,100.0,0,SIMULATED
2026-08-02 20:45:00,summer_peak,33.91,60.1,0.0,0,13.5,0.06,14.1,27.66,60.22,-32.56,87.5,100.0,0,SIMULATED
2026-08-02 21:00:00,summer_peak,33.56,61.2,0.0,0,13.07,0.06,14.1,27.23,59.78,-32.55,87.5,100.0,0,SIMULATED
2026-08-02 21:15:00,summer_peak,33.23,62.3,0.0,0,12.73,0.06,14.1,26.89,59.37,-32.48,87.5,100.0,0,SIMULATED
2026-08-02 21:30:00,summer_peak,32.89,63.4,0.0,0,12.34,0.06,14.1,26.5,58.94,-32.44,87.5,100.0,0,SIMULATED
2026-08-02 21:45:00,summer_peak,32.56,64.5,0.0,0,12.01,0.06,14.1,26.17,58.51,-32.34,87.5,100.0,0,SIMULATED
2026-08-02 22:00:00,summer_peak,32.24,65.5,0.0,0,11.66,0.06,14.1,25.82,58.14,-32.32,87.5,100.0,0,SIMULATED
2026-08-02 22:15:00,summer_peak,31.93,66.5,0.0,0,11.37,0.06,14.1,25.53,57.73,-32.2,87.5,100.0,0,SIMULATED
2026-08-02 22:30:00,summer_peak,31.62,67.5,0.0,0,11.08,0.06,14.1,25.24,57.36,-32.12,87.5,100.0,0,SIMULATED
2026-08-02 22:45:00,summer_peak,31.33,68.4,0.0,0,10.8,0.06,14.1,24.96,57.01,-32.05,87.5,100.0,0,SIMULATED
2026-08-02 23:00:00,summer_peak,31.05,69.3,0.0,0,10.55,0.06,14.1,24.71,56.65,-31.94,87.5,100.0,0,SIMULATED
2026-08-02 23:15:00,summer_peak,30.79,70.2,0.0,0,10.3,0.06,14.1,24.46,56.31,-31.85,87.5,100.0,0,SIMULATED
2026-08-02 23:30:00,summer_peak,30.54,71.0,0.0,0,10.08,0.06,14.1,24.24,56.01,-31.77,87.5,100.0,0,SIMULATED
2026-08-02 23:45:00,summer_peak,30.3,71.8,0.0,0,9.89,0.06,14.1,24.05,55.7,-31.65,87.5,100.0,0,SIMULATED
2026-08-03 00:00:00,summer_peak,30.08,72.5,0.0,0,9.69,0.06,14.1,23.85,55.43,-31.58,87.5,100.0,0,SIMULATED
2026-08-03 00:15:00,summer_peak,29.88,73.1,0.0,0,9.51,0.06,14.1,23.67,55.18,-31.51,87.5,100.0,0,SIMULATED
2026-08-03 00:30:00,summer_peak,29.7,73.7,0.0,0,9.36,0.06,14.1,23.52,54.95,-31.43,87.5,100.0,0,SIMULATED
2026-08-03 00:45:00,summer_peak,29.54,74.2,0.0,0,9.21,0.06,14.1,23.37,54.74,-31.37,87.5,100.0,0,SIMULATED
2026-08-03 01:00:00,summer_peak,29.4,74.7,0.0,0,9.08,0.06,14.1,23.24,54.61,-31.37,87.5,100.0,0,SIMULATED
2026-08-03 01:15:00,summer_peak,29.28,75.1,0.0,0,8.97,0.06,14.1,23.13,54.42,-31.29,87.5,100.0,0,SIMULATED
2026-08-03 01:30:00,summer_peak,29.18,75.4,0.0,0,8.87,0.06,14.1,23.03,54.29,-31.26,87.5,100.0,0,SIMULATED
2026-08-03 01:45:00,summer_peak,29.1,75.7,0.0,0,8.8,0.06,14.1,22.96,54.21,-31.25,87.5,100.0,0,SIMULATED
2026-08-03 02:00:00,summer_peak,29.04,75.9,0.0,0,8.74,0.06,14.1,22.9,54.14,-31.24,87.5,100.0,0,SIMULATED
2026-08-03 02:15:00,summer_peak,29.01,76.0,0.0,0,8.68,0.06,14.1,22.84,54.1,-31.26,87.5,100.0,0,SIMULATED
2026-08-03 02:30:00,summer_peak,29.0,76.0,0.0,0,8.65,0.06,14.1,22.81,54.09,-31.28,87.5,100.0,0,SIMULATED
2026-08-03 02:45:00,summer_peak,29.01,76.0,0.0,0,8.63,0.06,14.1,22.79,54.1,-31.31,87.5,100.0,0,SIMULATED
2026-08-03 03:00:00,summer_peak,29.04,75.9,0.0,0,8.63,0.06,14.1,22.79,54.14,-31.35,87.5,100.0,0,SIMULATED
2026-08-03 03:15:00,summer_peak,29.1,75.7,0.0,0,8.65,0.06,14.1,22.81,54.21,-31.4,87.5,100.0,0,SIMULATED
2026-08-03 03:30:00,summer_peak,29.18,75.4,0.0,0,8.66,0.06,14.1,22.82,54.29,-31.47,87.5,100.0,0,SIMULATED
2026-08-03 03:45:00,summer_peak,29.28,75.1,0.0,0,8.71,0.06,14.1,22.87,54.42,-31.55,87.5,100.0,0,SIMULATED
2026-08-03 04:00:00,summer_peak,29.4,74.7,0.0,0,8.76,0.06,14.1,22.92,54.61,-31.69,87.5,100.0,0,SIMULATED
2026-08-03 04:15:00,summer_peak,29.54,74.2,0.0,0,8.82,0.06,14.1,22.98,54.74,-31.76,87.5,100.0,0,SIMULATED
2026-08-03 04:30:00,summer_peak,29.7,73.7,0.0,0,8.9,0.06,14.1,23.06,54.95,-31.89,87.5,100.0,0,SIMULATED
2026-08-03 04:45:00,summer_peak,29.88,73.1,0.0,0,8.99,0.06,14.1,23.15,55.18,-32.03,87.5,100.0,0,SIMULATED
2026-08-03 05:00:00,summer_peak,30.08,72.5,0.0,0,9.1,0.06,14.1,23.26,55.43,-32.17,87.5,100.0,0,SIMULATED
2026-08-03 05:15:00,summer_peak,30.3,71.8,0.0,0,9.22,0.06,14.1,23.38,55.7,-32.32,87.5,100.0,0,SIMULATED
2026-08-03 05:30:00,summer_peak,30.54,71.0,0.0,0,9.34,0.06,14.1,23.5,56.01,-32.51,87.5,100.0,0,SIMULATED
2026-08-03 05:45:00,summer_peak,30.79,70.2,0.0,0,9.48,0.06,14.1,23.64,56.31,-32.67,87.5,100.0,0,SIMULATED
2026-08-03 06:00:00,summer_peak,31.05,69.3,0.0,0,9.64,0.06,14.1,23.8,56.65,-32.85,87.5,100.0,0,SIMULATED
2026-08-03 06:15:00,summer_peak,31.33,68.4,53.4,0,10.4,0.06,14.1,24.56,57.01,-32.45,87.5,100.0,0,SIMULATED
2026-08-03 06:30:00,summer_peak,31.62,67.5,106.5,0,11.21,0.06,14.1,25.37,57.36,-31.99,87.5,100.0,0,SIMULATED
2026-08-03 06:45:00,summer_peak,31.93,66.5,159.3,0,12.01,0.06,14.1,26.17,57.73,-31.56,87.5,100.0,0,SIMULATED
2026-08-03 07:00:00,summer_peak,32.24,65.5,211.4,0,13.12,1.34,14.1,28.55,58.14,-29.59,87.5,100.0,0,SIMULATED
2026-08-03 07:15:00,summer_peak,32.56,64.5,262.7,0,13.96,1.34,14.1,29.39,58.51,-29.12,87.5,100.0,0,SIMULATED
2026-08-03 07:30:00,summer_peak,32.89,63.4,312.9,0,14.78,1.34,14.1,30.22,58.94,-28.72,87.5,100.0,0,SIMULATED
2026-08-03 07:45:00,summer_peak,33.23,62.3,361.9,0,15.59,1.34,14.1,31.03,59.37,-28.34,87.5,100.0,0,SIMULATED
2026-08-03 08:00:00,summer_peak,33.56,61.2,409.5,3,16.59,1.67,14.1,32.35,59.78,-27.43,87.5,100.0,0,SIMULATED
2026-08-03 08:15:00,summer_peak,33.91,60.1,455.5,6,17.79,3.03,14.1,34.91,60.22,-25.31,87.5,100.0,0,SIMULATED
2026-08-03 08:30:00,summer_peak,34.25,59.0,499.6,15,18.74,3.81,14.1,36.64,60.65,-24.01,87.5,100.0,0,SIMULATED
2026-08-03 08:45:00,summer_peak,34.59,57.9,541.8,19,19.19,4.91,14.1,38.2,61.06,-22.86,87.5,100.0,0,SIMULATED
2026-08-03 09:00:00,summer_peak,34.94,56.8,581.9,48,19.92,5.82,14.1,39.84,61.49,-21.65,87.5,100.0,0,SIMULATED
2026-08-03 09:15:00,summer_peak,35.27,55.7,619.6,51,20.13,5.82,14.1,40.05,61.93,-21.88,87.5,100.0,0,SIMULATED
2026-08-03 09:30:00,summer_peak,35.61,54.6,654.9,75,20.72,6.42,14.1,41.24,62.34,-21.1,87.5,100.0,0,SIMULATED
2026-08-03 09:45:00,summer_peak,35.94,53.5,687.7,77,20.93,6.42,14.1,41.45,62.74,-21.29,87.5,100.0,0,SIMULATED
2026-08-03 10:00:00,summer_peak,36.26,52.5,717.7,84,21.24,6.24,14.1,41.58,63.15,-21.57,87.5,100.0,0,SIMULATED
2026-08-03 10:15:00,summer_peak,36.57,51.5,744.9,86,21.42,6.24,14.1,41.76,63.54,-21.78,87.5,100.0,0,SIMULATED
2026-08-03 10:30:00,summer_peak,36.88,50.5,769.1,77,21.15,5.64,14.1,40.89,63.93,-23.04,87.5,100.0,0,SIMULATED
2026-08-03 10:45:00,summer_peak,37.17,49.6,790.3,79,21.38,5.64,14.1,41.12,64.28,-23.16,87.5,100.0,0,SIMULATED
2026-08-03 11:00:00,summer_peak,37.45,48.7,808.4,81,21.65,5.82,14.1,41.57,64.65,-23.08,87.5,100.0,0,SIMULATED
2026-08-03 11:15:00,summer_peak,37.71,47.8,823.3,77,21.67,5.82,14.1,41.59,64.95,-23.36,87.5,100.0,0,SIMULATED
2026-08-03 11:30:00,summer_peak,37.96,47.0,834.9,87,22.28,6.42,14.1,42.8,65.28,-22.48,87.5,100.0,0,SIMULATED
2026-08-03 11:45:00,summer_peak,38.2,46.2,843.3,74,21.77,5.82,14.1,41.69,65.59,-23.9,87.5,100.0,0,SIMULATED
2026-08-03 12:00:00,summer_peak,38.42,45.5,848.3,101,22.98,6.6,14.1,43.68,65.86,-22.18,87.5,100.0,0,SIMULATED
2026-08-03 12:15:00,summer_peak,38.62,44.9,850.0,102,23.13,6.6,14.1,43.83,66.1,-22.27,87.5,100.0,0,SIMULATED
2026-08-03 12:30:00,summer_peak,38.8,44.3,848.3,79,22.68,6.0,14.1,42.78,66.33,-23.55,75.0,100.0,0,SIMULATED
2026-08-03 12:45:00,summer_peak,38.96,43.8,843.3,78,22.79,6.0,14.1,42.89,66.51,-23.62,62.5,100.0,0,SIMULATED
2026-08-03 13:00:00,summer_peak,39.1,43.3,834.9,74,22.91,6.0,14.1,43.01,66.7,-23.69,62.5,100.0,0,SIMULATED
2026-08-03 13:15:00,summer_peak,39.22,42.9,823.3,71,22.93,6.0,14.1,43.03,66.87,-23.84,62.5,100.0,0,SIMULATED
2026-08-03 13:30:00,summer_peak,39.32,42.6,808.4,82,23.5,6.6,14.1,44.2,66.97,-22.77,62.5,100.0,0,SIMULATED
2026-08-03 13:45:00,summer_peak,39.4,42.3,790.3,81,23.57,6.6,14.1,44.27,67.09,-22.82,62.5,100.0,0,SIMULATED
2026-08-03 14:00:00,summer_peak,39.46,42.1,769.1,80,22.89,6.5,14.1,43.49,67.15,-23.66,62.5,100.0,1,SIMULATED
2026-08-03 14:15:00,summer_peak,39.49,42.0,744.9,80,22.93,6.5,14.1,43.53,67.21,-23.68,62.5,100.0,1,SIMULATED
2026-08-03 14:30:00,summer_peak,39.5,42.0,717.7,77,22.82,6.5,14.1,43.42,67.21,-23.79,62.5,100.0,1,SIMULATED
2026-08-03 14:45:00,summer_peak,39.49,42.0,687.7,80,22.9,6.5,14.1,43.5,67.21,-23.71,62.5,100.0,1,SIMULATED
2026-08-03 15:00:00,summer_peak,39.46,42.1,654.9,80,22.71,5.82,14.1,42.63,67.15,-24.52,62.5,100.0,0,SIMULATED
2026-08-03 15:15:00,summer_peak,39.4,42.3,619.6,78,22.63,5.82,14.1,42.55,67.09,-24.54,62.5,100.0,0,SIMULATED
2026-08-03 15:30:00,summer_peak,39.32,42.6,581.9,77,22.55,6.0,14.1,42.65,66.97,-24.32,62.5,100.0,0,SIMULATED
2026-08-03 15:45:00,summer_peak,39.22,42.9,541.8,78,22.53,6.0,14.1,42.63,66.87,-24.24,62.5,100.0,0,SIMULATED
2026-08-03 16:00:00,summer_peak,39.1,43.3,499.6,76,22.48,6.0,14.1,42.58,66.7,-24.12,62.5,100.0,0,SIMULATED
2026-08-03 16:15:00,summer_peak,38.96,43.8,455.5,79,22.36,6.0,14.1,42.46,66.51,-24.05,62.5,100.0,0,SIMULATED
2026-08-03 16:30:00,summer_peak,38.8,44.3,409.5,87,22.76,6.6,14.1,43.46,66.33,-22.87,62.5,100.0,0,SIMULATED
2026-08-03 16:45:00,summer_peak,38.62,44.9,361.9,89,22.71,6.6,14.1,43.41,66.1,-22.69,62.5,100.0,0,SIMULATED
2026-08-03 17:00:00,summer_peak,38.42,45.5,312.9,75,22.32,6.6,14.1,43.02,65.86,-22.84,62.5,100.0,0,SIMULATED
2026-08-03 17:15:00,summer_peak,38.2,46.2,262.7,73,22.1,6.6,14.1,42.8,65.59,-22.79,62.5,100.0,0,SIMULATED
2026-08-03 17:30:00,summer_peak,37.96,47.0,211.4,64,21.54,6.0,14.1,41.64,65.28,-23.64,62.5,100.0,0,SIMULATED
2026-08-03 17:45:00,summer_peak,37.71,47.8,159.3,60,21.44,6.0,14.1,41.54,64.95,-23.41,62.5,100.0,0,SIMULATED
2026-08-03 18:00:00,summer_peak,37.45,48.7,106.5,57,21.26,6.0,14.1,41.36,64.65,-23.29,62.5,100.0,0,SIMULATED
2026-08-03 18:15:00,summer_peak,37.17,49.6,53.4,54,20.99,6.0,14.1,41.09,64.28,-23.19,62.5,100.0,0,SIMULATED
2026-08-03 18:30:00,summer_peak,36.88,50.5,0.0,44,20.08,5.09,14.1,39.27,63.93,-24.66,62.5,100.0,0,SIMULATED
2026-08-03 18:45:00,summer_peak,36.57,51.5,0.0,37,19.72,5.09,14.1,38.91,63.54,-24.63,62.5,100.0,0,SIMULATED
2026-08-03 19:00:00,summer_peak,36.26,52.5,0.0,23,18.91,3.98,14.1,36.99,63.15,-26.16,62.5,100.0,0,SIMULATED
2026-08-03 19:15:00,summer_peak,35.94,53.5,0.0,17,18.64,3.98,14.1,36.72,62.74,-26.02,62.5,100.0,0,SIMULATED
2026-08-03 19:30:00,summer_peak,35.61,54.6,0.0,12,18.36,2.62,14.1,35.08,62.34,-27.26,62.5,100.0,0,SIMULATED
2026-08-03 19:45:00,summer_peak,35.27,55.7,0.0,8,18.1,2.62,14.1,34.83,61.93,-27.1,62.5,100.0,0,SIMULATED
2026-08-03 20:00:00,summer_peak,34.94,56.8,0.0,6,17.67,1.6,14.1,33.37,61.49,-28.12,62.5,100.0,0,SIMULATED
2026-08-03 20:15:00,summer_peak,34.59,57.9,0.0,3,17.43,1.6,14.1,33.13,61.06,-27.93,62.5,100.0,0,SIMULATED
2026-08-03 20:30:00,summer_peak,34.25,59.0,0.0,0,17.05,0.24,14.1,31.39,60.65,-29.26,62.5,100.0,0,SIMULATED
2026-08-03 20:45:00,summer_peak,33.91,60.1,0.0,0,16.6,0.24,14.1,30.94,60.22,-29.28,62.5,100.0,0,SIMULATED
2026-08-03 21:00:00,summer_peak,33.56,61.2,0.0,0,16.16,0.24,14.1,30.5,59.78,-29.28,87.5,100.0,0,SIMULATED
2026-08-03 21:15:00,summer_peak,33.23,62.3,0.0,0,15.6,0.24,14.1,29.94,59.37,-29.43,87.5,100.0,0,SIMULATED
2026-08-03 21:30:00,summer_peak,32.89,63.4,0.0,0,14.99,0.24,14.1,29.33,58.94,-29.61,87.5,100.0,0,SIMULATED
2026-08-03 21:45:00,summer_peak,32.56,64.5,0.0,0,14.41,0.24,14.1,28.75,58.51,-29.76,87.5,100.0,0,SIMULATED
2026-08-03 22:00:00,summer_peak,32.24,65.5,0.0,0,13.89,0.24,14.1,28.23,58.14,-29.91,87.5,100.0,0,SIMULATED
2026-08-03 22:15:00,summer_peak,31.93,66.5,0.0,0,13.4,0.24,14.1,27.74,57.73,-29.99,87.5,100.0,0,SIMULATED
2026-08-03 22:30:00,summer_peak,31.62,67.5,0.0,0,12.94,0.24,14.1,27.28,57.36,-30.08,87.5,100.0,0,SIMULATED
2026-08-03 22:45:00,summer_peak,31.33,68.4,0.0,0,12.49,0.24,14.1,26.83,57.01,-30.18,87.5,100.0,0,SIMULATED
2026-08-03 23:00:00,summer_peak,31.05,69.3,0.0,0,12.1,0.24,14.1,26.44,56.65,-30.21,87.5,100.0,0,SIMULATED
2026-08-03 23:15:00,summer_peak,30.79,70.2,0.0,0,11.75,0.24,14.1,26.09,56.31,-30.22,87.5,100.0,0,SIMULATED
2026-08-03 23:30:00,summer_peak,30.54,71.0,0.0,0,11.4,0.24,14.1,25.74,56.01,-30.27,87.5,100.0,0,SIMULATED
2026-08-03 23:45:00,summer_peak,30.3,71.8,0.0,0,11.09,0.24,14.1,25.43,55.7,-30.27,87.5,100.0,0,SIMULATED
2026-08-04 00:00:00,summer_peak,30.08,72.5,0.0,0,10.8,0.24,14.1,25.14,55.43,-30.29,87.5,100.0,0,SIMULATED
2026-08-04 00:15:00,summer_peak,29.88,73.1,0.0,0,10.54,0.24,14.1,24.88,55.18,-30.3,87.5,100.0,0,SIMULATED
2026-08-04 00:30:00,summer_peak,29.7,73.7,0.0,0,10.29,0.24,14.1,24.63,54.95,-30.32,87.5,100.0,0,SIMULATED
2026-08-04 00:45:00,summer_peak,29.54,74.2,0.0,0,10.08,0.24,14.1,24.42,54.74,-30.32,87.5,100.0,0,SIMULATED
2026-08-04 01:00:00,summer_peak,29.4,74.7,0.0,0,9.88,0.24,14.1,24.22,54.61,-30.39,87.5,100.0,0,SIMULATED
2026-08-04 01:15:00,summer_peak,29.28,75.1,0.0,0,9.71,0.24,14.1,24.05,54.42,-30.37,87.5,100.0,0,SIMULATED
2026-08-04 01:30:00,summer_peak,29.18,75.4,0.0,0,9.55,0.24,14.1,23.89,54.29,-30.4,87.5,100.0,0,SIMULATED
2026-08-04 01:45:00,summer_peak,29.1,75.7,0.0,0,9.45,0.24,14.1,23.79,54.21,-30.42,87.5,100.0,0,SIMULATED
2026-08-04 02:00:00,summer_peak,29.04,75.9,0.0,0,9.32,0.24,14.1,23.66,54.14,-30.48,87.5,100.0,0,SIMULATED
2026-08-04 02:15:00,summer_peak,29.01,76.0,0.0,0,9.22,0.24,14.1,23.56,54.1,-30.54,87.5,100.0,0,SIMULATED
2026-08-04 02:30:00,summer_peak,29.0,76.0,0.0,0,9.16,0.24,14.1,23.5,54.09,-30.59,87.5,100.0,0,SIMULATED
2026-08-04 02:45:00,summer_peak,29.01,76.0,0.0,0,9.1,0.24,14.1,23.44,54.1,-30.66,87.5,100.0,0,SIMULATED
2026-08-04 03:00:00,summer_peak,29.04,75.9,0.0,0,9.07,0.24,14.1,23.41,54.14,-30.73,87.5,100.0,0,SIMULATED
2026-08-04 03:15:00,summer_peak,29.1,75.7,0.0,0,9.05,0.24,14.1,23.39,54.21,-30.82,87.5,100.0,0,SIMULATED
2026-08-04 03:30:00,summer_peak,29.18,75.4,0.0,0,9.04,0.24,14.1,23.38,54.29,-30.91,87.5,100.0,0,SIMULATED
2026-08-04 03:45:00,summer_peak,29.28,75.1,0.0,0,9.07,0.24,14.1,23.41,54.42,-31.01,87.5,100.0,0,SIMULATED
2026-08-04 04:00:00,summer_peak,29.4,74.7,0.0,0,9.08,0.24,14.1,23.42,54.61,-31.19,87.5,100.0,0,SIMULATED
2026-08-04 04:15:00,summer_peak,29.54,74.2,0.0,0,9.13,0.24,14.1,23.47,54.74,-31.27,87.5,100.0,0,SIMULATED
2026-08-04 04:30:00,summer_peak,29.7,73.7,0.0,0,9.19,0.24,14.1,23.53,54.95,-31.42,87.5,100.0,0,SIMULATED
2026-08-04 04:45:00,summer_peak,29.88,73.1,0.0,0,9.27,0.24,14.1,23.61,55.18,-31.57,87.5,100.0,0,SIMULATED
2026-08-04 05:00:00,summer_peak,30.08,72.5,0.0,0,9.35,0.24,14.1,23.69,55.43,-31.74,87.5,100.0,0,SIMULATED
2026-08-04 05:15:00,summer_peak,30.3,71.8,0.0,0,9.46,0.24,14.1,23.8,55.7,-31.9,87.5,100.0,0,SIMULATED
2026-08-04 05:30:00,summer_peak,30.54,71.0,0.0,0,9.57,0.24,14.1,23.91,56.01,-32.1,87.5,100.0,0,SIMULATED
2026-08-04 05:45:00,summer_peak,30.79,70.2,0.0,0,9.69,0.24,14.1,24.03,56.31,-32.28,87.5,100.0,0,SIMULATED
2026-08-04 06:00:00,summer_peak,31.05,69.3,0.0,0,9.83,0.24,14.1,24.17,56.65,-32.48,87.5,100.0,0,SIMULATED
2026-08-04 06:15:00,summer_peak,31.33,68.4,53.4,0,10.59,0.24,14.1,24.93,57.01,-32.08,87.5,100.0,0,SIMULATED
2026-08-04 06:30:00,summer_peak,31.62,67.5,106.5,0,11.38,0.24,14.1,25.72,57.36,-31.64,87.5,100.0,0,SIMULATED
2026-08-04 06:45:00,summer_peak,31.93,66.5,159.3,0,12.19,0.24,14.1,26.53,57.73,-31.2,87.5,100.0,0,SIMULATED
2026-08-04 07:00:00,summer_peak,32.24,65.5,211.4,0,13.28,1.52,14.1,28.9,58.14,-29.24,87.5,100.0,0,SIMULATED
2026-08-04 07:15:00,summer_peak,32.56,64.5,262.7,0,14.09,1.52,14.1,29.71,58.51,-28.8,87.5,100.0,0,SIMULATED
2026-08-04 07:30:00,summer_peak,32.89,63.4,312.9,0,14.89,1.52,14.1,30.51,58.94,-28.43,87.5,100.0,0,SIMULATED
2026-08-04 07:45:00,summer_peak,33.23,62.3,361.9,0,15.69,1.52,14.1,31.31,59.37,-28.06,87.5,100.0,0,SIMULATED
2026-08-04 08:00:00,summer_peak,33.56,61.2,409.5,4,16.7,1.85,14.1,32.64,59.78,-27.14,87.5,100.0,0,SIMULATED
2026-08-04 08:15:00,summer_peak,33.91,60.1,455.5,5,17.83,3.21,14.1,35.13,60.22,-25.09,87.5,100.0,0,SIMULATED
2026-08-04 08:30:00,summer_peak,34.25,59.0,499.6,14,18.71,3.99,14.1,36.79,60.65,-23.86,87.5,100.0,0,SIMULATED
2026-08-04 08:45:00,summer_peak,34.59,57.9,541.8,19,19.16,5.09,14.1,38.35,61.06,-22.71,87.5,100.0,0,SIMULATED
2026-08-04 09:00:00,summer_peak,34.94,56.8,581.9,48,19.97,6.0,14.1,40.07,61.49,-21.42,87.5,100.0,0,SIMULATED
2026-08-04 09:15:00,summer_peak,35.27,55.7,619.6,55,20.17,6.0,14.1,40.27,61.93,-21.66,87.5,100.0,0,SIMULATED
2026-08-04 09:30:00,summer_peak,35.61,54.6,654.9,77,20.8,6.6,14.1,41.5,62.34,-20.84,87.5,100.0,0,SIMULATED
2026-08-04 09:45:00,summer_peak,35.94,53.5,687.7,77,20.93,6.6,14.1,41.63,62.74,-21.11,87.5,100.0,0,SIMULATED
2026-08-04 10:00:00,summer_peak,36.26,52.5,717.7,84,21.33,6.42,14.1,41.85,63.15,-21.3,87.5,100.0,0,SIMULATED
2026-08-04 10:15:00,summer_peak,36.57,51.5,744.9,84,21.43,6.42,14.1,41.95,63.54,-21.59,87.5,100.0,0,SIMULATED
2026-08-04 10:30:00,summer_peak,36.88,50.5,769.1,79,21.23,5.82,14.1,41.15,63.93,-22.78,87.5,100.0,0,SIMULATED
2026-08-04 10:45:00,summer_peak,37.17,49.6,790.3,77,21.39,5.82,14.1,41.31,64.28,-22.97,87.5,100.0,0,SIMULATED
2026-08-04 11:00:00,summer_peak,37.45,48.7,808.4,78,21.57,5.82,14.1,41.49,64.65,-23.16,87.5,100.0,0,SIMULATED
2026-08-04 11:15:00,summer_peak,37.71,47.8,823.3,79,21.68,5.82,14.1,41.6,64.95,-23.35,87.5,100.0,0,SIMULATED
2026-08-04 11:30:00,summer_peak,37.96,47.0,834.9,90,22.32,6.42,14.1,42.84,65.28,-22.44,87.5,100.0,0,SIMULATED
2026-08-04 11:45:00,summer_peak,38.2,46.2,843.3,73,21.77,5.82,14.1,41.69,65.59,-23.9,87.5,100.0,0,SIMULATED
2026-08-04 12:00:00,summer_peak,38.42,45.5,848.3,102,22.99,6.6,14.1,43.69,65.86,-22.17,87.5,100.0,0,SIMULATED
2026-08-04 12:15:00,summer_peak,38.62,44.9,850.0,101,23.07,6.6,14.1,43.77,66.1,-22.33,87.5,100.0,0,SIMULATED
2026-08-04 12:30:00,summer_peak,38.8,44.3,848.3,77,22.68,6.0,14.1,42.78,66.33,-23.55,75.0,100.0,0,SIMULATED
2026-08-04 12:45:00,summer_peak,38.96,43.8,843.3,79,22.79,6.0,14.1,42.89,66.51,-23.62,62.5,100.0,0,SIMULATED
2026-08-04 13:00:00,summer_peak,39.1,43.3,834.9,72,22.91,6.0,14.1,43.01,66.7,-23.69,62.5,100.0,0,SIMULATED
2026-08-04 13:15:00,summer_peak,39.22,42.9,823.3,73,22.93,6.0,14.1,43.03,66.87,-23.84,62.5,100.0,0,SIMULATED
2026-08-04 13:30:00,summer_peak,39.32,42.6,808.4,83,23.5,6.6,14.1,44.2,66.97,-22.77,62.5,100.0,0,SIMULATED
2026-08-04 13:45:00,summer_peak,39.4,42.3,790.3,80,23.49,6.6,14.1,44.19,67.09,-22.9,62.5,100.0,0,SIMULATED
2026-08-04 14:00:00,summer_peak,39.46,42.1,769.1,78,22.85,6.5,14.1,43.45,67.15,-23.7,62.5,100.0,1,SIMULATED
2026-08-04 14:15:00,summer_peak,39.49,42.0,744.9,78,22.82,6.5,14.1,43.42,67.21,-23.79,62.5,100.0,1,SIMULATED
2026-08-04 14:30:00,summer_peak,39.5,42.0,717.7,77,22.82,6.5,14.1,43.42,67.21,-23.79,62.5,100.0,1,SIMULATED
2026-08-04 14:45:00,summer_peak,39.49,42.0,687.7,78,22.86,6.5,14.1,43.46,67.21,-23.75,62.5,100.0,1,SIMULATED
2026-08-04 15:00:00,summer_peak,39.46,42.1,654.9,79,22.67,5.82,14.1,42.59,67.15,-24.56,62.5,100.0,0,SIMULATED
2026-08-04 15:15:00,summer_peak,39.4,42.3,619.6,80,22.67,5.82,14.1,42.59,67.09,-24.5,62.5,100.0,0,SIMULATED
2026-08-04 15:30:00,summer_peak,39.32,42.6,581.9,78,22.55,6.0,14.1,42.65,66.97,-24.32,62.5,100.0,0,SIMULATED
2026-08-04 15:45:00,summer_peak,39.22,42.9,541.8,76,22.5,6.0,14.1,42.6,66.87,-24.27,62.5,100.0,0,SIMULATED
2026-08-04 16:00:00,summer_peak,39.1,43.3,499.6,78,22.52,6.0,14.1,42.62,66.7,-24.08,62.5,100.0,0,SIMULATED
2026-08-04 16:15:00,summer_peak,38.96,43.8,455.5,78,22.36,6.0,14.1,42.46,66.51,-24.05,62.5,100.0,0,SIMULATED
2026-08-04 16:30:00,summer_peak,38.8,44.3,409.5,88,22.8,6.6,14.1,43.5,66.33,-22.83,62.5,100.0,0,SIMULATED
2026-08-04 16:45:00,summer_peak,38.62,44.9,361.9,86,22.64,6.6,14.1,43.34,66.1,-22.76,62.5,100.0,0,SIMULATED
2026-08-04 17:00:00,summer_peak,38.42,45.5,312.9,72,22.24,6.6,14.1,42.94,65.86,-22.92,62.5,100.0,0,SIMULATED
2026-08-04 17:15:00,summer_peak,38.2,46.2,262.7,72,22.11,6.6,14.1,42.81,65.59,-22.78,62.5,100.0,0,SIMULATED
2026-08-04 17:30:00,summer_peak,37.96,47.0,211.4,65,21.55,6.0,14.1,41.65,65.28,-23.63,62.5,100.0,0,SIMULATED
2026-08-04 17:45:00,summer_peak,37.71,47.8,159.3,60,21.37,6.0,14.1,41.47,64.95,-23.48,62.5,100.0,0,SIMULATED
2026-08-04 18:00:00,summer_peak,37.45,48.7,106.5,58,21.3,6.0,14.1,41.4,64.65,-23.25,62.5,100.0,0,SIMULATED
2026-08-04 18:15:00,summer_peak,37.17,49.6,53.4,52,20.93,6.0,14.1,41.03,64.28,-23.25,62.5,100.0,0,SIMULATED
2026-08-04 18:30:00,summer_peak,36.88,50.5,0.0,44,20.08,5.09,14.1,39.27,63.93,-24.66,62.5,100.0,0,SIMULATED
2026-08-04 18:45:00,summer_peak,36.57,51.5,0.0,38,19.75,5.09,14.1,38.94,63.54,-24.6,62.5,100.0,0,SIMULATED
2026-08-04 19:00:00,summer_peak,36.26,52.5,0.0,23,18.91,3.98,14.1,36.99,63.15,-26.16,62.5,100.0,0,SIMULATED
2026-08-04 19:15:00,summer_peak,35.94,53.5,0.0,18,18.64,3.98,14.1,36.72,62.74,-26.02,62.5,100.0,0,SIMULATED
2026-08-04 19:30:00,summer_peak,35.61,54.6,0.0,11,18.36,2.62,14.1,35.08,62.34,-27.26,62.5,100.0,0,SIMULATED
2026-08-04 19:45:00,summer_peak,35.27,55.7,0.0,9,18.1,2.62,14.1,34.83,61.93,-27.1,62.5,100.0,0,SIMULATED
2026-08-04 20:00:00,summer_peak,34.94,56.8,0.0,6,17.67,1.6,14.1,33.37,61.49,-28.12,62.5,100.0,0,SIMULATED
2026-08-04 20:15:00,summer_peak,34.59,57.9,0.0,3,17.43,1.6,14.1,33.13,61.06,-27.93,62.5,100.0,0,SIMULATED
2026-08-04 20:30:00,summer_peak,34.25,59.0,0.0,0,17.07,0.24,14.1,31.41,60.65,-29.24,62.5,100.0,0,SIMULATED
2026-08-04 20:45:00,summer_peak,33.91,60.1,0.0,0,16.62,0.24,14.1,30.96,60.22,-29.26,62.5,100.0,0,SIMULATED
2026-08-04 21:00:00,summer_peak,33.56,61.2,0.0,0,16.17,0.24,14.1,30.51,59.78,-29.27,87.5,100.0,0,SIMULATED
2026-08-04 21:15:00,summer_peak,33.23,62.3,0.0,0,15.66,0.24,14.1,30.0,59.37,-29.37,87.5,100.0,0,SIMULATED
2026-08-04 21:30:00,summer_peak,32.89,63.4,0.0,0,15.04,0.24,14.1,29.38,58.94,-29.56,87.5,100.0,0,SIMULATED
2026-08-04 21:45:00,summer_peak,32.56,64.5,0.0,0,14.46,0.24,14.1,28.8,58.51,-29.71,87.5,100.0,0,SIMULATED
2026-08-04 22:00:00,summer_peak,32.24,65.5,0.0,0,13.94,0.24,14.1,28.28,58.14,-29.86,87.5,100.0,0,SIMULATED
2026-08-04 22:15:00,summer_peak,31.93,66.5,0.0,0,13.45,0.24,14.1,27.79,57.73,-29.94,87.5,100.0,0,SIMULATED
2026-08-04 22:30:00,summer_peak,31.62,67.5,0.0,0,12.98,0.24,14.1,27.32,57.36,-30.04,87.5,100.0,0,SIMULATED
2026-08-04 22:45:00,summer_peak,31.33,68.4,0.0,0,12.53,0.24,14.1,26.87,57.01,-30.14,87.5,100.0,0,SIMULATED
2026-08-04 23:00:00,summer_peak,31.05,69.3,0.0,0,12.13,0.24,14.1,26.47,56.65,-30.18,87.5,100.0,0,SIMULATED
2026-08-04 23:15:00,summer_peak,30.79,70.2,0.0,0,11.76,0.24,14.1,26.1,56.31,-30.21,87.5,100.0,0,SIMULATED
2026-08-04 23:30:00,summer_peak,30.54,71.0,0.0,0,11.42,0.24,14.1,25.76,56.01,-30.25,87.5,100.0,0,SIMULATED
2026-08-04 23:45:00,summer_peak,30.3,71.8,0.0,0,11.1,0.24,14.1,25.44,55.7,-30.26,87.5,100.0,0,SIMULATED
2026-08-05 00:00:00,summer_peak,30.08,72.5,0.0,0,10.81,0.24,14.1,25.15,55.43,-30.28,87.5,100.0,0,SIMULATED
2026-08-05 00:15:00,summer_peak,29.88,73.1,0.0,0,10.54,0.24,14.1,24.88,55.18,-30.3,87.5,100.0,0,SIMULATED
2026-08-05 00:30:00,summer_peak,29.7,73.7,0.0,0,10.29,0.24,14.1,24.63,54.95,-30.32,87.5,100.0,0,SIMULATED
2026-08-05 00:45:00,summer_peak,29.54,74.2,0.0,0,10.08,0.24,14.1,24.42,54.74,-30.32,87.5,100.0,0,SIMULATED
2026-08-05 01:00:00,summer_peak,29.4,74.7,0.0,0,9.88,0.24,14.1,24.22,54.61,-30.39,87.5,100.0,0,SIMULATED
2026-08-05 01:15:00,summer_peak,29.28,75.1,0.0,0,9.71,0.24,14.1,24.05,54.42,-30.37,87.5,100.0,0,SIMULATED
2026-08-05 01:30:00,summer_peak,29.18,75.4,0.0,0,9.55,0.24,14.1,23.89,54.29,-30.4,87.5,100.0,0,SIMULATED
2026-08-05 01:45:00,summer_peak,29.1,75.7,0.0,0,9.45,0.24,14.1,23.79,54.21,-30.42,87.5,100.0,0,SIMULATED
2026-08-05 02:00:00,summer_peak,29.04,75.9,0.0,0,9.32,0.24,14.1,23.66,54.14,-30.48,87.5,100.0,0,SIMULATED
2026-08-05 02:15:00,summer_peak,29.01,76.0,0.0,0,9.22,0.24,14.1,23.56,54.1,-30.54,87.5,100.0,0,SIMULATED
2026-08-05 02:30:00,summer_peak,29.0,76.0,0.0,0,9.16,0.24,14.1,23.5,54.09,-30.59,87.5,100.0,0,SIMULATED
2026-08-05 02:45:00,summer_peak,29.01,76.0,0.0,0,9.1,0.24,14.1,23.44,54.1,-30.66,87.5,100.0,0,SIMULATED
2026-08-05 03:00:00,summer_peak,29.04,75.9,0.0,0,9.07,0.24,14.1,23.41,54.14,-30.73,87.5,100.0,0,SIMULATED
2026-08-05 03:15:00,summer_peak,29.1,75.7,0.0,0,9.05,0.24,14.1,23.39,54.21,-30.82,87.5,100.0,0,SIMULATED
2026-08-05 03:30:00,summer_peak,29.18,75.4,0.0,0,9.04,0.24,14.1,23.38,54.29,-30.91,87.5,100.0,0,SIMULATED
2026-08-05 03:45:00,summer_peak,29.28,75.1,0.0,0,9.07,0.24,14.1,23.41,54.42,-31.01,87.5,100.0,0,SIMULATED
2026-08-05 04:00:00,summer_peak,29.4,74.7,0.0,0,9.08,0.24,14.1,23.42,54.61,-31.19,87.5,100.0,0,SIMULATED
2026-08-05 04:15:00,summer_peak,29.54,74.2,0.0,0,9.13,0.24,14.1,23.47,54.74,-31.27,87.5,100.0,0,SIMULATED
2026-08-05 04:30:00,summer_peak,29.7,73.7,0.0,0,9.19,0.24,14.1,23.53,54.95,-31.42,87.5,100.0,0,SIMULATED
2026-08-05 04:45:00,summer_peak,29.88,73.1,0.0,0,9.27,0.24,14.1,23.61,55.18,-31.57,87.5,100.0,0,SIMULATED
2026-08-05 05:00:00,summer_peak,30.08,72.5,0.0,0,9.35,0.24,14.1,23.69,55.43,-31.74,87.5,100.0,0,SIMULATED
2026-08-05 05:15:00,summer_peak,30.3,71.8,0.0,0,9.46,0.24,14.1,23.8,55.7,-31.9,87.5,100.0,0,SIMULATED
2026-08-05 05:30:00,summer_peak,30.54,71.0,0.0,0,9.57,0.24,14.1,23.91,56.01,-32.1,87.5,100.0,0,SIMULATED
2026-08-05 05:45:00,summer_peak,30.79,70.2,0.0,0,9.69,0.24,14.1,24.03,56.31,-32.28,87.5,100.0,0,SIMULATED
2026-08-05 06:00:00,summer_peak,31.05,69.3,0.0,0,9.83,0.24,14.1,24.17,56.65,-32.48,87.5,100.0,0,SIMULATED
2026-08-05 06:15:00,summer_peak,31.33,68.4,53.4,0,10.59,0.24,14.1,24.93,57.01,-32.08,87.5,100.0,0,SIMULATED
2026-08-05 06:30:00,summer_peak,31.62,67.5,106.5,0,11.38,0.24,14.1,25.72,57.36,-31.64,87.5,100.0,0,SIMULATED
2026-08-05 06:45:00,summer_peak,31.93,66.5,159.3,0,12.19,0.24,14.1,26.53,57.73,-31.2,87.5,100.0,0,SIMULATED
2026-08-05 07:00:00,summer_peak,32.24,65.5,211.4,0,13.28,1.52,14.1,28.9,58.14,-29.24,87.5,100.0,0,SIMULATED
2026-08-05 07:15:00,summer_peak,32.56,64.5,262.7,0,14.09,1.52,14.1,29.71,58.51,-28.8,87.5,100.0,0,SIMULATED
2026-08-05 07:30:00,summer_peak,32.89,63.4,312.9,0,14.89,1.52,14.1,30.51,58.94,-28.43,87.5,100.0,0,SIMULATED
2026-08-05 07:45:00,summer_peak,33.23,62.3,361.9,0,15.69,1.52,14.1,31.31,59.37,-28.06,87.5,100.0,0,SIMULATED
2026-08-05 08:00:00,summer_peak,33.56,61.2,409.5,4,16.7,1.85,14.1,32.64,59.78,-27.14,87.5,100.0,0,SIMULATED
2026-08-05 08:15:00,summer_peak,33.91,60.1,455.5,6,17.83,3.21,14.1,35.13,60.22,-25.09,87.5,100.0,0,SIMULATED
2026-08-05 08:30:00,summer_peak,34.25,59.0,499.6,14,18.71,3.99,14.1,36.79,60.65,-23.86,87.5,100.0,0,SIMULATED
2026-08-05 08:45:00,summer_peak,34.59,57.9,541.8,19,19.2,5.09,14.1,38.39,61.06,-22.67,87.5,100.0,0,SIMULATED
2026-08-05 09:00:00,summer_peak,34.94,56.8,581.9,50,20.0,6.0,14.1,40.1,61.49,-21.39,87.5,100.0,0,SIMULATED
2026-08-05 09:15:00,summer_peak,35.27,55.7,619.6,51,20.14,6.0,14.1,40.24,61.93,-21.69,87.5,100.0,0,SIMULATED
2026-08-05 09:30:00,summer_peak,35.61,54.6,654.9,75,20.73,6.6,14.1,41.43,62.34,-20.91,87.5,100.0,0,SIMULATED
2026-08-05 09:45:00,summer_peak,35.94,53.5,687.7,76,20.91,6.6,14.1,41.61,62.74,-21.13,87.5,100.0,0,SIMULATED
2026-08-05 10:00:00,summer_peak,36.26,52.5,717.7,84,21.29,6.42,14.1,41.81,63.15,-21.34,87.5,100.0,0,SIMULATED
2026-08-05 10:15:00,summer_peak,36.57,51.5,744.9,86,21.5,6.42,14.1,42.02,63.54,-21.52,87.5,100.0,0,SIMULATED
2026-08-05 10:30:00,summer_peak,36.88,50.5,769.1,78,21.23,5.82,14.1,41.15,63.93,-22.78,87.5,100.0,0,SIMULATED
2026-08-05 10:45:00,summer_peak,37.17,49.6,790.3,78,21.39,5.82,14.1,41.31,64.28,-22.97,87.5,100.0,0,SIMULATED
2026-08-05 11:00:00,summer_peak,37.45,48.7,808.4,78,21.57,5.82,14.1,41.49,64.65,-23.16,87.5,100.0,0,SIMULATED
2026-08-05 11:15:00,summer_peak,37.71,47.8,823.3,79,21.71,5.82,14.1,41.63,64.95,-23.32,87.5,100.0,0,SIMULATED
2026-08-05 11:30:00,summer_peak,37.96,47.0,834.9,88,22.28,6.42,14.1,42.8,65.28,-22.48,87.5,100.0,0,SIMULATED
2026-08-05 11:45:00,summer_peak,38.2,46.2,843.3,74,21.81,5.82,14.1,41.73,65.59,-23.86,87.5,100.0,0,SIMULATED
2026-08-05 12:00:00,summer_peak,38.42,45.5,848.3,99,22.95,6.6,14.1,43.65,65.86,-22.21,87.5,100.0,0,SIMULATED
2026-08-05 12:15:00,summer_peak,38.62,44.9,850.0,102,23.14,6.6,14.1,43.84,66.1,-22.26,87.5,100.0,0,SIMULATED
2026-08-05 12:30:00,summer_peak,38.8,44.3,848.3,82,22.72,6.0,14.1,42.82,66.33,-23.51,75.0,100.0,0,SIMULATED
2026-08-05 12:45:00,summer_peak,38.96,43.8,843.3,82,22.86,6.0,14.1,42.96,66.51,-23.55,62.5,100.0,0,SIMULATED
2026-08-05 13:00:00,summer_peak,39.1,43.3,834.9,71,22.91,6.0,14.1,43.01,66.7,-23.69,62.5,100.0,0,SIMULATED
2026-08-05 13:15:00,summer_peak,39.22,42.9,823.3,74,23.0,6.0,14.1,43.1,66.87,-23.77,62.5,100.0,0,SIMULATED
2026-08-05 13:30:00,summer_peak,39.32,42.6,808.4,80,23.43,6.6,14.1,44.13,66.97,-22.84,62.5,100.0,0,SIMULATED
2026-08-05 13:45:00,summer_peak,39.4,42.3,790.3,81,23.56,6.6,14.1,44.26,67.09,-22.83,62.5,100.0,0,SIMULATED
2026-08-05 14:00:00,summer_peak,39.46,42.1,769.1,80,22.89,6.5,14.1,43.49,67.15,-23.66,62.5,100.0,1,SIMULATED
2026-08-05 14:15:00,summer_peak,39.49,42.0,744.9,79,22.89,6.5,14.1,43.49,67.21,-23.72,62.5,100.0,1,SIMULATED
2026-08-05 14:30:00,summer_peak,39.5,42.0,717.7,77,22.82,6.5,14.1,43.42,67.21,-23.79,62.5,100.0,1,SIMULATED
2026-08-05 14:45:00,summer_peak,39.49,42.0,687.7,79,22.86,6.5,14.1,43.46,67.21,-23.75,62.5,100.0,1,SIMULATED
2026-08-05 15:00:00,summer_peak,39.46,42.1,654.9,80,22.67,5.82,14.1,42.59,67.15,-24.56,62.5,100.0,0,SIMULATED
2026-08-05 15:15:00,summer_peak,39.4,42.3,619.6,80,22.67,5.82,14.1,42.59,67.09,-24.5,62.5,100.0,0,SIMULATED
2026-08-05 15:30:00,summer_peak,39.32,42.6,581.9,77,22.55,6.0,14.1,42.65,66.97,-24.32,62.5,100.0,0,SIMULATED
2026-08-05 15:45:00,summer_peak,39.22,42.9,541.8,78,22.5,6.0,14.1,42.6,66.87,-24.27,62.5,100.0,0,SIMULATED
2026-08-05 16:00:00,summer_peak,39.1,43.3,499.6,78,22.48,6.0,14.1,42.58,66.7,-24.12,62.5,100.0,0,SIMULATED
2026-08-05 16:15:00,summer_peak,38.96,43.8,455.5,75,22.36,6.0,14.1,42.46,66.51,-24.05,62.5,100.0,0,SIMULATED
2026-08-05 16:30:00,summer_peak,38.8,44.3,409.5,87,22.76,6.6,14.1,43.46,66.33,-22.87,62.5,100.0,0,SIMULATED
2026-08-05 16:45:00,summer_peak,38.62,44.9,361.9,88,22.72,6.6,14.1,43.42,66.1,-22.68,62.5,100.0,0,SIMULATED
2026-08-05 17:00:00,summer_peak,38.42,45.5,312.9,74,22.28,6.6,14.1,42.98,65.86,-22.88,62.5,100.0,0,SIMULATED
2026-08-05 17:15:00,summer_peak,38.2,46.2,262.7,73,22.14,6.6,14.1,42.84,65.59,-22.75,62.5,100.0,0,SIMULATED
2026-08-05 17:30:00,summer_peak,37.96,47.0,211.4,64,21.55,6.0,14.1,41.65,65.28,-23.63,62.5,100.0,0,SIMULATED
2026-08-05 17:45:00,summer_peak,37.71,47.8,159.3,60,21.37,6.0,14.1,41.47,64.95,-23.48,62.5,100.0,0,SIMULATED
2026-08-05 18:00:00,summer_peak,37.45,48.7,106.5,56,21.27,6.0,14.1,41.37,64.65,-23.28,62.5,100.0,0,SIMULATED
2026-08-05 18:15:00,summer_peak,37.17,49.6,53.4,53,20.95,6.0,14.1,41.05,64.28,-23.23,62.5,100.0,0,SIMULATED
2026-08-05 18:30:00,summer_peak,36.88,50.5,0.0,45,20.07,5.09,14.1,39.26,63.93,-24.67,62.5,100.0,0,SIMULATED
2026-08-05 18:45:00,summer_peak,36.57,51.5,0.0,38,19.71,5.09,14.1,38.9,63.54,-24.64,62.5,100.0,0,SIMULATED
2026-08-05 19:00:00,summer_peak,36.26,52.5,0.0,24,18.9,3.98,14.1,36.98,63.15,-26.17,62.5,100.0,0,SIMULATED
2026-08-05 19:15:00,summer_peak,35.94,53.5,0.0,19,18.63,3.98,14.1,36.71,62.74,-26.03,62.5,100.0,0,SIMULATED
2026-08-05 19:30:00,summer_peak,35.61,54.6,0.0,11,18.35,2.62,14.1,35.07,62.34,-27.27,62.5,100.0,0,SIMULATED
2026-08-05 19:45:00,summer_peak,35.27,55.7,0.0,8,18.08,2.62,14.1,34.81,61.93,-27.12,62.5,100.0,0,SIMULATED
2026-08-05 20:00:00,summer_peak,34.94,56.8,0.0,6,17.66,1.6,14.1,33.36,61.49,-28.13,62.5,100.0,0,SIMULATED
2026-08-05 20:15:00,summer_peak,34.59,57.9,0.0,3,17.42,1.6,14.1,33.12,61.06,-27.94,62.5,100.0,0,SIMULATED
2026-08-05 20:30:00,summer_peak,34.25,59.0,0.0,0,17.09,0.24,14.1,31.43,60.65,-29.22,62.5,100.0,0,SIMULATED
2026-08-05 20:45:00,summer_peak,33.91,60.1,0.0,0,16.64,0.24,14.1,30.98,60.22,-29.24,62.5,100.0,0,SIMULATED
2026-08-05 21:00:00,summer_peak,33.56,61.2,0.0,0,16.19,0.24,14.1,30.53,59.78,-29.25,87.5,100.0,0,SIMULATED
2026-08-05 21:15:00,summer_peak,33.23,62.3,0.0,0,15.67,0.24,14.1,30.01,59.37,-29.36,87.5,100.0,0,SIMULATED
2026-08-05 21:30:00,summer_peak,32.89,63.4,0.0,0,15.05,0.24,14.1,29.39,58.94,-29.55,87.5,100.0,0,SIMULATED
2026-08-05 21:45:00,summer_peak,32.56,64.5,0.0,0,14.48,0.24,14.1,28.82,58.51,-29.69,87.5,100.0,0,SIMULATED
2026-08-05 22:00:00,summer_peak,32.24,65.5,0.0,0,13.96,0.24,14.1,28.3,58.14,-29.84,87.5,100.0,0,SIMULATED
2026-08-05 22:15:00,summer_peak,31.93,66.5,0.0,0,13.47,0.24,14.1,27.81,57.73,-29.92,87.5,100.0,0,SIMULATED
2026-08-05 22:30:00,summer_peak,31.62,67.5,0.0,0,13.0,0.24,14.1,27.34,57.36,-30.02,87.5,100.0,0,SIMULATED
2026-08-05 22:45:00,summer_peak,31.33,68.4,0.0,0,12.54,0.24,14.1,26.88,57.01,-30.13,87.5,100.0,0,SIMULATED
2026-08-05 23:00:00,summer_peak,31.05,69.3,0.0,0,12.15,0.24,14.1,26.49,56.65,-30.16,87.5,100.0,0,SIMULATED
2026-08-05 23:15:00,summer_peak,30.79,70.2,0.0,0,11.78,0.24,14.1,26.12,56.31,-30.19,87.5,100.0,0,SIMULATED
2026-08-05 23:30:00,summer_peak,30.54,71.0,0.0,0,11.44,0.24,14.1,25.78,56.01,-30.23,87.5,100.0,0,SIMULATED
2026-08-05 23:45:00,summer_peak,30.3,71.8,0.0,0,11.12,0.24,14.1,25.46,55.7,-30.24,87.5,100.0,0,SIMULATED
2026-08-06 00:00:00,summer_peak,30.08,72.5,0.0,0,10.83,0.24,14.1,25.17,55.43,-30.26,87.5,100.0,0,SIMULATED
2026-08-06 00:15:00,summer_peak,29.88,73.1,0.0,0,10.55,0.24,14.1,24.89,55.18,-30.29,87.5,100.0,0,SIMULATED
2026-08-06 00:30:00,summer_peak,29.7,73.7,0.0,0,10.3,0.24,14.1,24.64,54.95,-30.31,87.5,100.0,0,SIMULATED
2026-08-06 00:45:00,summer_peak,29.54,74.2,0.0,0,10.08,0.24,14.1,24.42,54.74,-30.32,87.5,100.0,0,SIMULATED
2026-08-06 01:00:00,summer_peak,29.4,74.7,0.0,0,9.88,0.24,14.1,24.22,54.61,-30.39,87.5,100.0,0,SIMULATED
2026-08-06 01:15:00,summer_peak,29.28,75.1,0.0,0,9.71,0.24,14.1,24.05,54.42,-30.37,87.5,100.0,0,SIMULATED
2026-08-06 01:30:00,summer_peak,29.18,75.4,0.0,0,9.55,0.24,14.1,23.89,54.29,-30.4,87.5,100.0,0,SIMULATED
2026-08-06 01:45:00,summer_peak,29.1,75.7,0.0,0,9.45,0.24,14.1,23.79,54.21,-30.42,87.5,100.0,0,SIMULATED
2026-08-06 02:00:00,summer_peak,29.04,75.9,0.0,0,9.32,0.24,14.1,23.66,54.14,-30.48,87.5,100.0,0,SIMULATED
2026-08-06 02:15:00,summer_peak,29.01,76.0,0.0,0,9.22,0.24,14.1,23.56,54.1,-30.54,87.5,100.0,0,SIMULATED
2026-08-06 02:30:00,summer_peak,29.0,76.0,0.0,0,9.16,0.24,14.1,23.5,54.09,-30.59,87.5,100.0,0,SIMULATED
2026-08-06 02:45:00,summer_peak,29.01,76.0,0.0,0,9.1,0.24,14.1,23.44,54.1,-30.66,87.5,100.0,0,SIMULATED
2026-08-06 03:00:00,summer_peak,29.04,75.9,0.0,0,9.07,0.24,14.1,23.41,54.14,-30.73,87.5,100.0,0,SIMULATED
2026-08-06 03:15:00,summer_peak,29.1,75.7,0.0,0,9.05,0.24,14.1,23.39,54.21,-30.82,87.5,100.0,0,SIMULATED
2026-08-06 03:30:00,summer_peak,29.18,75.4,0.0,0,9.04,0.24,14.1,23.38,54.29,-30.91,87.5,100.0,0,SIMULATED
2026-08-06 03:45:00,summer_peak,29.28,75.1,0.0,0,9.07,0.24,14.1,23.41,54.42,-31.01,87.5,100.0,0,SIMULATED
2026-08-06 04:00:00,summer_peak,29.4,74.7,0.0,0,9.08,0.24,14.1,23.42,54.61,-31.19,87.5,100.0,0,SIMULATED
2026-08-06 04:15:00,summer_peak,29.54,74.2,0.0,0,9.13,0.24,14.1,23.47,54.74,-31.27,87.5,100.0,0,SIMULATED
2026-08-06 04:30:00,summer_peak,29.7,73.7,0.0,0,9.19,0.24,14.1,23.53,54.95,-31.42,87.5,100.0,0,SIMULATED
2026-08-06 04:45:00,summer_peak,29.88,73.1,0.0,0,9.27,0.24,14.1,23.61,55.18,-31.57,87.5,100.0,0,SIMULATED
2026-08-06 05:00:00,summer_peak,30.08,72.5,0.0,0,9.35,0.24,14.1,23.69,55.43,-31.74,87.5,100.0,0,SIMULATED
2026-08-06 05:15:00,summer_peak,30.3,71.8,0.0,0,9.46,0.24,14.1,23.8,55.7,-31.9,87.5,100.0,0,SIMULATED
2026-08-06 05:30:00,summer_peak,30.54,71.0,0.0,0,9.57,0.24,14.1,23.91,56.01,-32.1,87.5,100.0,0,SIMULATED
2026-08-06 05:45:00,summer_peak,30.79,70.2,0.0,0,9.69,0.24,14.1,24.03,56.31,-32.28,87.5,100.0,0,SIMULATED
2026-08-06 06:00:00,summer_peak,31.05,69.3,0.0,0,9.83,0.24,14.1,24.17,56.65,-32.48,87.5,100.0,0,SIMULATED
2026-08-06 06:15:00,summer_peak,31.33,68.4,53.4,0,10.59,0.24,14.1,24.93,57.01,-32.08,87.5,100.0,0,SIMULATED
2026-08-06 06:30:00,summer_peak,31.62,67.5,106.5,0,11.38,0.24,14.1,25.72,57.36,-31.64,87.5,100.0,0,SIMULATED
2026-08-06 06:45:00,summer_peak,31.93,66.5,159.3,0,12.19,0.24,14.1,26.53,57.73,-31.2,87.5,100.0,0,SIMULATED
2026-08-06 07:00:00,summer_peak,32.24,65.5,211.4,0,13.28,1.52,14.1,28.9,58.14,-29.24,87.5,100.0,0,SIMULATED
2026-08-06 07:15:00,summer_peak,32.56,64.5,262.7,0,14.09,1.52,14.1,29.71,58.51,-28.8,87.5,100.0,0,SIMULATED
2026-08-06 07:30:00,summer_peak,32.89,63.4,312.9,0,14.89,1.52,14.1,30.51,58.94,-28.43,87.5,100.0,0,SIMULATED
2026-08-06 07:45:00,summer_peak,33.23,62.3,361.9,0,15.69,1.52,14.1,31.31,59.37,-28.06,87.5,100.0,0,SIMULATED
2026-08-06 08:00:00,summer_peak,33.56,61.2,409.5,3,16.67,1.85,14.1,32.61,59.78,-27.17,87.5,100.0,0,SIMULATED
2026-08-06 08:15:00,summer_peak,33.91,60.1,455.5,6,17.83,3.21,14.1,35.13,60.22,-25.09,87.5,100.0,0,SIMULATED
2026-08-06 08:30:00,summer_peak,34.25,59.0,499.6,14,18.75,3.99,14.1,36.83,60.65,-23.82,87.5,100.0,0,SIMULATED
2026-08-06 08:45:00,summer_peak,34.59,57.9,541.8,21,19.23,5.09,14.1,38.42,61.06,-22.64,87.5,100.0,0,SIMULATED
2026-08-06 09:00:00,summer_peak,34.94,56.8,581.9,51,20.04,6.0,14.1,40.14,61.49,-21.35,87.5,100.0,0,SIMULATED
2026-08-06 09:15:00,summer_peak,35.27,55.7,619.6,53,20.2,6.0,14.1,40.3,61.93,-21.63,87.5,100.0,0,SIMULATED
2026-08-06 09:30:00,summer_peak,35.61,54.6,654.9,78,20.8,6.6,14.1,41.5,62.34,-20.84,87.5,100.0,0,SIMULATED
2026-08-06 09:45:00,summer_peak,35.94,53.5,687.7,77,20.97,6.6,14.1,41.67,62.74,-21.07,87.5,100.0,0,SIMULATED
2026-08-06 10:00:00,summer_peak,36.26,52.5,717.7,84,21.29,6.42,14.1,41.81,63.15,-21.34,87.5,100.0,0,SIMULATED
2026-08-06 10:15:00,summer_peak,36.57,51.5,744.9,86,21.47,6.42,14.1,41.99,63.54,-21.55,87.5,100.0,0,SIMULATED
2026-08-06 10:30:00,summer_peak,36.88,50.5,769.1,77,21.23,5.82,14.1,41.15,63.93,-22.78,87.5,100.0,0,SIMULATED
2026-08-06 10:45:00,summer_peak,37.17,49.6,790.3,79,21.36,5.82,14.1,41.28,64.28,-23.0,87.5,100.0,0,SIMULATED
2026-08-06 11:00:00,summer_peak,37.45,48.7,808.4,80,21.57,5.82,14.1,41.49,64.65,-23.16,87.5,100.0,0,SIMULATED
2026-08-06 11:15:00,summer_peak,37.71,47.8,823.3,80,21.7,5.82,14.1,41.62,64.95,-23.33,87.5,100.0,0,SIMULATED
2026-08-06 11:30:00,summer_peak,37.96,47.0,834.9,87,22.28,6.42,14.1,42.8,65.28,-22.48,87.5,100.0,0,SIMULATED
2026-08-06 11:45:00,summer_peak,38.2,46.2,843.3,74,21.81,5.82,14.1,41.73,65.59,-23.86,87.5,100.0,0,SIMULATED
2026-08-06 12:00:00,summer_peak,38.42,45.5,848.3,100,22.95,6.6,14.1,43.65,65.86,-22.21,87.5,100.0,0,SIMULATED
2026-08-06 12:15:00,summer_peak,38.62,44.9,850.0,102,23.11,6.6,14.1,43.81,66.1,-22.29,87.5,100.0,0,SIMULATED
2026-08-06 12:30:00,summer_peak,38.8,44.3,848.3,79,22.72,6.0,14.1,42.82,66.33,-23.51,75.0,100.0,0,SIMULATED
2026-08-06 12:45:00,summer_peak,38.96,43.8,843.3,78,22.79,6.0,14.1,42.89,66.51,-23.62,62.5,100.0,0,SIMULATED
2026-08-06 13:00:00,summer_peak,39.1,43.3,834.9,74,22.95,6.0,14.1,43.05,66.7,-23.65,62.5,100.0,0,SIMULATED
2026-08-06 13:15:00,summer_peak,39.22,42.9,823.3,73,23.0,6.0,14.1,43.1,66.87,-23.77,62.5,100.0,0,SIMULATED
2026-08-06 13:30:00,summer_peak,39.32,42.6,808.4,82,23.54,6.6,14.1,44.24,66.97,-22.73,62.5,100.0,0,SIMULATED
2026-08-06 13:45:00,summer_peak,39.4,42.3,790.3,83,23.56,6.6,14.1,44.26,67.09,-22.83,62.5,100.0,0,SIMULATED
2026-08-06 14:00:00,summer_peak,39.46,42.1,769.1,78,22.89,6.5,14.1,43.49,67.15,-23.66,62.5,100.0,1,SIMULATED
2026-08-06 14:15:00,summer_peak,39.49,42.0,744.9,79,22.89,6.5,14.1,43.49,67.21,-23.72,62.5,100.0,1,SIMULATED
2026-08-06 14:30:00,summer_peak,39.5,42.0,717.7,79,22.86,6.5,14.1,43.46,67.21,-23.75,62.5,100.0,1,SIMULATED
2026-08-06 14:45:00,summer_peak,39.49,42.0,687.7,79,22.89,6.5,14.1,43.49,67.21,-23.72,62.5,100.0,1,SIMULATED
2026-08-06 15:00:00,summer_peak,39.46,42.1,654.9,79,22.67,5.82,14.1,42.59,67.15,-24.56,62.5,100.0,0,SIMULATED
2026-08-06 15:15:00,summer_peak,39.4,42.3,619.6,80,22.67,5.82,14.1,42.59,67.09,-24.5,62.5,100.0,0,SIMULATED
2026-08-06 15:30:00,summer_peak,39.32,42.6,581.9,77,22.55,6.0,14.1,42.65,66.97,-24.32,62.5,100.0,0,SIMULATED
2026-08-06 15:45:00,summer_peak,39.22,42.9,541.8,77,22.54,6.0,14.1,42.64,66.87,-24.23,62.5,100.0,0,SIMULATED
2026-08-06 16:00:00,summer_peak,39.1,43.3,499.6,78,22.48,6.0,14.1,42.58,66.7,-24.12,62.5,100.0,0,SIMULATED
2026-08-06 16:15:00,summer_peak,38.96,43.8,455.5,78,22.36,6.0,14.1,42.46,66.51,-24.05,62.5,100.0,0,SIMULATED
2026-08-06 16:30:00,summer_peak,38.8,44.3,409.5,87,22.8,6.6,14.1,43.5,66.33,-22.83,62.5,100.0,0,SIMULATED
2026-08-06 16:45:00,summer_peak,38.62,44.9,361.9,85,22.64,6.6,14.1,43.34,66.1,-22.76,62.5,100.0,0,SIMULATED
2026-08-06 17:00:00,summer_peak,38.42,45.5,312.9,71,22.25,6.6,14.1,42.95,65.86,-22.91,62.5,100.0,0,SIMULATED
2026-08-06 17:15:00,summer_peak,38.2,46.2,262.7,72,22.07,6.6,14.1,42.77,65.59,-22.82,62.5,100.0,0,SIMULATED
2026-08-06 17:30:00,summer_peak,37.96,47.0,211.4,62,21.47,6.0,14.1,41.57,65.28,-23.71,62.5,100.0,0,SIMULATED
2026-08-06 17:45:00,summer_peak,37.71,47.8,159.3,59,21.37,6.0,14.1,41.47,64.95,-23.48,62.5,100.0,0,SIMULATED
2026-08-06 18:00:00,summer_peak,37.45,48.7,106.5,58,21.27,6.0,14.1,41.37,64.65,-23.28,62.5,100.0,0,SIMULATED
2026-08-06 18:15:00,summer_peak,37.17,49.6,53.4,54,21.03,6.0,14.1,41.13,64.28,-23.15,62.5,100.0,0,SIMULATED
2026-08-06 18:30:00,summer_peak,36.88,50.5,0.0,45,20.07,5.09,14.1,39.26,63.93,-24.67,62.5,100.0,0,SIMULATED
2026-08-06 18:45:00,summer_peak,36.57,51.5,0.0,37,19.74,5.09,14.1,38.93,63.54,-24.61,62.5,100.0,0,SIMULATED
2026-08-06 19:00:00,summer_peak,36.26,52.5,0.0,24,18.92,3.98,14.1,37.0,63.15,-26.15,62.5,100.0,0,SIMULATED
2026-08-06 19:15:00,summer_peak,35.94,53.5,0.0,17,18.65,3.98,14.1,36.73,62.74,-26.01,62.5,100.0,0,SIMULATED
2026-08-06 19:30:00,summer_peak,35.61,54.6,0.0,11,18.37,2.62,14.1,35.09,62.34,-27.25,62.5,100.0,0,SIMULATED
2026-08-06 19:45:00,summer_peak,35.27,55.7,0.0,9,18.11,2.62,14.1,34.84,61.93,-27.09,62.5,100.0,0,SIMULATED
2026-08-06 20:00:00,summer_peak,34.94,56.8,0.0,5,17.68,1.6,14.1,33.38,61.49,-28.11,62.5,100.0,0,SIMULATED
2026-08-06 20:15:00,summer_peak,34.59,57.9,0.0,2,17.44,1.6,14.1,33.14,61.06,-27.92,62.5,100.0,0,SIMULATED
2026-08-06 20:30:00,summer_peak,34.25,59.0,0.0,0,17.1,0.24,14.1,31.44,60.65,-29.21,62.5,100.0,0,SIMULATED
2026-08-06 20:45:00,summer_peak,33.91,60.1,0.0,0,16.65,0.24,14.1,30.99,60.22,-29.23,62.5,100.0,0,SIMULATED
2026-08-06 21:00:00,summer_peak,33.56,61.2,0.0,0,16.2,0.24,14.1,30.54,59.78,-29.24,87.5,100.0,0,SIMULATED
2026-08-06 21:15:00,summer_peak,33.23,62.3,0.0,0,15.63,0.24,14.1,29.97,59.37,-29.4,87.5,100.0,0,SIMULATED
2026-08-06 21:30:00,summer_peak,32.89,63.4,0.0,0,15.01,0.24,14.1,29.35,58.94,-29.59,87.5,100.0,0,SIMULATED
2026-08-06 21:45:00,summer_peak,32.56,64.5,0.0,0,14.44,0.24,14.1,28.78,58.51,-29.73,87.5,100.0,0,SIMULATED
2026-08-06 22:00:00,summer_peak,32.24,65.5,0.0,0,13.91,0.24,14.1,28.25,58.14,-29.89,87.5,100.0,0,SIMULATED
2026-08-06 22:15:00,summer_peak,31.93,66.5,0.0,0,13.42,0.24,14.1,27.76,57.73,-29.97,87.5,100.0,0,SIMULATED
2026-08-06 22:30:00,summer_peak,31.62,67.5,0.0,0,12.96,0.24,14.1,27.3,57.36,-30.06,87.5,100.0,0,SIMULATED
2026-08-06 22:45:00,summer_peak,31.33,68.4,0.0,0,12.52,0.24,14.1,26.86,57.01,-30.15,87.5,100.0,0,SIMULATED
2026-08-06 23:00:00,summer_peak,31.05,69.3,0.0,0,12.13,0.24,14.1,26.47,56.65,-30.18,87.5,100.0,0,SIMULATED
2026-08-06 23:15:00,summer_peak,30.79,70.2,0.0,0,11.77,0.24,14.1,26.11,56.31,-30.2,87.5,100.0,0,SIMULATED
2026-08-06 23:30:00,summer_peak,30.54,71.0,0.0,0,11.43,0.24,14.1,25.77,56.01,-30.24,87.5,100.0,0,SIMULATED
2026-08-06 23:45:00,summer_peak,30.3,71.8,0.0,0,11.11,0.24,14.1,25.45,55.7,-30.25,87.5,100.0,0,SIMULATED
2026-08-07 00:00:00,summer_peak,30.08,72.5,0.0,0,10.82,0.24,14.1,25.16,55.43,-30.27,87.5,100.0,0,SIMULATED
2026-08-07 00:15:00,summer_peak,29.88,73.1,0.0,0,10.55,0.24,14.1,24.89,55.18,-30.29,87.5,100.0,0,SIMULATED
2026-08-07 00:30:00,summer_peak,29.7,73.7,0.0,0,10.3,0.24,14.1,24.64,54.95,-30.31,87.5,100.0,0,SIMULATED
2026-08-07 00:45:00,summer_peak,29.54,74.2,0.0,0,10.08,0.24,14.1,24.42,54.74,-30.32,87.5,100.0,0,SIMULATED
2026-08-07 01:00:00,summer_peak,29.4,74.7,0.0,0,9.88,0.24,14.1,24.22,54.61,-30.39,87.5,100.0,0,SIMULATED
2026-08-07 01:15:00,summer_peak,29.28,75.1,0.0,0,9.71,0.24,14.1,24.05,54.42,-30.37,87.5,100.0,0,SIMULATED
2026-08-07 01:30:00,summer_peak,29.18,75.4,0.0,0,9.55,0.24,14.1,23.89,54.29,-30.4,87.5,100.0,0,SIMULATED
2026-08-07 01:45:00,summer_peak,29.1,75.7,0.0,0,9.45,0.24,14.1,23.79,54.21,-30.42,87.5,100.0,0,SIMULATED
2026-08-07 02:00:00,summer_peak,29.04,75.9,0.0,0,9.32,0.24,14.1,23.66,54.14,-30.48,87.5,100.0,0,SIMULATED
2026-08-07 02:15:00,summer_peak,29.01,76.0,0.0,0,9.22,0.24,14.1,23.56,54.1,-30.54,87.5,100.0,0,SIMULATED
2026-08-07 02:30:00,summer_peak,29.0,76.0,0.0,0,9.16,0.24,14.1,23.5,54.09,-30.59,87.5,100.0,0,SIMULATED
2026-08-07 02:45:00,summer_peak,29.01,76.0,0.0,0,9.1,0.24,14.1,23.44,54.1,-30.66,87.5,100.0,0,SIMULATED
2026-08-07 03:00:00,summer_peak,29.04,75.9,0.0,0,9.07,0.24,14.1,23.41,54.14,-30.73,87.5,100.0,0,SIMULATED
2026-08-07 03:15:00,summer_peak,29.1,75.7,0.0,0,9.05,0.24,14.1,23.39,54.21,-30.82,87.5,100.0,0,SIMULATED
2026-08-07 03:30:00,summer_peak,29.18,75.4,0.0,0,9.04,0.24,14.1,23.38,54.29,-30.91,87.5,100.0,0,SIMULATED
2026-08-07 03:45:00,summer_peak,29.28,75.1,0.0,0,9.07,0.24,14.1,23.41,54.42,-31.01,87.5,100.0,0,SIMULATED
2026-08-07 04:00:00,summer_peak,29.4,74.7,0.0,0,9.08,0.24,14.1,23.42,54.61,-31.19,87.5,100.0,0,SIMULATED
2026-08-07 04:15:00,summer_peak,29.54,74.2,0.0,0,9.13,0.24,14.1,23.47,54.74,-31.27,87.5,100.0,0,SIMULATED
2026-08-07 04:30:00,summer_peak,29.7,73.7,0.0,0,9.19,0.24,14.1,23.53,54.95,-31.42,87.5,100.0,0,SIMULATED
2026-08-07 04:45:00,summer_peak,29.88,73.1,0.0,0,9.27,0.24,14.1,23.61,55.18,-31.57,87.5,100.0,0,SIMULATED
2026-08-07 05:00:00,summer_peak,30.08,72.5,0.0,0,9.35,0.24,14.1,23.69,55.43,-31.74,87.5,100.0,0,SIMULATED
2026-08-07 05:15:00,summer_peak,30.3,71.8,0.0,0,9.46,0.24,14.1,23.8,55.7,-31.9,87.5,100.0,0,SIMULATED
2026-08-07 05:30:00,summer_peak,30.54,71.0,0.0,0,9.57,0.24,14.1,23.91,56.01,-32.1,87.5,100.0,0,SIMULATED
2026-08-07 05:45:00,summer_peak,30.79,70.2,0.0,0,9.69,0.24,14.1,24.03,56.31,-32.28,87.5,100.0,0,SIMULATED
2026-08-07 06:00:00,summer_peak,31.05,69.3,0.0,0,9.83,0.24,14.1,24.17,56.65,-32.48,87.5,100.0,0,SIMULATED
2026-08-07 06:15:00,summer_peak,31.33,68.4,53.4,0,10.59,0.24,14.1,24.93,57.01,-32.08,87.5,100.0,0,SIMULATED
2026-08-07 06:30:00,summer_peak,31.62,67.5,106.5,0,11.38,0.24,14.1,25.72,57.36,-31.64,87.5,100.0,0,SIMULATED
2026-08-07 06:45:00,summer_peak,31.93,66.5,159.3,0,12.19,0.24,14.1,26.53,57.73,-31.2,87.5,100.0,0,SIMULATED
2026-08-07 07:00:00,summer_peak,32.24,65.5,211.4,0,13.28,1.52,14.1,28.9,58.14,-29.24,87.5,100.0,0,SIMULATED
2026-08-07 07:15:00,summer_peak,32.56,64.5,262.7,0,14.09,1.52,14.1,29.71,58.51,-28.8,87.5,100.0,0,SIMULATED
2026-08-07 07:30:00,summer_peak,32.89,63.4,312.9,0,14.89,1.52,14.1,30.51,58.94,-28.43,87.5,100.0,0,SIMULATED
2026-08-07 07:45:00,summer_peak,33.23,62.3,361.9,0,15.69,1.52,14.1,31.31,59.37,-28.06,87.5,100.0,0,SIMULATED
2026-08-07 08:00:00,summer_peak,33.56,61.2,409.5,4,16.7,1.85,14.1,32.64,59.78,-27.14,87.5,100.0,0,SIMULATED
2026-08-07 08:15:00,summer_peak,33.91,60.1,455.5,6,17.83,3.21,14.1,35.13,60.22,-25.09,87.5,100.0,0,SIMULATED
2026-08-07 08:30:00,summer_peak,34.25,59.0,499.6,15,18.75,3.99,14.1,36.83,60.65,-23.82,87.5,100.0,0,SIMULATED
2026-08-07 08:45:00,summer_peak,34.59,57.9,541.8,20,19.23,5.09,14.1,38.42,61.06,-22.64,87.5,100.0,0,SIMULATED
2026-08-07 09:00:00,summer_peak,34.94,56.8,581.9,50,19.97,6.0,14.1,40.07,61.49,-21.42,87.5,100.0,0,SIMULATED
2026-08-07 09:15:00,summer_peak,35.27,55.7,619.6,52,20.14,6.0,14.1,40.24,61.93,-21.69,87.5,100.0,0,SIMULATED
2026-08-07 09:30:00,summer_peak,35.61,54.6,654.9,76,20.76,6.6,14.1,41.46,62.34,-20.88,87.5,100.0,0,SIMULATED
2026-08-07 09:45:00,summer_peak,35.94,53.5,687.7,76,20.9,6.6,14.1,41.6,62.74,-21.14,87.5,100.0,0,SIMULATED
2026-08-07 10:00:00,summer_peak,36.26,52.5,717.7,85,21.29,6.42,14.1,41.81,63.15,-21.34,87.5,100.0,0,SIMULATED
2026-08-07 10:15:00,summer_peak,36.57,51.5,744.9,88,21.53,6.42,14.1,42.05,63.54,-21.49,87.5,100.0,0,SIMULATED
2026-08-07 10:30:00,summer_peak,36.88,50.5,769.1,76,21.2,5.82,14.1,41.12,63.93,-22.81,87.5,100.0,0,SIMULATED
2026-08-07 10:45:00,summer_peak,37.17,49.6,790.3,79,21.42,5.82,14.1,41.34,64.28,-22.94,87.5,100.0,0,SIMULATED
2026-08-07 11:00:00,summer_peak,37.45,48.7,808.4,80,21.57,5.82,14.1,41.49,64.65,-23.16,87.5,100.0,0,SIMULATED
2026-08-07 11:15:00,summer_peak,37.71,47.8,823.3,79,21.67,5.82,14.1,41.59,64.95,-23.36,87.5,100.0,0,SIMULATED
2026-08-07 11:30:00,summer_peak,37.96,47.0,834.9,86,22.28,6.42,14.1,42.8,65.28,-22.48,87.5,100.0,0,SIMULATED
2026-08-07 11:45:00,summer_peak,38.2,46.2,843.3,72,21.8,5.82,14.1,41.72,65.59,-23.87,87.5,100.0,0,SIMULATED
2026-08-07 12:00:00,summer_peak,38.42,45.5,848.3,102,22.99,6.6,14.1,43.69,65.86,-22.17,87.5,100.0,0,SIMULATED
2026-08-07 12:15:00,summer_peak,38.62,44.9,850.0,100,23.11,6.6,14.1,43.81,66.1,-22.29,87.5,100.0,0,SIMULATED
2026-08-07 12:30:00,summer_peak,38.8,44.3,848.3,80,22.71,6.0,14.1,42.81,66.33,-23.52,75.0,100.0,0,SIMULATED
2026-08-07 12:45:00,summer_peak,38.96,43.8,843.3,80,22.83,6.0,14.1,42.93,66.51,-23.58,62.5,100.0,0,SIMULATED
2026-08-07 13:00:00,summer_peak,39.1,43.3,834.9,69,22.83,6.0,14.1,42.93,66.7,-23.77,62.5,100.0,0,SIMULATED
2026-08-07 13:15:00,summer_peak,39.22,42.9,823.3,70,22.93,6.0,14.1,43.03,66.87,-23.84,62.5,100.0,0,SIMULATED
2026-08-07 13:30:00,summer_peak,39.32,42.6,808.4,81,23.47,6.6,14.1,44.17,66.97,-22.8,62.5,100.0,0,SIMULATED
2026-08-07 13:45:00,summer_peak,39.4,42.3,790.3,80,23.53,6.6,14.1,44.23,67.09,-22.86,62.5,100.0,0,SIMULATED
2026-08-07 14:00:00,summer_peak,39.46,42.1,769.1,80,22.85,6.5,14.1,43.45,67.15,-23.7,62.5,100.0,1,SIMULATED
2026-08-07 14:15:00,summer_peak,39.49,42.0,744.9,78,22.86,6.5,14.1,43.46,67.21,-23.75,62.5,100.0,1,SIMULATED
2026-08-07 14:30:00,summer_peak,39.5,42.0,717.7,80,22.82,6.5,14.1,43.42,67.21,-23.79,62.5,100.0,1,SIMULATED
2026-08-07 14:45:00,summer_peak,39.49,42.0,687.7,78,22.86,6.5,14.1,43.46,67.21,-23.75,62.5,100.0,1,SIMULATED
2026-08-07 15:00:00,summer_peak,39.46,42.1,654.9,77,22.67,5.82,14.1,42.59,67.15,-24.56,62.5,100.0,0,SIMULATED
2026-08-07 15:15:00,summer_peak,39.4,42.3,619.6,81,22.67,5.82,14.1,42.59,67.09,-24.5,62.5,100.0,0,SIMULATED
2026-08-07 15:30:00,summer_peak,39.32,42.6,581.9,78,22.63,6.0,14.1,42.73,66.97,-24.24,62.5,100.0,0,SIMULATED
2026-08-07 15:45:00,summer_peak,39.22,42.9,541.8,77,22.53,6.0,14.1,42.63,66.87,-24.24,62.5,100.0,0,SIMULATED
2026-08-07 16:00:00,summer_peak,39.1,43.3,499.6,79,22.48,6.0,14.1,42.58,66.7,-24.12,62.5,100.0,0,SIMULATED
2026-08-07 16:15:00,summer_peak,38.96,43.8,455.5,77,22.36,6.0,14.1,42.46,66.51,-24.05,62.5,100.0,0,SIMULATED
2026-08-07 16:30:00,summer_peak,38.8,44.3,409.5,83,22.69,6.6,14.1,43.39,66.33,-22.94,62.5,100.0,0,SIMULATED
2026-08-07 16:45:00,summer_peak,38.62,44.9,361.9,86,22.72,6.6,14.1,43.42,66.1,-22.68,62.5,100.0,0,SIMULATED
2026-08-07 17:00:00,summer_peak,38.42,45.5,312.9,74,22.32,6.6,14.1,43.02,65.86,-22.84,62.5,100.0,0,SIMULATED
2026-08-07 17:15:00,summer_peak,38.2,46.2,262.7,72,22.11,6.6,14.1,42.81,65.59,-22.78,62.5,100.0,0,SIMULATED
2026-08-07 17:30:00,summer_peak,37.96,47.0,211.4,63,21.55,6.0,14.1,41.65,65.28,-23.63,62.5,100.0,0,SIMULATED
2026-08-07 17:45:00,summer_peak,37.71,47.8,159.3,59,21.37,6.0,14.1,41.47,64.95,-23.48,62.5,100.0,0,SIMULATED
2026-08-07 18:00:00,summer_peak,37.45,48.7,106.5,55,21.23,6.0,14.1,41.33,64.65,-23.32,62.5,100.0,0,SIMULATED
2026-08-07 18:15:00,summer_peak,37.17,49.6,53.4,53,20.98,6.0,14.1,41.08,64.28,-23.2,62.5,100.0,0,SIMULATED
2026-08-07 18:30:00,summer_peak,36.88,50.5,0.0,44,20.09,5.09,14.1,39.28,63.93,-24.65,62.5,100.0,0,SIMULATED
2026-08-07 18:45:00,summer_peak,36.57,51.5,0.0,39,19.76,5.09,14.1,38.95,63.54,-24.59,62.5,100.0,0,SIMULATED
2026-08-07 19:00:00,summer_peak,36.26,52.5,0.0,23,18.91,3.98,14.1,36.99,63.15,-26.16,62.5,100.0,0,SIMULATED
2026-08-07 19:15:00,summer_peak,35.94,53.5,0.0,18,18.64,3.98,14.1,36.72,62.74,-26.02,62.5,100.0,0,SIMULATED
2026-08-07 19:30:00,summer_peak,35.61,54.6,0.0,12,18.36,2.62,14.1,35.08,62.34,-27.26,62.5,100.0,0,SIMULATED
2026-08-07 19:45:00,summer_peak,35.27,55.7,0.0,8,18.1,2.62,14.1,34.83,61.93,-27.1,62.5,100.0,0,SIMULATED
2026-08-07 20:00:00,summer_peak,34.94,56.8,0.0,6,17.67,1.6,14.1,33.37,61.49,-28.12,62.5,100.0,0,SIMULATED
2026-08-07 20:15:00,summer_peak,34.59,57.9,0.0,4,17.43,1.6,14.1,33.13,61.06,-27.93,62.5,100.0,0,SIMULATED
2026-08-07 20:30:00,summer_peak,34.25,59.0,0.0,0,17.09,0.24,14.1,31.43,60.65,-29.22,62.5,100.0,0,SIMULATED
2026-08-07 20:45:00,summer_peak,33.91,60.1,0.0,0,16.64,0.24,14.1,30.98,60.22,-29.24,62.5,100.0,0,SIMULATED
2026-08-07 21:00:00,summer_peak,33.56,61.2,0.0,0,16.19,0.24,14.1,30.53,59.78,-29.25,87.5,100.0,0,SIMULATED
2026-08-07 21:15:00,summer_peak,33.23,62.3,0.0,0,15.62,0.24,14.1,29.96,59.37,-29.41,87.5,100.0,0,SIMULATED
2026-08-07 21:30:00,summer_peak,32.89,63.4,0.0,0,15.0,0.24,14.1,29.34,58.94,-29.6,87.5,100.0,0,SIMULATED
2026-08-07 21:45:00,summer_peak,32.56,64.5,0.0,0,14.43,0.24,14.1,28.77,58.51,-29.74,87.5,100.0,0,SIMULATED
2026-08-07 22:00:00,summer_peak,32.24,65.5,0.0,0,13.91,0.24,14.1,28.25,58.14,-29.89,87.5,100.0,0,SIMULATED
2026-08-07 22:15:00,summer_peak,31.93,66.5,0.0,0,13.42,0.24,14.1,27.76,57.73,-29.97,87.5,100.0,0,SIMULATED
2026-08-07 22:30:00,summer_peak,31.62,67.5,0.0,0,12.96,0.24,14.1,27.3,57.36,-30.06,87.5,100.0,0,SIMULATED
2026-08-07 22:45:00,summer_peak,31.33,68.4,0.0,0,12.52,0.24,14.1,26.86,57.01,-30.15,87.5,100.0,0,SIMULATED
2026-08-07 23:00:00,summer_peak,31.05,69.3,0.0,0,12.13,0.24,14.1,26.47,56.65,-30.18,87.5,100.0,0,SIMULATED
2026-08-07 23:15:00,summer_peak,30.79,70.2,0.0,0,11.77,0.24,14.1,26.11,56.31,-30.2,87.5,100.0,0,SIMULATED
2026-08-07 23:30:00,summer_peak,30.54,71.0,0.0,0,11.43,0.24,14.1,25.77,56.01,-30.24,87.5,100.0,0,SIMULATED
2026-08-07 23:45:00,summer_peak,30.3,71.8,0.0,0,11.11,0.24,14.1,25.45,55.7,-30.25,87.5,100.0,0,SIMULATED
2026-08-08 00:00:00,summer_peak,30.08,72.5,0.0,0,10.82,0.24,14.1,25.16,55.43,-30.27,87.5,100.0,0,SIMULATED
2026-08-08 00:15:00,summer_peak,29.88,73.1,0.0,0,10.55,0.24,14.1,24.89,55.18,-30.29,87.5,100.0,0,SIMULATED
2026-08-08 00:30:00,summer_peak,29.7,73.7,0.0,0,10.3,0.24,14.1,24.64,54.95,-30.31,87.5,100.0,0,SIMULATED
2026-08-08 00:45:00,summer_peak,29.54,74.2,0.0,0,10.08,0.24,14.1,24.42,54.74,-30.32,87.5,100.0,0,SIMULATED
2026-08-08 01:00:00,summer_peak,29.4,74.7,0.0,0,9.88,0.24,14.1,24.22,54.61,-30.39,87.5,100.0,0,SIMULATED
2026-08-08 01:15:00,summer_peak,29.28,75.1,0.0,0,9.71,0.24,14.1,24.05,54.42,-30.37,87.5,100.0,0,SIMULATED
2026-08-08 01:30:00,summer_peak,29.18,75.4,0.0,0,9.55,0.24,14.1,23.89,54.29,-30.4,87.5,100.0,0,SIMULATED
2026-08-08 01:45:00,summer_peak,29.1,75.7,0.0,0,9.45,0.24,14.1,23.79,54.21,-30.42,87.5,100.0,0,SIMULATED
2026-08-08 02:00:00,summer_peak,29.04,75.9,0.0,0,9.32,0.24,14.1,23.66,54.14,-30.48,87.5,100.0,0,SIMULATED
2026-08-08 02:15:00,summer_peak,29.01,76.0,0.0,0,9.22,0.24,14.1,23.56,54.1,-30.54,87.5,100.0,0,SIMULATED
2026-08-08 02:30:00,summer_peak,29.0,76.0,0.0,0,9.16,0.24,14.1,23.5,54.09,-30.59,87.5,100.0,0,SIMULATED
2026-08-08 02:45:00,summer_peak,29.01,76.0,0.0,0,9.1,0.24,14.1,23.44,54.1,-30.66,87.5,100.0,0,SIMULATED
2026-08-08 03:00:00,summer_peak,29.04,75.9,0.0,0,9.07,0.24,14.1,23.41,54.14,-30.73,87.5,100.0,0,SIMULATED
2026-08-08 03:15:00,summer_peak,29.1,75.7,0.0,0,9.05,0.24,14.1,23.39,54.21,-30.82,87.5,100.0,0,SIMULATED
2026-08-08 03:30:00,summer_peak,29.18,75.4,0.0,0,9.04,0.24,14.1,23.38,54.29,-30.91,87.5,100.0,0,SIMULATED
2026-08-08 03:45:00,summer_peak,29.28,75.1,0.0,0,9.07,0.24,14.1,23.41,54.42,-31.01,87.5,100.0,0,SIMULATED
2026-08-08 04:00:00,summer_peak,29.4,74.7,0.0,0,9.08,0.24,14.1,23.42,54.61,-31.19,87.5,100.0,0,SIMULATED
2026-08-08 04:15:00,summer_peak,29.54,74.2,0.0,0,9.13,0.24,14.1,23.47,54.74,-31.27,87.5,100.0,0,SIMULATED
2026-08-08 04:30:00,summer_peak,29.7,73.7,0.0,0,9.19,0.24,14.1,23.53,54.95,-31.42,87.5,100.0,0,SIMULATED
2026-08-08 04:45:00,summer_peak,29.88,73.1,0.0,0,9.27,0.24,14.1,23.61,55.18,-31.57,87.5,100.0,0,SIMULATED
2026-08-08 05:00:00,summer_peak,30.08,72.5,0.0,0,9.35,0.24,14.1,23.69,55.43,-31.74,87.5,100.0,0,SIMULATED
2026-08-08 05:15:00,summer_peak,30.3,71.8,0.0,0,9.46,0.24,14.1,23.8,55.7,-31.9,87.5,100.0,0,SIMULATED
2026-08-08 05:30:00,summer_peak,30.54,71.0,0.0,0,9.57,0.24,14.1,23.91,56.01,-32.1,87.5,100.0,0,SIMULATED
2026-08-08 05:45:00,summer_peak,30.79,70.2,0.0,0,9.69,0.24,14.1,24.03,56.31,-32.28,87.5,100.0,0,SIMULATED
2026-08-08 06:00:00,summer_peak,31.05,69.3,0.0,0,9.83,0.24,14.1,24.17,56.65,-32.48,87.5,100.0,0,SIMULATED
2026-08-08 06:15:00,summer_peak,31.33,68.4,53.4,0,10.59,0.24,14.1,24.93,57.01,-32.08,87.5,100.0,0,SIMULATED
2026-08-08 06:30:00,summer_peak,31.62,67.5,106.5,0,11.38,0.24,14.1,25.72,57.36,-31.64,87.5,100.0,0,SIMULATED
2026-08-08 06:45:00,summer_peak,31.93,66.5,159.3,0,12.19,0.24,14.1,26.53,57.73,-31.2,87.5,100.0,0,SIMULATED
2026-08-08 07:00:00,summer_peak,32.24,65.5,211.4,0,13.28,1.52,14.1,28.9,58.14,-29.24,87.5,100.0,0,SIMULATED
2026-08-08 07:15:00,summer_peak,32.56,64.5,262.7,0,14.09,1.52,14.1,29.71,58.51,-28.8,87.5,100.0,0,SIMULATED
2026-08-08 07:30:00,summer_peak,32.89,63.4,312.9,0,14.89,1.52,14.1,30.51,58.94,-28.43,87.5,100.0,0,SIMULATED
2026-08-08 07:45:00,summer_peak,33.23,62.3,361.9,0,15.69,1.52,14.1,31.31,59.37,-28.06,87.5,100.0,0,SIMULATED
2026-08-08 08:00:00,summer_peak,33.56,61.2,409.5,0,16.49,1.52,14.1,32.11,59.78,-27.67,87.5,100.0,0,SIMULATED
2026-08-08 08:15:00,summer_peak,33.91,60.1,455.5,0,17.3,1.52,14.1,32.92,60.22,-27.3,87.5,100.0,0,SIMULATED
2026-08-08 08:30:00,summer_peak,34.25,59.0,499.6,0,18.09,1.52,14.1,33.7,60.65,-26.95,87.5,100.0,0,SIMULATED
2026-08-08 08:45:00,summer_peak,34.59,57.9,541.8,0,18.63,1.52,14.1,34.23,61.06,-26.83,87.5,100.0,0,SIMULATED
2026-08-08 09:00:00,summer_peak,34.94,56.8,581.9,1,19.03,1.85,14.1,34.97,61.49,-26.52,87.5,100.0,0,SIMULATED
2026-08-08 09:15:00,summer_peak,35.27,55.7,619.6,1,19.31,1.85,14.1,35.26,61.93,-26.67,87.5,100.0,0,SIMULATED
2026-08-08 09:30:00,summer_peak,35.61,54.6,654.9,1,19.61,1.85,14.1,35.55,62.34,-26.79,87.5,100.0,0,SIMULATED
2026-08-08 09:45:00,summer_peak,35.94,53.5,687.7,1,19.87,1.85,14.1,35.82,62.74,-26.92,87.5,100.0,0,SIMULATED
2026-08-08 10:00:00,summer_peak,36.26,52.5,717.7,7,20.14,4.31,14.1,38.55,63.15,-24.6,87.5,100.0,0,SIMULATED
2026-08-08 10:15:00,summer_peak,36.57,51.5,744.9,6,20.37,4.31,14.1,38.78,63.54,-24.76,87.5,100.0,0,SIMULATED
2026-08-08 10:30:00,summer_peak,36.88,50.5,769.1,6,20.53,4.31,14.1,38.94,63.93,-24.99,87.5,100.0,0,SIMULATED
2026-08-08 10:45:00,summer_peak,37.17,49.6,790.3,6,20.73,4.31,14.1,39.14,64.28,-25.14,87.5,100.0,0,SIMULATED
2026-08-08 11:00:00,summer_peak,37.45,48.7,808.4,6,20.82,4.31,14.1,39.23,64.65,-25.42,87.5,100.0,0,SIMULATED
2026-08-08 11:15:00,summer_peak,37.71,47.8,823.3,6,20.96,4.31,14.1,39.37,64.95,-25.58,87.5,100.0,0,SIMULATED
2026-08-08 11:30:00,summer_peak,37.96,47.0,834.9,8,21.13,4.31,14.1,39.54,65.28,-25.74,87.5,100.0,0,SIMULATED
2026-08-08 11:45:00,summer_peak,38.2,46.2,843.3,5,21.22,4.31,14.1,39.63,65.59,-25.96,87.5,100.0,0,SIMULATED
2026-08-08 12:00:00,summer_peak,38.42,45.5,848.3,5,21.35,4.31,14.1,39.76,65.86,-26.1,87.5,100.0,0,SIMULATED
2026-08-08 12:15:00,summer_peak,38.62,44.9,850.0,7,21.46,4.31,14.1,39.87,66.1,-26.23,87.5,100.0,0,SIMULATED
2026-08-08 12:30:00,summer_peak,38.8,44.3,848.3,5,21.55,4.31,14.1,39.96,66.33,-26.37,87.5,100.0,0,SIMULATED
2026-08-08 12:45:00,summer_peak,38.96,43.8,843.3,6,21.65,4.31,14.1,40.06,66.51,-26.45,87.5,100.0,0,SIMULATED
2026-08-08 13:00:00,summer_peak,39.1,43.3,834.9,6,21.74,4.31,14.1,40.15,66.7,-26.55,87.5,100.0,0,SIMULATED
2026-08-08 13:15:00,summer_peak,39.22,42.9,823.3,6,21.8,4.31,14.1,40.21,66.87,-26.66,87.5,100.0,0,SIMULATED
2026-08-08 13:30:00,summer_peak,39.32,42.6,808.4,7,21.85,4.31,14.1,40.26,66.97,-26.71,87.5,100.0,0,SIMULATED
2026-08-08 13:45:00,summer_peak,39.4,42.3,790.3,8,21.9,4.31,14.1,40.31,67.09,-26.78,87.5,100.0,0,SIMULATED
2026-08-08 14:00:00,summer_peak,39.46,42.1,769.1,5,21.94,4.31,14.1,40.35,67.15,-26.8,75.0,100.0,0,SIMULATED
2026-08-08 14:15:00,summer_peak,39.49,42.0,744.9,7,21.82,3.98,14.1,39.9,67.21,-27.31,75.0,100.0,0,SIMULATED
2026-08-08 14:30:00,summer_peak,39.5,42.0,717.7,5,21.82,3.98,14.1,39.9,67.21,-27.31,62.5,100.0,0,SIMULATED
2026-08-08 14:45:00,summer_peak,39.49,42.0,687.7,4,21.82,3.98,14.1,39.9,67.21,-27.31,62.5,100.0,0,SIMULATED
2026-08-08 15:00:00,summer_peak,39.46,42.1,654.9,5,21.82,3.98,14.1,39.9,67.15,-27.25,62.5,100.0,0,SIMULATED
2026-08-08 15:15:00,summer_peak,39.4,42.3,619.6,5,21.78,3.98,14.1,39.87,67.09,-27.22,62.5,100.0,0,SIMULATED
2026-08-08 15:30:00,summer_peak,39.32,42.6,581.9,5,21.73,3.98,14.1,39.82,66.97,-27.15,62.5,100.0,0,SIMULATED
2026-08-08 15:45:00,summer_peak,39.22,42.9,541.8,5,21.67,3.98,14.1,39.75,66.87,-27.12,62.5,100.0,0,SIMULATED
2026-08-08 16:00:00,summer_peak,39.1,43.3,499.6,5,21.52,3.98,14.1,39.6,66.7,-27.1,62.5,100.0,0,SIMULATED
2026-08-08 16:15:00,summer_peak,38.96,43.8,455.5,0,21.24,1.52,14.1,36.86,66.51,-29.65,62.5,100.0,0,SIMULATED
2026-08-08 16:30:00,summer_peak,38.8,44.3,409.5,0,20.96,1.52,14.1,36.57,66.33,-29.76,62.5,100.0,0,SIMULATED
2026-08-08 16:45:00,summer_peak,38.62,44.9,361.9,0,20.68,1.52,14.1,36.31,66.1,-29.79,62.5,100.0,0,SIMULATED
2026-08-08 17:00:00,summer_peak,38.42,45.5,312.9,0,20.38,1.52,14.1,36.0,65.86,-29.86,62.5,100.0,0,SIMULATED
2026-08-08 17:15:00,summer_peak,38.2,46.2,262.7,0,20.06,1.52,14.1,35.68,65.59,-29.91,62.5,100.0,0,SIMULATED
2026-08-08 17:30:00,summer_peak,37.96,47.0,211.4,0,19.75,1.52,14.1,35.36,65.28,-29.92,62.5,100.0,0,SIMULATED
2026-08-08 17:45:00,summer_peak,37.71,47.8,159.3,0,19.44,1.52,14.1,35.06,64.95,-29.89,75.0,100.0,0,SIMULATED
2026-08-08 18:00:00,summer_peak,37.45,48.7,106.5,0,19.12,1.52,14.1,34.74,64.65,-29.91,75.0,100.0,0,SIMULATED
2026-08-08 18:15:00,summer_peak,37.17,49.6,53.4,0,18.81,1.52,14.1,34.43,64.28,-29.85,87.5,100.0,0,SIMULATED
2026-08-08 18:30:00,summer_peak,36.88,50.5,0.0,0,18.36,1.52,14.1,33.97,63.93,-29.96,87.5,100.0,0,SIMULATED
2026-08-08 18:45:00,summer_peak,36.57,51.5,0.0,0,17.9,1.52,14.1,33.51,63.54,-30.03,87.5,100.0,0,SIMULATED
2026-08-08 19:00:00,summer_peak,36.26,52.5,0.0,0,17.33,1.52,14.1,32.94,63.15,-30.21,87.5,100.0,0,SIMULATED
2026-08-08 19:15:00,summer_peak,35.94,53.5,0.0,0,16.77,1.52,14.1,32.38,62.74,-30.36,87.5,100.0,0,SIMULATED
2026-08-08 19:30:00,summer_peak,35.61,54.6,0.0,0,16.24,1.52,14.1,31.86,62.34,-30.48,87.5,100.0,0,SIMULATED
2026-08-08 19:45:00,summer_peak,35.27,55.7,0.0,0,15.71,1.52,14.1,31.34,61.93,-30.59,87.5,100.0,0,SIMULATED
2026-08-08 20:00:00,summer_peak,34.94,56.8,0.0,0,14.9,0.24,14.1,29.24,61.49,-32.25,87.5,100.0,0,SIMULATED
2026-08-08 20:15:00,summer_peak,34.59,57.9,0.0,0,14.43,0.24,14.1,28.77,61.06,-32.29,87.5,100.0,0,SIMULATED
2026-08-08 20:30:00,summer_peak,34.25,59.0,0.0,0,13.99,0.24,14.1,28.33,60.65,-32.32,87.5,100.0,0,SIMULATED
2026-08-08 20:45:00,summer_peak,33.91,60.1,0.0,0,13.58,0.24,14.1,27.92,60.22,-32.3,87.5,100.0,0,SIMULATED
2026-08-08 21:00:00,summer_peak,33.56,61.2,0.0,0,13.15,0.24,14.1,27.49,59.78,-32.29,87.5,100.0,0,SIMULATED
2026-08-08 21:15:00,summer_peak,33.23,62.3,0.0,0,12.81,0.24,14.1,27.15,59.37,-32.22,87.5,100.0,0,SIMULATED
2026-08-08 21:30:00,summer_peak,32.89,63.4,0.0,0,12.42,0.24,14.1,26.76,58.94,-32.18,87.5,100.0,0,SIMULATED
2026-08-08 21:45:00,summer_peak,32.56,64.5,0.0,0,12.08,0.24,14.1,26.42,58.51,-32.09,87.5,100.0,0,SIMULATED
2026-08-08 22:00:00,summer_peak,32.24,65.5,0.0,0,11.73,0.24,14.1,26.07,58.14,-32.07,87.5,100.0,0,SIMULATED
2026-08-08 22:15:00,summer_peak,31.93,66.5,0.0,0,11.43,0.24,14.1,25.77,57.73,-31.96,87.5,100.0,0,SIMULATED
2026-08-08 22:30:00,summer_peak,31.62,67.5,0.0,0,11.14,0.24,14.1,25.48,57.36,-31.88,87.5,100.0,0,SIMULATED
2026-08-08 22:45:00,summer_peak,31.33,68.4,0.0,0,10.86,0.24,14.1,25.2,57.01,-31.81,87.5,100.0,0,SIMULATED
2026-08-08 23:00:00,summer_peak,31.05,69.3,0.0,0,10.61,0.24,14.1,24.95,56.65,-31.7,87.5,100.0,0,SIMULATED
2026-08-08 23:15:00,summer_peak,30.79,70.2,0.0,0,10.36,0.24,14.1,24.7,56.31,-31.61,87.5,100.0,0,SIMULATED
2026-08-08 23:30:00,summer_peak,30.54,71.0,0.0,0,10.13,0.24,14.1,24.47,56.01,-31.54,87.5,100.0,0,SIMULATED
2026-08-08 23:45:00,summer_peak,30.3,71.8,0.0,0,9.94,0.24,14.1,24.28,55.7,-31.42,87.5,100.0,0,SIMULATED
2026-08-09 00:00:00,summer_peak,30.08,72.5,0.0,0,9.74,0.24,14.1,24.08,55.43,-31.35,87.5,100.0,0,SIMULATED
2026-08-09 00:15:00,summer_peak,29.88,73.1,0.0,0,9.56,0.24,14.1,23.9,55.18,-31.28,87.5,100.0,0,SIMULATED
2026-08-09 00:30:00,summer_peak,29.7,73.7,0.0,0,9.4,0.24,14.1,23.74,54.95,-31.21,87.5,100.0,0,SIMULATED
2026-08-09 00:45:00,summer_peak,29.54,74.2,0.0,0,9.26,0.24,14.1,23.6,54.74,-31.14,87.5,100.0,0,SIMULATED
2026-08-09 01:00:00,summer_peak,29.4,74.7,0.0,0,9.12,0.24,14.1,23.46,54.61,-31.15,87.5,100.0,0,SIMULATED
2026-08-09 01:15:00,summer_peak,29.28,75.1,0.0,0,9.02,0.24,14.1,23.36,54.42,-31.06,87.5,100.0,0,SIMULATED
2026-08-09 01:30:00,summer_peak,29.18,75.4,0.0,0,8.91,0.24,14.1,23.25,54.29,-31.04,87.5,100.0,0,SIMULATED
2026-08-09 01:45:00,summer_peak,29.1,75.7,0.0,0,8.84,0.24,14.1,23.18,54.21,-31.03,87.5,100.0,0,SIMULATED
2026-08-09 02:00:00,summer_peak,29.04,75.9,0.0,0,8.78,0.24,14.1,23.12,54.14,-31.02,87.5,100.0,0,SIMULATED
2026-08-09 02:15:00,summer_peak,29.01,76.0,0.0,0,8.72,0.24,14.1,23.06,54.1,-31.04,87.5,100.0,0,SIMULATED
2026-08-09 02:30:00,summer_peak,29.0,76.0,0.0,0,8.69,0.24,14.1,23.03,54.09,-31.06,87.5,100.0,0,SIMULATED
2026-08-09 02:45:00,summer_peak,29.01,76.0,0.0,0,8.67,0.24,14.1,23.01,54.1,-31.09,87.5,100.0,0,SIMULATED
2026-08-09 03:00:00,summer_peak,29.04,75.9,0.0,0,8.67,0.24,14.1,23.01,54.14,-31.13,87.5,100.0,0,SIMULATED
2026-08-09 03:15:00,summer_peak,29.1,75.7,0.0,0,8.69,0.24,14.1,23.03,54.21,-31.18,87.5,100.0,0,SIMULATED
2026-08-09 03:30:00,summer_peak,29.18,75.4,0.0,0,8.7,0.24,14.1,23.04,54.29,-31.25,87.5,100.0,0,SIMULATED
2026-08-09 03:45:00,summer_peak,29.28,75.1,0.0,0,8.75,0.24,14.1,23.09,54.42,-31.33,87.5,100.0,0,SIMULATED
2026-08-09 04:00:00,summer_peak,29.4,74.7,0.0,0,8.8,0.24,14.1,23.14,54.61,-31.47,87.5,100.0,0,SIMULATED
2026-08-09 04:15:00,summer_peak,29.54,74.2,0.0,0,8.86,0.24,14.1,23.2,54.74,-31.54,87.5,100.0,0,SIMULATED
2026-08-09 04:30:00,summer_peak,29.7,73.7,0.0,0,8.94,0.24,14.1,23.28,54.95,-31.67,87.5,100.0,0,SIMULATED
2026-08-09 04:45:00,summer_peak,29.88,73.1,0.0,0,9.03,0.24,14.1,23.37,55.18,-31.81,87.5,100.0,0,SIMULATED
2026-08-09 05:00:00,summer_peak,30.08,72.5,0.0,0,9.14,0.24,14.1,23.48,55.43,-31.95,87.5,100.0,0,SIMULATED
2026-08-09 05:15:00,summer_peak,30.3,71.8,0.0,0,9.26,0.24,14.1,23.6,55.7,-32.1,87.5,100.0,0,SIMULATED
2026-08-09 05:30:00,summer_peak,30.54,71.0,0.0,0,9.38,0.24,14.1,23.72,56.01,-32.29,87.5,100.0,0,SIMULATED
2026-08-09 05:45:00,summer_peak,30.79,70.2,0.0,0,9.52,0.24,14.1,23.86,56.31,-32.45,87.5,100.0,0,SIMULATED
2026-08-09 06:00:00,summer_peak,31.05,69.3,0.0,0,9.68,0.24,14.1,24.02,56.65,-32.63,87.5,100.0,0,SIMULATED
2026-08-09 06:15:00,summer_peak,31.33,68.4,53.4,0,10.44,0.24,14.1,24.78,57.01,-32.23,87.5,100.0,0,SIMULATED
2026-08-09 06:30:00,summer_peak,31.62,67.5,106.5,0,11.25,0.24,14.1,25.59,57.36,-31.77,87.5,100.0,0,SIMULATED
2026-08-09 06:45:00,summer_peak,31.93,66.5,159.3,0,12.05,0.24,14.1,26.39,57.73,-31.34,87.5,100.0,0,SIMULATED
2026-08-09 07:00:00,summer_peak,32.24,65.5,211.4,0,13.17,1.52,14.1,28.78,58.14,-29.36,87.5,100.0,0,SIMULATED
2026-08-09 07:15:00,summer_peak,32.56,64.5,262.7,0,14.0,1.52,14.1,29.61,58.51,-28.9,87.5,100.0,0,SIMULATED
2026-08-09 07:30:00,summer_peak,32.89,63.4,312.9,0,14.82,1.52,14.1,30.44,58.94,-28.5,87.5,100.0,0,SIMULATED
2026-08-09 07:45:00,summer_peak,33.23,62.3,361.9,0,15.63,1.52,14.1,31.25,59.37,-28.12,87.5,100.0,0,SIMULATED
2026-08-09 08:00:00,summer_peak,33.56,61.2,409.5,0,16.45,1.52,14.1,32.07,59.78,-27.71,87.5,100.0,0,SIMULATED
2026-08-09 08:15:00,summer_peak,33.91,60.1,455.5,0,17.26,1.52,14.1,32.88,60.22,-27.34,87.5,100.0,0,SIMULATED
2026-08-09 08:30:00,summer_peak,34.25,59.0,499.6,0,18.06,1.52,14.1,33.67,60.65,-26.98,87.5,100.0,0,SIMULATED
2026-08-09 08:45:00,summer_peak,34.59,57.9,541.8,0,18.63,1.52,14.1,34.23,61.06,-26.83,87.5,100.0,0,SIMULATED
2026-08-09 09:00:00,summer_peak,34.94,56.8,581.9,1,19.03,1.85,14.1,34.97,61.49,-26.52,87.5,100.0,0,SIMULATED
2026-08-09 09:15:00,summer_peak,35.27,55.7,619.6,2,19.34,1.85,14.1,35.29,61.93,-26.64,87.5,100.0,0,SIMULATED
2026-08-09 09:30:00,summer_peak,35.61,54.6,654.9,1,19.61,1.85,14.1,35.55,62.34,-26.79,87.5,100.0,0,SIMULATED
2026-08-09 09:45:00,summer_peak,35.94,53.5,687.7,1,19.87,1.85,14.1,35.82,62.74,-26.92,87.5,100.0,0,SIMULATED
2026-08-09 10:00:00,summer_peak,36.26,52.5,717.7,5,20.14,4.31,14.1,38.55,63.15,-24.6,87.5,100.0,0,SIMULATED
2026-08-09 10:15:00,summer_peak,36.57,51.5,744.9,7,20.41,4.31,14.1,38.82,63.54,-24.72,87.5,100.0,0,SIMULATED
2026-08-09 10:30:00,summer_peak,36.88,50.5,769.1,6,20.56,4.31,14.1,38.97,63.93,-24.96,87.5,100.0,0,SIMULATED
2026-08-09 10:45:00,summer_peak,37.17,49.6,790.3,6,20.69,4.31,14.1,39.1,64.28,-25.18,87.5,100.0,0,SIMULATED
2026-08-09 11:00:00,summer_peak,37.45,48.7,808.4,6,20.86,4.31,14.1,39.27,64.65,-25.38,87.5,100.0,0,SIMULATED
2026-08-09 11:15:00,summer_peak,37.71,47.8,823.3,6,20.96,4.31,14.1,39.37,64.95,-25.58,87.5,100.0,0,SIMULATED
2026-08-09 11:30:00,summer_peak,37.96,47.0,834.9,5,21.09,4.31,14.1,39.5,65.28,-25.78,87.5,100.0,0,SIMULATED
2026-08-09 11:45:00,summer_peak,38.2,46.2,843.3,6,21.22,4.31,14.1,39.63,65.59,-25.96,87.5,100.0,0,SIMULATED
2026-08-09 12:00:00,summer_peak,38.42,45.5,848.3,6,21.35,4.31,14.1,39.76,65.86,-26.1,87.5,100.0,0,SIMULATED
2026-08-09 12:15:00,summer_peak,38.62,44.9,850.0,5,21.46,4.31,14.1,39.87,66.1,-26.23,87.5,100.0,0,SIMULATED
2026-08-09 12:30:00,summer_peak,38.8,44.3,848.3,7,21.55,4.31,14.1,39.96,66.33,-26.37,87.5,100.0,0,SIMULATED
2026-08-09 12:45:00,summer_peak,38.96,43.8,843.3,6,21.65,4.31,14.1,40.06,66.51,-26.45,87.5,100.0,0,SIMULATED
2026-08-09 13:00:00,summer_peak,39.1,43.3,834.9,5,21.74,4.31,14.1,40.15,66.7,-26.55,87.5,100.0,0,SIMULATED
2026-08-09 13:15:00,summer_peak,39.22,42.9,823.3,5,21.8,4.31,14.1,40.21,66.87,-26.66,87.5,100.0,0,SIMULATED
2026-08-09 13:30:00,summer_peak,39.32,42.6,808.4,5,21.85,4.31,14.1,40.26,66.97,-26.71,87.5,100.0,0,SIMULATED
2026-08-09 13:45:00,summer_peak,39.4,42.3,790.3,6,21.9,4.31,14.1,40.31,67.09,-26.78,87.5,100.0,0,SIMULATED
2026-08-09 14:00:00,summer_peak,39.46,42.1,769.1,7,21.97,4.31,14.1,40.38,67.15,-26.77,75.0,100.0,0,SIMULATED
2026-08-09 14:15:00,summer_peak,39.49,42.0,744.9,5,21.82,3.98,14.1,39.9,67.21,-27.31,75.0,100.0,0,SIMULATED
2026-08-09 14:30:00,summer_peak,39.5,42.0,717.7,5,21.82,3.98,14.1,39.9,67.21,-27.31,62.5,100.0,0,SIMULATED
2026-08-09 14:45:00,summer_peak,39.49,42.0,687.7,6,21.82,3.98,14.1,39.9,67.21,-27.31,62.5,100.0,0,SIMULATED
2026-08-09 15:00:00,summer_peak,39.46,42.1,654.9,5,21.82,3.98,14.1,39.9,67.15,-27.25,62.5,100.0,0,SIMULATED
2026-08-09 15:15:00,summer_peak,39.4,42.3,619.6,5,21.78,3.98,14.1,39.87,67.09,-27.22,62.5,100.0,0,SIMULATED
2026-08-09 15:30:00,summer_peak,39.32,42.6,581.9,6,21.73,3.98,14.1,39.82,66.97,-27.15,62.5,100.0,0,SIMULATED
2026-08-09 15:45:00,summer_peak,39.22,42.9,541.8,5,21.67,3.98,14.1,39.75,66.87,-27.12,62.5,100.0,0,SIMULATED
2026-08-09 16:00:00,summer_peak,39.1,43.3,499.6,4,21.52,3.98,14.1,39.6,66.7,-27.1,62.5,100.0,0,SIMULATED
2026-08-09 16:15:00,summer_peak,38.96,43.8,455.5,0,21.24,1.52,14.1,36.86,66.51,-29.65,62.5,100.0,0,SIMULATED
2026-08-09 16:30:00,summer_peak,38.8,44.3,409.5,0,20.96,1.52,14.1,36.57,66.33,-29.76,62.5,100.0,0,SIMULATED
2026-08-09 16:45:00,summer_peak,38.62,44.9,361.9,0,20.68,1.52,14.1,36.31,66.1,-29.79,62.5,100.0,0,SIMULATED
2026-08-09 17:00:00,summer_peak,38.42,45.5,312.9,0,20.38,1.52,14.1,36.0,65.86,-29.86,62.5,100.0,0,SIMULATED
2026-08-09 17:15:00,summer_peak,38.2,46.2,262.7,0,20.06,1.52,14.1,35.68,65.59,-29.91,62.5,100.0,0,SIMULATED
2026-08-09 17:30:00,summer_peak,37.96,47.0,211.4,0,19.75,1.52,14.1,35.36,65.28,-29.92,62.5,100.0,0,SIMULATED
2026-08-09 17:45:00,summer_peak,37.71,47.8,159.3,0,19.44,1.52,14.1,35.06,64.95,-29.89,75.0,100.0,0,SIMULATED
2026-08-09 18:00:00,summer_peak,37.45,48.7,106.5,0,19.12,1.52,14.1,34.74,64.65,-29.91,75.0,100.0,0,SIMULATED
2026-08-09 18:15:00,summer_peak,37.17,49.6,53.4,0,18.81,1.52,14.1,34.43,64.28,-29.85,87.5,100.0,0,SIMULATED
2026-08-09 18:30:00,summer_peak,36.88,50.5,0.0,0,18.31,1.52,14.1,33.92,63.93,-30.01,87.5,100.0,0,SIMULATED
2026-08-09 18:45:00,summer_peak,36.57,51.5,0.0,0,17.85,1.52,14.1,33.46,63.54,-30.08,87.5,100.0,0,SIMULATED
2026-08-09 19:00:00,summer_peak,36.26,52.5,0.0,0,17.29,1.52,14.1,32.9,63.15,-30.25,87.5,100.0,0,SIMULATED
2026-08-09 19:15:00,summer_peak,35.94,53.5,0.0,0,16.74,1.52,14.1,32.35,62.74,-30.39,87.5,100.0,0,SIMULATED
2026-08-09 19:30:00,summer_peak,35.61,54.6,0.0,0,16.22,1.52,14.1,31.84,62.34,-30.5,87.5,100.0,0,SIMULATED
2026-08-09 19:45:00,summer_peak,35.27,55.7,0.0,0,15.7,1.52,14.1,31.33,61.93,-30.6,87.5,100.0,0,SIMULATED
2026-08-09 20:00:00,summer_peak,34.94,56.8,0.0,0,14.88,0.24,14.1,29.22,61.49,-32.27,87.5,100.0,0,SIMULATED
2026-08-09 20:15:00,summer_peak,34.59,57.9,0.0,0,14.41,0.24,14.1,28.75,61.06,-32.31,87.5,100.0,0,SIMULATED
2026-08-09 20:30:00,summer_peak,34.25,59.0,0.0,0,13.97,0.24,14.1,28.31,60.65,-32.34,87.5,100.0,0,SIMULATED
2026-08-09 20:45:00,summer_peak,33.91,60.1,0.0,0,13.57,0.24,14.1,27.91,60.22,-32.31,87.5,100.0,0,SIMULATED
2026-08-09 21:00:00,summer_peak,33.56,61.2,0.0,0,13.14,0.24,14.1,27.48,59.78,-32.3,87.5,100.0,0,SIMULATED
2026-08-09 21:15:00,summer_peak,33.23,62.3,0.0,0,12.8,0.24,14.1,27.14,59.37,-32.23,87.5,100.0,0,SIMULATED
2026-08-09 21:30:00,summer_peak,32.89,63.4,0.0,0,12.41,0.24,14.1,26.75,58.94,-32.19,87.5,100.0,0,SIMULATED
2026-08-09 21:45:00,summer_peak,32.56,64.5,0.0,0,12.07,0.24,14.1,26.41,58.51,-32.1,87.5,100.0,0,SIMULATED
2026-08-09 22:00:00,summer_peak,32.24,65.5,0.0,0,11.73,0.24,14.1,26.07,58.14,-32.07,87.5,100.0,0,SIMULATED
2026-08-09 22:15:00,summer_peak,31.93,66.5,0.0,0,11.43,0.24,14.1,25.77,57.73,-31.96,87.5,100.0,0,SIMULATED
2026-08-09 22:30:00,summer_peak,31.62,67.5,0.0,0,11.13,0.24,14.1,25.47,57.36,-31.89,87.5,100.0,0,SIMULATED
2026-08-09 22:45:00,summer_peak,31.33,68.4,0.0,0,10.85,0.24,14.1,25.19,57.01,-31.82,87.5,100.0,0,SIMULATED
2026-08-09 23:00:00,summer_peak,31.05,69.3,0.0,0,10.6,0.24,14.1,24.94,56.65,-31.71,87.5,100.0,0,SIMULATED
2026-08-09 23:15:00,summer_peak,30.79,70.2,0.0,0,10.35,0.24,14.1,24.69,56.31,-31.62,87.5,100.0,0,SIMULATED
2026-08-09 23:30:00,summer_peak,30.54,71.0,0.0,0,10.12,0.24,14.1,24.46,56.01,-31.55,87.5,100.0,0,SIMULATED
2026-08-09 23:45:00,summer_peak,30.3,71.8,0.0,0,9.93,0.24,14.1,24.27,55.7,-31.43,87.5,100.0,0,SIMULATED
2026-08-10 00:00:00,summer_peak,30.08,72.5,0.0,0,9.73,0.24,14.1,24.07,55.43,-31.36,87.5,100.0,0,SIMULATED
2026-08-10 00:15:00,summer_peak,29.88,73.1,0.0,0,9.55,0.24,14.1,23.89,55.18,-31.29,87.5,100.0,0,SIMULATED
2026-08-10 00:30:00,summer_peak,29.7,73.7,0.0,0,9.4,0.24,14.1,23.74,54.95,-31.21,87.5,100.0,0,SIMULATED
2026-08-10 00:45:00,summer_peak,29.54,74.2,0.0,0,9.25,0.24,14.1,23.59,54.74,-31.15,87.5,100.0,0,SIMULATED
2026-08-10 01:00:00,summer_peak,29.4,74.7,0.0,0,9.12,0.24,14.1,23.46,54.61,-31.15,87.5,100.0,0,SIMULATED
2026-08-10 01:15:00,summer_peak,29.28,75.1,0.0,0,9.01,0.24,14.1,23.35,54.42,-31.07,87.5,100.0,0,SIMULATED
2026-08-10 01:30:00,summer_peak,29.18,75.4,0.0,0,8.91,0.24,14.1,23.25,54.29,-31.04,87.5,100.0,0,SIMULATED
2026-08-10 01:45:00,summer_peak,29.1,75.7,0.0,0,8.84,0.24,14.1,23.18,54.21,-31.03,87.5,100.0,0,SIMULATED
2026-08-10 02:00:00,summer_peak,29.04,75.9,0.0,0,8.78,0.24,14.1,23.12,54.14,-31.02,87.5,100.0,0,SIMULATED
2026-08-10 02:15:00,summer_peak,29.01,76.0,0.0,0,8.72,0.24,14.1,23.06,54.1,-31.04,87.5,100.0,0,SIMULATED
2026-08-10 02:30:00,summer_peak,29.0,76.0,0.0,0,8.69,0.24,14.1,23.03,54.09,-31.06,87.5,100.0,0,SIMULATED
2026-08-10 02:45:00,summer_peak,29.01,76.0,0.0,0,8.67,0.24,14.1,23.01,54.1,-31.09,87.5,100.0,0,SIMULATED
2026-08-10 03:00:00,summer_peak,29.04,75.9,0.0,0,8.67,0.24,14.1,23.01,54.14,-31.13,87.5,100.0,0,SIMULATED
2026-08-10 03:15:00,summer_peak,29.1,75.7,0.0,0,8.69,0.24,14.1,23.03,54.21,-31.18,87.5,100.0,0,SIMULATED
2026-08-10 03:30:00,summer_peak,29.18,75.4,0.0,0,8.7,0.24,14.1,23.04,54.29,-31.25,87.5,100.0,0,SIMULATED
2026-08-10 03:45:00,summer_peak,29.28,75.1,0.0,0,8.75,0.24,14.1,23.09,54.42,-31.33,87.5,100.0,0,SIMULATED
2026-08-10 04:00:00,summer_peak,29.4,74.7,0.0,0,8.8,0.24,14.1,23.14,54.61,-31.47,87.5,100.0,0,SIMULATED
2026-08-10 04:15:00,summer_peak,29.54,74.2,0.0,0,8.86,0.24,14.1,23.2,54.74,-31.54,87.5,100.0,0,SIMULATED
2026-08-10 04:30:00,summer_peak,29.7,73.7,0.0,0,8.94,0.24,14.1,23.28,54.95,-31.67,87.5,100.0,0,SIMULATED
2026-08-10 04:45:00,summer_peak,29.88,73.1,0.0,0,9.03,0.24,14.1,23.37,55.18,-31.81,87.5,100.0,0,SIMULATED
2026-08-10 05:00:00,summer_peak,30.08,72.5,0.0,0,9.14,0.24,14.1,23.48,55.43,-31.95,87.5,100.0,0,SIMULATED
2026-08-10 05:15:00,summer_peak,30.3,71.8,0.0,0,9.26,0.24,14.1,23.6,55.7,-32.1,87.5,100.0,0,SIMULATED
2026-08-10 05:30:00,summer_peak,30.54,71.0,0.0,0,9.38,0.24,14.1,23.72,56.01,-32.29,87.5,100.0,0,SIMULATED
2026-08-10 05:45:00,summer_peak,30.79,70.2,0.0,0,9.52,0.24,14.1,23.86,56.31,-32.45,87.5,100.0,0,SIMULATED
2026-08-10 06:00:00,summer_peak,31.05,69.3,0.0,0,9.68,0.24,14.1,24.02,56.65,-32.63,87.5,100.0,0,SIMULATED
2026-08-10 06:15:00,summer_peak,31.33,68.4,53.4,0,10.44,0.24,14.1,24.78,57.01,-32.23,87.5,100.0,0,SIMULATED
2026-08-10 06:30:00,summer_peak,31.62,67.5,106.5,0,11.25,0.24,14.1,25.59,57.36,-31.77,87.5,100.0,0,SIMULATED
2026-08-10 06:45:00,summer_peak,31.93,66.5,159.3,0,12.05,0.24,14.1,26.39,57.73,-31.34,87.5,100.0,0,SIMULATED
2026-08-10 07:00:00,summer_peak,32.24,65.5,211.4,0,13.17,1.52,14.1,28.78,58.14,-29.36,87.5,100.0,0,SIMULATED
2026-08-10 07:15:00,summer_peak,32.56,64.5,262.7,0,14.0,1.52,14.1,29.61,58.51,-28.9,87.5,100.0,0,SIMULATED
2026-08-10 07:30:00,summer_peak,32.89,63.4,312.9,0,14.82,1.52,14.1,30.44,58.94,-28.5,87.5,100.0,0,SIMULATED
2026-08-10 07:45:00,summer_peak,33.23,62.3,361.9,0,15.63,1.52,14.1,31.25,59.37,-28.12,87.5,100.0,0,SIMULATED
2026-08-10 08:00:00,summer_peak,33.56,61.2,409.5,4,16.66,1.85,14.1,32.6,59.78,-27.18,87.5,100.0,0,SIMULATED
2026-08-10 08:15:00,summer_peak,33.91,60.1,455.5,6,17.87,3.21,14.1,35.17,60.22,-25.05,87.5,100.0,0,SIMULATED
2026-08-10 08:30:00,summer_peak,34.25,59.0,499.6,15,18.78,3.99,14.1,36.86,60.65,-23.79,87.5,100.0,0,SIMULATED
2026-08-10 08:45:00,summer_peak,34.59,57.9,541.8,19,19.2,5.09,14.1,38.39,61.06,-22.67,87.5,100.0,0,SIMULATED
2026-08-10 09:00:00,summer_peak,34.94,56.8,581.9,48,20.0,6.0,14.1,40.1,61.49,-21.39,87.5,100.0,0,SIMULATED
2026-08-10 09:15:00,summer_peak,35.27,55.7,619.6,54,20.17,6.0,14.1,40.27,61.93,-21.66,87.5,100.0,0,SIMULATED
2026-08-10 09:30:00,summer_peak,35.61,54.6,654.9,74,20.73,6.6,14.1,41.43,62.34,-20.91,87.5,100.0,0,SIMULATED
2026-08-10 09:45:00,summer_peak,35.94,53.5,687.7,78,20.94,6.6,14.1,41.64,62.74,-21.1,87.5,100.0,0,SIMULATED
2026-08-10 10:00:00,summer_peak,36.26,52.5,717.7,87,21.37,6.42,14.1,41.89,63.15,-21.26,87.5,100.0,0,SIMULATED
2026-08-10 10:15:00,summer_peak,36.57,51.5,744.9,86,21.5,6.42,14.1,42.02,63.54,-21.52,87.5,100.0,0,SIMULATED
2026-08-10 10:30:00,summer_peak,36.88,50.5,769.1,78,21.23,5.82,14.1,41.15,63.93,-22.78,87.5,100.0,0,SIMULATED
2026-08-10 10:45:00,summer_peak,37.17,49.6,790.3,79,21.42,5.82,14.1,41.34,64.28,-22.94,87.5,100.0,0,SIMULATED
2026-08-10 11:00:00,summer_peak,37.45,48.7,808.4,79,21.57,5.82,14.1,41.49,64.65,-23.16,87.5,100.0,0,SIMULATED
2026-08-10 11:15:00,summer_peak,37.71,47.8,823.3,80,21.74,5.82,14.1,41.66,64.95,-23.29,87.5,100.0,0,SIMULATED
2026-08-10 11:30:00,summer_peak,37.96,47.0,834.9,86,22.28,6.42,14.1,42.8,65.28,-22.48,87.5,100.0,0,SIMULATED
2026-08-10 11:45:00,summer_peak,38.2,46.2,843.3,75,21.84,5.82,14.1,41.76,65.59,-23.83,87.5,100.0,0,SIMULATED
2026-08-10 12:00:00,summer_peak,38.42,45.5,848.3,102,22.95,6.6,14.1,43.65,65.86,-22.21,87.5,100.0,0,SIMULATED
2026-08-10 12:15:00,summer_peak,38.62,44.9,850.0,101,23.07,6.6,14.1,43.77,66.1,-22.33,87.5,100.0,0,SIMULATED
2026-08-10 12:30:00,summer_peak,38.8,44.3,848.3,80,22.71,6.0,14.1,42.81,66.33,-23.52,75.0,100.0,0,SIMULATED
2026-08-10 12:45:00,summer_peak,38.96,43.8,843.3,79,22.82,6.0,14.1,42.92,66.51,-23.59,62.5,100.0,0,SIMULATED
2026-08-10 13:00:00,summer_peak,39.1,43.3,834.9,72,22.87,6.0,14.1,42.97,66.7,-23.73,62.5,100.0,0,SIMULATED
2026-08-10 13:15:00,summer_peak,39.22,42.9,823.3,74,23.0,6.0,14.1,43.1,66.87,-23.77,62.5,100.0,0,SIMULATED
2026-08-10 13:30:00,summer_peak,39.32,42.6,808.4,82,23.46,6.6,14.1,44.16,66.97,-22.81,62.5,100.0,0,SIMULATED
2026-08-10 13:45:00,summer_peak,39.4,42.3,790.3,80,23.52,6.6,14.1,44.22,67.09,-22.87,62.5,100.0,0,SIMULATED
2026-08-10 14:00:00,summer_peak,39.46,42.1,769.1,79,22.86,6.5,14.1,43.46,67.15,-23.69,62.5,100.0,1,SIMULATED
2026-08-10 14:15:00,summer_peak,39.49,42.0,744.9,81,22.89,6.5,14.1,43.49,67.21,-23.72,62.5,100.0,1,SIMULATED
2026-08-10 14:30:00,summer_peak,39.5,42.0,717.7,80,22.86,6.5,14.1,43.46,67.21,-23.75,62.5,100.0,1,SIMULATED
2026-08-10 14:45:00,summer_peak,39.49,42.0,687.7,80,22.9,6.5,14.1,43.5,67.21,-23.71,62.5,100.0,1,SIMULATED
2026-08-10 15:00:00,summer_peak,39.46,42.1,654.9,77,22.64,5.82,14.1,42.56,67.15,-24.59,62.5,100.0,0,SIMULATED
2026-08-10 15:15:00,summer_peak,39.4,42.3,619.6,79,22.67,5.82,14.1,42.59,67.09,-24.5,62.5,100.0,0,SIMULATED
2026-08-10 15:30:00,summer_peak,39.32,42.6,581.9,79,22.59,6.0,14.1,42.69,66.97,-24.28,62.5,100.0,0,SIMULATED
2026-08-10 15:45:00,summer_peak,39.22,42.9,541.8,76,22.5,6.0,14.1,42.6,66.87,-24.27,62.5,100.0,0,SIMULATED
2026-08-10 16:00:00,summer_peak,39.1,43.3,499.6,78,22.48,6.0,14.1,42.58,66.7,-24.12,62.5,100.0,0,SIMULATED
2026-08-10 16:15:00,summer_peak,38.96,43.8,455.5,79,22.36,6.0,14.1,42.46,66.51,-24.05,62.5,100.0,0,SIMULATED
2026-08-10 16:30:00,summer_peak,38.8,44.3,409.5,87,22.76,6.6,14.1,43.46,66.33,-22.87,62.5,100.0,0,SIMULATED
2026-08-10 16:45:00,summer_peak,38.62,44.9,361.9,87,22.64,6.6,14.1,43.34,66.1,-22.76,62.5,100.0,0,SIMULATED
2026-08-10 17:00:00,summer_peak,38.42,45.5,312.9,70,22.21,6.6,14.1,42.91,65.86,-22.95,62.5,100.0,0,SIMULATED
2026-08-10 17:15:00,summer_peak,38.2,46.2,262.7,74,22.15,6.6,14.1,42.85,65.59,-22.74,62.5,100.0,0,SIMULATED
2026-08-10 17:30:00,summer_peak,37.96,47.0,211.4,63,21.51,6.0,14.1,41.61,65.28,-23.67,62.5,100.0,0,SIMULATED
2026-08-10 17:45:00,summer_peak,37.71,47.8,159.3,58,21.34,6.0,14.1,41.44,64.95,-23.51,62.5,100.0,0,SIMULATED
2026-08-10 18:00:00,summer_peak,37.45,48.7,106.5,57,21.26,6.0,14.1,41.36,64.65,-23.29,62.5,100.0,0,SIMULATED
2026-08-10 18:15:00,summer_peak,37.17,49.6,53.4,53,20.98,6.0,14.1,41.08,64.28,-23.2,62.5,100.0,0,SIMULATED
2026-08-10 18:30:00,summer_peak,36.88,50.5,0.0,43,20.06,5.09,14.1,39.25,63.93,-24.68,62.5,100.0,0,SIMULATED
2026-08-10 18:45:00,summer_peak,36.57,51.5,0.0,39,19.76,5.09,14.1,38.95,63.54,-24.59,62.5,100.0,0,SIMULATED
2026-08-10 19:00:00,summer_peak,36.26,52.5,0.0,23,18.91,3.98,14.1,36.99,63.15,-26.16,62.5,100.0,0,SIMULATED
2026-08-10 19:15:00,summer_peak,35.94,53.5,0.0,19,18.64,3.98,14.1,36.72,62.74,-26.02,62.5,100.0,0,SIMULATED
2026-08-10 19:30:00,summer_peak,35.61,54.6,0.0,11,18.36,2.62,14.1,35.08,62.34,-27.26,62.5,100.0,0,SIMULATED
2026-08-10 19:45:00,summer_peak,35.27,55.7,0.0,8,18.1,2.62,14.1,34.83,61.93,-27.1,62.5,100.0,0,SIMULATED
2026-08-10 20:00:00,summer_peak,34.94,56.8,0.0,6,17.67,1.6,14.1,33.37,61.49,-28.12,62.5,100.0,0,SIMULATED
2026-08-10 20:15:00,summer_peak,34.59,57.9,0.0,3,17.43,1.6,14.1,33.13,61.06,-27.93,62.5,100.0,0,SIMULATED
2026-08-10 20:30:00,summer_peak,34.25,59.0,0.0,0,17.05,0.24,14.1,31.39,60.65,-29.26,62.5,100.0,0,SIMULATED
2026-08-10 20:45:00,summer_peak,33.91,60.1,0.0,0,16.6,0.24,14.1,30.94,60.22,-29.28,62.5,100.0,0,SIMULATED
2026-08-10 21:00:00,summer_peak,33.56,61.2,0.0,0,16.16,0.24,14.1,30.5,59.78,-29.28,87.5,100.0,0,SIMULATED
2026-08-10 21:15:00,summer_peak,33.23,62.3,0.0,0,15.62,0.24,14.1,29.96,59.37,-29.41,87.5,100.0,0,SIMULATED
2026-08-10 21:30:00,summer_peak,32.89,63.4,0.0,0,15.01,0.24,14.1,29.35,58.94,-29.59,87.5,100.0,0,SIMULATED
2026-08-10 21:45:00,summer_peak,32.56,64.5,0.0,0,14.43,0.24,14.1,28.77,58.51,-29.74,87.5,100.0,0,SIMULATED
2026-08-10 22:00:00,summer_peak,32.24,65.5,0.0,0,13.91,0.24,14.1,28.25,58.14,-29.89,87.5,100.0,0,SIMULATED
2026-08-10 22:15:00,summer_peak,31.93,66.5,0.0,0,13.42,0.24,14.1,27.76,57.73,-29.97,87.5,100.0,0,SIMULATED
2026-08-10 22:30:00,summer_peak,31.62,67.5,0.0,0,12.96,0.24,14.1,27.3,57.36,-30.06,87.5,100.0,0,SIMULATED
2026-08-10 22:45:00,summer_peak,31.33,68.4,0.0,0,12.5,0.24,14.1,26.84,57.01,-30.17,87.5,100.0,0,SIMULATED
2026-08-10 23:00:00,summer_peak,31.05,69.3,0.0,0,12.11,0.24,14.1,26.45,56.65,-30.2,87.5,100.0,0,SIMULATED
2026-08-10 23:15:00,summer_peak,30.79,70.2,0.0,0,11.75,0.24,14.1,26.09,56.31,-30.22,87.5,100.0,0,SIMULATED
2026-08-10 23:30:00,summer_peak,30.54,71.0,0.0,0,11.4,0.24,14.1,25.74,56.01,-30.27,87.5,100.0,0,SIMULATED
2026-08-10 23:45:00,summer_peak,30.3,71.8,0.0,0,11.09,0.24,14.1,25.43,55.7,-30.27,87.5,100.0,0,SIMULATED
2026-08-11 00:00:00,summer_peak,30.08,72.5,0.0,0,10.8,0.24,14.1,25.14,55.43,-30.29,87.5,100.0,0,SIMULATED
2026-08-11 00:15:00,summer_peak,29.88,73.1,0.0,0,10.54,0.24,14.1,24.88,55.18,-30.3,87.5,100.0,0,SIMULATED
2026-08-11 00:30:00,summer_peak,29.7,73.7,0.0,0,10.29,0.24,14.1,24.63,54.95,-30.32,87.5,100.0,0,SIMULATED
2026-08-11 00:45:00,summer_peak,29.54,74.2,0.0,0,10.08,0.24,14.1,24.42,54.74,-30.32,87.5,100.0,0,SIMULATED
2026-08-11 01:00:00,summer_peak,29.4,74.7,0.0,0,9.88,0.24,14.1,24.22,54.61,-30.39,87.5,100.0,0,SIMULATED
2026-08-11 01:15:00,summer_peak,29.28,75.1,0.0,0,9.71,0.24,14.1,24.05,54.42,-30.37,87.5,100.0,0,SIMULATED
2026-08-11 01:30:00,summer_peak,29.18,75.4,0.0,0,9.55,0.24,14.1,23.89,54.29,-30.4,87.5,100.0,0,SIMULATED
2026-08-11 01:45:00,summer_peak,29.1,75.7,0.0,0,9.45,0.24,14.1,23.79,54.21,-30.42,87.5,100.0,0,SIMULATED
2026-08-11 02:00:00,summer_peak,29.04,75.9,0.0,0,9.32,0.24,14.1,23.66,54.14,-30.48,87.5,100.0,0,SIMULATED
2026-08-11 02:15:00,summer_peak,29.01,76.0,0.0,0,9.22,0.24,14.1,23.56,54.1,-30.54,87.5,100.0,0,SIMULATED
2026-08-11 02:30:00,summer_peak,29.0,76.0,0.0,0,9.16,0.24,14.1,23.5,54.09,-30.59,87.5,100.0,0,SIMULATED
2026-08-11 02:45:00,summer_peak,29.01,76.0,0.0,0,9.1,0.24,14.1,23.44,54.1,-30.66,87.5,100.0,0,SIMULATED
2026-08-11 03:00:00,summer_peak,29.04,75.9,0.0,0,9.07,0.24,14.1,23.41,54.14,-30.73,87.5,100.0,0,SIMULATED
2026-08-11 03:15:00,summer_peak,29.1,75.7,0.0,0,9.05,0.24,14.1,23.39,54.21,-30.82,87.5,100.0,0,SIMULATED
2026-08-11 03:30:00,summer_peak,29.18,75.4,0.0,0,9.04,0.24,14.1,23.38,54.29,-30.91,87.5,100.0,0,SIMULATED
2026-08-11 03:45:00,summer_peak,29.28,75.1,0.0,0,9.07,0.24,14.1,23.41,54.42,-31.01,87.5,100.0,0,SIMULATED
2026-08-11 04:00:00,summer_peak,29.4,74.7,0.0,0,9.08,0.24,14.1,23.42,54.61,-31.19,87.5,100.0,0,SIMULATED
2026-08-11 04:15:00,summer_peak,29.54,74.2,0.0,0,9.13,0.24,14.1,23.47,54.74,-31.27,87.5,100.0,0,SIMULATED
2026-08-11 04:30:00,summer_peak,29.7,73.7,0.0,0,9.19,0.24,14.1,23.53,54.95,-31.42,87.5,100.0,0,SIMULATED
2026-08-11 04:45:00,summer_peak,29.88,73.1,0.0,0,9.27,0.24,14.1,23.61,55.18,-31.57,87.5,100.0,0,SIMULATED
2026-08-11 05:00:00,summer_peak,30.08,72.5,0.0,0,9.35,0.24,14.1,23.69,55.43,-31.74,87.5,100.0,0,SIMULATED
2026-08-11 05:15:00,summer_peak,30.3,71.8,0.0,0,9.46,0.24,14.1,23.8,55.7,-31.9,87.5,100.0,0,SIMULATED
2026-08-11 05:30:00,summer_peak,30.54,71.0,0.0,0,9.57,0.24,14.1,23.91,56.01,-32.1,87.5,100.0,0,SIMULATED
2026-08-11 05:45:00,summer_peak,30.79,70.2,0.0,0,9.69,0.24,14.1,24.03,56.31,-32.28,87.5,100.0,0,SIMULATED
2026-08-11 06:00:00,summer_peak,31.05,69.3,0.0,0,9.83,0.24,14.1,24.17,56.65,-32.48,87.5,100.0,0,SIMULATED
2026-08-11 06:15:00,summer_peak,31.33,68.4,53.4,0,10.59,0.24,14.1,24.93,57.01,-32.08,87.5,100.0,0,SIMULATED
2026-08-11 06:30:00,summer_peak,31.62,67.5,106.5,0,11.38,0.24,14.1,25.72,57.36,-31.64,87.5,100.0,0,SIMULATED
2026-08-11 06:45:00,summer_peak,31.93,66.5,159.3,0,12.19,0.24,14.1,26.53,57.73,-31.2,87.5,100.0,0,SIMULATED
2026-08-11 07:00:00,summer_peak,32.24,65.5,211.4,0,13.28,1.52,14.1,28.9,58.14,-29.24,87.5,100.0,0,SIMULATED
2026-08-11 07:15:00,summer_peak,32.56,64.5,262.7,0,14.09,1.52,14.1,29.71,58.51,-28.8,87.5,100.0,0,SIMULATED
2026-08-11 07:30:00,summer_peak,32.89,63.4,312.9,0,14.89,1.52,14.1,30.51,58.94,-28.43,87.5,100.0,0,SIMULATED
2026-08-11 07:45:00,summer_peak,33.23,62.3,361.9,0,15.69,1.52,14.1,31.31,59.37,-28.06,87.5,100.0,0,SIMULATED
2026-08-11 08:00:00,summer_peak,33.56,61.2,409.5,3,16.67,1.85,14.1,32.61,59.78,-27.17,87.5,100.0,0,SIMULATED
2026-08-11 08:15:00,summer_peak,33.91,60.1,455.5,7,17.87,3.21,14.1,35.17,60.22,-25.05,87.5,100.0,0,SIMULATED
2026-08-11 08:30:00,summer_peak,34.25,59.0,499.6,14,18.71,3.99,14.1,36.79,60.65,-23.86,87.5,100.0,0,SIMULATED
2026-08-11 08:45:00,summer_peak,34.59,57.9,541.8,19,19.2,5.09,14.1,38.39,61.06,-22.67,87.5,100.0,0,SIMULATED
2026-08-11 09:00:00,summer_peak,34.94,56.8,581.9,51,20.04,6.0,14.1,40.14,61.49,-21.35,87.5,100.0,0,SIMULATED
2026-08-11 09:15:00,summer_peak,35.27,55.7,619.6,53,20.17,6.0,14.1,40.27,61.93,-21.66,87.5,100.0,0,SIMULATED
2026-08-11 09:30:00,summer_peak,35.61,54.6,654.9,76,20.72,6.6,14.1,41.42,62.34,-20.92,87.5,100.0,0,SIMULATED
2026-08-11 09:45:00,summer_peak,35.94,53.5,687.7,76,20.94,6.6,14.1,41.64,62.74,-21.1,87.5,100.0,0,SIMULATED
2026-08-11 10:00:00,summer_peak,36.26,52.5,717.7,86,21.32,6.42,14.1,41.84,63.15,-21.31,87.5,100.0,0,SIMULATED
2026-08-11 10:15:00,summer_peak,36.57,51.5,744.9,86,21.5,6.42,14.1,42.02,63.54,-21.52,87.5,100.0,0,SIMULATED
2026-08-11 10:30:00,summer_peak,36.88,50.5,769.1,79,21.26,5.82,14.1,41.18,63.93,-22.75,87.5,100.0,0,SIMULATED
2026-08-11 10:45:00,summer_peak,37.17,49.6,790.3,78,21.36,5.82,14.1,41.28,64.28,-23.0,87.5,100.0,0,SIMULATED
2026-08-11 11:00:00,summer_peak,37.45,48.7,808.4,79,21.53,5.82,14.1,41.45,64.65,-23.2,87.5,100.0,0,SIMULATED
2026-08-11 11:15:00,summer_peak,37.71,47.8,823.3,79,21.71,5.82,14.1,41.63,64.95,-23.32,87.5,100.0,0,SIMULATED
2026-08-11 11:30:00,summer_peak,37.96,47.0,834.9,85,22.24,6.42,14.1,42.76,65.28,-22.52,87.5,100.0,0,SIMULATED
2026-08-11 11:45:00,summer_peak,38.2,46.2,843.3,75,21.84,5.82,14.1,41.76,65.59,-23.83,87.5,100.0,0,SIMULATED
2026-08-11 12:00:00,summer_peak,38.42,45.5,848.3,99,22.95,6.6,14.1,43.65,65.86,-22.21,87.5,100.0,0,SIMULATED
2026-08-11 12:15:00,summer_peak,38.62,44.9,850.0,101,23.14,6.6,14.1,43.84,66.1,-22.26,87.5,100.0,0,SIMULATED
2026-08-11 12:30:00,summer_peak,38.8,44.3,848.3,80,22.68,6.0,14.1,42.78,66.33,-23.55,75.0,100.0,0,SIMULATED
2026-08-11 12:45:00,summer_peak,38.96,43.8,843.3,79,22.82,6.0,14.1,42.92,66.51,-23.59,62.5,100.0,0,SIMULATED
2026-08-11 13:00:00,summer_peak,39.1,43.3,834.9,72,22.87,6.0,14.1,42.97,66.7,-23.73,62.5,100.0,0,SIMULATED
2026-08-11 13:15:00,summer_peak,39.22,42.9,823.3,74,22.96,6.0,14.1,43.06,66.87,-23.81,62.5,100.0,0,SIMULATED
2026-08-11 13:30:00,summer_peak,39.32,42.6,808.4,83,23.5,6.6,14.1,44.2,66.97,-22.77,62.5,100.0,0,SIMULATED
2026-08-11 13:45:00,summer_peak,39.4,42.3,790.3,80,23.49,6.6,14.1,44.19,67.09,-22.9,62.5,100.0,0,SIMULATED
2026-08-11 14:00:00,summer_peak,39.46,42.1,769.1,80,22.89,6.5,14.1,43.49,67.15,-23.66,62.5,100.0,1,SIMULATED
2026-08-11 14:15:00,summer_peak,39.49,42.0,744.9,79,22.86,6.5,14.1,43.46,67.21,-23.75,62.5,100.0,1,SIMULATED
2026-08-11 14:30:00,summer_peak,39.5,42.0,717.7,78,22.86,6.5,14.1,43.46,67.21,-23.75,62.5,100.0,1,SIMULATED
2026-08-11 14:45:00,summer_peak,39.49,42.0,687.7,80,22.86,6.5,14.1,43.46,67.21,-23.75,62.5,100.0,1,SIMULATED
2026-08-11 15:00:00,summer_peak,39.46,42.1,654.9,81,22.71,5.82,14.1,42.63,67.15,-24.52,62.5,100.0,0,SIMULATED
2026-08-11 15:15:00,summer_peak,39.4,42.3,619.6,79,22.67,5.82,14.1,42.59,67.09,-24.5,62.5,100.0,0,SIMULATED
2026-08-11 15:30:00,summer_peak,39.32,42.6,581.9,79,22.59,6.0,14.1,42.69,66.97,-24.28,62.5,100.0,0,SIMULATED
2026-08-11 15:45:00,summer_peak,39.22,42.9,541.8,79,22.54,6.0,14.1,42.64,66.87,-24.23,62.5,100.0,0,SIMULATED
2026-08-11 16:00:00,summer_peak,39.1,43.3,499.6,80,22.52,6.0,14.1,42.62,66.7,-24.08,62.5,100.0,0,SIMULATED
2026-08-11 16:15:00,summer_peak,38.96,43.8,455.5,76,22.39,6.0,14.1,42.49,66.51,-24.02,62.5,100.0,0,SIMULATED
2026-08-11 16:30:00,summer_peak,38.8,44.3,409.5,89,22.76,6.6,14.1,43.46,66.33,-22.87,62.5,100.0,0,SIMULATED
2026-08-11 16:45:00,summer_peak,38.62,44.9,361.9,84,22.6,6.6,14.1,43.3,66.1,-22.8,62.5,100.0,0,SIMULATED
2026-08-11 17:00:00,summer_peak,38.42,45.5,312.9,75,22.28,6.6,14.1,42.98,65.86,-22.88,62.5,100.0,0,SIMULATED
2026-08-11 17:15:00,summer_peak,38.2,46.2,262.7,73,22.11,6.6,14.1,42.81,65.59,-22.78,62.5,100.0,0,SIMULATED
2026-08-11 17:30:00,summer_peak,37.96,47.0,211.4,62,21.51,6.0,14.1,41.61,65.28,-23.67,62.5,100.0,0,SIMULATED
2026-08-11 17:45:00,summer_peak,37.71,47.8,159.3,60,21.37,6.0,14.1,41.47,64.95,-23.48,62.5,100.0,0,SIMULATED
2026-08-11 18:00:00,summer_peak,37.45,48.7,106.5,56,21.23,6.0,14.1,41.33,64.65,-23.32,62.5,100.0,0,SIMULATED
2026-08-11 18:15:00,summer_peak,37.17,49.6,53.4,52,20.98,6.0,14.1,41.08,64.28,-23.2,62.5,100.0,0,SIMULATED
2026-08-11 18:30:00,summer_peak,36.88,50.5,0.0,43,20.06,5.09,14.1,39.25,63.93,-24.68,62.5,100.0,0,SIMULATED
2026-08-11 18:45:00,summer_peak,36.57,51.5,0.0,37,19.76,5.09,14.1,38.95,63.54,-24.59,62.5,100.0,0,SIMULATED
2026-08-11 19:00:00,summer_peak,36.26,52.5,0.0,24,18.91,3.98,14.1,36.99,63.15,-26.16,62.5,100.0,0,SIMULATED
2026-08-11 19:15:00,summer_peak,35.94,53.5,0.0,18,18.64,3.98,14.1,36.72,62.74,-26.02,62.5,100.0,0,SIMULATED
2026-08-11 19:30:00,summer_peak,35.61,54.6,0.0,11,18.36,2.62,14.1,35.08,62.34,-27.26,62.5,100.0,0,SIMULATED
2026-08-11 19:45:00,summer_peak,35.27,55.7,0.0,9,18.1,2.62,14.1,34.83,61.93,-27.1,62.5,100.0,0,SIMULATED
2026-08-11 20:00:00,summer_peak,34.94,56.8,0.0,5,17.67,1.6,14.1,33.37,61.49,-28.12,62.5,100.0,0,SIMULATED
2026-08-11 20:15:00,summer_peak,34.59,57.9,0.0,2,17.43,1.6,14.1,33.13,61.06,-27.93,62.5,100.0,0,SIMULATED
2026-08-11 20:30:00,summer_peak,34.25,59.0,0.0,0,17.08,0.24,14.1,31.42,60.65,-29.23,62.5,100.0,0,SIMULATED
2026-08-11 20:45:00,summer_peak,33.91,60.1,0.0,0,16.63,0.24,14.1,30.97,60.22,-29.25,62.5,100.0,0,SIMULATED
2026-08-11 21:00:00,summer_peak,33.56,61.2,0.0,0,16.18,0.24,14.1,30.52,59.78,-29.26,87.5,100.0,0,SIMULATED
2026-08-11 21:15:00,summer_peak,33.23,62.3,0.0,0,15.67,0.24,14.1,30.01,59.37,-29.36,87.5,100.0,0,SIMULATED
2026-08-11 21:30:00,summer_peak,32.89,63.4,0.0,0,15.04,0.24,14.1,29.38,58.94,-29.56,87.5,100.0,0,SIMULATED
2026-08-11 21:45:00,summer_peak,32.56,64.5,0.0,0,14.47,0.24,14.1,28.81,58.51,-29.7,87.5,100.0,0,SIMULATED
2026-08-11 22:00:00,summer_peak,32.24,65.5,0.0,0,13.95,0.24,14.1,28.29,58.14,-29.85,87.5,100.0,0,SIMULATED
2026-08-11 22:15:00,summer_peak,31.93,66.5,0.0,0,13.46,0.24,14.1,27.8,57.73,-29.93,87.5,100.0,0,SIMULATED
2026-08-11 22:30:00,summer_peak,31.62,67.5,0.0,0,12.99,0.24,14.1,27.33,57.36,-30.03,87.5,100.0,0,SIMULATED
2026-08-11 22:45:00,summer_peak,31.33,68.4,0.0,0,12.54,0.24,14.1,26.88,57.01,-30.13,87.5,100.0,0,SIMULATED
2026-08-11 23:00:00,summer_peak,31.05,69.3,0.0,0,12.14,0.24,14.1,26.48,56.65,-30.17,87.5,100.0,0,SIMULATED
2026-08-11 23:15:00,summer_peak,30.79,70.2,0.0,0,11.77,0.24,14.1,26.11,56.31,-30.2,87.5,100.0,0,SIMULATED
2026-08-11 23:30:00,summer_peak,30.54,71.0,0.0,0,11.43,0.24,14.1,25.77,56.01,-30.24,87.5,100.0,0,SIMULATED
2026-08-11 23:45:00,summer_peak,30.3,71.8,0.0,0,11.11,0.24,14.1,25.45,55.7,-30.25,87.5,100.0,0,SIMULATED
2026-08-12 00:00:00,summer_peak,30.08,72.5,0.0,0,10.82,0.24,14.1,25.16,55.43,-30.27,87.5,100.0,0,SIMULATED
2026-08-12 00:15:00,summer_peak,29.88,73.1,0.0,0,10.55,0.24,14.1,24.89,55.18,-30.29,87.5,100.0,0,SIMULATED
2026-08-12 00:30:00,summer_peak,29.7,73.7,0.0,0,10.3,0.24,14.1,24.64,54.95,-30.31,87.5,100.0,0,SIMULATED
2026-08-12 00:45:00,summer_peak,29.54,74.2,0.0,0,10.08,0.24,14.1,24.42,54.74,-30.32,87.5,100.0,0,SIMULATED
2026-08-12 01:00:00,summer_peak,29.4,74.7,0.0,0,9.88,0.24,14.1,24.22,54.61,-30.39,87.5,100.0,0,SIMULATED
2026-08-12 01:15:00,summer_peak,29.28,75.1,0.0,0,9.71,0.24,14.1,24.05,54.42,-30.37,87.5,100.0,0,SIMULATED
2026-08-12 01:30:00,summer_peak,29.18,75.4,0.0,0,9.55,0.24,14.1,23.89,54.29,-30.4,87.5,100.0,0,SIMULATED
2026-08-12 01:45:00,summer_peak,29.1,75.7,0.0,0,9.45,0.24,14.1,23.79,54.21,-30.42,87.5,100.0,0,SIMULATED
2026-08-12 02:00:00,summer_peak,29.04,75.9,0.0,0,9.32,0.24,14.1,23.66,54.14,-30.48,87.5,100.0,0,SIMULATED
2026-08-12 02:15:00,summer_peak,29.01,76.0,0.0,0,9.22,0.24,14.1,23.56,54.1,-30.54,87.5,100.0,0,SIMULATED
2026-08-12 02:30:00,summer_peak,29.0,76.0,0.0,0,9.16,0.24,14.1,23.5,54.09,-30.59,87.5,100.0,0,SIMULATED
2026-08-12 02:45:00,summer_peak,29.01,76.0,0.0,0,9.1,0.24,14.1,23.44,54.1,-30.66,87.5,100.0,0,SIMULATED
2026-08-12 03:00:00,summer_peak,29.04,75.9,0.0,0,9.07,0.24,14.1,23.41,54.14,-30.73,87.5,100.0,0,SIMULATED
2026-08-12 03:15:00,summer_peak,29.1,75.7,0.0,0,9.05,0.24,14.1,23.39,54.21,-30.82,87.5,100.0,0,SIMULATED
2026-08-12 03:30:00,summer_peak,29.18,75.4,0.0,0,9.04,0.24,14.1,23.38,54.29,-30.91,87.5,100.0,0,SIMULATED
2026-08-12 03:45:00,summer_peak,29.28,75.1,0.0,0,9.07,0.24,14.1,23.41,54.42,-31.01,87.5,100.0,0,SIMULATED
2026-08-12 04:00:00,summer_peak,29.4,74.7,0.0,0,9.08,0.24,14.1,23.42,54.61,-31.19,87.5,100.0,0,SIMULATED
2026-08-12 04:15:00,summer_peak,29.54,74.2,0.0,0,9.13,0.24,14.1,23.47,54.74,-31.27,87.5,100.0,0,SIMULATED
2026-08-12 04:30:00,summer_peak,29.7,73.7,0.0,0,9.19,0.24,14.1,23.53,54.95,-31.42,87.5,100.0,0,SIMULATED
2026-08-12 04:45:00,summer_peak,29.88,73.1,0.0,0,9.27,0.24,14.1,23.61,55.18,-31.57,87.5,100.0,0,SIMULATED
2026-08-12 05:00:00,summer_peak,30.08,72.5,0.0,0,9.35,0.24,14.1,23.69,55.43,-31.74,87.5,100.0,0,SIMULATED
2026-08-12 05:15:00,summer_peak,30.3,71.8,0.0,0,9.46,0.24,14.1,23.8,55.7,-31.9,87.5,100.0,0,SIMULATED
2026-08-12 05:30:00,summer_peak,30.54,71.0,0.0,0,9.57,0.24,14.1,23.91,56.01,-32.1,87.5,100.0,0,SIMULATED
2026-08-12 05:45:00,summer_peak,30.79,70.2,0.0,0,9.69,0.24,14.1,24.03,56.31,-32.28,87.5,100.0,0,SIMULATED
2026-08-12 06:00:00,summer_peak,31.05,69.3,0.0,0,9.83,0.24,14.1,24.17,56.65,-32.48,87.5,100.0,0,SIMULATED
2026-08-12 06:15:00,summer_peak,31.33,68.4,53.4,0,10.59,0.24,14.1,24.93,57.01,-32.08,87.5,100.0,0,SIMULATED
2026-08-12 06:30:00,summer_peak,31.62,67.5,106.5,0,11.38,0.24,14.1,25.72,57.36,-31.64,87.5,100.0,0,SIMULATED
2026-08-12 06:45:00,summer_peak,31.93,66.5,159.3,0,12.19,0.24,14.1,26.53,57.73,-31.2,87.5,100.0,0,SIMULATED
2026-08-12 07:00:00,summer_peak,32.24,65.5,211.4,0,13.28,1.52,14.1,28.9,58.14,-29.24,87.5,100.0,0,SIMULATED
2026-08-12 07:15:00,summer_peak,32.56,64.5,262.7,0,14.09,1.52,14.1,29.71,58.51,-28.8,87.5,100.0,0,SIMULATED
2026-08-12 07:30:00,summer_peak,32.89,63.4,312.9,0,14.89,1.52,14.1,30.51,58.94,-28.43,87.5,100.0,0,SIMULATED
2026-08-12 07:45:00,summer_peak,33.23,62.3,361.9,0,15.69,1.52,14.1,31.31,59.37,-28.06,87.5,100.0,0,SIMULATED
2026-08-12 08:00:00,summer_peak,33.56,61.2,409.5,4,16.7,1.85,14.1,32.64,59.78,-27.14,87.5,100.0,0,SIMULATED
2026-08-12 08:15:00,summer_peak,33.91,60.1,455.5,6,17.83,3.21,14.1,35.13,60.22,-25.09,87.5,100.0,0,SIMULATED
2026-08-12 08:30:00,summer_peak,34.25,59.0,499.6,14,18.75,3.99,14.1,36.83,60.65,-23.82,87.5,100.0,0,SIMULATED
2026-08-12 08:45:00,summer_peak,34.59,57.9,541.8,19,19.2,5.09,14.1,38.39,61.06,-22.67,87.5,100.0,0,SIMULATED
2026-08-12 09:00:00,summer_peak,34.94,56.8,581.9,50,20.01,6.0,14.1,40.11,61.49,-21.38,87.5,100.0,0,SIMULATED
2026-08-12 09:15:00,summer_peak,35.27,55.7,619.6,53,20.2,6.0,14.1,40.3,61.93,-21.63,87.5,100.0,0,SIMULATED
2026-08-12 09:30:00,summer_peak,35.61,54.6,654.9,76,20.77,6.6,14.1,41.47,62.34,-20.87,87.5,100.0,0,SIMULATED
2026-08-12 09:45:00,summer_peak,35.94,53.5,687.7,77,20.94,6.6,14.1,41.64,62.74,-21.1,87.5,100.0,0,SIMULATED
2026-08-12 10:00:00,summer_peak,36.26,52.5,717.7,86,21.4,6.42,14.1,41.92,63.15,-21.23,87.5,100.0,0,SIMULATED
2026-08-12 10:15:00,summer_peak,36.57,51.5,744.9,88,21.53,6.42,14.1,42.05,63.54,-21.49,87.5,100.0,0,SIMULATED
2026-08-12 10:30:00,summer_peak,36.88,50.5,769.1,79,21.23,5.82,14.1,41.15,63.93,-22.78,87.5,100.0,0,SIMULATED
2026-08-12 10:45:00,summer_peak,37.17,49.6,790.3,79,21.39,5.82,14.1,41.31,64.28,-22.97,87.5,100.0,0,SIMULATED
2026-08-12 11:00:00,summer_peak,37.45,48.7,808.4,78,21.53,5.82,14.1,41.45,64.65,-23.2,87.5,100.0,0,SIMULATED
2026-08-12 11:15:00,summer_peak,37.71,47.8,823.3,77,21.67,5.82,14.1,41.59,64.95,-23.36,87.5,100.0,0,SIMULATED
2026-08-12 11:30:00,summer_peak,37.96,47.0,834.9,88,22.28,6.42,14.1,42.8,65.28,-22.48,87.5,100.0,0,SIMULATED
2026-08-12 11:45:00,summer_peak,38.2,46.2,843.3,74,21.81,5.82,14.1,41.73,65.59,-23.86,87.5,100.0,0,SIMULATED
2026-08-12 12:00:00,summer_peak,38.42,45.5,848.3,100,22.99,6.6,14.1,43.69,65.86,-22.17,87.5,100.0,0,SIMULATED
2026-08-12 12:15:00,summer_peak,38.62,44.9,850.0,100,23.11,6.6,14.1,43.81,66.1,-22.29,87.5,100.0,0,SIMULATED
2026-08-12 12:30:00,summer_peak,38.8,44.3,848.3,80,22.75,6.0,14.1,42.85,66.33,-23.48,75.0,100.0,0,SIMULATED
2026-08-12 12:45:00,summer_peak,38.96,43.8,843.3,80,22.79,6.0,14.1,42.89,66.51,-23.62,62.5,100.0,0,SIMULATED
2026-08-12 13:00:00,summer_peak,39.1,43.3,834.9,71,22.87,6.0,14.1,42.97,66.7,-23.73,62.5,100.0,0,SIMULATED
2026-08-12 13:15:00,summer_peak,39.22,42.9,823.3,74,22.93,6.0,14.1,43.03,66.87,-23.84,62.5,100.0,0,SIMULATED
2026-08-12 13:30:00,summer_peak,39.32,42.6,808.4,83,23.5,6.6,14.1,44.2,66.97,-22.77,62.5,100.0,0,SIMULATED
2026-08-12 13:45:00,summer_peak,39.4,42.3,790.3,81,23.52,6.6,14.1,44.22,67.09,-22.87,62.5,100.0,0,SIMULATED
2026-08-12 14:00:00,summer_peak,39.46,42.1,769.1,81,22.89,6.5,14.1,43.49,67.15,-23.66,62.5,100.0,1,SIMULATED
2026-08-12 14:15:00,summer_peak,39.49,42.0,744.9,79,22.82,6.5,14.1,43.42,67.21,-23.79,62.5,100.0,1,SIMULATED
2026-08-12 14:30:00,summer_peak,39.5,42.0,717.7,80,22.93,6.5,14.1,43.53,67.21,-23.68,62.5,100.0,1,SIMULATED
2026-08-12 14:45:00,summer_peak,39.49,42.0,687.7,79,22.9,6.5,14.1,43.5,67.21,-23.71,62.5,100.0,1,SIMULATED
2026-08-12 15:00:00,summer_peak,39.46,42.1,654.9,79,22.67,5.82,14.1,42.59,67.15,-24.56,62.5,100.0,0,SIMULATED
2026-08-12 15:15:00,summer_peak,39.4,42.3,619.6,80,22.7,5.82,14.1,42.62,67.09,-24.47,62.5,100.0,0,SIMULATED
2026-08-12 15:30:00,summer_peak,39.32,42.6,581.9,78,22.55,6.0,14.1,42.65,66.97,-24.32,62.5,100.0,0,SIMULATED
2026-08-12 15:45:00,summer_peak,39.22,42.9,541.8,78,22.53,6.0,14.1,42.63,66.87,-24.24,62.5,100.0,0,SIMULATED
2026-08-12 16:00:00,summer_peak,39.1,43.3,499.6,76,22.44,6.0,14.1,42.54,66.7,-24.16,62.5,100.0,0,SIMULATED
2026-08-12 16:15:00,summer_peak,38.96,43.8,455.5,78,22.4,6.0,14.1,42.5,66.51,-24.01,62.5,100.0,0,SIMULATED
2026-08-12 16:30:00,summer_peak,38.8,44.3,409.5,86,22.72,6.6,14.1,43.42,66.33,-22.91,62.5,100.0,0,SIMULATED
2026-08-12 16:45:00,summer_peak,38.62,44.9,361.9,86,22.64,6.6,14.1,43.34,66.1,-22.76,62.5,100.0,0,SIMULATED
2026-08-12 17:00:00,summer_peak,38.42,45.5,312.9,73,22.24,6.6,14.1,42.94,65.86,-22.92,62.5,100.0,0,SIMULATED
2026-08-12 17:15:00,summer_peak,38.2,46.2,262.7,74,22.15,6.6,14.1,42.85,65.59,-22.74,62.5,100.0,0,SIMULATED
2026-08-12 17:30:00,summer_peak,37.96,47.0,211.4,64,21.54,6.0,14.1,41.64,65.28,-23.64,62.5,100.0,0,SIMULATED
2026-08-12 17:45:00,summer_peak,37.71,47.8,159.3,61,21.44,6.0,14.1,41.54,64.95,-23.41,62.5,100.0,0,SIMULATED
2026-08-12 18:00:00,summer_peak,37.45,48.7,106.5,57,21.26,6.0,14.1,41.36,64.65,-23.29,62.5,100.0,0,SIMULATED
2026-08-12 18:15:00,summer_peak,37.17,49.6,53.4,53,20.96,6.0,14.1,41.06,64.28,-23.22,62.5,100.0,0,SIMULATED
2026-08-12 18:30:00,summer_peak,36.88,50.5,0.0,44,20.05,5.09,14.1,39.24,63.93,-24.69,62.5,100.0,0,SIMULATED
2026-08-12 18:45:00,summer_peak,36.57,51.5,0.0,36,19.69,5.09,14.1,38.88,63.54,-24.66,62.5,100.0,0,SIMULATED
2026-08-12 19:00:00,summer_peak,36.26,52.5,0.0,25,18.91,3.98,14.1,36.99,63.15,-26.16,62.5,100.0,0,SIMULATED
2026-08-12 19:15:00,summer_peak,35.94,53.5,0.0,18,18.64,3.98,14.1,36.72,62.74,-26.02,62.5,100.0,0,SIMULATED
2026-08-12 19:30:00,summer_peak,35.61,54.6,0.0,11,18.36,2.62,14.1,35.08,62.34,-27.26,62.5,100.0,0,SIMULATED
2026-08-12 19:45:00,summer_peak,35.27,55.7,0.0,9,18.1,2.62,14.1,34.83,61.93,-27.1,62.5,100.0,0,SIMULATED
2026-08-12 20:00:00,summer_peak,34.94,56.8,0.0,6,17.67,1.6,14.1,33.37,61.49,-28.12,62.5,100.0,0,SIMULATED
2026-08-12 20:15:00,summer_peak,34.59,57.9,0.0,2,17.43,1.6,14.1,33.13,61.06,-27.93,62.5,100.0,0,SIMULATED
2026-08-12 20:30:00,summer_peak,34.25,59.0,0.0,0,17.1,0.24,14.1,31.44,60.65,-29.21,62.5,100.0,0,SIMULATED
2026-08-12 20:45:00,summer_peak,33.91,60.1,0.0,0,16.65,0.24,14.1,30.99,60.22,-29.23,62.5,100.0,0,SIMULATED
2026-08-12 21:00:00,summer_peak,33.56,61.2,0.0,0,16.2,0.24,14.1,30.54,59.78,-29.24,87.5,100.0,0,SIMULATED
2026-08-12 21:15:00,summer_peak,33.23,62.3,0.0,0,15.68,0.24,14.1,30.02,59.37,-29.35,87.5,100.0,0,SIMULATED
2026-08-12 21:30:00,summer_peak,32.89,63.4,0.0,0,15.06,0.24,14.1,29.4,58.94,-29.54,87.5,100.0,0,SIMULATED
2026-08-12 21:45:00,summer_peak,32.56,64.5,0.0,0,14.49,0.24,14.1,28.83,58.51,-29.68,87.5,100.0,0,SIMULATED
2026-08-12 22:00:00,summer_peak,32.24,65.5,0.0,0,13.97,0.24,14.1,28.31,58.14,-29.83,87.5,100.0,0,SIMULATED
2026-08-12 22:15:00,summer_peak,31.93,66.5,0.0,0,13.48,0.24,14.1,27.82,57.73,-29.91,87.5,100.0,0,SIMULATED
2026-08-12 22:30:00,summer_peak,31.62,67.5,0.0,0,13.01,0.24,14.1,27.35,57.36,-30.01,87.5,100.0,0,SIMULATED
2026-08-12 22:45:00,summer_peak,31.33,68.4,0.0,0,12.55,0.24,14.1,26.89,57.01,-30.12,87.5,100.0,0,SIMULATED
2026-08-12 23:00:00,summer_peak,31.05,69.3,0.0,0,12.15,0.24,14.1,26.49,56.65,-30.16,87.5,100.0,0,SIMULATED
2026-08-12 23:15:00,summer_peak,30.79,70.2,0.0,0,11.78,0.24,14.1,26.12,56.31,-30.19,87.5,100.0,0,SIMULATED
2026-08-12 23:30:00,summer_peak,30.54,71.0,0.0,0,11.44,0.24,14.1,25.78,56.01,-30.23,87.5,100.0,0,SIMULATED
2026-08-12 23:45:00,summer_peak,30.3,71.8,0.0,0,11.12,0.24,14.1,25.46,55.7,-30.24,87.5,100.0,0,SIMULATED
2026-08-13 00:00:00,summer_peak,30.08,72.5,0.0,0,10.83,0.24,14.1,25.17,55.43,-30.26,87.5,100.0,0,SIMULATED
2026-08-13 00:15:00,summer_peak,29.88,73.1,0.0,0,10.55,0.24,14.1,24.89,55.18,-30.29,87.5,100.0,0,SIMULATED
2026-08-13 00:30:00,summer_peak,29.7,73.7,0.0,0,10.3,0.24,14.1,24.64,54.95,-30.31,87.5,100.0,0,SIMULATED
2026-08-13 00:45:00,summer_peak,29.54,74.2,0.0,0,10.08,0.24,14.1,24.42,54.74,-30.32,87.5,100.0,0,SIMULATED
2026-08-13 01:00:00,summer_peak,29.4,74.7,0.0,0,9.88,0.24,14.1,24.22,54.61,-30.39,87.5,100.0,0,SIMULATED
2026-08-13 01:15:00,summer_peak,29.28,75.1,0.0,0,9.71,0.24,14.1,24.05,54.42,-30.37,87.5,100.0,0,SIMULATED
2026-08-13 01:30:00,summer_peak,29.18,75.4,0.0,0,9.55,0.24,14.1,23.89,54.29,-30.4,87.5,100.0,0,SIMULATED
2026-08-13 01:45:00,summer_peak,29.1,75.7,0.0,0,9.45,0.24,14.1,23.79,54.21,-30.42,87.5,100.0,0,SIMULATED
2026-08-13 02:00:00,summer_peak,29.04,75.9,0.0,0,9.32,0.24,14.1,23.66,54.14,-30.48,87.5,100.0,0,SIMULATED
2026-08-13 02:15:00,summer_peak,29.01,76.0,0.0,0,9.22,0.24,14.1,23.56,54.1,-30.54,87.5,100.0,0,SIMULATED
2026-08-13 02:30:00,summer_peak,29.0,76.0,0.0,0,9.16,0.24,14.1,23.5,54.09,-30.59,87.5,100.0,0,SIMULATED
2026-08-13 02:45:00,summer_peak,29.01,76.0,0.0,0,9.1,0.24,14.1,23.44,54.1,-30.66,87.5,100.0,0,SIMULATED
2026-08-13 03:00:00,summer_peak,29.04,75.9,0.0,0,9.07,0.24,14.1,23.41,54.14,-30.73,87.5,100.0,0,SIMULATED
2026-08-13 03:15:00,summer_peak,29.1,75.7,0.0,0,9.05,0.24,14.1,23.39,54.21,-30.82,87.5,100.0,0,SIMULATED
2026-08-13 03:30:00,summer_peak,29.18,75.4,0.0,0,9.04,0.24,14.1,23.38,54.29,-30.91,87.5,100.0,0,SIMULATED
2026-08-13 03:45:00,summer_peak,29.28,75.1,0.0,0,9.07,0.24,14.1,23.41,54.42,-31.01,87.5,100.0,0,SIMULATED
2026-08-13 04:00:00,summer_peak,29.4,74.7,0.0,0,9.08,0.24,14.1,23.42,54.61,-31.19,87.5,100.0,0,SIMULATED
2026-08-13 04:15:00,summer_peak,29.54,74.2,0.0,0,9.13,0.24,14.1,23.47,54.74,-31.27,87.5,100.0,0,SIMULATED
2026-08-13 04:30:00,summer_peak,29.7,73.7,0.0,0,9.19,0.24,14.1,23.53,54.95,-31.42,87.5,100.0,0,SIMULATED
2026-08-13 04:45:00,summer_peak,29.88,73.1,0.0,0,9.27,0.24,14.1,23.61,55.18,-31.57,87.5,100.0,0,SIMULATED
2026-08-13 05:00:00,summer_peak,30.08,72.5,0.0,0,9.35,0.24,14.1,23.69,55.43,-31.74,87.5,100.0,0,SIMULATED
2026-08-13 05:15:00,summer_peak,30.3,71.8,0.0,0,9.46,0.24,14.1,23.8,55.7,-31.9,87.5,100.0,0,SIMULATED
2026-08-13 05:30:00,summer_peak,30.54,71.0,0.0,0,9.57,0.24,14.1,23.91,56.01,-32.1,87.5,100.0,0,SIMULATED
2026-08-13 05:45:00,summer_peak,30.79,70.2,0.0,0,9.69,0.24,14.1,24.03,56.31,-32.28,87.5,100.0,0,SIMULATED
2026-08-13 06:00:00,summer_peak,31.05,69.3,0.0,0,9.83,0.24,14.1,24.17,56.65,-32.48,87.5,100.0,0,SIMULATED
2026-08-13 06:15:00,summer_peak,31.33,68.4,53.4,0,10.59,0.24,14.1,24.93,57.01,-32.08,87.5,100.0,0,SIMULATED
2026-08-13 06:30:00,summer_peak,31.62,67.5,106.5,0,11.38,0.24,14.1,25.72,57.36,-31.64,87.5,100.0,0,SIMULATED
2026-08-13 06:45:00,summer_peak,31.93,66.5,159.3,0,12.19,0.24,14.1,26.53,57.73,-31.2,87.5,100.0,0,SIMULATED
2026-08-13 07:00:00,summer_peak,32.24,65.5,211.4,0,13.28,1.52,14.1,28.9,58.14,-29.24,87.5,100.0,0,SIMULATED
2026-08-13 07:15:00,summer_peak,32.56,64.5,262.7,0,14.09,1.52,14.1,29.71,58.51,-28.8,87.5,100.0,0,SIMULATED
2026-08-13 07:30:00,summer_peak,32.89,63.4,312.9,0,14.89,1.52,14.1,30.51,58.94,-28.43,87.5,100.0,0,SIMULATED
2026-08-13 07:45:00,summer_peak,33.23,62.3,361.9,0,15.69,1.52,14.1,31.31,59.37,-28.06,87.5,100.0,0,SIMULATED
2026-08-13 08:00:00,summer_peak,33.56,61.2,409.5,3,16.67,1.85,14.1,32.61,59.78,-27.17,87.5,100.0,0,SIMULATED
2026-08-13 08:15:00,summer_peak,33.91,60.1,455.5,5,17.83,3.21,14.1,35.13,60.22,-25.09,87.5,100.0,0,SIMULATED
2026-08-13 08:30:00,summer_peak,34.25,59.0,499.6,14,18.75,3.99,14.1,36.83,60.65,-23.82,87.5,100.0,0,SIMULATED
2026-08-13 08:45:00,summer_peak,34.59,57.9,541.8,18,19.16,5.09,14.1,38.35,61.06,-22.71,87.5,100.0,0,SIMULATED
2026-08-13 09:00:00,summer_peak,34.94,56.8,581.9,51,20.04,6.0,14.1,40.14,61.49,-21.35,87.5,100.0,0,SIMULATED
2026-08-13 09:15:00,summer_peak,35.27,55.7,619.6,52,20.14,6.0,14.1,40.24,61.93,-21.69,87.5,100.0,0,SIMULATED
2026-08-13 09:30:00,summer_peak,35.61,54.6,654.9,74,20.73,6.6,14.1,41.43,62.34,-20.91,87.5,100.0,0,SIMULATED
2026-08-13 09:45:00,summer_peak,35.94,53.5,687.7,75,20.87,6.6,14.1,41.57,62.74,-21.17,87.5,100.0,0,SIMULATED
2026-08-13 10:00:00,summer_peak,36.26,52.5,717.7,85,21.29,6.42,14.1,41.81,63.15,-21.34,87.5,100.0,0,SIMULATED
2026-08-13 10:15:00,summer_peak,36.57,51.5,744.9,87,21.49,6.42,14.1,42.01,63.54,-21.53,87.5,100.0,0,SIMULATED
2026-08-13 10:30:00,summer_peak,36.88,50.5,769.1,79,21.23,5.82,14.1,41.15,63.93,-22.78,87.5,100.0,0,SIMULATED
2026-08-13 10:45:00,summer_peak,37.17,49.6,790.3,78,21.42,5.82,14.1,41.34,64.28,-22.94,87.5,100.0,0,SIMULATED
2026-08-13 11:00:00,summer_peak,37.45,48.7,808.4,80,21.53,5.82,14.1,41.45,64.65,-23.2,87.5,100.0,0,SIMULATED
2026-08-13 11:15:00,summer_peak,37.71,47.8,823.3,80,21.7,5.82,14.1,41.62,64.95,-23.33,87.5,100.0,0,SIMULATED
2026-08-13 11:30:00,summer_peak,37.96,47.0,834.9,87,22.29,6.42,14.1,42.81,65.28,-22.47,87.5,100.0,0,SIMULATED
2026-08-13 11:45:00,summer_peak,38.2,46.2,843.3,74,21.84,5.82,14.1,41.76,65.59,-23.83,87.5,100.0,0,SIMULATED
2026-08-13 12:00:00,summer_peak,38.42,45.5,848.3,102,22.98,6.6,14.1,43.68,65.86,-22.18,87.5,100.0,0,SIMULATED
2026-08-13 12:15:00,summer_peak,38.62,44.9,850.0,101,23.07,6.6,14.1,43.77,66.1,-22.33,87.5,100.0,0,SIMULATED
2026-08-13 12:30:00,summer_peak,38.8,44.3,848.3,77,22.68,6.0,14.1,42.78,66.33,-23.55,75.0,100.0,0,SIMULATED
2026-08-13 12:45:00,summer_peak,38.96,43.8,843.3,78,22.79,6.0,14.1,42.89,66.51,-23.62,62.5,100.0,0,SIMULATED
2026-08-13 13:00:00,summer_peak,39.1,43.3,834.9,71,22.87,6.0,14.1,42.97,66.7,-23.73,62.5,100.0,0,SIMULATED
2026-08-13 13:15:00,summer_peak,39.22,42.9,823.3,73,23.0,6.0,14.1,43.1,66.87,-23.77,62.5,100.0,0,SIMULATED
2026-08-13 13:30:00,summer_peak,39.32,42.6,808.4,81,23.43,6.6,14.1,44.13,66.97,-22.84,62.5,100.0,0,SIMULATED
2026-08-13 13:45:00,summer_peak,39.4,42.3,790.3,79,23.49,6.6,14.1,44.19,67.09,-22.9,62.5,100.0,0,SIMULATED
2026-08-13 14:00:00,summer_peak,39.46,42.1,769.1,78,22.85,6.5,14.1,43.45,67.15,-23.7,62.5,100.0,1,SIMULATED
2026-08-13 14:15:00,summer_peak,39.49,42.0,744.9,79,22.89,6.5,14.1,43.49,67.21,-23.72,62.5,100.0,1,SIMULATED
2026-08-13 14:30:00,summer_peak,39.5,42.0,717.7,81,22.9,6.5,14.1,43.5,67.21,-23.71,62.5,100.0,1,SIMULATED
2026-08-13 14:45:00,summer_peak,39.49,42.0,687.7,80,22.86,6.5,14.1,43.46,67.21,-23.75,62.5,100.0,1,SIMULATED
2026-08-13 15:00:00,summer_peak,39.46,42.1,654.9,81,22.75,5.82,14.1,42.67,67.15,-24.48,62.5,100.0,0,SIMULATED
2026-08-13 15:15:00,summer_peak,39.4,42.3,619.6,80,22.67,5.82,14.1,42.59,67.09,-24.5,62.5,100.0,0,SIMULATED
2026-08-13 15:30:00,summer_peak,39.32,42.6,581.9,77,22.59,6.0,14.1,42.69,66.97,-24.28,62.5,100.0,0,SIMULATED
2026-08-13 15:45:00,summer_peak,39.22,42.9,541.8,79,22.53,6.0,14.1,42.63,66.87,-24.24,62.5,100.0,0,SIMULATED
2026-08-13 16:00:00,summer_peak,39.1,43.3,499.6,78,22.52,6.0,14.1,42.62,66.7,-24.08,62.5,100.0,0,SIMULATED
2026-08-13 16:15:00,summer_peak,38.96,43.8,455.5,77,22.4,6.0,14.1,42.5,66.51,-24.01,62.5,100.0,0,SIMULATED
2026-08-13 16:30:00,summer_peak,38.8,44.3,409.5,87,22.69,6.6,14.1,43.39,66.33,-22.94,62.5,100.0,0,SIMULATED
2026-08-13 16:45:00,summer_peak,38.62,44.9,361.9,87,22.68,6.6,14.1,43.38,66.1,-22.72,62.5,100.0,0,SIMULATED
2026-08-13 17:00:00,summer_peak,38.42,45.5,312.9,74,22.32,6.6,14.1,43.02,65.86,-22.84,62.5,100.0,0,SIMULATED
2026-08-13 17:15:00,summer_peak,38.2,46.2,262.7,72,22.07,6.6,14.1,42.77,65.59,-22.82,62.5,100.0,0,SIMULATED
2026-08-13 17:30:00,summer_peak,37.96,47.0,211.4,63,21.47,6.0,14.1,41.57,65.28,-23.71,62.5,100.0,0,SIMULATED
2026-08-13 17:45:00,summer_peak,37.71,47.8,159.3,60,21.37,6.0,14.1,41.47,64.95,-23.48,62.5,100.0,0,SIMULATED
2026-08-13 18:00:00,summer_peak,37.45,48.7,106.5,57,21.23,6.0,14.1,41.33,64.65,-23.32,62.5,100.0,0,SIMULATED
2026-08-13 18:15:00,summer_peak,37.17,49.6,53.4,52,20.99,6.0,14.1,41.09,64.28,-23.19,62.5,100.0,0,SIMULATED
2026-08-13 18:30:00,summer_peak,36.88,50.5,0.0,44,20.07,5.09,14.1,39.26,63.93,-24.67,62.5,100.0,0,SIMULATED
2026-08-13 18:45:00,summer_peak,36.57,51.5,0.0,37,19.74,5.09,14.1,38.93,63.54,-24.61,62.5,100.0,0,SIMULATED
2026-08-13 19:00:00,summer_peak,36.26,52.5,0.0,24,18.92,3.98,14.1,37.0,63.15,-26.15,62.5,100.0,0,SIMULATED
2026-08-13 19:15:00,summer_peak,35.94,53.5,0.0,18,18.65,3.98,14.1,36.73,62.74,-26.01,62.5,100.0,0,SIMULATED
2026-08-13 19:30:00,summer_peak,35.61,54.6,0.0,11,18.37,2.62,14.1,35.09,62.34,-27.25,62.5,100.0,0,SIMULATED
2026-08-13 19:45:00,summer_peak,35.27,55.7,0.0,9,18.11,2.62,14.1,34.84,61.93,-27.09,62.5,100.0,0,SIMULATED
2026-08-13 20:00:00,summer_peak,34.94,56.8,0.0,6,17.68,1.6,14.1,33.38,61.49,-28.11,62.5,100.0,0,SIMULATED
2026-08-13 20:15:00,summer_peak,34.59,57.9,0.0,3,17.44,1.6,14.1,33.14,61.06,-27.92,62.5,100.0,0,SIMULATED
2026-08-13 20:30:00,summer_peak,34.25,59.0,0.0,0,17.09,0.24,14.1,31.43,60.65,-29.22,62.5,100.0,0,SIMULATED
2026-08-13 20:45:00,summer_peak,33.91,60.1,0.0,0,16.64,0.24,14.1,30.98,60.22,-29.24,62.5,100.0,0,SIMULATED
2026-08-13 21:00:00,summer_peak,33.56,61.2,0.0,0,16.19,0.24,14.1,30.53,59.78,-29.25,87.5,100.0,0,SIMULATED
2026-08-13 21:15:00,summer_peak,33.23,62.3,0.0,0,15.64,0.24,14.1,29.98,59.37,-29.39,87.5,100.0,0,SIMULATED
2026-08-13 21:30:00,summer_peak,32.89,63.4,0.0,0,15.02,0.24,14.1,29.36,58.94,-29.58,87.5,100.0,0,SIMULATED
2026-08-13 21:45:00,summer_peak,32.56,64.5,0.0,0,14.45,0.24,14.1,28.79,58.51,-29.72,87.5,100.0,0,SIMULATED
2026-08-13 22:00:00,summer_peak,32.24,65.5,0.0,0,13.92,0.24,14.1,28.26,58.14,-29.88,87.5,100.0,0,SIMULATED
2026-08-13 22:15:00,summer_peak,31.93,66.5,0.0,0,13.43,0.24,14.1,27.77,57.73,-29.96,87.5,100.0,0,SIMULATED
2026-08-13 22:30:00,summer_peak,31.62,67.5,0.0,0,12.96,0.24,14.1,27.3,57.36,-30.06,87.5,100.0,0,SIMULATED
2026-08-13 22:45:00,summer_peak,31.33,68.4,0.0,0,12.52,0.24,14.1,26.86,57.01,-30.15,87.5,100.0,0,SIMULATED
2026-08-13 23:00:00,summer_peak,31.05,69.3,0.0,0,12.13,0.24,14.1,26.47,56.65,-30.18,87.5,100.0,0,SIMULATED
2026-08-13 23:15:00,summer_peak,30.79,70.2,0.0,0,11.76,0.24,14.1,26.1,56.31,-30.21,87.5,100.0,0,SIMULATED
2026-08-13 23:30:00,summer_peak,30.54,71.0,0.0,0,11.42,0.24,14.1,25.76,56.01,-30.25,87.5,100.0,0,SIMULATED
2026-08-13 23:45:00,summer_peak,30.3,71.8,0.0,0,11.1,0.24,14.1,25.44,55.7,-30.26,87.5,100.0,0,SIMULATED
2026-08-14 00:00:00,summer_peak,30.08,72.5,0.0,0,10.81,0.24,14.1,25.15,55.43,-30.28,87.5,100.0,0,SIMULATED
2026-08-14 00:15:00,summer_peak,29.88,73.1,0.0,0,10.55,0.24,14.1,24.89,55.18,-30.29,87.5,100.0,0,SIMULATED
2026-08-14 00:30:00,summer_peak,29.7,73.7,0.0,0,10.3,0.24,14.1,24.64,54.95,-30.31,87.5,100.0,0,SIMULATED
2026-08-14 00:45:00,summer_peak,29.54,74.2,0.0,0,10.08,0.24,14.1,24.42,54.74,-30.32,87.5,100.0,0,SIMULATED
2026-08-14 01:00:00,summer_peak,29.4,74.7,0.0,0,9.88,0.24,14.1,24.22,54.61,-30.39,87.5,100.0,0,SIMULATED
2026-08-14 01:15:00,summer_peak,29.28,75.1,0.0,0,9.71,0.24,14.1,24.05,54.42,-30.37,87.5,100.0,0,SIMULATED
2026-08-14 01:30:00,summer_peak,29.18,75.4,0.0,0,9.55,0.24,14.1,23.89,54.29,-30.4,87.5,100.0,0,SIMULATED
2026-08-14 01:45:00,summer_peak,29.1,75.7,0.0,0,9.45,0.24,14.1,23.79,54.21,-30.42,87.5,100.0,0,SIMULATED
2026-08-14 02:00:00,summer_peak,29.04,75.9,0.0,0,9.32,0.24,14.1,23.66,54.14,-30.48,87.5,100.0,0,SIMULATED
2026-08-14 02:15:00,summer_peak,29.01,76.0,0.0,0,9.22,0.24,14.1,23.56,54.1,-30.54,87.5,100.0,0,SIMULATED
2026-08-14 02:30:00,summer_peak,29.0,76.0,0.0,0,9.16,0.24,14.1,23.5,54.09,-30.59,87.5,100.0,0,SIMULATED
2026-08-14 02:45:00,summer_peak,29.01,76.0,0.0,0,9.1,0.24,14.1,23.44,54.1,-30.66,87.5,100.0,0,SIMULATED
2026-08-14 03:00:00,summer_peak,29.04,75.9,0.0,0,9.07,0.24,14.1,23.41,54.14,-30.73,87.5,100.0,0,SIMULATED
2026-08-14 03:15:00,summer_peak,29.1,75.7,0.0,0,9.05,0.24,14.1,23.39,54.21,-30.82,87.5,100.0,0,SIMULATED
2026-08-14 03:30:00,summer_peak,29.18,75.4,0.0,0,9.04,0.24,14.1,23.38,54.29,-30.91,87.5,100.0,0,SIMULATED
2026-08-14 03:45:00,summer_peak,29.28,75.1,0.0,0,9.07,0.24,14.1,23.41,54.42,-31.01,87.5,100.0,0,SIMULATED
2026-08-14 04:00:00,summer_peak,29.4,74.7,0.0,0,9.08,0.24,14.1,23.42,54.61,-31.19,87.5,100.0,0,SIMULATED
2026-08-14 04:15:00,summer_peak,29.54,74.2,0.0,0,9.13,0.24,14.1,23.47,54.74,-31.27,87.5,100.0,0,SIMULATED
2026-08-14 04:30:00,summer_peak,29.7,73.7,0.0,0,9.19,0.24,14.1,23.53,54.95,-31.42,87.5,100.0,0,SIMULATED
2026-08-14 04:45:00,summer_peak,29.88,73.1,0.0,0,9.27,0.24,14.1,23.61,55.18,-31.57,87.5,100.0,0,SIMULATED
2026-08-14 05:00:00,summer_peak,30.08,72.5,0.0,0,9.35,0.24,14.1,23.69,55.43,-31.74,87.5,100.0,0,SIMULATED
2026-08-14 05:15:00,summer_peak,30.3,71.8,0.0,0,9.46,0.24,14.1,23.8,55.7,-31.9,87.5,100.0,0,SIMULATED
2026-08-14 05:30:00,summer_peak,30.54,71.0,0.0,0,9.57,0.24,14.1,23.91,56.01,-32.1,87.5,100.0,0,SIMULATED
2026-08-14 05:45:00,summer_peak,30.79,70.2,0.0,0,9.69,0.24,14.1,24.03,56.31,-32.28,87.5,100.0,0,SIMULATED
2026-08-14 06:00:00,summer_peak,31.05,69.3,0.0,0,9.83,0.24,14.1,24.17,56.65,-32.48,87.5,100.0,0,SIMULATED
2026-08-14 06:15:00,summer_peak,31.33,68.4,53.4,0,10.59,0.24,14.1,24.93,57.01,-32.08,87.5,100.0,0,SIMULATED
2026-08-14 06:30:00,summer_peak,31.62,67.5,106.5,0,11.38,0.24,14.1,25.72,57.36,-31.64,87.5,100.0,0,SIMULATED
2026-08-14 06:45:00,summer_peak,31.93,66.5,159.3,0,12.19,0.24,14.1,26.53,57.73,-31.2,87.5,100.0,0,SIMULATED
2026-08-14 07:00:00,summer_peak,32.24,65.5,211.4,0,13.28,1.52,14.1,28.9,58.14,-29.24,87.5,100.0,0,SIMULATED
2026-08-14 07:15:00,summer_peak,32.56,64.5,262.7,0,14.09,1.52,14.1,29.71,58.51,-28.8,87.5,100.0,0,SIMULATED
2026-08-14 07:30:00,summer_peak,32.89,63.4,312.9,0,14.89,1.52,14.1,30.51,58.94,-28.43,87.5,100.0,0,SIMULATED
2026-08-14 07:45:00,summer_peak,33.23,62.3,361.9,0,15.69,1.52,14.1,31.31,59.37,-28.06,87.5,100.0,0,SIMULATED
2026-08-14 08:00:00,summer_peak,33.56,61.2,409.5,3,16.67,1.85,14.1,32.61,59.78,-27.17,87.5,100.0,0,SIMULATED
2026-08-14 08:15:00,summer_peak,33.91,60.1,455.5,6,17.83,3.21,14.1,35.13,60.22,-25.09,87.5,100.0,0,SIMULATED
2026-08-14 08:30:00,summer_peak,34.25,59.0,499.6,13,18.71,3.99,14.1,36.79,60.65,-23.86,87.5,100.0,0,SIMULATED
2026-08-14 08:45:00,summer_peak,34.59,57.9,541.8,19,19.16,5.09,14.1,38.35,61.06,-22.71,87.5,100.0,0,SIMULATED
2026-08-14 09:00:00,summer_peak,34.94,56.8,581.9,50,20.01,6.0,14.1,40.11,61.49,-21.38,87.5,100.0,0,SIMULATED
2026-08-14 09:15:00,summer_peak,35.27,55.7,619.6,53,20.17,6.0,14.1,40.27,61.93,-21.66,87.5,100.0,0,SIMULATED
2026-08-14 09:30:00,summer_peak,35.61,54.6,654.9,74,20.69,6.6,14.1,41.39,62.34,-20.95,87.5,100.0,0,SIMULATED
2026-08-14 09:45:00,summer_peak,35.94,53.5,687.7,77,20.97,6.6,14.1,41.67,62.74,-21.07,87.5,100.0,0,SIMULATED
2026-08-14 10:00:00,summer_peak,36.26,52.5,717.7,86,21.33,6.42,14.1,41.85,63.15,-21.3,87.5,100.0,0,SIMULATED
2026-08-14 10:15:00,summer_peak,36.57,51.5,744.9,83,21.43,6.42,14.1,41.95,63.54,-21.59,87.5,100.0,0,SIMULATED
2026-08-14 10:30:00,summer_peak,36.88,50.5,769.1,77,21.23,5.82,14.1,41.15,63.93,-22.78,87.5,100.0,0,SIMULATED
2026-08-14 10:45:00,summer_peak,37.17,49.6,790.3,77,21.39,5.82,14.1,41.31,64.28,-22.97,87.5,100.0,0,SIMULATED
2026-08-14 11:00:00,summer_peak,37.45,48.7,808.4,79,21.53,5.82,14.1,41.45,64.65,-23.2,87.5,100.0,0,SIMULATED
2026-08-14 11:15:00,summer_peak,37.71,47.8,823.3,78,21.7,5.82,14.1,41.62,64.95,-23.33,87.5,100.0,0,SIMULATED
2026-08-14 11:30:00,summer_peak,37.96,47.0,834.9,89,22.32,6.42,14.1,42.84,65.28,-22.44,87.5,100.0,0,SIMULATED
2026-08-14 11:45:00,summer_peak,38.2,46.2,843.3,71,21.73,5.82,14.1,41.65,65.59,-23.94,87.5,100.0,0,SIMULATED
2026-08-14 12:00:00,summer_peak,38.42,45.5,848.3,102,23.02,6.6,14.1,43.72,65.86,-22.14,87.5,100.0,0,SIMULATED
2026-08-14 12:15:00,summer_peak,38.62,44.9,850.0,101,23.1,6.6,14.1,43.8,66.1,-22.3,87.5,100.0,0,SIMULATED
2026-08-14 12:30:00,summer_peak,38.8,44.3,848.3,80,22.72,6.0,14.1,42.82,66.33,-23.51,75.0,100.0,0,SIMULATED
2026-08-14 12:45:00,summer_peak,38.96,43.8,843.3,80,22.83,6.0,14.1,42.93,66.51,-23.58,62.5,100.0,0,SIMULATED
2026-08-14 13:00:00,summer_peak,39.1,43.3,834.9,73,22.91,6.0,14.1,43.01,66.7,-23.69,62.5,100.0,0,SIMULATED
2026-08-14 13:15:00,summer_peak,39.22,42.9,823.3,72,22.93,6.0,14.1,43.03,66.87,-23.84,62.5,100.0,0,SIMULATED
2026-08-14 13:30:00,summer_peak,39.32,42.6,808.4,80,23.43,6.6,14.1,44.13,66.97,-22.84,62.5,100.0,0,SIMULATED
2026-08-14 13:45:00,summer_peak,39.4,42.3,790.3,79,23.52,6.6,14.1,44.22,67.09,-22.87,62.5,100.0,0,SIMULATED
2026-08-14 14:00:00,summer_peak,39.46,42.1,769.1,81,22.93,6.5,14.1,43.53,67.15,-23.62,62.5,100.0,1,SIMULATED
2026-08-14 14:15:00,summer_peak,39.49,42.0,744.9,82,22.93,6.5,14.1,43.53,67.21,-23.68,62.5,100.0,1,SIMULATED
2026-08-14 14:30:00,summer_peak,39.5,42.0,717.7,81,22.93,6.5,14.1,43.53,67.21,-23.68,62.5,100.0,1,SIMULATED
2026-08-14 14:45:00,summer_peak,39.49,42.0,687.7,80,22.86,6.5,14.1,43.46,67.21,-23.75,62.5,100.0,1,SIMULATED
2026-08-14 15:00:00,summer_peak,39.46,42.1,654.9,79,22.71,5.82,14.1,42.63,67.15,-24.52,62.5,100.0,0,SIMULATED
2026-08-14 15:15:00,summer_peak,39.4,42.3,619.6,79,22.64,5.82,14.1,42.56,67.09,-24.53,62.5,100.0,0,SIMULATED
2026-08-14 15:30:00,summer_peak,39.32,42.6,581.9,78,22.63,6.0,14.1,42.73,66.97,-24.24,62.5,100.0,0,SIMULATED
2026-08-14 15:45:00,summer_peak,39.22,42.9,541.8,77,22.5,6.0,14.1,42.6,66.87,-24.27,62.5,100.0,0,SIMULATED
2026-08-14 16:00:00,summer_peak,39.1,43.3,499.6,76,22.44,6.0,14.1,42.54,66.7,-24.16,62.5,100.0,0,SIMULATED
2026-08-14 16:15:00,summer_peak,38.96,43.8,455.5,77,22.36,6.0,14.1,42.46,66.51,-24.05,62.5,100.0,0,SIMULATED
2026-08-14 16:30:00,summer_peak,38.8,44.3,409.5,85,22.73,6.6,14.1,43.43,66.33,-22.9,62.5,100.0,0,SIMULATED
2026-08-14 16:45:00,summer_peak,38.62,44.9,361.9,86,22.68,6.6,14.1,43.38,66.1,-22.72,62.5,100.0,0,SIMULATED
2026-08-14 17:00:00,summer_peak,38.42,45.5,312.9,72,22.28,6.6,14.1,42.98,65.86,-22.88,62.5,100.0,0,SIMULATED
2026-08-14 17:15:00,summer_peak,38.2,46.2,262.7,72,22.11,6.6,14.1,42.81,65.59,-22.78,62.5,100.0,0,SIMULATED
2026-08-14 17:30:00,summer_peak,37.96,47.0,211.4,64,21.55,6.0,14.1,41.65,65.28,-23.63,62.5,100.0,0,SIMULATED
2026-08-14 17:45:00,summer_peak,37.71,47.8,159.3,59,21.4,6.0,14.1,41.5,64.95,-23.45,62.5,100.0,0,SIMULATED
2026-08-14 18:00:00,summer_peak,37.45,48.7,106.5,57,21.26,6.0,14.1,41.36,64.65,-23.29,62.5,100.0,0,SIMULATED
2026-08-14 18:15:00,summer_peak,37.17,49.6,53.4,51,20.94,6.0,14.1,41.04,64.28,-23.24,62.5,100.0,0,SIMULATED
2026-08-14 18:30:00,summer_peak,36.88,50.5,0.0,45,20.09,5.09,14.1,39.28,63.93,-24.65,62.5,100.0,0,SIMULATED
2026-08-14 18:45:00,summer_peak,36.57,51.5,0.0,38,19.76,5.09,14.1,38.95,63.54,-24.59,62.5,100.0,0,SIMULATED
2026-08-14 19:00:00,summer_peak,36.26,52.5,0.0,23,18.91,3.98,14.1,36.99,63.15,-26.16,62.5,100.0,0,SIMULATED
2026-08-14 19:15:00,summer_peak,35.94,53.5,0.0,18,18.64,3.98,14.1,36.72,62.74,-26.02,62.5,100.0,0,SIMULATED
2026-08-14 19:30:00,summer_peak,35.61,54.6,0.0,12,18.36,2.62,14.1,35.08,62.34,-27.26,62.5,100.0,0,SIMULATED
2026-08-14 19:45:00,summer_peak,35.27,55.7,0.0,9,18.1,2.62,14.1,34.83,61.93,-27.1,62.5,100.0,0,SIMULATED
2026-08-14 20:00:00,summer_peak,34.94,56.8,0.0,5,17.67,1.6,14.1,33.37,61.49,-28.12,62.5,100.0,0,SIMULATED
2026-08-14 20:15:00,summer_peak,34.59,57.9,0.0,3,17.43,1.6,14.1,33.13,61.06,-27.93,62.5,100.0,0,SIMULATED
2026-08-14 20:30:00,summer_peak,34.25,59.0,0.0,0,17.09,0.24,14.1,31.43,60.65,-29.22,62.5,100.0,0,SIMULATED
2026-08-14 20:45:00,summer_peak,33.91,60.1,0.0,0,16.64,0.24,14.1,30.98,60.22,-29.24,62.5,100.0,0,SIMULATED
2026-08-14 21:00:00,summer_peak,33.56,61.2,0.0,0,16.19,0.24,14.1,30.53,59.78,-29.25,87.5,100.0,0,SIMULATED
2026-08-14 21:15:00,summer_peak,33.23,62.3,0.0,0,15.64,0.24,14.1,29.98,59.37,-29.39,87.5,100.0,0,SIMULATED
2026-08-14 21:30:00,summer_peak,32.89,63.4,0.0,0,15.02,0.24,14.1,29.36,58.94,-29.58,87.5,100.0,0,SIMULATED
2026-08-14 21:45:00,summer_peak,32.56,64.5,0.0,0,14.45,0.24,14.1,28.79,58.51,-29.72,87.5,100.0,0,SIMULATED
2026-08-14 22:00:00,summer_peak,32.24,65.5,0.0,0,13.93,0.24,14.1,28.27,58.14,-29.87,87.5,100.0,0,SIMULATED
2026-08-14 22:15:00,summer_peak,31.93,66.5,0.0,0,13.44,0.24,14.1,27.78,57.73,-29.95,87.5,100.0,0,SIMULATED
2026-08-14 22:30:00,summer_peak,31.62,67.5,0.0,0,12.97,0.24,14.1,27.31,57.36,-30.05,87.5,100.0,0,SIMULATED
2026-08-14 22:45:00,summer_peak,31.33,68.4,0.0,0,12.53,0.24,14.1,26.87,57.01,-30.14,87.5,100.0,0,SIMULATED
2026-08-14 23:00:00,summer_peak,31.05,69.3,0.0,0,12.14,0.24,14.1,26.48,56.65,-30.17,87.5,100.0,0,SIMULATED
2026-08-14 23:15:00,summer_peak,30.79,70.2,0.0,0,11.77,0.24,14.1,26.11,56.31,-30.2,87.5,100.0,0,SIMULATED
2026-08-14 23:30:00,summer_peak,30.54,71.0,0.0,0,11.43,0.24,14.1,25.77,56.01,-30.24,87.5,100.0,0,SIMULATED
2026-08-14 23:45:00,summer_peak,30.3,71.8,0.0,0,11.11,0.24,14.1,25.45,55.7,-30.25,87.5,100.0,0,SIMULATED
