timestamp,scenario_id,outdoor_temp_c,outdoor_humidity_pct,solar_irradiance_w_per_m2,total_building_occupancy,total_hvac_power_kw,total_lighting_power_kw,total_equipment_power_kw,gross_building_power_kw,baseline_building_power_kw,variance_delta_kw,comfort_compliance_pct,iaq_compliance_pct,active_anomalies_count,evidence
2026-08-01 00:00:00,standard,26.77,72.5,0.0,0,3.57,0.06,14.1,17.73,52.82,-35.09,87.5,100.0,0,SIMULATED
2026-08-01 00:15:00,standard,26.63,73.1,0.0,0,7.47,0.06,14.1,21.63,52.82,-31.19,87.5,100.0,0,SIMULATED
2026-08-01 00:30:00,standard,26.5,73.7,0.0,0,7.24,0.06,14.1,21.4,52.82,-31.42,87.5,100.0,0,SIMULATED
2026-08-01 00:45:00,standard,26.39,74.2,0.0,0,7.07,0.06,14.1,21.23,52.82,-31.59,87.5,100.0,0,SIMULATED
2026-08-01 01:00:00,standard,26.29,74.7,0.0,0,6.96,0.06,14.1,21.12,52.82,-31.7,87.5,100.0,0,SIMULATED
2026-08-01 01:15:00,standard,26.2,75.1,0.0,0,6.87,0.06,14.1,21.03,52.82,-31.79,87.5,100.0,0,SIMULATED
2026-08-01 01:30:00,standard,26.13,75.4,0.0,0,6.83,0.06,14.1,20.99,52.82,-31.83,87.5,100.0,0,SIMULATED
2026-08-01 01:45:00,standard,26.07,75.7,0.0,0,6.78,0.06,14.1,20.94,52.82,-31.88,87.5,100.0,0,SIMULATED
2026-08-01 02:00:00,standard,26.03,75.9,0.0,0,6.76,0.06,14.1,20.92,52.82,-31.9,87.5,100.0,0,SIMULATED
2026-08-01 02:15:00,standard,26.01,76.0,0.0,0,6.76,0.06,14.1,20.92,52.82,-31.9,87.5,100.0,0,SIMULATED
2026-08-01 02:30:00,standard,26.0,76.0,0.0,0,6.76,0.06,14.1,20.92,52.82,-31.9,87.5,100.0,0,SIMULATED
2026-08-01 02:45:00,standard,26.01,76.0,0.0,0,6.76,0.06,14.1,20.92,52.82,-31.9,87.5,100.0,0,SIMULATED
2026-08-01 03:00:00,standard,26.03,75.9,0.0,0,6.76,0.06,14.1,20.92,52.82,-31.9,87.5,100.0,0,SIMULATED
2026-08-01 03:15:00,standard,26.07,75.7,0.0,0,6.78,0.06,14.1,20.94,52.82,-31.88,87.5,100.0,0,SIMULATED
2026-08-01 03:30:00,standard,26.13,75.4,0.0,0,6.82,0.06,14.1,20.98,52.82,-31.84,87.5,100.0,0,SIMULATED
2026-08-01 03:45:00,standard,26.2,75.1,0.0,0,6.85,0.06,14.1,21.01,52.82,-31.81,87.5,100.0,0,SIMULATED
2026-08-01 04:00:00,standard,26.29,74.7,0.0,0,6.91,0.06,14.1,21.07,52.82,-31.75,87.5,100.0,0,SIMULATED
2026-08-01 04:15:00,standard,26.39,74.2,0.0,0,6.96,0.06,14.1,21.12,52.82,-31.7,87.5,100.0,0,SIMULATED
2026-08-01 04:30:00,standard,26.5,73.7,0.0,0,7.01,0.06,14.1,21.17,52.82,-31.65,87.5,100.0,0,SIMULATED
2026-08-01 04:45:00,standard,26.63,73.1,0.0,0,7.08,0.06,14.1,21.24,52.82,-31.58,87.5,100.0,0,SIMULATED
2026-08-01 05:00:00,standard,26.77,72.5,0.0,0,7.14,0.06,14.1,21.3,52.82,-31.52,87.5,100.0,0,SIMULATED
2026-08-01 05:15:00,standard,26.93,71.8,0.0,0,7.25,0.06,14.1,21.41,52.82,-31.41,87.5,100.0,0,SIMULATED
2026-08-01 05:30:00,standard,27.1,71.0,0.0,0,7.35,0.06,14.1,21.51,52.82,-31.31,87.5,100.0,0,SIMULATED
2026-08-01 05:45:00,standard,27.28,70.2,0.0,0,7.43,0.06,14.1,21.59,52.82,-31.23,87.5,100.0,0,SIMULATED
2026-08-01 06:00:00,standard,27.47,69.3,0.0,0,7.53,0.06,14.1,21.69,52.82,-31.13,87.5,100.0,0,SIMULATED
2026-08-01 06:15:00,standard,27.67,68.4,53.4,0,8.24,0.06,14.1,22.4,52.82,-30.42,87.5,100.0,0,SIMULATED
2026-08-01 06:30:00,standard,27.88,67.5,106.5,0,8.94,0.06,14.1,23.1,52.82,-29.72,87.5,100.0,0,SIMULATED
2026-08-01 06:45:00,standard,28.09,66.5,159.3,0,9.63,0.06,14.1,23.79,52.94,-29.15,87.5,100.0,0,SIMULATED
2026-08-01 07:00:00,standard,28.31,65.5,211.4,0,10.63,1.34,14.1,26.07,53.22,-27.15,87.5,100.0,0,SIMULATED
2026-08-01 07:15:00,standard,28.54,64.5,262.7,0,11.33,1.34,14.1,26.78,53.49,-26.71,87.5,100.0,0,SIMULATED
2026-08-01 07:30:00,standard,28.78,63.4,312.9,0,12.04,1.34,14.1,27.48,53.8,-26.32,87.5,100.0,0,SIMULATED
2026-08-01 07:45:00,standard,29.02,62.3,361.9,0,12.74,1.34,14.1,28.18,54.1,-25.92,87.5,100.0,0,SIMULATED
2026-08-01 08:00:00,standard,29.26,61.2,409.5,0,13.44,1.34,14.1,28.87,54.42,-25.55,87.5,100.0,0,SIMULATED
2026-08-01 08:15:00,standard,29.5,60.1,455.5,0,14.1,1.34,14.1,29.53,54.7,-25.17,87.5,100.0,0,SIMULATED
2026-08-01 08:30:00,standard,29.75,59.0,499.6,0,14.77,1.34,14.1,30.21,55.02,-24.81,87.5,100.0,0,SIMULATED
2026-08-01 08:45:00,standard,30.0,57.9,541.8,0,15.42,1.34,14.1,30.86,55.34,-24.48,87.5,100.0,0,SIMULATED
2026-08-01 09:00:00,standard,30.24,56.8,581.9,1,16.13,1.67,14.1,31.89,55.64,-23.75,87.5,100.0,0,SIMULATED
2026-08-01 09:15:00,standard,30.48,55.7,619.6,1,16.74,1.67,14.1,32.51,55.93,-23.42,87.5,100.0,0,SIMULATED
2026-08-01 09:30:00,standard,30.72,54.6,654.9,1,16.99,1.67,14.1,32.76,56.24,-23.48,87.5,100.0,0,SIMULATED
2026-08-01 09:45:00,standard,30.96,53.5,687.7,1,17.2,1.67,14.1,32.96,56.51,-23.55,87.5,100.0,0,SIMULATED
2026-08-01 10:00:00,standard,31.19,52.5,717.7,7,17.42,4.13,14.1,35.65,56.82,-21.17,87.5,100.0,0,SIMULATED
2026-08-01 10:15:00,standard,31.41,51.5,744.9,5,17.56,4.13,14.1,35.79,57.1,-21.31,87.5,100.0,0,SIMULATED
2026-08-01 10:30:00,standard,31.62,50.5,769.1,5,17.73,4.13,14.1,35.96,57.36,-21.4,87.5,100.0,0,SIMULATED
2026-08-01 10:45:00,standard,31.83,49.6,790.3,5,17.9,4.13,14.1,36.13,57.62,-21.49,87.5,100.0,0,SIMULATED
2026-08-01 11:00:00,standard,32.03,48.7,808.4,5,18.04,4.13,14.1,36.27,57.87,-21.6,87.5,100.0,0,SIMULATED
2026-08-01 11:15:00,standard,32.22,47.8,823.3,5,18.16,4.13,14.1,36.39,58.1,-21.71,87.5,100.0,0,SIMULATED
2026-08-01 11:30:00,standard,32.4,47.0,834.9,5,18.33,4.13,14.1,36.56,58.31,-21.75,87.5,100.0,0,SIMULATED
2026-08-01 11:45:00,standard,32.57,46.2,843.3,4,18.39,4.13,14.1,36.62,58.53,-21.91,87.5,100.0,0,SIMULATED
2026-08-01 12:00:00,standard,32.73,45.5,848.3,6,18.47,4.13,14.1,36.7,58.74,-22.04,87.5,100.0,0,SIMULATED
2026-08-01 12:15:00,standard,32.87,44.9,850.0,7,18.55,4.13,14.1,36.78,58.92,-22.14,87.5,100.0,0,SIMULATED
2026-08-01 12:30:00,standard,33.0,44.3,848.3,5,18.58,4.13,14.1,36.81,59.07,-22.26,87.5,100.0,0,SIMULATED
2026-08-01 12:45:00,standard,33.11,43.8,843.3,6,18.63,4.13,14.1,36.86,59.22,-22.36,87.5,100.0,0,SIMULATED
2026-08-01 13:00:00,standard,33.21,43.3,834.9,5,18.69,4.13,14.1,36.92,59.34,-22.42,87.5,100.0,0,SIMULATED
2026-08-01 13:15:00,standard,33.3,42.9,823.3,4,18.73,4.13,14.1,36.96,59.46,-22.5,87.5,100.0,0,SIMULATED
2026-08-01 13:30:00,standard,33.37,42.6,808.4,5,18.72,4.13,14.1,36.95,59.54,-22.59,87.5,100.0,0,SIMULATED
2026-08-01 13:45:00,standard,33.43,42.3,790.3,5,18.73,4.13,14.1,36.96,59.62,-22.66,87.5,100.0,0,SIMULATED
2026-08-01 14:00:00,standard,33.47,42.1,769.1,6,18.69,4.13,14.1,36.92,59.67,-22.75,87.5,100.0,0,SIMULATED
2026-08-01 14:15:00,standard,33.49,42.0,744.9,4,18.52,3.8,14.1,36.43,59.7,-23.27,87.5,100.0,0,SIMULATED
2026-08-01 14:30:00,standard,33.5,42.0,717.7,4,18.45,3.8,14.1,36.36,59.7,-23.34,87.5,100.0,0,SIMULATED
2026-08-01 14:45:00,standard,33.49,42.0,687.7,5,18.37,3.8,14.1,36.28,59.7,-23.42,87.5,100.0,0,SIMULATED
2026-08-01 15:00:00,standard,33.47,42.1,654.9,5,18.29,3.8,14.1,36.2,59.67,-23.47,87.5,100.0,0,SIMULATED
2026-08-01 15:15:00,standard,33.43,42.3,619.6,5,18.17,3.8,14.1,36.08,59.62,-23.54,87.5,100.0,0,SIMULATED
2026-08-01 15:30:00,standard,33.37,42.6,581.9,4,18.01,3.8,14.1,35.91,59.54,-23.63,87.5,100.0,0,SIMULATED
2026-08-01 15:45:00,standard,33.3,42.9,541.8,4,17.9,3.8,14.1,35.8,59.46,-23.66,87.5,100.0,0,SIMULATED
2026-08-01 16:00:00,standard,33.21,43.3,499.6,3,17.74,3.8,14.1,35.64,59.34,-23.7,87.5,100.0,0,SIMULATED
2026-08-01 16:15:00,standard,33.11,43.8,455.5,0,17.56,1.34,14.1,33.01,59.22,-26.21,87.5,100.0,0,SIMULATED
2026-08-01 16:30:00,standard,33.0,44.3,409.5,0,17.39,1.34,14.1,32.84,59.07,-26.23,87.5,100.0,0,SIMULATED
2026-08-01 16:45:00,standard,32.87,44.9,361.9,0,17.2,1.34,14.1,32.64,58.92,-26.28,87.5,100.0,0,SIMULATED
2026-08-01 17:00:00,standard,32.73,45.5,312.9,0,17.01,1.34,14.1,32.46,58.74,-26.28,87.5,100.0,0,SIMULATED
2026-08-01 17:15:00,standard,32.57,46.2,262.7,0,16.72,1.34,14.1,32.15,58.53,-26.38,87.5,100.0,0,SIMULATED
2026-08-01 17:30:00,standard,32.4,47.0,211.4,0,15.88,1.34,14.1,31.31,58.31,-27.0,87.5,100.0,0,SIMULATED
2026-08-01 17:45:00,standard,32.22,47.8,159.3,0,14.94,1.34,14.1,30.37,58.1,-27.73,87.5,100.0,0,SIMULATED
2026-08-01 18:00:00,standard,32.03,48.7,106.5,0,13.99,1.34,14.1,29.43,57.87,-28.44,87.5,100.0,0,SIMULATED
2026-08-01 18:15:00,standard,31.83,49.6,53.4,0,13.05,1.34,14.1,28.48,57.62,-29.14,87.5,100.0,0,SIMULATED
2026-08-01 18:30:00,standard,31.62,50.5,0.0,0,12.12,1.34,14.1,27.54,57.36,-29.82,87.5,100.0,0,SIMULATED
2026-08-01 18:45:00,standard,31.41,51.5,0.0,0,11.83,1.34,14.1,27.26,57.1,-29.84,87.5,100.0,0,SIMULATED
2026-08-01 19:00:00,standard,31.19,52.5,0.0,0,11.56,1.34,14.1,27.0,56.82,-29.82,87.5,100.0,0,SIMULATED
2026-08-01 19:15:00,standard,30.96,53.5,0.0,0,11.3,1.34,14.1,26.74,56.51,-29.77,87.5,100.0,0,SIMULATED
2026-08-01 19:30:00,standard,30.72,54.6,0.0,0,11.04,1.34,14.1,26.48,56.24,-29.76,87.5,100.0,0,SIMULATED
2026-08-01 19:45:00,standard,30.48,55.7,0.0,0,10.78,1.34,14.1,26.21,55.93,-29.72,87.5,100.0,0,SIMULATED
2026-08-01 20:00:00,standard,30.24,56.8,0.0,0,10.23,0.06,14.1,24.39,55.64,-31.25,87.5,100.0,0,SIMULATED
2026-08-01 20:15:00,standard,30.0,57.9,0.0,0,9.99,0.06,14.1,24.15,55.34,-31.19,87.5,100.0,0,SIMULATED
2026-08-01 20:30:00,standard,29.75,59.0,0.0,0,9.77,0.06,14.1,23.93,55.02,-31.09,87.5,100.0,0,SIMULATED
2026-08-01 20:45:00,standard,29.5,60.1,0.0,0,9.54,0.06,14.1,23.7,54.7,-31.0,87.5,100.0,0,SIMULATED
2026-08-01 21:00:00,standard,29.26,61.2,0.0,0,9.32,0.06,14.1,23.48,54.42,-30.94,87.5,100.0,0,SIMULATED
2026-08-01 21:15:00,standard,29.02,62.3,0.0,0,9.13,0.06,14.1,23.29,54.1,-30.81,87.5,100.0,0,SIMULATED
2026-08-01 21:30:00,standard,28.78,63.4,0.0,0,8.94,0.06,14.1,23.1,53.8,-30.7,87.5,100.0,0,SIMULATED
2026-08-01 21:45:00,standard,28.54,64.5,0.0,0,8.73,0.06,14.1,22.89,53.49,-30.6,87.5,100.0,0,SIMULATED
2026-08-01 22:00:00,standard,28.31,65.5,0.0,0,8.56,0.06,14.1,22.72,53.22,-30.5,87.5,100.0,0,SIMULATED
2026-08-01 22:15:00,standard,28.09,66.5,0.0,0,8.38,0.06,14.1,22.54,52.94,-30.4,87.5,100.0,0,SIMULATED
2026-08-01 22:30:00,standard,27.88,67.5,0.0,0,8.22,0.06,14.1,22.38,52.82,-30.44,87.5,100.0,0,SIMULATED
2026-08-01 22:45:00,standard,27.67,68.4,0.0,0,8.08,0.06,14.1,22.24,52.82,-30.58,87.5,100.0,0,SIMULATED
2026-08-01 23:00:00,standard,27.47,69.3,0.0,0,7.91,0.06,14.1,22.07,52.82,-30.75,87.5,100.0,0,SIMULATED
2026-08-01 23:15:00,standard,27.28,70.2,0.0,0,7.77,0.06,14.1,21.93,52.82,-30.89,87.5,100.0,0,SIMULATED
2026-08-01 23:30:00,standard,27.1,71.0,0.0,0,7.66,0.06,14.1,21.82,52.82,-31.0,87.5,100.0,0,SIMULATED
2026-08-01 23:45:00,standard,26.93,71.8,0.0,0,7.52,0.06,14.1,21.68,52.82,-31.14,87.5,100.0,0,SIMULATED
2026-08-02 00:00:00,standard,26.77,72.5,0.0,0,7.4,0.06,14.1,21.56,52.82,-31.26,87.5,100.0,0,SIMULATED
2026-08-02 00:15:00,standard,26.63,73.1,0.0,0,7.32,0.06,14.1,21.48,52.82,-31.34,87.5,100.0,0,SIMULATED
2026-08-02 00:30:00,standard,26.5,73.7,0.0,0,7.21,0.06,14.1,21.37,52.82,-31.45,87.5,100.0,0,SIMULATED
2026-08-02 00:45:00,standard,26.39,74.2,0.0,0,7.15,0.06,14.1,21.31,52.82,-31.51,87.5,100.0,0,SIMULATED
2026-08-02 01:00:00,standard,26.29,74.7,0.0,0,7.08,0.06,14.1,21.24,52.82,-31.58,87.5,100.0,0,SIMULATED
2026-08-02 01:15:00,standard,26.2,75.1,0.0,0,7.0,0.06,14.1,21.16,52.82,-31.66,87.5,100.0,0,SIMULATED
2026-08-02 01:30:00,standard,26.13,75.4,0.0,0,6.95,0.06,14.1,21.11,52.82,-31.71,87.5,100.0,0,SIMULATED
2026-08-02 01:45:00,standard,26.07,75.7,0.0,0,6.9,0.06,14.1,21.06,52.82,-31.76,87.5,100.0,0,SIMULATED
2026-08-02 02:00:00,standard,26.03,75.9,0.0,0,6.87,0.06,14.1,21.03,52.82,-31.79,87.5,100.0,0,SIMULATED
2026-08-02 02:15:00,standard,26.01,76.0,0.0,0,6.84,0.06,14.1,21.0,52.82,-31.82,87.5,100.0,0,SIMULATED
2026-08-02 02:30:00,standard,26.0,76.0,0.0,0,6.82,0.06,14.1,20.98,52.82,-31.84,87.5,100.0,0,SIMULATED
2026-08-02 02:45:00,standard,26.01,76.0,0.0,0,6.82,0.06,14.1,20.98,52.82,-31.84,87.5,100.0,0,SIMULATED
2026-08-02 03:00:00,standard,26.03,75.9,0.0,0,6.81,0.06,14.1,20.97,52.82,-31.85,87.5,100.0,0,SIMULATED
2026-08-02 03:15:00,standard,26.07,75.7,0.0,0,6.82,0.06,14.1,20.98,52.82,-31.84,87.5,100.0,0,SIMULATED
2026-08-02 03:30:00,standard,26.13,75.4,0.0,0,6.85,0.06,14.1,21.01,52.82,-31.81,87.5,100.0,0,SIMULATED
2026-08-02 03:45:00,standard,26.2,75.1,0.0,0,6.88,0.06,14.1,21.04,52.82,-31.78,87.5,100.0,0,SIMULATED
2026-08-02 04:00:00,standard,26.29,74.7,0.0,0,6.92,0.06,14.1,21.08,52.82,-31.74,87.5,100.0,0,SIMULATED
2026-08-02 04:15:00,standard,26.39,74.2,0.0,0,6.98,0.06,14.1,21.14,52.82,-31.68,87.5,100.0,0,SIMULATED
2026-08-02 04:30:00,standard,26.5,73.7,0.0,0,7.02,0.06,14.1,21.18,52.82,-31.64,87.5,100.0,0,SIMULATED
2026-08-02 04:45:00,standard,26.63,73.1,0.0,0,7.1,0.06,14.1,21.26,52.82,-31.56,87.5,100.0,0,SIMULATED
2026-08-02 05:00:00,standard,26.77,72.5,0.0,0,7.16,0.06,14.1,21.32,52.82,-31.5,87.5,100.0,0,SIMULATED
2026-08-02 05:15:00,standard,26.93,71.8,0.0,0,7.26,0.06,14.1,21.42,52.82,-31.4,87.5,100.0,0,SIMULATED
2026-08-02 05:30:00,standard,27.1,71.0,0.0,0,7.37,0.06,14.1,21.53,52.82,-31.29,87.5,100.0,0,SIMULATED
2026-08-02 05:45:00,standard,27.28,70.2,0.0,0,7.44,0.06,14.1,21.6,52.82,-31.22,87.5,100.0,0,SIMULATED
2026-08-02 06:00:00,standard,27.47,69.3,0.0,0,7.55,0.06,14.1,21.71,52.82,-31.11,87.5,100.0,0,SIMULATED
2026-08-02 06:15:00,standard,27.67,68.4,53.4,0,8.26,0.06,14.1,22.42,52.82,-30.4,87.5,100.0,0,SIMULATED
2026-08-02 06:30:00,standard,27.88,67.5,106.5,0,8.95,0.06,14.1,23.11,52.82,-29.71,87.5,100.0,0,SIMULATED
2026-08-02 06:45:00,standard,28.09,66.5,159.3,0,9.65,0.06,14.1,23.81,52.94,-29.13,87.5,100.0,0,SIMULATED
2026-08-02 07:00:00,standard,28.31,65.5,211.4,0,10.65,1.34,14.1,26.1,53.22,-27.12,87.5,100.0,0,SIMULATED
2026-08-02 07:15:00,standard,28.54,64.5,262.7,0,11.35,1.34,14.1,26.8,53.49,-26.69,87.5,100.0,0,SIMULATED
2026-08-02 07:30:00,standard,28.78,63.4,312.9,0,12.06,1.34,14.1,27.49,53.8,-26.31,87.5,100.0,0,SIMULATED
2026-08-02 07:45:00,standard,29.02,62.3,361.9,0,12.75,1.34,14.1,28.19,54.1,-25.91,87.5,100.0,0,SIMULATED
2026-08-02 08:00:00,standard,29.26,61.2,409.5,0,13.46,1.34,14.1,28.89,54.42,-25.53,87.5,100.0,0,SIMULATED
2026-08-02 08:15:00,standard,29.5,60.1,455.5,0,14.12,1.34,14.1,29.55,54.7,-25.15,87.5,100.0,0,SIMULATED
2026-08-02 08:30:00,standard,29.75,59.0,499.6,0,14.79,1.34,14.1,30.23,55.02,-24.79,87.5,100.0,0,SIMULATED
2026-08-02 08:45:00,standard,30.0,57.9,541.8,0,15.44,1.34,14.1,30.88,55.34,-24.46,87.5,100.0,0,SIMULATED
2026-08-02 09:00:00,standard,30.24,56.8,581.9,2,16.18,1.67,14.1,31.94,55.64,-23.7,87.5,100.0,0,SIMULATED
2026-08-02 09:15:00,standard,30.48,55.7,619.6,2,16.79,1.67,14.1,32.56,55.93,-23.37,87.5,100.0,0,SIMULATED
2026-08-02 09:30:00,standard,30.72,54.6,654.9,1,16.99,1.67,14.1,32.76,56.24,-23.48,87.5,100.0,0,SIMULATED
2026-08-02 09:45:00,standard,30.96,53.5,687.7,1,17.2,1.67,14.1,32.96,56.51,-23.55,87.5,100.0,0,SIMULATED
2026-08-02 10:00:00,standard,31.19,52.5,717.7,6,17.39,4.13,14.1,35.62,56.82,-21.2,87.5,100.0,0,SIMULATED
2026-08-02 10:15:00,standard,31.41,51.5,744.9,5,17.56,4.13,14.1,35.79,57.1,-21.31,87.5,100.0,0,SIMULATED
2026-08-02 10:30:00,standard,31.62,50.5,769.1,6,17.76,4.13,14.1,35.99,57.36,-21.37,87.5,100.0,0,SIMULATED
2026-08-02 10:45:00,standard,31.83,49.6,790.3,5,17.93,4.13,14.1,36.16,57.62,-21.46,87.5,100.0,0,SIMULATED
2026-08-02 11:00:00,standard,32.03,48.7,808.4,5,18.04,4.13,14.1,36.27,57.87,-21.6,87.5,100.0,0,SIMULATED
2026-08-02 11:15:00,standard,32.22,47.8,823.3,5,18.16,4.13,14.1,36.39,58.1,-21.71,87.5,100.0,0,SIMULATED
2026-08-02 11:30:00,standard,32.4,47.0,834.9,4,18.3,4.13,14.1,36.53,58.31,-21.78,87.5,100.0,0,SIMULATED
2026-08-02 11:45:00,standard,32.57,46.2,843.3,7,18.42,4.13,14.1,36.65,58.53,-21.88,87.5,100.0,0,SIMULATED
2026-08-02 12:00:00,standard,32.73,45.5,848.3,5,18.47,4.13,14.1,36.7,58.74,-22.04,87.5,100.0,0,SIMULATED
2026-08-02 12:15:00,standard,32.87,44.9,850.0,6,18.52,4.13,14.1,36.75,58.92,-22.17,87.5,100.0,0,SIMULATED
2026-08-02 12:30:00,standard,33.0,44.3,848.3,5,18.58,4.13,14.1,36.81,59.07,-22.26,87.5,100.0,0,SIMULATED
2026-08-02 12:45:00,standard,33.11,43.8,843.3,7,18.67,4.13,14.1,36.9,59.22,-22.32,87.5,100.0,0,SIMULATED
2026-08-02 13:00:00,standard,33.21,43.3,834.9,5,18.69,4.13,14.1,36.92,59.34,-22.42,87.5,100.0,0,SIMULATED
2026-08-02 13:15:00,standard,33.3,42.9,823.3,7,18.73,4.13,14.1,36.96,59.46,-22.5,87.5,100.0,0,SIMULATED
2026-08-02 13:30:00,standard,33.37,42.6,808.4,6,18.72,4.13,14.1,36.95,59.54,-22.59,87.5,100.0,0,SIMULATED
2026-08-02 13:45:00,standard,33.43,42.3,790.3,6,18.73,4.13,14.1,36.96,59.62,-22.66,87.5,100.0,0,SIMULATED
2026-08-02 14:00:00,standard,33.47,42.1,769.1,5,18.69,4.13,14.1,36.92,59.67,-22.75,87.5,100.0,0,SIMULATED
2026-08-02 14:15:00,standard,33.49,42.0,744.9,5,18.52,3.8,14.1,36.43,59.7,-23.27,87.5,100.0,0,SIMULATED
2026-08-02 14:30:00,standard,33.5,42.0,717.7,5,18.45,3.8,14.1,36.36,59.7,-23.34,87.5,100.0,0,SIMULATED
2026-08-02 14:45:00,standard,33.49,42.0,687.7,3,18.37,3.8,14.1,36.28,59.7,-23.42,87.5,100.0,0,SIMULATED
2026-08-02 15:00:00,standard,33.47,42.1,654.9,6,18.29,3.8,14.1,36.2,59.67,-23.47,87.5,100.0,0,SIMULATED
2026-08-02 15:15:00,standard,33.43,42.3,619.6,4,18.17,3.8,14.1,36.08,59.62,-23.54,87.5,100.0,0,SIMULATED
2026-08-02 15:30:00,standard,33.37,42.6,581.9,4,18.01,3.8,14.1,35.91,59.54,-23.63,87.5,100.0,0,SIMULATED
2026-08-02 15:45:00,standard,33.3,42.9,541.8,4,17.9,3.8,14.1,35.8,59.46,-23.66,87.5,100.0,0,SIMULATED
2026-08-02 16:00:00,standard,33.21,43.3,499.6,5,17.74,3.8,14.1,35.64,59.34,-23.7,87.5,100.0,0,SIMULATED
2026-08-02 16:15:00,standard,33.11,43.8,455.5,0,17.56,1.34,14.1,33.01,59.22,-26.21,87.5,100.0,0,SIMULATED
2026-08-02 16:30:00,standard,33.0,44.3,409.5,0,17.39,1.34,14.1,32.84,59.07,-26.23,87.5,100.0,0,SIMULATED
2026-08-02 16:45:00,standard,32.87,44.9,361.9,0,17.2,1.34,14.1,32.64,58.92,-26.28,87.5,100.0,0,SIMULATED
2026-08-02 17:00:00,standard,32.73,45.5,312.9,0,17.01,1.34,14.1,32.46,58.74,-26.28,87.5,100.0,0,SIMULATED
2026-08-02 17:15:00,standard,32.57,46.2,262.7,0,16.72,1.34,14.1,32.15,58.53,-26.38,87.5,100.0,0,SIMULATED
2026-08-02 17:30:00,standard,32.4,47.0,211.4,0,15.89,1.34,14.1,31.32,58.31,-26.99,87.5,100.0,0,SIMULATED
2026-08-02 17:45:00,standard,32.22,47.8,159.3,0,14.95,1.34,14.1,30.38,58.1,-27.72,87.5,100.0,0,SIMULATED
2026-08-02 18:00:00,standard,32.03,48.7,106.5,0,13.99,1.34,14.1,29.43,57.87,-28.44,87.5,100.0,0,SIMULATED
2026-08-02 18:15:00,standard,31.83,49.6,53.4,0,13.06,1.34,14.1,28.49,57.62,-29.13,87.5,100.0,0,SIMULATED
2026-08-02 18:30:00,standard,31.62,50.5,0.0,0,12.13,1.34,14.1,27.56,57.36,-29.8,87.5,100.0,0,SIMULATED
2026-08-02 18:45:00,standard,31.41,51.5,0.0,0,11.84,1.34,14.1,27.26,57.1,-29.84,87.5,100.0,0,SIMULATED
2026-08-02 19:00:00,standard,31.19,52.5,0.0,0,11.57,1.34,14.1,27.01,56.82,-29.81,87.5,100.0,0,SIMULATED
2026-08-02 19:15:00,standard,30.96,53.5,0.0,0,11.31,1.34,14.1,26.75,56.51,-29.76,87.5,100.0,0,SIMULATED
2026-08-02 19:30:00,standard,30.72,54.6,0.0,0,11.04,1.34,14.1,26.48,56.24,-29.76,87.5,100.0,0,SIMULATED
2026-08-02 19:45:00,standard,30.48,55.7,0.0,0,10.78,1.34,14.1,26.21,55.93,-29.72,87.5,100.0,0,SIMULATED
2026-08-02 20:00:00,standard,30.24,56.8,0.0,0,10.23,0.06,14.1,24.39,55.64,-31.25,87.5,100.0,0,SIMULATED
2026-08-02 20:15:00,standard,30.0,57.9,0.0,0,9.99,0.06,14.1,24.15,55.34,-31.19,87.5,100.0,0,SIMULATED
2026-08-02 20:30:00,standard,29.75,59.0,0.0,0,9.77,0.06,14.1,23.93,55.02,-31.09,87.5,100.0,0,SIMULATED
2026-08-02 20:45:00,standard,29.5,60.1,0.0,0,9.54,0.06,14.1,23.7,54.7,-31.0,87.5,100.0,0,SIMULATED
2026-08-02 21:00:00,standard,29.26,61.2,0.0,0,9.32,0.06,14.1,23.48,54.42,-30.94,87.5,100.0,0,SIMULATED
2026-08-02 21:15:00,standard,29.02,62.3,0.0,0,9.13,0.06,14.1,23.29,54.1,-30.81,87.5,100.0,0,SIMULATED
2026-08-02 21:30:00,standard,28.78,63.4,0.0,0,8.94,0.06,14.1,23.1,53.8,-30.7,87.5,100.0,0,SIMULATED
2026-08-02 21:45:00,standard,28.54,64.5,0.0,0,8.73,0.06,14.1,22.89,53.49,-30.6,87.5,100.0,0,SIMULATED
2026-08-02 22:00:00,standard,28.31,65.5,0.0,0,8.56,0.06,14.1,22.72,53.22,-30.5,87.5,100.0,0,SIMULATED
2026-08-02 22:15:00,standard,28.09,66.5,0.0,0,8.38,0.06,14.1,22.54,52.94,-30.4,87.5,100.0,0,SIMULATED
2026-08-02 22:30:00,standard,27.88,67.5,0.0,0,8.22,0.06,14.1,22.38,52.82,-30.44,87.5,100.0,0,SIMULATED
2026-08-02 22:45:00,standard,27.67,68.4,0.0,0,8.08,0.06,14.1,22.24,52.82,-30.58,87.5,100.0,0,SIMULATED
2026-08-02 23:00:00,standard,27.47,69.3,0.0,0,7.91,0.06,14.1,22.07,52.82,-30.75,87.5,100.0,0,SIMULATED
2026-08-02 23:15:00,standard,27.28,70.2,0.0,0,7.77,0.06,14.1,21.93,52.82,-30.89,87.5,100.0,0,SIMULATED
2026-08-02 23:30:00,standard,27.1,71.0,0.0,0,7.66,0.06,14.1,21.82,52.82,-31.0,87.5,100.0,0,SIMULATED
2026-08-02 23:45:00,standard,26.93,71.8,0.0,0,7.52,0.06,14.1,21.68,52.82,-31.14,87.5,100.0,0,SIMULATED
2026-08-03 00:00:00,standard,26.77,72.5,0.0,0,7.4,0.06,14.1,21.56,52.82,-31.26,87.5,100.0,0,SIMULATED
2026-08-03 00:15:00,standard,26.63,73.1,0.0,0,7.32,0.06,14.1,21.48,52.82,-31.34,87.5,100.0,0,SIMULATED
2026-08-03 00:30:00,standard,26.5,73.7,0.0,0,7.21,0.06,14.1,21.37,52.82,-31.45,87.5,100.0,0,SIMULATED
2026-08-03 00:45:00,standard,26.39,74.2,0.0,0,7.15,0.06,14.1,21.31,52.82,-31.51,87.5,100.0,0,SIMULATED
2026-08-03 01:00:00,standard,26.29,74.7,0.0,0,7.08,0.06,14.1,21.24,52.82,-31.58,87.5,100.0,0,SIMULATED
2026-08-03 01:15:00,standard,26.2,75.1,0.0,0,7.0,0.06,14.1,21.16,52.82,-31.66,87.5,100.0,0,SIMULATED
2026-08-03 01:30:00,standard,26.13,75.4,0.0,0,6.95,0.06,14.1,21.11,52.82,-31.71,87.5,100.0,0,SIMULATED
2026-08-03 01:45:00,standard,26.07,75.7,0.0,0,6.9,0.06,14.1,21.06,52.82,-31.76,87.5,100.0,0,SIMULATED
2026-08-03 02:00:00,standard,26.03,75.9,0.0,0,6.87,0.06,14.1,21.03,52.82,-31.79,87.5,100.0,0,SIMULATED
2026-08-03 02:15:00,standard,26.01,76.0,0.0,0,6.84,0.06,14.1,21.0,52.82,-31.82,87.5,100.0,0,SIMULATED
2026-08-03 02:30:00,standard,26.0,76.0,0.0,0,6.82,0.06,14.1,20.98,52.82,-31.84,87.5,100.0,0,SIMULATED
2026-08-03 02:45:00,standard,26.01,76.0,0.0,0,6.82,0.06,14.1,20.98,52.82,-31.84,87.5,100.0,0,SIMULATED
2026-08-03 03:00:00,standard,26.03,75.9,0.0,0,6.81,0.06,14.1,20.97,52.82,-31.85,87.5,100.0,0,SIMULATED
2026-08-03 03:15:00,standard,26.07,75.7,0.0,0,6.82,0.06,14.1,20.98,52.82,-31.84,87.5,100.0,0,SIMULATED
2026-08-03 03:30:00,standard,26.13,75.4,0.0,0,6.85,0.06,14.1,21.01,52.82,-31.81,87.5,100.0,0,SIMULATED
2026-08-03 03:45:00,standard,26.2,75.1,0.0,0,6.88,0.06,14.1,21.04,52.82,-31.78,87.5,100.0,0,SIMULATED
2026-08-03 04:00:00,standard,26.29,74.7,0.0,0,6.92,0.06,14.1,21.08,52.82,-31.74,87.5,100.0,0,SIMULATED
2026-08-03 04:15:00,standard,26.39,74.2,0.0,0,6.98,0.06,14.1,21.14,52.82,-31.68,87.5,100.0,0,SIMULATED
2026-08-03 04:30:00,standard,26.5,73.7,0.0,0,7.02,0.06,14.1,21.18,52.82,-31.64,87.5,100.0,0,SIMULATED
2026-08-03 04:45:00,standard,26.63,73.1,0.0,0,7.1,0.06,14.1,21.26,52.82,-31.56,87.5,100.0,0,SIMULATED
2026-08-03 05:00:00,standard,26.77,72.5,0.0,0,7.16,0.06,14.1,21.32,52.82,-31.5,87.5,100.0,0,SIMULATED
2026-08-03 05:15:00,standard,26.93,71.8,0.0,0,7.26,0.06,14.1,21.42,52.82,-31.4,87.5,100.0,0,SIMULATED
2026-08-03 05:30:00,standard,27.1,71.0,0.0,0,7.37,0.06,14.1,21.53,52.82,-31.29,87.5,100.0,0,SIMULATED
2026-08-03 05:45:00,standard,27.28,70.2,0.0,0,7.44,0.06,14.1,21.6,52.82,-31.22,87.5,100.0,0,SIMULATED
2026-08-03 06:00:00,standard,27.47,69.3,0.0,0,7.55,0.06,14.1,21.71,52.82,-31.11,87.5,100.0,0,SIMULATED
2026-08-03 06:15:00,standard,27.67,68.4,53.4,0,8.26,0.06,14.1,22.42,52.82,-30.4,87.5,100.0,0,SIMULATED
2026-08-03 06:30:00,standard,27.88,67.5,106.5,0,8.95,0.06,14.1,23.11,52.82,-29.71,87.5,100.0,0,SIMULATED
2026-08-03 06:45:00,standard,28.09,66.5,159.3,0,9.65,0.06,14.1,23.81,52.94,-29.13,87.5,100.0,0,SIMULATED
2026-08-03 07:00:00,standard,28.31,65.5,211.4,0,10.65,1.34,14.1,26.1,53.22,-27.12,87.5,100.0,0,SIMULATED
2026-08-03 07:15:00,standard,28.54,64.5,262.7,0,11.35,1.34,14.1,26.8,53.49,-26.69,87.5,100.0,0,SIMULATED
2026-08-03 07:30:00,standard,28.78,63.4,312.9,0,12.06,1.34,14.1,27.49,53.8,-26.31,87.5,100.0,0,SIMULATED
2026-08-03 07:45:00,standard,29.02,62.3,361.9,0,12.75,1.34,14.1,28.19,54.1,-25.91,87.5,100.0,0,SIMULATED
2026-08-03 08:00:00,standard,29.26,61.2,409.5,3,13.63,1.67,14.1,29.39,54.42,-25.03,87.5,100.0,0,SIMULATED
2026-08-03 08:15:00,standard,29.5,60.1,455.5,6,14.7,3.03,14.1,31.82,54.7,-22.88,87.5,100.0,0,SIMULATED
2026-08-03 08:30:00,standard,29.75,59.0,499.6,12,15.73,3.81,14.1,33.63,55.02,-21.39,87.5,100.0,0,SIMULATED
2026-08-03 08:45:00,standard,30.0,57.9,541.8,18,16.73,4.91,14.1,35.74,55.34,-19.6,87.5,100.0,0,SIMULATED
2026-08-03 09:00:00,standard,30.24,56.8,581.9,44,17.44,5.82,14.1,37.36,55.64,-18.28,87.5,100.0,0,SIMULATED
2026-08-03 09:15:00,standard,30.48,55.7,619.6,47,17.66,5.82,14.1,37.58,55.93,-18.35,87.5,100.0,0,SIMULATED
2026-08-03 09:30:00,standard,30.72,54.6,654.9,69,18.25,6.42,14.1,38.77,56.24,-17.47,87.5,100.0,0,SIMULATED
2026-08-03 09:45:00,standard,30.96,53.5,687.7,69,18.46,6.42,14.1,38.98,56.51,-17.53,87.5,100.0,0,SIMULATED
2026-08-03 10:00:00,standard,31.19,52.5,717.7,76,18.7,6.24,14.1,39.04,56.82,-17.78,87.5,100.0,0,SIMULATED
2026-08-03 10:15:00,standard,31.41,51.5,744.9,79,18.85,6.24,14.1,39.19,57.1,-17.91,87.5,100.0,0,SIMULATED
2026-08-03 10:30:00,standard,31.62,50.5,769.1,71,18.54,5.64,14.1,38.28,57.36,-19.08,87.5,100.0,0,SIMULATED
2026-08-03 10:45:00,standard,31.83,49.6,790.3,72,18.7,5.64,14.1,38.44,57.62,-19.18,87.5,100.0,0,SIMULATED
2026-08-03 11:00:00,standard,32.03,48.7,808.4,75,18.9,5.82,14.1,38.82,57.87,-19.05,87.5,100.0,0,SIMULATED
2026-08-03 11:15:00,standard,32.22,47.8,823.3,71,18.86,5.82,14.1,38.78,58.1,-19.32,87.5,100.0,0,SIMULATED
2026-08-03 11:30:00,standard,32.4,47.0,834.9,80,19.38,6.42,14.1,39.9,58.31,-18.41,87.5,100.0,0,SIMULATED
2026-08-03 11:45:00,standard,32.57,46.2,843.3,66,18.86,5.82,14.1,38.78,58.53,-19.75,87.5,100.0,0,SIMULATED
2026-08-03 12:00:00,standard,32.73,45.5,848.3,92,19.87,6.6,14.1,40.57,58.74,-18.17,87.5,100.0,0,SIMULATED
2026-08-03 12:15:00,standard,32.87,44.9,850.0,92,19.96,6.6,14.1,40.66,58.92,-18.26,87.5,100.0,0,SIMULATED
2026-08-03 12:30:00,standard,33.0,44.3,848.3,71,19.55,6.0,14.1,39.65,59.07,-19.42,87.5,100.0,0,SIMULATED
2026-08-03 12:45:00,standard,33.11,43.8,843.3,72,19.64,6.0,14.1,39.74,59.22,-19.48,87.5,100.0,0,SIMULATED
2026-08-03 13:00:00,standard,33.21,43.3,834.9,67,19.69,6.0,14.1,39.79,59.34,-19.55,87.5,100.0,0,SIMULATED
2026-08-03 13:15:00,standard,33.3,42.9,823.3,65,19.74,6.0,14.1,39.84,59.46,-19.62,87.5,100.0,0,SIMULATED
2026-08-03 13:30:00,standard,33.37,42.6,808.4,75,20.18,6.6,14.1,40.88,59.54,-18.66,87.5,100.0,0,SIMULATED
2026-08-03 13:45:00,standard,33.43,42.3,790.3,75,20.25,6.6,14.1,40.95,59.62,-18.67,87.5,100.0,0,SIMULATED
2026-08-03 14:00:00,standard,33.47,42.1,769.1,73,19.68,6.5,14.1,40.28,59.67,-19.39,75.0,100.0,1,SIMULATED
2026-08-03 14:15:00,standard,33.49,42.0,744.9,72,19.64,6.5,14.1,40.24,59.7,-19.46,75.0,100.0,1,SIMULATED
2026-08-03 14:30:00,standard,33.5,42.0,717.7,70,19.62,6.5,14.1,40.22,59.7,-19.48,62.5,100.0,1,SIMULATED
2026-08-03 14:45:00,standard,33.49,42.0,687.7,72,19.64,6.5,14.1,40.24,59.7,-19.46,62.5,100.0,1,SIMULATED
2026-08-03 15:00:00,standard,33.47,42.1,654.9,71,19.45,5.82,14.1,39.37,59.67,-20.3,62.5,100.0,0,SIMULATED
2026-08-03 15:15:00,standard,33.43,42.3,619.6,70,19.43,5.82,14.1,39.35,59.62,-20.27,62.5,100.0,0,SIMULATED
2026-08-03 15:30:00,standard,33.37,42.6,581.9,69,19.38,6.0,14.1,39.48,59.54,-20.06,62.5,100.0,0,SIMULATED
2026-08-03 15:45:00,standard,33.3,42.9,541.8,72,19.41,6.0,14.1,39.51,59.46,-19.95,62.5,100.0,0,SIMULATED
2026-08-03 16:00:00,standard,33.21,43.3,499.6,70,19.36,6.0,14.1,39.46,59.34,-19.88,62.5,100.0,0,SIMULATED
2026-08-03 16:15:00,standard,33.11,43.8,455.5,72,19.29,6.0,14.1,39.39,59.22,-19.83,62.5,100.0,0,SIMULATED
2026-08-03 16:30:00,standard,33.0,44.3,409.5,78,19.64,6.6,14.1,40.34,59.07,-18.73,62.5,100.0,0,SIMULATED
2026-08-03 16:45:00,standard,32.87,44.9,361.9,80,19.6,6.6,14.1,40.3,58.92,-18.62,62.5,100.0,0,SIMULATED
2026-08-03 17:00:00,standard,32.73,45.5,312.9,67,18.96,6.6,14.1,39.66,58.74,-19.08,62.5,100.0,0,SIMULATED
2026-08-03 17:15:00,standard,32.57,46.2,262.7,66,18.64,6.6,14.1,39.34,58.53,-19.19,62.5,100.0,0,SIMULATED
2026-08-03 17:30:00,standard,32.4,47.0,211.4,58,17.95,6.0,14.1,38.05,58.31,-20.26,62.5,100.0,0,SIMULATED
2026-08-03 17:45:00,standard,32.22,47.8,159.3,55,17.69,6.0,14.1,37.79,58.1,-20.31,62.5,100.0,0,SIMULATED
2026-08-03 18:00:00,standard,32.03,48.7,106.5,53,17.41,6.0,14.1,37.51,57.87,-20.36,62.5,100.0,0,SIMULATED
2026-08-03 18:15:00,standard,31.83,49.6,53.4,50,17.12,6.0,14.1,37.22,57.62,-20.4,75.0,100.0,0,SIMULATED
2026-08-03 18:30:00,standard,31.62,50.5,0.0,39,16.41,5.09,14.1,35.6,57.36,-21.76,87.5,100.0,0,SIMULATED
2026-08-03 18:45:00,standard,31.41,51.5,0.0,34,16.0,5.09,14.1,35.19,57.1,-21.91,87.5,100.0,0,SIMULATED
2026-08-03 19:00:00,standard,31.19,52.5,0.0,22,15.15,3.98,14.1,33.23,56.82,-23.59,87.5,100.0,0,SIMULATED
2026-08-03 19:15:00,standard,30.96,53.5,0.0,16,14.77,3.98,14.1,32.85,56.51,-23.66,87.5,100.0,0,SIMULATED
2026-08-03 19:30:00,standard,30.72,54.6,0.0,11,13.86,2.62,14.1,30.58,56.24,-25.66,87.5,100.0,0,SIMULATED
2026-08-03 19:45:00,standard,30.48,55.7,0.0,8,13.33,2.62,14.1,30.05,55.93,-25.88,87.5,100.0,0,SIMULATED
2026-08-03 20:00:00,standard,30.24,56.8,0.0,5,12.59,1.6,14.1,28.29,55.64,-27.35,87.5,100.0,0,SIMULATED
2026-08-03 20:15:00,standard,30.0,57.9,0.0,3,12.12,1.6,14.1,27.82,55.34,-27.52,87.5,100.0,0,SIMULATED
2026-08-03 20:30:00,standard,29.75,59.0,0.0,0,11.34,0.24,14.1,25.68,55.02,-29.34,87.5,100.0,0,SIMULATED
2026-08-03 20:45:00,standard,29.5,60.1,0.0,0,10.99,0.24,14.1,25.33,54.7,-29.37,87.5,100.0,0,SIMULATED
2026-08-03 21:00:00,standard,29.26,61.2,0.0,0,10.66,0.24,14.1,25.0,54.42,-29.42,87.5,100.0,0,SIMULATED
2026-08-03 21:15:00,standard,29.02,62.3,0.0,0,10.34,0.24,14.1,24.68,54.1,-29.42,87.5,100.0,0,SIMULATED
2026-08-03 21:30:00,standard,28.78,63.4,0.0,0,10.06,0.24,14.1,24.4,53.8,-29.4,87.5,100.0,0,SIMULATED
2026-08-03 21:45:00,standard,28.54,64.5,0.0,0,9.77,0.24,14.1,24.11,53.49,-29.38,87.5,100.0,0,SIMULATED
2026-08-03 22:00:00,standard,28.31,65.5,0.0,0,9.51,0.24,14.1,23.85,53.22,-29.37,87.5,100.0,0,SIMULATED
2026-08-03 22:15:00,standard,28.09,66.5,0.0,0,9.23,0.24,14.1,23.57,52.94,-29.37,87.5,100.0,0,SIMULATED
2026-08-03 22:30:00,standard,27.88,67.5,0.0,0,9.01,0.24,14.1,23.35,52.82,-29.47,87.5,100.0,0,SIMULATED
2026-08-03 22:45:00,standard,27.67,68.4,0.0,0,8.81,0.24,14.1,23.15,52.82,-29.67,87.5,100.0,0,SIMULATED
2026-08-03 23:00:00,standard,27.47,69.3,0.0,0,8.6,0.24,14.1,22.94,52.82,-29.88,87.5,100.0,0,SIMULATED
2026-08-03 23:15:00,standard,27.28,70.2,0.0,0,8.4,0.24,14.1,22.74,52.82,-30.08,87.5,100.0,0,SIMULATED
2026-08-03 23:30:00,standard,27.1,71.0,0.0,0,8.24,0.24,14.1,22.58,52.82,-30.24,87.5,100.0,0,SIMULATED
2026-08-03 23:45:00,standard,26.93,71.8,0.0,0,8.07,0.24,14.1,22.41,52.82,-30.41,87.5,100.0,0,SIMULATED
2026-08-04 00:00:00,standard,26.77,72.5,0.0,0,7.9,0.24,14.1,22.24,52.82,-30.58,87.5,100.0,0,SIMULATED
2026-08-04 00:15:00,standard,26.63,73.1,0.0,0,7.79,0.24,14.1,22.13,52.82,-30.69,87.5,100.0,0,SIMULATED
2026-08-04 00:30:00,standard,26.5,73.7,0.0,0,7.65,0.24,14.1,21.99,52.82,-30.83,87.5,100.0,0,SIMULATED
2026-08-04 00:45:00,standard,26.39,74.2,0.0,0,7.55,0.24,14.1,21.89,52.82,-30.93,87.5,100.0,0,SIMULATED
2026-08-04 01:00:00,standard,26.29,74.7,0.0,0,7.45,0.24,14.1,21.79,52.82,-31.03,87.5,100.0,0,SIMULATED
2026-08-04 01:15:00,standard,26.2,75.1,0.0,0,7.35,0.24,14.1,21.69,52.82,-31.13,87.5,100.0,0,SIMULATED
2026-08-04 01:30:00,standard,26.13,75.4,0.0,0,7.28,0.24,14.1,21.62,52.82,-31.2,87.5,100.0,0,SIMULATED
2026-08-04 01:45:00,standard,26.07,75.7,0.0,0,7.2,0.24,14.1,21.54,52.82,-31.28,87.5,100.0,0,SIMULATED
2026-08-04 02:00:00,standard,26.03,75.9,0.0,0,7.15,0.24,14.1,21.49,52.82,-31.33,87.5,100.0,0,SIMULATED
2026-08-04 02:15:00,standard,26.01,76.0,0.0,0,7.11,0.24,14.1,21.45,52.82,-31.37,87.5,100.0,0,SIMULATED
2026-08-04 02:30:00,standard,26.0,76.0,0.0,0,7.08,0.24,14.1,21.42,52.82,-31.4,87.5,100.0,0,SIMULATED
2026-08-04 02:45:00,standard,26.01,76.0,0.0,0,7.06,0.24,14.1,21.4,52.82,-31.42,87.5,100.0,0,SIMULATED
2026-08-04 03:00:00,standard,26.03,75.9,0.0,0,7.04,0.24,14.1,21.38,52.82,-31.44,87.5,100.0,0,SIMULATED
2026-08-04 03:15:00,standard,26.07,75.7,0.0,0,7.03,0.24,14.1,21.37,52.82,-31.45,87.5,100.0,0,SIMULATED
2026-08-04 03:30:00,standard,26.13,75.4,0.0,0,7.05,0.24,14.1,21.39,52.82,-31.43,87.5,100.0,0,SIMULATED
2026-08-04 03:45:00,standard,26.2,75.1,0.0,0,7.07,0.24,14.1,21.41,52.82,-31.41,87.5,100.0,0,SIMULATED
2026-08-04 04:00:00,standard,26.29,74.7,0.0,0,7.11,0.24,14.1,21.45,52.82,-31.37,87.5,100.0,0,SIMULATED
2026-08-04 04:15:00,standard,26.39,74.2,0.0,0,7.14,0.24,14.1,21.48,52.82,-31.34,87.5,100.0,0,SIMULATED
2026-08-04 04:30:00,standard,26.5,73.7,0.0,0,7.18,0.24,14.1,21.52,52.82,-31.3,87.5,100.0,0,SIMULATED
2026-08-04 04:45:00,standard,26.63,73.1,0.0,0,7.24,0.24,14.1,21.58,52.82,-31.24,87.5,100.0,0,SIMULATED
2026-08-04 05:00:00,standard,26.77,72.5,0.0,0,7.28,0.24,14.1,21.62,52.82,-31.2,87.5,100.0,0,SIMULATED
2026-08-04 05:15:00,standard,26.93,71.8,0.0,0,7.36,0.24,14.1,21.7,52.82,-31.12,87.5,100.0,0,SIMULATED
2026-08-04 05:30:00,standard,27.1,71.0,0.0,0,7.46,0.24,14.1,21.8,52.82,-31.02,87.5,100.0,0,SIMULATED
2026-08-04 05:45:00,standard,27.28,70.2,0.0,0,7.53,0.24,14.1,21.87,52.82,-30.95,87.5,100.0,0,SIMULATED
2026-08-04 06:00:00,standard,27.47,69.3,0.0,0,7.63,0.24,14.1,21.97,52.82,-30.85,87.5,100.0,0,SIMULATED
2026-08-04 06:15:00,standard,27.67,68.4,53.4,0,8.32,0.24,14.1,22.66,52.82,-30.16,87.5,100.0,0,SIMULATED
2026-08-04 06:30:00,standard,27.88,67.5,106.5,0,9.01,0.24,14.1,23.35,52.82,-29.47,87.5,100.0,0,SIMULATED
2026-08-04 06:45:00,standard,28.09,66.5,159.3,0,9.7,0.24,14.1,24.04,52.94,-28.9,87.5,100.0,0,SIMULATED
2026-08-04 07:00:00,standard,28.31,65.5,211.4,0,10.7,1.52,14.1,26.33,53.22,-26.89,87.5,100.0,0,SIMULATED
2026-08-04 07:15:00,standard,28.54,64.5,262.7,0,11.4,1.52,14.1,27.03,53.49,-26.46,87.5,100.0,0,SIMULATED
2026-08-04 07:30:00,standard,28.78,63.4,312.9,0,12.11,1.52,14.1,27.72,53.8,-26.08,87.5,100.0,0,SIMULATED
2026-08-04 07:45:00,standard,29.02,62.3,361.9,0,12.8,1.52,14.1,28.42,54.1,-25.68,87.5,100.0,0,SIMULATED
2026-08-04 08:00:00,standard,29.26,61.2,409.5,3,13.68,1.85,14.1,29.62,54.42,-24.8,87.5,100.0,0,SIMULATED
2026-08-04 08:15:00,standard,29.5,60.1,455.5,4,14.69,3.21,14.1,31.99,54.7,-22.71,87.5,100.0,0,SIMULATED
2026-08-04 08:30:00,standard,29.75,59.0,499.6,13,15.82,3.99,14.1,33.9,55.02,-21.12,87.5,100.0,0,SIMULATED
2026-08-04 08:45:00,standard,30.0,57.9,541.8,18,16.76,5.09,14.1,35.95,55.34,-19.39,87.5,100.0,0,SIMULATED
2026-08-04 09:00:00,standard,30.24,56.8,581.9,44,17.5,6.0,14.1,37.6,55.64,-18.04,87.5,100.0,0,SIMULATED
2026-08-04 09:15:00,standard,30.48,55.7,619.6,50,17.77,6.0,14.1,37.87,55.93,-18.06,87.5,100.0,0,SIMULATED
2026-08-04 09:30:00,standard,30.72,54.6,654.9,68,18.3,6.6,14.1,39.0,56.24,-17.24,87.5,100.0,0,SIMULATED
2026-08-04 09:45:00,standard,30.96,53.5,687.7,71,18.51,6.6,14.1,39.21,56.51,-17.3,87.5,100.0,0,SIMULATED
2026-08-04 10:00:00,standard,31.19,52.5,717.7,77,18.8,6.42,14.1,39.32,56.82,-17.5,87.5,100.0,0,SIMULATED
2026-08-04 10:15:00,standard,31.41,51.5,744.9,77,18.86,6.42,14.1,39.38,57.1,-17.72,87.5,100.0,0,SIMULATED
2026-08-04 10:30:00,standard,31.62,50.5,769.1,70,18.55,5.82,14.1,38.47,57.36,-18.89,87.5,100.0,0,SIMULATED
2026-08-04 10:45:00,standard,31.83,49.6,790.3,71,18.68,5.82,14.1,38.6,57.62,-19.02,87.5,100.0,0,SIMULATED
2026-08-04 11:00:00,standard,32.03,48.7,808.4,69,18.77,5.82,14.1,38.69,57.87,-19.18,87.5,100.0,0,SIMULATED
2026-08-04 11:15:00,standard,32.22,47.8,823.3,73,18.88,5.82,14.1,38.8,58.1,-19.3,87.5,100.0,0,SIMULATED
2026-08-04 11:30:00,standard,32.4,47.0,834.9,83,19.44,6.42,14.1,39.96,58.31,-18.35,87.5,100.0,0,SIMULATED
2026-08-04 11:45:00,standard,32.57,46.2,843.3,68,18.89,5.82,14.1,38.81,58.53,-19.72,87.5,100.0,0,SIMULATED
2026-08-04 12:00:00,standard,32.73,45.5,848.3,93,19.87,6.6,14.1,40.57,58.74,-18.17,87.5,100.0,0,SIMULATED
2026-08-04 12:15:00,standard,32.87,44.9,850.0,92,19.93,6.6,14.1,40.63,58.92,-18.29,87.5,100.0,0,SIMULATED
2026-08-04 12:30:00,standard,33.0,44.3,848.3,70,19.55,6.0,14.1,39.65,59.07,-19.42,87.5,100.0,0,SIMULATED
2026-08-04 12:45:00,standard,33.11,43.8,843.3,72,19.64,6.0,14.1,39.74,59.22,-19.48,87.5,100.0,0,SIMULATED
2026-08-04 13:00:00,standard,33.21,43.3,834.9,66,19.73,6.0,14.1,39.83,59.34,-19.51,87.5,100.0,0,SIMULATED
2026-08-04 13:15:00,standard,33.3,42.9,823.3,66,19.7,6.0,14.1,39.8,59.46,-19.66,87.5,100.0,0,SIMULATED
2026-08-04 13:30:00,standard,33.37,42.6,808.4,75,20.18,6.6,14.1,40.88,59.54,-18.66,87.5,100.0,0,SIMULATED
2026-08-04 13:45:00,standard,33.43,42.3,790.3,71,20.15,6.6,14.1,40.85,59.62,-18.77,87.5,100.0,0,SIMULATED
2026-08-04 14:00:00,standard,33.47,42.1,769.1,71,19.64,6.5,14.1,40.24,59.67,-19.43,75.0,100.0,1,SIMULATED
2026-08-04 14:15:00,standard,33.49,42.0,744.9,71,19.61,6.5,14.1,40.21,59.7,-19.49,75.0,100.0,1,SIMULATED
2026-08-04 14:30:00,standard,33.5,42.0,717.7,70,19.58,6.5,14.1,40.18,59.7,-19.52,62.5,100.0,1,SIMULATED
2026-08-04 14:45:00,standard,33.49,42.0,687.7,71,19.64,6.5,14.1,40.24,59.7,-19.46,62.5,100.0,1,SIMULATED
2026-08-04 15:00:00,standard,33.47,42.1,654.9,70,19.42,5.82,14.1,39.34,59.67,-20.33,62.5,100.0,0,SIMULATED
2026-08-04 15:15:00,standard,33.43,42.3,619.6,73,19.47,5.82,14.1,39.39,59.62,-20.23,62.5,100.0,0,SIMULATED
2026-08-04 15:30:00,standard,33.37,42.6,581.9,71,19.38,6.0,14.1,39.48,59.54,-20.06,62.5,100.0,0,SIMULATED
2026-08-04 15:45:00,standard,33.3,42.9,541.8,69,19.38,6.0,14.1,39.48,59.46,-19.98,62.5,100.0,0,SIMULATED
2026-08-04 16:00:00,standard,33.21,43.3,499.6,70,19.33,6.0,14.1,39.43,59.34,-19.91,62.5,100.0,0,SIMULATED
2026-08-04 16:15:00,standard,33.11,43.8,455.5,70,19.26,6.0,14.1,39.36,59.22,-19.86,62.5,100.0,0,SIMULATED
2026-08-04 16:30:00,standard,33.0,44.3,409.5,79,19.67,6.6,14.1,40.37,59.07,-18.7,62.5,100.0,0,SIMULATED
2026-08-04 16:45:00,standard,32.87,44.9,361.9,79,19.58,6.6,14.1,40.28,58.92,-18.64,62.5,100.0,0,SIMULATED
2026-08-04 17:00:00,standard,32.73,45.5,312.9,66,18.93,6.6,14.1,39.63,58.74,-19.11,62.5,100.0,0,SIMULATED
2026-08-04 17:15:00,standard,32.57,46.2,262.7,68,18.7,6.6,14.1,39.4,58.53,-19.13,62.5,100.0,0,SIMULATED
2026-08-04 17:30:00,standard,32.4,47.0,211.4,59,17.95,6.0,14.1,38.05,58.31,-20.26,62.5,100.0,0,SIMULATED
2026-08-04 17:45:00,standard,32.22,47.8,159.3,55,17.66,6.0,14.1,37.76,58.1,-20.34,62.5,100.0,0,SIMULATED
2026-08-04 18:00:00,standard,32.03,48.7,106.5,53,17.4,6.0,14.1,37.5,57.87,-20.37,62.5,100.0,0,SIMULATED
2026-08-04 18:15:00,standard,31.83,49.6,53.4,48,17.09,6.0,14.1,37.19,57.62,-20.43,75.0,100.0,0,SIMULATED
2026-08-04 18:30:00,standard,31.62,50.5,0.0,39,16.4,5.09,14.1,35.59,57.36,-21.77,87.5,100.0,0,SIMULATED
2026-08-04 18:45:00,standard,31.41,51.5,0.0,34,16.02,5.09,14.1,35.21,57.1,-21.89,87.5,100.0,0,SIMULATED
2026-08-04 19:00:00,standard,31.19,52.5,0.0,22,15.16,3.98,14.1,33.24,56.82,-23.58,87.5,100.0,0,SIMULATED
2026-08-04 19:15:00,standard,30.96,53.5,0.0,15,14.72,3.98,14.1,32.8,56.51,-23.71,87.5,100.0,0,SIMULATED
2026-08-04 19:30:00,standard,30.72,54.6,0.0,10,13.86,2.62,14.1,30.58,56.24,-25.66,87.5,100.0,0,SIMULATED
2026-08-04 19:45:00,standard,30.48,55.7,0.0,8,13.36,2.62,14.1,30.08,55.93,-25.85,87.5,100.0,0,SIMULATED
2026-08-04 20:00:00,standard,30.24,56.8,0.0,5,12.62,1.6,14.1,28.32,55.64,-27.32,87.5,100.0,0,SIMULATED
2026-08-04 20:15:00,standard,30.0,57.9,0.0,3,12.15,1.6,14.1,27.85,55.34,-27.49,87.5,100.0,0,SIMULATED
2026-08-04 20:30:00,standard,29.75,59.0,0.0,0,11.37,0.24,14.1,25.71,55.02,-29.31,87.5,100.0,0,SIMULATED
2026-08-04 20:45:00,standard,29.5,60.1,0.0,0,11.02,0.24,14.1,25.36,54.7,-29.34,87.5,100.0,0,SIMULATED
2026-08-04 21:00:00,standard,29.26,61.2,0.0,0,10.69,0.24,14.1,25.03,54.42,-29.39,87.5,100.0,0,SIMULATED
2026-08-04 21:15:00,standard,29.02,62.3,0.0,0,10.36,0.24,14.1,24.7,54.1,-29.4,87.5,100.0,0,SIMULATED
2026-08-04 21:30:00,standard,28.78,63.4,0.0,0,10.09,0.24,14.1,24.43,53.8,-29.37,87.5,100.0,0,SIMULATED
2026-08-04 21:45:00,standard,28.54,64.5,0.0,0,9.79,0.24,14.1,24.13,53.49,-29.36,87.5,100.0,0,SIMULATED
2026-08-04 22:00:00,standard,28.31,65.5,0.0,0,9.53,0.24,14.1,23.87,53.22,-29.35,87.5,100.0,0,SIMULATED
2026-08-04 22:15:00,standard,28.09,66.5,0.0,0,9.25,0.24,14.1,23.59,52.94,-29.35,87.5,100.0,0,SIMULATED
2026-08-04 22:30:00,standard,27.88,67.5,0.0,0,9.03,0.24,14.1,23.37,52.82,-29.45,87.5,100.0,0,SIMULATED
2026-08-04 22:45:00,standard,27.67,68.4,0.0,0,8.83,0.24,14.1,23.17,52.82,-29.65,87.5,100.0,0,SIMULATED
2026-08-04 23:00:00,standard,27.47,69.3,0.0,0,8.61,0.24,14.1,22.95,52.82,-29.87,87.5,100.0,0,SIMULATED
2026-08-04 23:15:00,standard,27.28,70.2,0.0,0,8.42,0.24,14.1,22.76,52.82,-30.06,87.5,100.0,0,SIMULATED
2026-08-04 23:30:00,standard,27.1,71.0,0.0,0,8.26,0.24,14.1,22.6,52.82,-30.22,87.5,100.0,0,SIMULATED
2026-08-04 23:45:00,standard,26.93,71.8,0.0,0,8.09,0.24,14.1,22.43,52.82,-30.39,87.5,100.0,0,SIMULATED
2026-08-05 00:00:00,standard,26.77,72.5,0.0,0,7.91,0.24,14.1,22.25,52.82,-30.57,87.5,100.0,0,SIMULATED
2026-08-05 00:15:00,standard,26.63,73.1,0.0,0,7.8,0.24,14.1,22.14,52.82,-30.68,87.5,100.0,0,SIMULATED
2026-08-05 00:30:00,standard,26.5,73.7,0.0,0,7.66,0.24,14.1,22.0,52.82,-30.82,87.5,100.0,0,SIMULATED
2026-08-05 00:45:00,standard,26.39,74.2,0.0,0,7.56,0.24,14.1,21.9,52.82,-30.92,87.5,100.0,0,SIMULATED
2026-08-05 01:00:00,standard,26.29,74.7,0.0,0,7.46,0.24,14.1,21.8,52.82,-31.02,87.5,100.0,0,SIMULATED
2026-08-05 01:15:00,standard,26.2,75.1,0.0,0,7.36,0.24,14.1,21.7,52.82,-31.12,87.5,100.0,0,SIMULATED
2026-08-05 01:30:00,standard,26.13,75.4,0.0,0,7.29,0.24,14.1,21.63,52.82,-31.19,87.5,100.0,0,SIMULATED
2026-08-05 01:45:00,standard,26.07,75.7,0.0,0,7.21,0.24,14.1,21.55,52.82,-31.27,87.5,100.0,0,SIMULATED
2026-08-05 02:00:00,standard,26.03,75.9,0.0,0,7.16,0.24,14.1,21.5,52.82,-31.32,87.5,100.0,0,SIMULATED
2026-08-05 02:15:00,standard,26.01,76.0,0.0,0,7.12,0.24,14.1,21.46,52.82,-31.36,87.5,100.0,0,SIMULATED
2026-08-05 02:30:00,standard,26.0,76.0,0.0,0,7.09,0.24,14.1,21.43,52.82,-31.39,87.5,100.0,0,SIMULATED
2026-08-05 02:45:00,standard,26.01,76.0,0.0,0,7.07,0.24,14.1,21.41,52.82,-31.41,87.5,100.0,0,SIMULATED
2026-08-05 03:00:00,standard,26.03,75.9,0.0,0,7.05,0.24,14.1,21.39,52.82,-31.43,87.5,100.0,0,SIMULATED
2026-08-05 03:15:00,standard,26.07,75.7,0.0,0,7.04,0.24,14.1,21.38,52.82,-31.44,87.5,100.0,0,SIMULATED
2026-08-05 03:30:00,standard,26.13,75.4,0.0,0,7.06,0.24,14.1,21.4,52.82,-31.42,87.5,100.0,0,SIMULATED
2026-08-05 03:45:00,standard,26.2,75.1,0.0,0,7.08,0.24,14.1,21.42,52.82,-31.4,87.5,100.0,0,SIMULATED
2026-08-05 04:00:00,standard,26.29,74.7,0.0,0,7.12,0.24,14.1,21.46,52.82,-31.36,87.5,100.0,0,SIMULATED
2026-08-05 04:15:00,standard,26.39,74.2,0.0,0,7.15,0.24,14.1,21.49,52.82,-31.33,87.5,100.0,0,SIMULATED
2026-08-05 04:30:00,standard,26.5,73.7,0.0,0,7.19,0.24,14.1,21.53,52.82,-31.29,87.5,100.0,0,SIMULATED
2026-08-05 04:45:00,standard,26.63,73.1,0.0,0,7.25,0.24,14.1,21.59,52.82,-31.23,87.5,100.0,0,SIMULATED
2026-08-05 05:00:00,standard,26.77,72.5,0.0,0,7.29,0.24,14.1,21.63,52.82,-31.19,87.5,100.0,0,SIMULATED
2026-08-05 05:15:00,standard,26.93,71.8,0.0,0,7.37,0.24,14.1,21.71,52.82,-31.11,87.5,100.0,0,SIMULATED
2026-08-05 05:30:00,standard,27.1,71.0,0.0,0,7.47,0.24,14.1,21.81,52.82,-31.01,87.5,100.0,0,SIMULATED
2026-08-05 05:45:00,standard,27.28,70.2,0.0,0,7.54,0.24,14.1,21.88,52.82,-30.94,87.5,100.0,0,SIMULATED
2026-08-05 06:00:00,standard,27.47,69.3,0.0,0,7.63,0.24,14.1,21.97,52.82,-30.85,87.5,100.0,0,SIMULATED
2026-08-05 06:15:00,standard,27.67,68.4,53.4,0,8.33,0.24,14.1,22.67,52.82,-30.15,87.5,100.0,0,SIMULATED
2026-08-05 06:30:00,standard,27.88,67.5,106.5,0,9.02,0.24,14.1,23.36,52.82,-29.46,87.5,100.0,0,SIMULATED
2026-08-05 06:45:00,standard,28.09,66.5,159.3,0,9.71,0.24,14.1,24.05,52.94,-28.89,87.5,100.0,0,SIMULATED
2026-08-05 07:00:00,standard,28.31,65.5,211.4,0,10.7,1.52,14.1,26.33,53.22,-26.89,87.5,100.0,0,SIMULATED
2026-08-05 07:15:00,standard,28.54,64.5,262.7,0,11.4,1.52,14.1,27.03,53.49,-26.46,87.5,100.0,0,SIMULATED
2026-08-05 07:30:00,standard,28.78,63.4,312.9,0,12.11,1.52,14.1,27.72,53.8,-26.08,87.5,100.0,0,SIMULATED
2026-08-05 07:45:00,standard,29.02,62.3,361.9,0,12.8,1.52,14.1,28.42,54.1,-25.68,87.5,100.0,0,SIMULATED
2026-08-05 08:00:00,standard,29.26,61.2,409.5,3,13.68,1.85,14.1,29.62,54.42,-24.8,87.5,100.0,0,SIMULATED
2026-08-05 08:15:00,standard,29.5,60.1,455.5,6,14.76,3.21,14.1,32.06,54.7,-22.64,87.5,100.0,0,SIMULATED
2026-08-05 08:30:00,standard,29.75,59.0,499.6,12,15.78,3.99,14.1,33.86,55.02,-21.16,87.5,100.0,0,SIMULATED
2026-08-05 08:45:00,standard,30.0,57.9,541.8,18,16.76,5.09,14.1,35.95,55.34,-19.39,87.5,100.0,0,SIMULATED
2026-08-05 09:00:00,standard,30.24,56.8,581.9,45,17.53,6.0,14.1,37.63,55.64,-18.01,87.5,100.0,0,SIMULATED
2026-08-05 09:15:00,standard,30.48,55.7,619.6,45,17.67,6.0,14.1,37.77,55.93,-18.16,87.5,100.0,0,SIMULATED
2026-08-05 09:30:00,standard,30.72,54.6,654.9,69,18.3,6.6,14.1,39.0,56.24,-17.24,87.5,100.0,0,SIMULATED
2026-08-05 09:45:00,standard,30.96,53.5,687.7,70,18.47,6.6,14.1,39.17,56.51,-17.34,87.5,100.0,0,SIMULATED
2026-08-05 10:00:00,standard,31.19,52.5,717.7,77,18.77,6.42,14.1,39.29,56.82,-17.53,87.5,100.0,0,SIMULATED
2026-08-05 10:15:00,standard,31.41,51.5,744.9,79,18.89,6.42,14.1,39.41,57.1,-17.69,87.5,100.0,0,SIMULATED
2026-08-05 10:30:00,standard,31.62,50.5,769.1,70,18.58,5.82,14.1,38.5,57.36,-18.86,87.5,100.0,0,SIMULATED
2026-08-05 10:45:00,standard,31.83,49.6,790.3,70,18.68,5.82,14.1,38.6,57.62,-19.02,87.5,100.0,0,SIMULATED
2026-08-05 11:00:00,standard,32.03,48.7,808.4,70,18.8,5.82,14.1,38.72,57.87,-19.15,87.5,100.0,0,SIMULATED
2026-08-05 11:15:00,standard,32.22,47.8,823.3,73,18.89,5.82,14.1,38.81,58.1,-19.29,87.5,100.0,0,SIMULATED
2026-08-05 11:30:00,standard,32.4,47.0,834.9,80,19.38,6.42,14.1,39.9,58.31,-18.41,87.5,100.0,0,SIMULATED
2026-08-05 11:45:00,standard,32.57,46.2,843.3,67,18.89,5.82,14.1,38.81,58.53,-19.72,87.5,100.0,0,SIMULATED
2026-08-05 12:00:00,standard,32.73,45.5,848.3,90,19.87,6.6,14.1,40.57,58.74,-18.17,87.5,100.0,0,SIMULATED
2026-08-05 12:15:00,standard,32.87,44.9,850.0,91,19.96,6.6,14.1,40.66,58.92,-18.26,87.5,100.0,0,SIMULATED
2026-08-05 12:30:00,standard,33.0,44.3,848.3,74,19.62,6.0,14.1,39.72,59.07,-19.35,87.5,100.0,0,SIMULATED
2026-08-05 12:45:00,standard,33.11,43.8,843.3,74,19.71,6.0,14.1,39.81,59.22,-19.41,87.5,100.0,0,SIMULATED
2026-08-05 13:00:00,standard,33.21,43.3,834.9,65,19.69,6.0,14.1,39.79,59.34,-19.55,87.5,100.0,0,SIMULATED
2026-08-05 13:15:00,standard,33.3,42.9,823.3,66,19.77,6.0,14.1,39.87,59.46,-19.59,87.5,100.0,0,SIMULATED
2026-08-05 13:30:00,standard,33.37,42.6,808.4,71,20.14,6.6,14.1,40.84,59.54,-18.7,87.5,100.0,0,SIMULATED
2026-08-05 13:45:00,standard,33.43,42.3,790.3,76,20.27,6.6,14.1,40.97,59.62,-18.65,87.5,100.0,0,SIMULATED
2026-08-05 14:00:00,standard,33.47,42.1,769.1,71,19.61,6.5,14.1,40.21,59.67,-19.46,75.0,100.0,1,SIMULATED
2026-08-05 14:15:00,standard,33.49,42.0,744.9,72,19.64,6.5,14.1,40.24,59.7,-19.46,75.0,100.0,1,SIMULATED
2026-08-05 14:30:00,standard,33.5,42.0,717.7,71,19.62,6.5,14.1,40.22,59.7,-19.48,62.5,100.0,1,SIMULATED
2026-08-05 14:45:00,standard,33.49,42.0,687.7,73,19.64,6.5,14.1,40.24,59.7,-19.46,62.5,100.0,1,SIMULATED
2026-08-05 15:00:00,standard,33.47,42.1,654.9,73,19.48,5.82,14.1,39.4,59.67,-20.27,62.5,100.0,0,SIMULATED
2026-08-05 15:15:00,standard,33.43,42.3,619.6,73,19.5,5.82,14.1,39.42,59.62,-20.2,62.5,100.0,0,SIMULATED
2026-08-05 15:30:00,standard,33.37,42.6,581.9,70,19.41,6.0,14.1,39.51,59.54,-20.03,62.5,100.0,0,SIMULATED
2026-08-05 15:45:00,standard,33.3,42.9,541.8,71,19.38,6.0,14.1,39.48,59.46,-19.98,62.5,100.0,0,SIMULATED
2026-08-05 16:00:00,standard,33.21,43.3,499.6,71,19.36,6.0,14.1,39.46,59.34,-19.88,62.5,100.0,0,SIMULATED
2026-08-05 16:15:00,standard,33.11,43.8,455.5,69,19.29,6.0,14.1,39.39,59.22,-19.83,62.5,100.0,0,SIMULATED
2026-08-05 16:30:00,standard,33.0,44.3,409.5,80,19.71,6.6,14.1,40.41,59.07,-18.66,62.5,100.0,0,SIMULATED
2026-08-05 16:45:00,standard,32.87,44.9,361.9,81,19.64,6.6,14.1,40.34,58.92,-18.58,62.5,100.0,0,SIMULATED
2026-08-05 17:00:00,standard,32.73,45.5,312.9,67,18.98,6.6,14.1,39.68,58.74,-19.06,62.5,100.0,0,SIMULATED
2026-08-05 17:15:00,standard,32.57,46.2,262.7,66,18.63,6.6,14.1,39.33,58.53,-19.2,62.5,100.0,0,SIMULATED
2026-08-05 17:30:00,standard,32.4,47.0,211.4,59,17.97,6.0,14.1,38.07,58.31,-20.24,62.5,100.0,0,SIMULATED
2026-08-05 17:45:00,standard,32.22,47.8,159.3,54,17.65,6.0,14.1,37.75,58.1,-20.35,62.5,100.0,0,SIMULATED
2026-08-05 18:00:00,standard,32.03,48.7,106.5,50,17.33,6.0,14.1,37.43,57.87,-20.44,62.5,100.0,0,SIMULATED
2026-08-05 18:15:00,standard,31.83,49.6,53.4,47,17.06,6.0,14.1,37.16,57.62,-20.46,75.0,100.0,0,SIMULATED
2026-08-05 18:30:00,standard,31.62,50.5,0.0,41,16.43,5.09,14.1,35.62,57.36,-21.74,87.5,100.0,0,SIMULATED
2026-08-05 18:45:00,standard,31.41,51.5,0.0,35,16.01,5.09,14.1,35.2,57.1,-21.9,87.5,100.0,0,SIMULATED
2026-08-05 19:00:00,standard,31.19,52.5,0.0,21,15.13,3.98,14.1,33.21,56.82,-23.61,87.5,100.0,0,SIMULATED
2026-08-05 19:15:00,standard,30.96,53.5,0.0,17,14.78,3.98,14.1,32.86,56.51,-23.65,87.5,100.0,0,SIMULATED
2026-08-05 19:30:00,standard,30.72,54.6,0.0,10,13.84,2.62,14.1,30.56,56.24,-25.68,87.5,100.0,0,SIMULATED
2026-08-05 19:45:00,standard,30.48,55.7,0.0,8,13.34,2.62,14.1,30.06,55.93,-25.87,87.5,100.0,0,SIMULATED
2026-08-05 20:00:00,standard,30.24,56.8,0.0,5,12.6,1.6,14.1,28.3,55.64,-27.34,87.5,100.0,0,SIMULATED
2026-08-05 20:15:00,standard,30.0,57.9,0.0,3,12.13,1.6,14.1,27.83,55.34,-27.51,87.5,100.0,0,SIMULATED
2026-08-05 20:30:00,standard,29.75,59.0,0.0,0,11.35,0.24,14.1,25.69,55.02,-29.33,87.5,100.0,0,SIMULATED
2026-08-05 20:45:00,standard,29.5,60.1,0.0,0,11.0,0.24,14.1,25.34,54.7,-29.36,87.5,100.0,0,SIMULATED
2026-08-05 21:00:00,standard,29.26,61.2,0.0,0,10.67,0.24,14.1,25.01,54.42,-29.41,87.5,100.0,0,SIMULATED
2026-08-05 21:15:00,standard,29.02,62.3,0.0,0,10.35,0.24,14.1,24.69,54.1,-29.41,87.5,100.0,0,SIMULATED
2026-08-05 21:30:00,standard,28.78,63.4,0.0,0,10.07,0.24,14.1,24.41,53.8,-29.39,87.5,100.0,0,SIMULATED
2026-08-05 21:45:00,standard,28.54,64.5,0.0,0,9.77,0.24,14.1,24.11,53.49,-29.38,87.5,100.0,0,SIMULATED
2026-08-05 22:00:00,standard,28.31,65.5,0.0,0,9.52,0.24,14.1,23.86,53.22,-29.36,87.5,100.0,0,SIMULATED
2026-08-05 22:15:00,standard,28.09,66.5,0.0,0,9.24,0.24,14.1,23.58,52.94,-29.36,87.5,100.0,0,SIMULATED
2026-08-05 22:30:00,standard,27.88,67.5,0.0,0,9.02,0.24,14.1,23.36,52.82,-29.46,87.5,100.0,0,SIMULATED
2026-08-05 22:45:00,standard,27.67,68.4,0.0,0,8.82,0.24,14.1,23.16,52.82,-29.66,87.5,100.0,0,SIMULATED
2026-08-05 23:00:00,standard,27.47,69.3,0.0,0,8.61,0.24,14.1,22.95,52.82,-29.87,87.5,100.0,0,SIMULATED
2026-08-05 23:15:00,standard,27.28,70.2,0.0,0,8.41,0.24,14.1,22.75,52.82,-30.07,87.5,100.0,0,SIMULATED
2026-08-05 23:30:00,standard,27.1,71.0,0.0,0,8.25,0.24,14.1,22.59,52.82,-30.23,87.5,100.0,0,SIMULATED
2026-08-05 23:45:00,standard,26.93,71.8,0.0,0,8.08,0.24,14.1,22.42,52.82,-30.4,87.5,100.0,0,SIMULATED
2026-08-06 00:00:00,standard,26.77,72.5,0.0,0,7.91,0.24,14.1,22.25,52.82,-30.57,87.5,100.0,0,SIMULATED
2026-08-06 00:15:00,standard,26.63,73.1,0.0,0,7.8,0.24,14.1,22.14,52.82,-30.68,87.5,100.0,0,SIMULATED
2026-08-06 00:30:00,standard,26.5,73.7,0.0,0,7.66,0.24,14.1,22.0,52.82,-30.82,87.5,100.0,0,SIMULATED
2026-08-06 00:45:00,standard,26.39,74.2,0.0,0,7.56,0.24,14.1,21.9,52.82,-30.92,87.5,100.0,0,SIMULATED
2026-08-06 01:00:00,standard,26.29,74.7,0.0,0,7.46,0.24,14.1,21.8,52.82,-31.02,87.5,100.0,0,SIMULATED
2026-08-06 01:15:00,standard,26.2,75.1,0.0,0,7.36,0.24,14.1,21.7,52.82,-31.12,87.5,100.0,0,SIMULATED
2026-08-06 01:30:00,standard,26.13,75.4,0.0,0,7.29,0.24,14.1,21.63,52.82,-31.19,87.5,100.0,0,SIMULATED
2026-08-06 01:45:00,standard,26.07,75.7,0.0,0,7.21,0.24,14.1,21.55,52.82,-31.27,87.5,100.0,0,SIMULATED
2026-08-06 02:00:00,standard,26.03,75.9,0.0,0,7.16,0.24,14.1,21.5,52.82,-31.32,87.5,100.0,0,SIMULATED
2026-08-06 02:15:00,standard,26.01,76.0,0.0,0,7.12,0.24,14.1,21.46,52.82,-31.36,87.5,100.0,0,SIMULATED
2026-08-06 02:30:00,standard,26.0,76.0,0.0,0,7.09,0.24,14.1,21.43,52.82,-31.39,87.5,100.0,0,SIMULATED
2026-08-06 02:45:00,standard,26.01,76.0,0.0,0,7.07,0.24,14.1,21.41,52.82,-31.41,87.5,100.0,0,SIMULATED
2026-08-06 03:00:00,standard,26.03,75.9,0.0,0,7.05,0.24,14.1,21.39,52.82,-31.43,87.5,100.0,0,SIMULATED
2026-08-06 03:15:00,standard,26.07,75.7,0.0,0,7.04,0.24,14.1,21.38,52.82,-31.44,87.5,100.0,0,SIMULATED
2026-08-06 03:30:00,standard,26.13,75.4,0.0,0,7.06,0.24,14.1,21.4,52.82,-31.42,87.5,100.0,0,SIMULATED
2026-08-06 03:45:00,standard,26.2,75.1,0.0,0,7.08,0.24,14.1,21.42,52.82,-31.4,87.5,100.0,0,SIMULATED
2026-08-06 04:00:00,standard,26.29,74.7,0.0,0,7.12,0.24,14.1,21.46,52.82,-31.36,87.5,100.0,0,SIMULATED
2026-08-06 04:15:00,standard,26.39,74.2,0.0,0,7.15,0.24,14.1,21.49,52.82,-31.33,87.5,100.0,0,SIMULATED
2026-08-06 04:30:00,standard,26.5,73.7,0.0,0,7.19,0.24,14.1,21.53,52.82,-31.29,87.5,100.0,0,SIMULATED
2026-08-06 04:45:00,standard,26.63,73.1,0.0,0,7.25,0.24,14.1,21.59,52.82,-31.23,87.5,100.0,0,SIMULATED
2026-08-06 05:00:00,standard,26.77,72.5,0.0,0,7.29,0.24,14.1,21.63,52.82,-31.19,87.5,100.0,0,SIMULATED
2026-08-06 05:15:00,standard,26.93,71.8,0.0,0,7.37,0.24,14.1,21.71,52.82,-31.11,87.5,100.0,0,SIMULATED
2026-08-06 05:30:00,standard,27.1,71.0,0.0,0,7.47,0.24,14.1,21.81,52.82,-31.01,87.5,100.0,0,SIMULATED
2026-08-06 05:45:00,standard,27.28,70.2,0.0,0,7.54,0.24,14.1,21.88,52.82,-30.94,87.5,100.0,0,SIMULATED
2026-08-06 06:00:00,standard,27.47,69.3,0.0,0,7.63,0.24,14.1,21.97,52.82,-30.85,87.5,100.0,0,SIMULATED
2026-08-06 06:15:00,standard,27.67,68.4,53.4,0,8.33,0.24,14.1,22.67,52.82,-30.15,87.5,100.0,0,SIMULATED
2026-08-06 06:30:00,standard,27.88,67.5,106.5,0,9.02,0.24,14.1,23.36,52.82,-29.46,87.5,100.0,0,SIMULATED
2026-08-06 06:45:00,standard,28.09,66.5,159.3,0,9.71,0.24,14.1,24.05,52.94,-28.89,87.5,100.0,0,SIMULATED
2026-08-06 07:00:00,standard,28.31,65.5,211.4,0,10.7,1.52,14.1,26.33,53.22,-26.89,87.5,100.0,0,SIMULATED
2026-08-06 07:15:00,standard,28.54,64.5,262.7,0,11.4,1.52,14.1,27.03,53.49,-26.46,87.5,100.0,0,SIMULATED
2026-08-06 07:30:00,standard,28.78,63.4,312.9,0,12.11,1.52,14.1,27.72,53.8,-26.08,87.5,100.0,0,SIMULATED
2026-08-06 07:45:00,standard,29.02,62.3,361.9,0,12.8,1.52,14.1,28.42,54.1,-25.68,87.5,100.0,0,SIMULATED
2026-08-06 08:00:00,standard,29.26,61.2,409.5,3,13.68,1.85,14.1,29.62,54.42,-24.8,87.5,100.0,0,SIMULATED
2026-08-06 08:15:00,standard,29.5,60.1,455.5,5,14.73,3.21,14.1,32.03,54.7,-22.67,87.5,100.0,0,SIMULATED
2026-08-06 08:30:00,standard,29.75,59.0,499.6,14,15.85,3.99,14.1,33.93,55.02,-21.09,87.5,100.0,0,SIMULATED
2026-08-06 08:45:00,standard,30.0,57.9,541.8,20,16.82,5.09,14.1,36.01,55.34,-19.33,87.5,100.0,0,SIMULATED
2026-08-06 09:00:00,standard,30.24,56.8,581.9,46,17.53,6.0,14.1,37.63,55.64,-18.01,87.5,100.0,0,SIMULATED
2026-08-06 09:15:00,standard,30.48,55.7,619.6,48,17.74,6.0,14.1,37.84,55.93,-18.09,87.5,100.0,0,SIMULATED
2026-08-06 09:30:00,standard,30.72,54.6,654.9,70,18.3,6.6,14.1,39.0,56.24,-17.24,87.5,100.0,0,SIMULATED
2026-08-06 09:45:00,standard,30.96,53.5,687.7,70,18.5,6.6,14.1,39.2,56.51,-17.31,87.5,100.0,0,SIMULATED
2026-08-06 10:00:00,standard,31.19,52.5,717.7,75,18.73,6.42,14.1,39.25,56.82,-17.57,87.5,100.0,0,SIMULATED
2026-08-06 10:15:00,standard,31.41,51.5,744.9,77,18.83,6.42,14.1,39.35,57.1,-17.75,87.5,100.0,0,SIMULATED
2026-08-06 10:30:00,standard,31.62,50.5,769.1,69,18.58,5.82,14.1,38.5,57.36,-18.86,87.5,100.0,0,SIMULATED
2026-08-06 10:45:00,standard,31.83,49.6,790.3,71,18.65,5.82,14.1,38.57,57.62,-19.05,87.5,100.0,0,SIMULATED
2026-08-06 11:00:00,standard,32.03,48.7,808.4,73,18.83,5.82,14.1,38.75,57.87,-19.12,87.5,100.0,0,SIMULATED
2026-08-06 11:15:00,standard,32.22,47.8,823.3,73,18.92,5.82,14.1,38.84,58.1,-19.26,87.5,100.0,0,SIMULATED
2026-08-06 11:30:00,standard,32.4,47.0,834.9,79,19.35,6.42,14.1,39.87,58.31,-18.44,87.5,100.0,0,SIMULATED
2026-08-06 11:45:00,standard,32.57,46.2,843.3,68,18.96,5.82,14.1,38.88,58.53,-19.65,87.5,100.0,0,SIMULATED
2026-08-06 12:00:00,standard,32.73,45.5,848.3,93,19.9,6.6,14.1,40.6,58.74,-18.14,87.5,100.0,0,SIMULATED
2026-08-06 12:15:00,standard,32.87,44.9,850.0,95,19.99,6.6,14.1,40.69,58.92,-18.23,87.5,100.0,0,SIMULATED
2026-08-06 12:30:00,standard,33.0,44.3,848.3,72,19.58,6.0,14.1,39.68,59.07,-19.39,87.5,100.0,0,SIMULATED
2026-08-06 12:45:00,standard,33.11,43.8,843.3,69,19.58,6.0,14.1,39.68,59.22,-19.54,87.5,100.0,0,SIMULATED
2026-08-06 13:00:00,standard,33.21,43.3,834.9,68,19.76,6.0,14.1,39.86,59.34,-19.48,87.5,100.0,0,SIMULATED
2026-08-06 13:15:00,standard,33.3,42.9,823.3,66,19.74,6.0,14.1,39.84,59.46,-19.62,87.5,100.0,0,SIMULATED
2026-08-06 13:30:00,standard,33.37,42.6,808.4,75,20.27,6.6,14.1,40.97,59.54,-18.57,87.5,100.0,0,SIMULATED
2026-08-06 13:45:00,standard,33.43,42.3,790.3,76,20.24,6.6,14.1,40.94,59.62,-18.68,87.5,100.0,0,SIMULATED
2026-08-06 14:00:00,standard,33.47,42.1,769.1,71,19.64,6.5,14.1,40.24,59.67,-19.43,75.0,100.0,1,SIMULATED
2026-08-06 14:15:00,standard,33.49,42.0,744.9,73,19.67,6.5,14.1,40.27,59.7,-19.43,75.0,100.0,1,SIMULATED
2026-08-06 14:30:00,standard,33.5,42.0,717.7,73,19.65,6.5,14.1,40.25,59.7,-19.45,62.5,100.0,1,SIMULATED
2026-08-06 14:45:00,standard,33.49,42.0,687.7,72,19.64,6.5,14.1,40.24,59.7,-19.46,62.5,100.0,1,SIMULATED
2026-08-06 15:00:00,standard,33.47,42.1,654.9,70,19.42,5.82,14.1,39.34,59.67,-20.33,62.5,100.0,0,SIMULATED
2026-08-06 15:15:00,standard,33.43,42.3,619.6,72,19.47,5.82,14.1,39.39,59.62,-20.23,62.5,100.0,0,SIMULATED
2026-08-06 15:30:00,standard,33.37,42.6,581.9,70,19.41,6.0,14.1,39.51,59.54,-20.03,62.5,100.0,0,SIMULATED
2026-08-06 15:45:00,standard,33.3,42.9,541.8,69,19.37,6.0,14.1,39.47,59.46,-19.99,62.5,100.0,0,SIMULATED
2026-08-06 16:00:00,standard,33.21,43.3,499.6,70,19.34,6.0,14.1,39.44,59.34,-19.9,62.5,100.0,0,SIMULATED
2026-08-06 16:15:00,standard,33.11,43.8,455.5,71,19.29,6.0,14.1,39.39,59.22,-19.83,62.5,100.0,0,SIMULATED
2026-08-06 16:30:00,standard,33.0,44.3,409.5,79,19.7,6.6,14.1,40.4,59.07,-18.67,62.5,100.0,0,SIMULATED
2026-08-06 16:45:00,standard,32.87,44.9,361.9,78,19.58,6.6,14.1,40.28,58.92,-18.64,62.5,100.0,0,SIMULATED
2026-08-06 17:00:00,standard,32.73,45.5,312.9,66,18.94,6.6,14.1,39.64,58.74,-19.1,62.5,100.0,0,SIMULATED
2026-08-06 17:15:00,standard,32.57,46.2,262.7,64,18.58,6.6,14.1,39.28,58.53,-19.25,62.5,100.0,0,SIMULATED
2026-08-06 17:30:00,standard,32.4,47.0,211.4,55,17.89,6.0,14.1,37.99,58.31,-20.32,62.5,100.0,0,SIMULATED
2026-08-06 17:45:00,standard,32.22,47.8,159.3,53,17.61,6.0,14.1,37.71,58.1,-20.39,62.5,100.0,0,SIMULATED
2026-08-06 18:00:00,standard,32.03,48.7,106.5,52,17.38,6.0,14.1,37.48,57.87,-20.39,62.5,100.0,0,SIMULATED
2026-08-06 18:15:00,standard,31.83,49.6,53.4,47,17.07,6.0,14.1,37.17,57.62,-20.45,75.0,100.0,0,SIMULATED
2026-08-06 18:30:00,standard,31.62,50.5,0.0,41,16.44,5.09,14.1,35.63,57.36,-21.73,87.5,100.0,0,SIMULATED
2026-08-06 18:45:00,standard,31.41,51.5,0.0,34,16.03,5.09,14.1,35.22,57.1,-21.88,87.5,100.0,0,SIMULATED
2026-08-06 19:00:00,standard,31.19,52.5,0.0,22,15.15,3.98,14.1,33.23,56.82,-23.59,87.5,100.0,0,SIMULATED
2026-08-06 19:15:00,standard,30.96,53.5,0.0,16,14.77,3.98,14.1,32.85,56.51,-23.66,87.5,100.0,0,SIMULATED
2026-08-06 19:30:00,standard,30.72,54.6,0.0,10,13.82,2.62,14.1,30.54,56.24,-25.7,87.5,100.0,0,SIMULATED
2026-08-06 19:45:00,standard,30.48,55.7,0.0,8,13.32,2.62,14.1,30.04,55.93,-25.89,87.5,100.0,0,SIMULATED
2026-08-06 20:00:00,standard,30.24,56.8,0.0,4,12.55,1.6,14.1,28.25,55.64,-27.39,87.5,100.0,0,SIMULATED
2026-08-06 20:15:00,standard,30.0,57.9,0.0,2,12.08,1.6,14.1,27.78,55.34,-27.56,87.5,100.0,0,SIMULATED
2026-08-06 20:30:00,standard,29.75,59.0,0.0,0,11.33,0.24,14.1,25.67,55.02,-29.35,87.5,100.0,0,SIMULATED
2026-08-06 20:45:00,standard,29.5,60.1,0.0,0,10.98,0.24,14.1,25.32,54.7,-29.38,87.5,100.0,0,SIMULATED
2026-08-06 21:00:00,standard,29.26,61.2,0.0,0,10.65,0.24,14.1,24.99,54.42,-29.43,87.5,100.0,0,SIMULATED
2026-08-06 21:15:00,standard,29.02,62.3,0.0,0,10.33,0.24,14.1,24.67,54.1,-29.43,87.5,100.0,0,SIMULATED
2026-08-06 21:30:00,standard,28.78,63.4,0.0,0,10.05,0.24,14.1,24.39,53.8,-29.41,87.5,100.0,0,SIMULATED
2026-08-06 21:45:00,standard,28.54,64.5,0.0,0,9.76,0.24,14.1,24.1,53.49,-29.39,87.5,100.0,0,SIMULATED
2026-08-06 22:00:00,standard,28.31,65.5,0.0,0,9.5,0.24,14.1,23.84,53.22,-29.38,87.5,100.0,0,SIMULATED
2026-08-06 22:15:00,standard,28.09,66.5,0.0,0,9.23,0.24,14.1,23.57,52.94,-29.37,87.5,100.0,0,SIMULATED
2026-08-06 22:30:00,standard,27.88,67.5,0.0,0,9.01,0.24,14.1,23.35,52.82,-29.47,87.5,100.0,0,SIMULATED
2026-08-06 22:45:00,standard,27.67,68.4,0.0,0,8.81,0.24,14.1,23.15,52.82,-29.67,87.5,100.0,0,SIMULATED
2026-08-06 23:00:00,standard,27.47,69.3,0.0,0,8.59,0.24,14.1,22.93,52.82,-29.89,87.5,100.0,0,SIMULATED
2026-08-06 23:15:00,standard,27.28,70.2,0.0,0,8.4,0.24,14.1,22.74,52.82,-30.08,87.5,100.0,0,SIMULATED
2026-08-06 23:30:00,standard,27.1,71.0,0.0,0,8.24,0.24,14.1,22.58,52.82,-30.24,87.5,100.0,0,SIMULATED
2026-08-06 23:45:00,standard,26.93,71.8,0.0,0,8.07,0.24,14.1,22.41,52.82,-30.41,87.5,100.0,0,SIMULATED
2026-08-07 00:00:00,standard,26.77,72.5,0.0,0,7.9,0.24,14.1,22.24,52.82,-30.58,87.5,100.0,0,SIMULATED
2026-08-07 00:15:00,standard,26.63,73.1,0.0,0,7.79,0.24,14.1,22.13,52.82,-30.69,87.5,100.0,0,SIMULATED
2026-08-07 00:30:00,standard,26.5,73.7,0.0,0,7.65,0.24,14.1,21.99,52.82,-30.83,87.5,100.0,0,SIMULATED
2026-08-07 00:45:00,standard,26.39,74.2,0.0,0,7.55,0.24,14.1,21.89,52.82,-30.93,87.5,100.0,0,SIMULATED
2026-08-07 01:00:00,standard,26.29,74.7,0.0,0,7.45,0.24,14.1,21.79,52.82,-31.03,87.5,100.0,0,SIMULATED
2026-08-07 01:15:00,standard,26.2,75.1,0.0,0,7.35,0.24,14.1,21.69,52.82,-31.13,87.5,100.0,0,SIMULATED
2026-08-07 01:30:00,standard,26.13,75.4,0.0,0,7.28,0.24,14.1,21.62,52.82,-31.2,87.5,100.0,0,SIMULATED
2026-08-07 01:45:00,standard,26.07,75.7,0.0,0,7.2,0.24,14.1,21.54,52.82,-31.28,87.5,100.0,0,SIMULATED
2026-08-07 02:00:00,standard,26.03,75.9,0.0,0,7.15,0.24,14.1,21.49,52.82,-31.33,87.5,100.0,0,SIMULATED
2026-08-07 02:15:00,standard,26.01,76.0,0.0,0,7.11,0.24,14.1,21.45,52.82,-31.37,87.5,100.0,0,SIMULATED
2026-08-07 02:30:00,standard,26.0,76.0,0.0,0,7.08,0.24,14.1,21.42,52.82,-31.4,87.5,100.0,0,SIMULATED
2026-08-07 02:45:00,standard,26.01,76.0,0.0,0,7.06,0.24,14.1,21.4,52.82,-31.42,87.5,100.0,0,SIMULATED
2026-08-07 03:00:00,standard,26.03,75.9,0.0,0,7.04,0.24,14.1,21.38,52.82,-31.44,87.5,100.0,0,SIMULATED
2026-08-07 03:15:00,standard,26.07,75.7,0.0,0,7.03,0.24,14.1,21.37,52.82,-31.45,87.5,100.0,0,SIMULATED
2026-08-07 03:30:00,standard,26.13,75.4,0.0,0,7.05,0.24,14.1,21.39,52.82,-31.43,87.5,100.0,0,SIMULATED
2026-08-07 03:45:00,standard,26.2,75.1,0.0,0,7.07,0.24,14.1,21.41,52.82,-31.41,87.5,100.0,0,SIMULATED
2026-08-07 04:00:00,standard,26.29,74.7,0.0,0,7.11,0.24,14.1,21.45,52.82,-31.37,87.5,100.0,0,SIMULATED
2026-08-07 04:15:00,standard,26.39,74.2,0.0,0,7.14,0.24,14.1,21.48,52.82,-31.34,87.5,100.0,0,SIMULATED
2026-08-07 04:30:00,standard,26.5,73.7,0.0,0,7.18,0.24,14.1,21.52,52.82,-31.3,87.5,100.0,0,SIMULATED
2026-08-07 04:45:00,standard,26.63,73.1,0.0,0,7.24,0.24,14.1,21.58,52.82,-31.24,87.5,100.0,0,SIMULATED
2026-08-07 05:00:00,standard,26.77,72.5,0.0,0,7.28,0.24,14.1,21.62,52.82,-31.2,87.5,100.0,0,SIMULATED
2026-08-07 05:15:00,standard,26.93,71.8,0.0,0,7.36,0.24,14.1,21.7,52.82,-31.12,87.5,100.0,0,SIMULATED
2026-08-07 05:30:00,standard,27.1,71.0,0.0,0,7.46,0.24,14.1,21.8,52.82,-31.02,87.5,100.0,0,SIMULATED
2026-08-07 05:45:00,standard,27.28,70.2,0.0,0,7.53,0.24,14.1,21.87,52.82,-30.95,87.5,100.0,0,SIMULATED
2026-08-07 06:00:00,standard,27.47,69.3,0.0,0,7.63,0.24,14.1,21.97,52.82,-30.85,87.5,100.0,0,SIMULATED
2026-08-07 06:15:00,standard,27.67,68.4,53.4,0,8.32,0.24,14.1,22.66,52.82,-30.16,87.5,100.0,0,SIMULATED
2026-08-07 06:30:00,standard,27.88,67.5,106.5,0,9.01,0.24,14.1,23.35,52.82,-29.47,87.5,100.0,0,SIMULATED
2026-08-07 06:45:00,standard,28.09,66.5,159.3,0,9.7,0.24,14.1,24.04,52.94,-28.9,87.5,100.0,0,SIMULATED
2026-08-07 07:00:00,standard,28.31,65.5,211.4,0,10.7,1.52,14.1,26.33,53.22,-26.89,87.5,100.0,0,SIMULATED
2026-08-07 07:15:00,standard,28.54,64.5,262.7,0,11.4,1.52,14.1,27.03,53.49,-26.46,87.5,100.0,0,SIMULATED
2026-08-07 07:30:00,standard,28.78,63.4,312.9,0,12.11,1.52,14.1,27.72,53.8,-26.08,87.5,100.0,0,SIMULATED
2026-08-07 07:45:00,standard,29.02,62.3,361.9,0,12.8,1.52,14.1,28.42,54.1,-25.68,87.5,100.0,0,SIMULATED
2026-08-07 08:00:00,standard,29.26,61.2,409.5,3,13.68,1.85,14.1,29.62,54.42,-24.8,87.5,100.0,0,SIMULATED
2026-08-07 08:15:00,standard,29.5,60.1,455.5,5,14.72,3.21,14.1,32.02,54.7,-22.68,87.5,100.0,0,SIMULATED
2026-08-07 08:30:00,standard,29.75,59.0,499.6,14,15.85,3.99,14.1,33.93,55.02,-21.09,87.5,100.0,0,SIMULATED
2026-08-07 08:45:00,standard,30.0,57.9,541.8,17,16.76,5.09,14.1,35.95,55.34,-19.39,87.5,100.0,0,SIMULATED
2026-08-07 09:00:00,standard,30.24,56.8,581.9,46,17.53,6.0,14.1,37.63,55.64,-18.01,87.5,100.0,0,SIMULATED
2026-08-07 09:15:00,standard,30.48,55.7,619.6,46,17.7,6.0,14.1,37.8,55.93,-18.13,87.5,100.0,0,SIMULATED
2026-08-07 09:30:00,standard,30.72,54.6,654.9,68,18.26,6.6,14.1,38.96,56.24,-17.28,87.5,100.0,0,SIMULATED
2026-08-07 09:45:00,standard,30.96,53.5,687.7,69,18.47,6.6,14.1,39.17,56.51,-17.34,87.5,100.0,0,SIMULATED
2026-08-07 10:00:00,standard,31.19,52.5,717.7,77,18.77,6.42,14.1,39.29,56.82,-17.53,87.5,100.0,0,SIMULATED
2026-08-07 10:15:00,standard,31.41,51.5,744.9,79,18.89,6.42,14.1,39.41,57.1,-17.69,87.5,100.0,0,SIMULATED
2026-08-07 10:30:00,standard,31.62,50.5,769.1,69,18.55,5.82,14.1,38.47,57.36,-18.89,87.5,100.0,0,SIMULATED
2026-08-07 10:45:00,standard,31.83,49.6,790.3,71,18.68,5.82,14.1,38.6,57.62,-19.02,87.5,100.0,0,SIMULATED
2026-08-07 11:00:00,standard,32.03,48.7,808.4,73,18.81,5.82,14.1,38.73,57.87,-19.14,87.5,100.0,0,SIMULATED
2026-08-07 11:15:00,standard,32.22,47.8,823.3,72,18.89,5.82,14.1,38.81,58.1,-19.29,87.5,100.0,0,SIMULATED
2026-08-07 11:30:00,standard,32.4,47.0,834.9,79,19.37,6.42,14.1,39.89,58.31,-18.42,87.5,100.0,0,SIMULATED
2026-08-07 11:45:00,standard,32.57,46.2,843.3,67,18.92,5.82,14.1,38.84,58.53,-19.69,87.5,100.0,0,SIMULATED
2026-08-07 12:00:00,standard,32.73,45.5,848.3,91,19.87,6.6,14.1,40.57,58.74,-18.17,87.5,100.0,0,SIMULATED
2026-08-07 12:15:00,standard,32.87,44.9,850.0,91,19.96,6.6,14.1,40.66,58.92,-18.26,87.5,100.0,0,SIMULATED
2026-08-07 12:30:00,standard,33.0,44.3,848.3,71,19.55,6.0,14.1,39.65,59.07,-19.42,87.5,100.0,0,SIMULATED
2026-08-07 12:45:00,standard,33.11,43.8,843.3,71,19.64,6.0,14.1,39.74,59.22,-19.48,87.5,100.0,0,SIMULATED
2026-08-07 13:00:00,standard,33.21,43.3,834.9,64,19.66,6.0,14.1,39.76,59.34,-19.58,87.5,100.0,0,SIMULATED
2026-08-07 13:15:00,standard,33.3,42.9,823.3,64,19.7,6.0,14.1,39.8,59.46,-19.66,87.5,100.0,0,SIMULATED
2026-08-07 13:30:00,standard,33.37,42.6,808.4,75,20.21,6.6,14.1,40.91,59.54,-18.63,87.5,100.0,0,SIMULATED
2026-08-07 13:45:00,standard,33.43,42.3,790.3,73,20.21,6.6,14.1,40.91,59.62,-18.71,87.5,100.0,0,SIMULATED
2026-08-07 14:00:00,standard,33.47,42.1,769.1,73,19.64,6.5,14.1,40.24,59.67,-19.43,75.0,100.0,1,SIMULATED
2026-08-07 14:15:00,standard,33.49,42.0,744.9,71,19.64,6.5,14.1,40.24,59.7,-19.46,75.0,100.0,1,SIMULATED
2026-08-07 14:30:00,standard,33.5,42.0,717.7,73,19.62,6.5,14.1,40.22,59.7,-19.48,62.5,100.0,1,SIMULATED
2026-08-07 14:45:00,standard,33.49,42.0,687.7,72,19.64,6.5,14.1,40.24,59.7,-19.46,62.5,100.0,1,SIMULATED
2026-08-07 15:00:00,standard,33.47,42.1,654.9,70,19.48,5.82,14.1,39.4,59.67,-20.27,62.5,100.0,0,SIMULATED
2026-08-07 15:15:00,standard,33.43,42.3,619.6,74,19.5,5.82,14.1,39.42,59.62,-20.2,62.5,100.0,0,SIMULATED
2026-08-07 15:30:00,standard,33.37,42.6,581.9,69,19.41,6.0,14.1,39.51,59.54,-20.03,62.5,100.0,0,SIMULATED
2026-08-07 15:45:00,standard,33.3,42.9,541.8,70,19.38,6.0,14.1,39.48,59.46,-19.98,62.5,100.0,0,SIMULATED
2026-08-07 16:00:00,standard,33.21,43.3,499.6,71,19.33,6.0,14.1,39.43,59.34,-19.91,62.5,100.0,0,SIMULATED
2026-08-07 16:15:00,standard,33.11,43.8,455.5,70,19.26,6.0,14.1,39.36,59.22,-19.86,62.5,100.0,0,SIMULATED
2026-08-07 16:30:00,standard,33.0,44.3,409.5,77,19.64,6.6,14.1,40.34,59.07,-18.73,62.5,100.0,0,SIMULATED
2026-08-07 16:45:00,standard,32.87,44.9,361.9,80,19.67,6.6,14.1,40.37,58.92,-18.55,62.5,100.0,0,SIMULATED
2026-08-07 17:00:00,standard,32.73,45.5,312.9,67,18.95,6.6,14.1,39.65,58.74,-19.09,62.5,100.0,0,SIMULATED
2026-08-07 17:15:00,standard,32.57,46.2,262.7,66,18.61,6.6,14.1,39.31,58.53,-19.22,62.5,100.0,0,SIMULATED
2026-08-07 17:30:00,standard,32.4,47.0,211.4,57,17.95,6.0,14.1,38.05,58.31,-20.26,62.5,100.0,0,SIMULATED
2026-08-07 17:45:00,standard,32.22,47.8,159.3,54,17.66,6.0,14.1,37.76,58.1,-20.34,62.5,100.0,0,SIMULATED
2026-08-07 18:00:00,standard,32.03,48.7,106.5,50,17.34,6.0,14.1,37.44,57.87,-20.43,62.5,100.0,0,SIMULATED
2026-08-07 18:15:00,standard,31.83,49.6,53.4,48,17.06,6.0,14.1,37.16,57.62,-20.46,75.0,100.0,0,SIMULATED
2026-08-07 18:30:00,standard,31.62,50.5,0.0,39,16.38,5.09,14.1,35.57,57.36,-21.79,87.5,100.0,0,SIMULATED
2026-08-07 18:45:00,standard,31.41,51.5,0.0,36,16.03,5.09,14.1,35.22,57.1,-21.88,87.5,100.0,0,SIMULATED
2026-08-07 19:00:00,standard,31.19,52.5,0.0,22,15.15,3.98,14.1,33.23,56.82,-23.59,87.5,100.0,0,SIMULATED
2026-08-07 19:15:00,standard,30.96,53.5,0.0,16,14.74,3.98,14.1,32.82,56.51,-23.69,87.5,100.0,0,SIMULATED
2026-08-07 19:30:00,standard,30.72,54.6,0.0,11,13.85,2.62,14.1,30.57,56.24,-25.67,87.5,100.0,0,SIMULATED
2026-08-07 19:45:00,standard,30.48,55.7,0.0,7,13.29,2.62,14.1,30.01,55.93,-25.92,87.5,100.0,0,SIMULATED
2026-08-07 20:00:00,standard,30.24,56.8,0.0,5,12.58,1.6,14.1,28.28,55.64,-27.36,87.5,100.0,0,SIMULATED
2026-08-07 20:15:00,standard,30.0,57.9,0.0,3,12.11,1.6,14.1,27.81,55.34,-27.53,87.5,100.0,0,SIMULATED
2026-08-07 20:30:00,standard,29.75,59.0,0.0,0,11.33,0.24,14.1,25.67,55.02,-29.35,87.5,100.0,0,SIMULATED
2026-08-07 20:45:00,standard,29.5,60.1,0.0,0,10.98,0.24,14.1,25.32,54.7,-29.38,87.5,100.0,0,SIMULATED
2026-08-07 21:00:00,standard,29.26,61.2,0.0,0,10.65,0.24,14.1,24.99,54.42,-29.43,87.5,100.0,0,SIMULATED
2026-08-07 21:15:00,standard,29.02,62.3,0.0,0,10.33,0.24,14.1,24.67,54.1,-29.43,87.5,100.0,0,SIMULATED
2026-08-07 21:30:00,standard,28.78,63.4,0.0,0,10.05,0.24,14.1,24.39,53.8,-29.41,87.5,100.0,0,SIMULATED
2026-08-07 21:45:00,standard,28.54,64.5,0.0,0,9.76,0.24,14.1,24.1,53.49,-29.39,87.5,100.0,0,SIMULATED
2026-08-07 22:00:00,standard,28.31,65.5,0.0,0,9.5,0.24,14.1,23.84,53.22,-29.38,87.5,100.0,0,SIMULATED
2026-08-07 22:15:00,standard,28.09,66.5,0.0,0,9.23,0.24,14.1,23.57,52.94,-29.37,87.5,100.0,0,SIMULATED
2026-08-07 22:30:00,standard,27.88,67.5,0.0,0,9.01,0.24,14.1,23.35,52.82,-29.47,87.5,100.0,0,SIMULATED
2026-08-07 22:45:00,standard,27.67,68.4,0.0,0,8.81,0.24,14.1,23.15,52.82,-29.67,87.5,100.0,0,SIMULATED
2026-08-07 23:00:00,standard,27.47,69.3,0.0,0,8.59,0.24,14.1,22.93,52.82,-29.89,87.5,100.0,0,SIMULATED
2026-08-07 23:15:00,standard,27.28,70.2,0.0,0,8.4,0.24,14.1,22.74,52.82,-30.08,87.5,100.0,0,SIMULATED
2026-08-07 23:30:00,standard,27.1,71.0,0.0,0,8.24,0.24,14.1,22.58,52.82,-30.24,87.5,100.0,0,SIMULATED
2026-08-07 23:45:00,standard,26.93,71.8,0.0,0,8.07,0.24,14.1,22.41,52.82,-30.41,87.5,100.0,0,SIMULATED
2026-08-08 00:00:00,standard,26.77,72.5,0.0,0,7.9,0.24,14.1,22.24,52.82,-30.58,87.5,100.0,0,SIMULATED
2026-08-08 00:15:00,standard,26.63,73.1,0.0,0,7.79,0.24,14.1,22.13,52.82,-30.69,87.5,100.0,0,SIMULATED
2026-08-08 00:30:00,standard,26.5,73.7,0.0,0,7.65,0.24,14.1,21.99,52.82,-30.83,87.5,100.0,0,SIMULATED
2026-08-08 00:45:00,standard,26.39,74.2,0.0,0,7.55,0.24,14.1,21.89,52.82,-30.93,87.5,100.0,0,SIMULATED
2026-08-08 01:00:00,standard,26.29,74.7,0.0,0,7.45,0.24,14.1,21.79,52.82,-31.03,87.5,100.0,0,SIMULATED
2026-08-08 01:15:00,standard,26.2,75.1,0.0,0,7.35,0.24,14.1,21.69,52.82,-31.13,87.5,100.0,0,SIMULATED
2026-08-08 01:30:00,standard,26.13,75.4,0.0,0,7.28,0.24,14.1,21.62,52.82,-31.2,87.5,100.0,0,SIMULATED
2026-08-08 01:45:00,standard,26.07,75.7,0.0,0,7.2,0.24,14.1,21.54,52.82,-31.28,87.5,100.0,0,SIMULATED
2026-08-08 02:00:00,standard,26.03,75.9,0.0,0,7.15,0.24,14.1,21.49,52.82,-31.33,87.5,100.0,0,SIMULATED
2026-08-08 02:15:00,standard,26.01,76.0,0.0,0,7.11,0.24,14.1,21.45,52.82,-31.37,87.5,100.0,0,SIMULATED
2026-08-08 02:30:00,standard,26.0,76.0,0.0,0,7.08,0.24,14.1,21.42,52.82,-31.4,87.5,100.0,0,SIMULATED
2026-08-08 02:45:00,standard,26.01,76.0,0.0,0,7.06,0.24,14.1,21.4,52.82,-31.42,87.5,100.0,0,SIMULATED
2026-08-08 03:00:00,standard,26.03,75.9,0.0,0,7.04,0.24,14.1,21.38,52.82,-31.44,87.5,100.0,0,SIMULATED
2026-08-08 03:15:00,standard,26.07,75.7,0.0,0,7.03,0.24,14.1,21.37,52.82,-31.45,87.5,100.0,0,SIMULATED
2026-08-08 03:30:00,standard,26.13,75.4,0.0,0,7.05,0.24,14.1,21.39,52.82,-31.43,87.5,100.0,0,SIMULATED
2026-08-08 03:45:00,standard,26.2,75.1,0.0,0,7.07,0.24,14.1,21.41,52.82,-31.41,87.5,100.0,0,SIMULATED
2026-08-08 04:00:00,standard,26.29,74.7,0.0,0,7.11,0.24,14.1,21.45,52.82,-31.37,87.5,100.0,0,SIMULATED
2026-08-08 04:15:00,standard,26.39,74.2,0.0,0,7.14,0.24,14.1,21.48,52.82,-31.34,87.5,100.0,0,SIMULATED
2026-08-08 04:30:00,standard,26.5,73.7,0.0,0,7.18,0.24,14.1,21.52,52.82,-31.3,87.5,100.0,0,SIMULATED
2026-08-08 04:45:00,standard,26.63,73.1,0.0,0,7.24,0.24,14.1,21.58,52.82,-31.24,87.5,100.0,0,SIMULATED
2026-08-08 05:00:00,standard,26.77,72.5,0.0,0,7.28,0.24,14.1,21.62,52.82,-31.2,87.5,100.0,0,SIMULATED
2026-08-08 05:15:00,standard,26.93,71.8,0.0,0,7.36,0.24,14.1,21.7,52.82,-31.12,87.5,100.0,0,SIMULATED
2026-08-08 05:30:00,standard,27.1,71.0,0.0,0,7.46,0.24,14.1,21.8,52.82,-31.02,87.5,100.0,0,SIMULATED
2026-08-08 05:45:00,standard,27.28,70.2,0.0,0,7.53,0.24,14.1,21.87,52.82,-30.95,87.5,100.0,0,SIMULATED
2026-08-08 06:00:00,standard,27.47,69.3,0.0,0,7.63,0.24,14.1,21.97,52.82,-30.85,87.5,100.0,0,SIMULATED
2026-08-08 06:15:00,standard,27.67,68.4,53.4,0,8.32,0.24,14.1,22.66,52.82,-30.16,87.5,100.0,0,SIMULATED
2026-08-08 06:30:00,standard,27.88,67.5,106.5,0,9.01,0.24,14.1,23.35,52.82,-29.47,87.5,100.0,0,SIMULATED
2026-08-08 06:45:00,standard,28.09,66.5,159.3,0,9.7,0.24,14.1,24.04,52.94,-28.9,87.5,100.0,0,SIMULATED
2026-08-08 07:00:00,standard,28.31,65.5,211.4,0,10.7,1.52,14.1,26.33,53.22,-26.89,87.5,100.0,0,SIMULATED
2026-08-08 07:15:00,standard,28.54,64.5,262.7,0,11.4,1.52,14.1,27.03,53.49,-26.46,87.5,100.0,0,SIMULATED
2026-08-08 07:30:00,standard,28.78,63.4,312.9,0,12.11,1.52,14.1,27.72,53.8,-26.08,87.5,100.0,0,SIMULATED
2026-08-08 07:45:00,standard,29.02,62.3,361.9,0,12.8,1.52,14.1,28.42,54.1,-25.68,87.5,100.0,0,SIMULATED
2026-08-08 08:00:00,standard,29.26,61.2,409.5,0,13.51,1.52,14.1,29.12,54.42,-25.3,87.5,100.0,0,SIMULATED
2026-08-08 08:15:00,standard,29.5,60.1,455.5,0,14.18,1.52,14.1,29.79,54.7,-24.91,87.5,100.0,0,SIMULATED
2026-08-08 08:30:00,standard,29.75,59.0,499.6,0,14.85,1.52,14.1,30.47,55.02,-24.55,87.5,100.0,0,SIMULATED
2026-08-08 08:45:00,standard,30.0,57.9,541.8,0,15.5,1.52,14.1,31.12,55.34,-24.22,87.5,100.0,0,SIMULATED
2026-08-08 09:00:00,standard,30.24,56.8,581.9,1,16.21,1.85,14.1,32.15,55.64,-23.49,87.5,100.0,0,SIMULATED
2026-08-08 09:15:00,standard,30.48,55.7,619.6,1,16.81,1.85,14.1,32.76,55.93,-23.17,87.5,100.0,0,SIMULATED
2026-08-08 09:30:00,standard,30.72,54.6,654.9,1,17.04,1.85,14.1,32.99,56.24,-23.25,87.5,100.0,0,SIMULATED
2026-08-08 09:45:00,standard,30.96,53.5,687.7,1,17.25,1.85,14.1,33.19,56.51,-23.32,87.5,100.0,0,SIMULATED
2026-08-08 10:00:00,standard,31.19,52.5,717.7,6,17.44,4.31,14.1,35.85,56.82,-20.97,87.5,100.0,0,SIMULATED
2026-08-08 10:15:00,standard,31.41,51.5,744.9,6,17.61,4.31,14.1,36.02,57.1,-21.08,87.5,100.0,0,SIMULATED
2026-08-08 10:30:00,standard,31.62,50.5,769.1,5,17.78,4.31,14.1,36.19,57.36,-21.17,87.5,100.0,0,SIMULATED
2026-08-08 10:45:00,standard,31.83,49.6,790.3,5,17.98,4.31,14.1,36.39,57.62,-21.23,87.5,100.0,0,SIMULATED
2026-08-08 11:00:00,standard,32.03,48.7,808.4,5,18.09,4.31,14.1,36.5,57.87,-21.37,87.5,100.0,0,SIMULATED
2026-08-08 11:15:00,standard,32.22,47.8,823.3,5,18.22,4.31,14.1,36.63,58.1,-21.47,87.5,100.0,0,SIMULATED
2026-08-08 11:30:00,standard,32.4,47.0,834.9,7,18.38,4.31,14.1,36.79,58.31,-21.52,87.5,100.0,0,SIMULATED
2026-08-08 11:45:00,standard,32.57,46.2,843.3,5,18.43,4.31,14.1,36.84,58.53,-21.69,87.5,100.0,0,SIMULATED
2026-08-08 12:00:00,standard,32.73,45.5,848.3,5,18.51,4.31,14.1,36.92,58.74,-21.82,87.5,100.0,0,SIMULATED
2026-08-08 12:15:00,standard,32.87,44.9,850.0,6,18.56,4.31,14.1,36.97,58.92,-21.95,87.5,100.0,0,SIMULATED
2026-08-08 12:30:00,standard,33.0,44.3,848.3,5,18.62,4.31,14.1,37.03,59.07,-22.04,87.5,100.0,0,SIMULATED
2026-08-08 12:45:00,standard,33.11,43.8,843.3,6,18.67,4.31,14.1,37.08,59.22,-22.14,87.5,100.0,0,SIMULATED
2026-08-08 13:00:00,standard,33.21,43.3,834.9,5,18.73,4.31,14.1,37.14,59.34,-22.2,87.5,100.0,0,SIMULATED
2026-08-08 13:15:00,standard,33.3,42.9,823.3,6,18.77,4.31,14.1,37.18,59.46,-22.28,87.5,100.0,0,SIMULATED
2026-08-08 13:30:00,standard,33.37,42.6,808.4,6,18.78,4.31,14.1,37.19,59.54,-22.35,87.5,100.0,0,SIMULATED
2026-08-08 13:45:00,standard,33.43,42.3,790.3,7,18.79,4.31,14.1,37.2,59.62,-22.42,87.5,100.0,0,SIMULATED
2026-08-08 14:00:00,standard,33.47,42.1,769.1,5,18.75,4.31,14.1,37.16,59.67,-22.51,87.5,100.0,0,SIMULATED
2026-08-08 14:15:00,standard,33.49,42.0,744.9,5,18.57,3.98,14.1,36.66,59.7,-23.04,87.5,100.0,0,SIMULATED
2026-08-08 14:30:00,standard,33.5,42.0,717.7,4,18.5,3.98,14.1,36.59,59.7,-23.11,87.5,100.0,0,SIMULATED
2026-08-08 14:45:00,standard,33.49,42.0,687.7,4,18.42,3.98,14.1,36.51,59.7,-23.19,87.5,100.0,0,SIMULATED
2026-08-08 15:00:00,standard,33.47,42.1,654.9,5,18.34,3.98,14.1,36.43,59.67,-23.24,87.5,100.0,0,SIMULATED
2026-08-08 15:15:00,standard,33.43,42.3,619.6,4,18.23,3.98,14.1,36.32,59.62,-23.3,87.5,100.0,0,SIMULATED
2026-08-08 15:30:00,standard,33.37,42.6,581.9,5,18.07,3.98,14.1,36.15,59.54,-23.39,87.5,100.0,0,SIMULATED
2026-08-08 15:45:00,standard,33.3,42.9,541.8,5,17.95,3.98,14.1,36.03,59.46,-23.43,87.5,100.0,0,SIMULATED
2026-08-08 16:00:00,standard,33.21,43.3,499.6,4,17.79,3.98,14.1,35.87,59.34,-23.47,87.5,100.0,0,SIMULATED
2026-08-08 16:15:00,standard,33.11,43.8,455.5,0,17.61,1.52,14.1,33.24,59.22,-25.98,87.5,100.0,0,SIMULATED
2026-08-08 16:30:00,standard,33.0,44.3,409.5,0,17.44,1.52,14.1,33.07,59.07,-26.0,87.5,100.0,0,SIMULATED
2026-08-08 16:45:00,standard,32.87,44.9,361.9,0,17.25,1.52,14.1,32.87,58.92,-26.05,87.5,100.0,0,SIMULATED
2026-08-08 17:00:00,standard,32.73,45.5,312.9,0,17.06,1.52,14.1,32.69,58.74,-26.05,87.5,100.0,0,SIMULATED
2026-08-08 17:15:00,standard,32.57,46.2,262.7,0,16.77,1.52,14.1,32.38,58.53,-26.15,87.5,100.0,0,SIMULATED
2026-08-08 17:30:00,standard,32.4,47.0,211.4,0,15.94,1.52,14.1,31.55,58.31,-26.76,87.5,100.0,0,SIMULATED
2026-08-08 17:45:00,standard,32.22,47.8,159.3,0,15.01,1.52,14.1,30.62,58.1,-27.48,87.5,100.0,0,SIMULATED
2026-08-08 18:00:00,standard,32.03,48.7,106.5,0,14.04,1.52,14.1,29.66,57.87,-28.21,87.5,100.0,0,SIMULATED
2026-08-08 18:15:00,standard,31.83,49.6,53.4,0,13.11,1.52,14.1,28.72,57.62,-28.9,87.5,100.0,0,SIMULATED
2026-08-08 18:30:00,standard,31.62,50.5,0.0,0,12.18,1.52,14.1,27.79,57.36,-29.57,87.5,100.0,0,SIMULATED
2026-08-08 18:45:00,standard,31.41,51.5,0.0,0,11.89,1.52,14.1,27.49,57.1,-29.61,87.5,100.0,0,SIMULATED
2026-08-08 19:00:00,standard,31.19,52.5,0.0,0,11.62,1.52,14.1,27.24,56.82,-29.58,87.5,100.0,0,SIMULATED
2026-08-08 19:15:00,standard,30.96,53.5,0.0,0,11.36,1.52,14.1,26.98,56.51,-29.53,87.5,100.0,0,SIMULATED
2026-08-08 19:30:00,standard,30.72,54.6,0.0,0,11.09,1.52,14.1,26.71,56.24,-29.53,87.5,100.0,0,SIMULATED
2026-08-08 19:45:00,standard,30.48,55.7,0.0,0,10.83,1.52,14.1,26.44,55.93,-29.49,87.5,100.0,0,SIMULATED
2026-08-08 20:00:00,standard,30.24,56.8,0.0,0,10.29,0.24,14.1,24.63,55.64,-31.01,87.5,100.0,0,SIMULATED
2026-08-08 20:15:00,standard,30.0,57.9,0.0,0,10.05,0.24,14.1,24.39,55.34,-30.95,87.5,100.0,0,SIMULATED
2026-08-08 20:30:00,standard,29.75,59.0,0.0,0,9.82,0.24,14.1,24.16,55.02,-30.86,87.5,100.0,0,SIMULATED
2026-08-08 20:45:00,standard,29.5,60.1,0.0,0,9.6,0.24,14.1,23.94,54.7,-30.76,87.5,100.0,0,SIMULATED
2026-08-08 21:00:00,standard,29.26,61.2,0.0,0,9.37,0.24,14.1,23.71,54.42,-30.71,87.5,100.0,0,SIMULATED
2026-08-08 21:15:00,standard,29.02,62.3,0.0,0,9.17,0.24,14.1,23.51,54.1,-30.59,87.5,100.0,0,SIMULATED
2026-08-08 21:30:00,standard,28.78,63.4,0.0,0,8.99,0.24,14.1,23.33,53.8,-30.47,87.5,100.0,0,SIMULATED
2026-08-08 21:45:00,standard,28.54,64.5,0.0,0,8.78,0.24,14.1,23.12,53.49,-30.37,87.5,100.0,0,SIMULATED
2026-08-08 22:00:00,standard,28.31,65.5,0.0,0,8.61,0.24,14.1,22.95,53.22,-30.27,87.5,100.0,0,SIMULATED
2026-08-08 22:15:00,standard,28.09,66.5,0.0,0,8.43,0.24,14.1,22.77,52.94,-30.17,87.5,100.0,0,SIMULATED
2026-08-08 22:30:00,standard,27.88,67.5,0.0,0,8.27,0.24,14.1,22.61,52.82,-30.21,87.5,100.0,0,SIMULATED
2026-08-08 22:45:00,standard,27.67,68.4,0.0,0,8.13,0.24,14.1,22.47,52.82,-30.35,87.5,100.0,0,SIMULATED
2026-08-08 23:00:00,standard,27.47,69.3,0.0,0,7.96,0.24,14.1,22.3,52.82,-30.52,87.5,100.0,0,SIMULATED
2026-08-08 23:15:00,standard,27.28,70.2,0.0,0,7.82,0.24,14.1,22.16,52.82,-30.66,87.5,100.0,0,SIMULATED
2026-08-08 23:30:00,standard,27.1,71.0,0.0,0,7.71,0.24,14.1,22.05,52.82,-30.77,87.5,100.0,0,SIMULATED
2026-08-08 23:45:00,standard,26.93,71.8,0.0,0,7.57,0.24,14.1,21.91,52.82,-30.91,87.5,100.0,0,SIMULATED
2026-08-09 00:00:00,standard,26.77,72.5,0.0,0,7.45,0.24,14.1,21.79,52.82,-31.03,87.5,100.0,0,SIMULATED
2026-08-09 00:15:00,standard,26.63,73.1,0.0,0,7.37,0.24,14.1,21.71,52.82,-31.11,87.5,100.0,0,SIMULATED
2026-08-09 00:30:00,standard,26.5,73.7,0.0,0,7.26,0.24,14.1,21.6,52.82,-31.22,87.5,100.0,0,SIMULATED
2026-08-09 00:45:00,standard,26.39,74.2,0.0,0,7.2,0.24,14.1,21.54,52.82,-31.28,87.5,100.0,0,SIMULATED
2026-08-09 01:00:00,standard,26.29,74.7,0.0,0,7.13,0.24,14.1,21.47,52.82,-31.35,87.5,100.0,0,SIMULATED
2026-08-09 01:15:00,standard,26.2,75.1,0.0,0,7.05,0.24,14.1,21.39,52.82,-31.43,87.5,100.0,0,SIMULATED
2026-08-09 01:30:00,standard,26.13,75.4,0.0,0,7.0,0.24,14.1,21.34,52.82,-31.48,87.5,100.0,0,SIMULATED
2026-08-09 01:45:00,standard,26.07,75.7,0.0,0,6.95,0.24,14.1,21.29,52.82,-31.53,87.5,100.0,0,SIMULATED
2026-08-09 02:00:00,standard,26.03,75.9,0.0,0,6.92,0.24,14.1,21.26,52.82,-31.56,87.5,100.0,0,SIMULATED
2026-08-09 02:15:00,standard,26.01,76.0,0.0,0,6.89,0.24,14.1,21.23,52.82,-31.59,87.5,100.0,0,SIMULATED
2026-08-09 02:30:00,standard,26.0,76.0,0.0,0,6.87,0.24,14.1,21.21,52.82,-31.61,87.5,100.0,0,SIMULATED
2026-08-09 02:45:00,standard,26.01,76.0,0.0,0,6.87,0.24,14.1,21.21,52.82,-31.61,87.5,100.0,0,SIMULATED
2026-08-09 03:00:00,standard,26.03,75.9,0.0,0,6.86,0.24,14.1,21.2,52.82,-31.62,87.5,100.0,0,SIMULATED
2026-08-09 03:15:00,standard,26.07,75.7,0.0,0,6.87,0.24,14.1,21.21,52.82,-31.61,87.5,100.0,0,SIMULATED
2026-08-09 03:30:00,standard,26.13,75.4,0.0,0,6.9,0.24,14.1,21.24,52.82,-31.58,87.5,100.0,0,SIMULATED
2026-08-09 03:45:00,standard,26.2,75.1,0.0,0,6.93,0.24,14.1,21.27,52.82,-31.55,87.5,100.0,0,SIMULATED
2026-08-09 04:00:00,standard,26.29,74.7,0.0,0,6.97,0.24,14.1,21.31,52.82,-31.51,87.5,100.0,0,SIMULATED
2026-08-09 04:15:00,standard,26.39,74.2,0.0,0,7.03,0.24,14.1,21.37,52.82,-31.45,87.5,100.0,0,SIMULATED
2026-08-09 04:30:00,standard,26.5,73.7,0.0,0,7.07,0.24,14.1,21.41,52.82,-31.41,87.5,100.0,0,SIMULATED
2026-08-09 04:45:00,standard,26.63,73.1,0.0,0,7.15,0.24,14.1,21.49,52.82,-31.33,87.5,100.0,0,SIMULATED
2026-08-09 05:00:00,standard,26.77,72.5,0.0,0,7.21,0.24,14.1,21.55,52.82,-31.27,87.5,100.0,0,SIMULATED
2026-08-09 05:15:00,standard,26.93,71.8,0.0,0,7.31,0.24,14.1,21.65,52.82,-31.17,87.5,100.0,0,SIMULATED
2026-08-09 05:30:00,standard,27.1,71.0,0.0,0,7.42,0.24,14.1,21.76,52.82,-31.06,87.5,100.0,0,SIMULATED
2026-08-09 05:45:00,standard,27.28,70.2,0.0,0,7.49,0.24,14.1,21.83,52.82,-30.99,87.5,100.0,0,SIMULATED
2026-08-09 06:00:00,standard,27.47,69.3,0.0,0,7.6,0.24,14.1,21.94,52.82,-30.88,87.5,100.0,0,SIMULATED
2026-08-09 06:15:00,standard,27.67,68.4,53.4,0,8.31,0.24,14.1,22.65,52.82,-30.17,87.5,100.0,0,SIMULATED
2026-08-09 06:30:00,standard,27.88,67.5,106.5,0,9.0,0.24,14.1,23.34,52.82,-29.48,87.5,100.0,0,SIMULATED
2026-08-09 06:45:00,standard,28.09,66.5,159.3,0,9.7,0.24,14.1,24.04,52.94,-28.9,87.5,100.0,0,SIMULATED
2026-08-09 07:00:00,standard,28.31,65.5,211.4,0,10.7,1.52,14.1,26.33,53.22,-26.89,87.5,100.0,0,SIMULATED
2026-08-09 07:15:00,standard,28.54,64.5,262.7,0,11.4,1.52,14.1,27.03,53.49,-26.46,87.5,100.0,0,SIMULATED
2026-08-09 07:30:00,standard,28.78,63.4,312.9,0,12.11,1.52,14.1,27.72,53.8,-26.08,87.5,100.0,0,SIMULATED
2026-08-09 07:45:00,standard,29.02,62.3,361.9,0,12.8,1.52,14.1,28.42,54.1,-25.68,87.5,100.0,0,SIMULATED
2026-08-09 08:00:00,standard,29.26,61.2,409.5,0,13.51,1.52,14.1,29.12,54.42,-25.3,87.5,100.0,0,SIMULATED
2026-08-09 08:15:00,standard,29.5,60.1,455.5,0,14.18,1.52,14.1,29.79,54.7,-24.91,87.5,100.0,0,SIMULATED
2026-08-09 08:30:00,standard,29.75,59.0,499.6,0,14.85,1.52,14.1,30.47,55.02,-24.55,87.5,100.0,0,SIMULATED
2026-08-09 08:45:00,standard,30.0,57.9,541.8,0,15.5,1.52,14.1,31.12,55.34,-24.22,87.5,100.0,0,SIMULATED
2026-08-09 09:00:00,standard,30.24,56.8,581.9,1,16.21,1.85,14.1,32.15,55.64,-23.49,87.5,100.0,0,SIMULATED
2026-08-09 09:15:00,standard,30.48,55.7,619.6,2,16.84,1.85,14.1,32.79,55.93,-23.14,87.5,100.0,0,SIMULATED
2026-08-09 09:30:00,standard,30.72,54.6,654.9,1,17.04,1.85,14.1,32.99,56.24,-23.25,87.5,100.0,0,SIMULATED
2026-08-09 09:45:00,standard,30.96,53.5,687.7,1,17.25,1.85,14.1,33.19,56.51,-23.32,87.5,100.0,0,SIMULATED
2026-08-09 10:00:00,standard,31.19,52.5,717.7,4,17.44,4.31,14.1,35.85,56.82,-20.97,87.5,100.0,0,SIMULATED
2026-08-09 10:15:00,standard,31.41,51.5,744.9,6,17.64,4.31,14.1,36.05,57.1,-21.05,87.5,100.0,0,SIMULATED
2026-08-09 10:30:00,standard,31.62,50.5,769.1,5,17.81,4.31,14.1,36.22,57.36,-21.14,87.5,100.0,0,SIMULATED
2026-08-09 10:45:00,standard,31.83,49.6,790.3,6,17.95,4.31,14.1,36.36,57.62,-21.26,87.5,100.0,0,SIMULATED
2026-08-09 11:00:00,standard,32.03,48.7,808.4,5,18.09,4.31,14.1,36.5,57.87,-21.37,87.5,100.0,0,SIMULATED
2026-08-09 11:15:00,standard,32.22,47.8,823.3,5,18.22,4.31,14.1,36.63,58.1,-21.47,87.5,100.0,0,SIMULATED
2026-08-09 11:30:00,standard,32.4,47.0,834.9,4,18.35,4.31,14.1,36.76,58.31,-21.55,87.5,100.0,0,SIMULATED
2026-08-09 11:45:00,standard,32.57,46.2,843.3,5,18.43,4.31,14.1,36.84,58.53,-21.69,87.5,100.0,0,SIMULATED
2026-08-09 12:00:00,standard,32.73,45.5,848.3,6,18.51,4.31,14.1,36.92,58.74,-21.82,87.5,100.0,0,SIMULATED
2026-08-09 12:15:00,standard,32.87,44.9,850.0,5,18.56,4.31,14.1,36.97,58.92,-21.95,87.5,100.0,0,SIMULATED
2026-08-09 12:30:00,standard,33.0,44.3,848.3,5,18.62,4.31,14.1,37.03,59.07,-22.04,87.5,100.0,0,SIMULATED
2026-08-09 12:45:00,standard,33.11,43.8,843.3,6,18.67,4.31,14.1,37.08,59.22,-22.14,87.5,100.0,0,SIMULATED
2026-08-09 13:00:00,standard,33.21,43.3,834.9,5,18.73,4.31,14.1,37.14,59.34,-22.2,87.5,100.0,0,SIMULATED
2026-08-09 13:15:00,standard,33.3,42.9,823.3,5,18.77,4.31,14.1,37.18,59.46,-22.28,87.5,100.0,0,SIMULATED
2026-08-09 13:30:00,standard,33.37,42.6,808.4,5,18.78,4.31,14.1,37.19,59.54,-22.35,87.5,100.0,0,SIMULATED
2026-08-09 13:45:00,standard,33.43,42.3,790.3,6,18.79,4.31,14.1,37.2,59.62,-22.42,87.5,100.0,0,SIMULATED
2026-08-09 14:00:00,standard,33.47,42.1,769.1,7,18.78,4.31,14.1,37.19,59.67,-22.48,87.5,100.0,0,SIMULATED
2026-08-09 14:15:00,standard,33.49,42.0,744.9,5,18.57,3.98,14.1,36.66,59.7,-23.04,87.5,100.0,0,SIMULATED
2026-08-09 14:30:00,standard,33.5,42.0,717.7,5,18.5,3.98,14.1,36.59,59.7,-23.11,87.5,100.0,0,SIMULATED
2026-08-09 14:45:00,standard,33.49,42.0,687.7,5,18.42,3.98,14.1,36.51,59.7,-23.19,87.5,100.0,0,SIMULATED
2026-08-09 15:00:00,standard,33.47,42.1,654.9,4,18.34,3.98,14.1,36.43,59.67,-23.24,87.5,100.0,0,SIMULATED
2026-08-09 15:15:00,standard,33.43,42.3,619.6,4,18.23,3.98,14.1,36.32,59.62,-23.3,87.5,100.0,0,SIMULATED
2026-08-09 15:30:00,standard,33.37,42.6,581.9,5,18.07,3.98,14.1,36.15,59.54,-23.39,87.5,100.0,0,SIMULATED
2026-08-09 15:45:00,standard,33.3,42.9,541.8,5,17.95,3.98,14.1,36.03,59.46,-23.43,87.5,100.0,0,SIMULATED
2026-08-09 16:00:00,standard,33.21,43.3,499.6,4,17.79,3.98,14.1,35.87,59.34,-23.47,87.5,100.0,0,SIMULATED
2026-08-09 16:15:00,standard,33.11,43.8,455.5,0,17.61,1.52,14.1,33.24,59.22,-25.98,87.5,100.0,0,SIMULATED
2026-08-09 16:30:00,standard,33.0,44.3,409.5,0,17.44,1.52,14.1,33.07,59.07,-26.0,87.5,100.0,0,SIMULATED
2026-08-09 16:45:00,standard,32.87,44.9,361.9,0,17.25,1.52,14.1,32.87,58.92,-26.05,87.5,100.0,0,SIMULATED
2026-08-09 17:00:00,standard,32.73,45.5,312.9,0,17.06,1.52,14.1,32.69,58.74,-26.05,87.5,100.0,0,SIMULATED
2026-08-09 17:15:00,standard,32.57,46.2,262.7,0,16.77,1.52,14.1,32.38,58.53,-26.15,87.5,100.0,0,SIMULATED
2026-08-09 17:30:00,standard,32.4,47.0,211.4,0,15.95,1.52,14.1,31.57,58.31,-26.74,87.5,100.0,0,SIMULATED
2026-08-09 17:45:00,standard,32.22,47.8,159.3,0,15.01,1.52,14.1,30.62,58.1,-27.48,87.5,100.0,0,SIMULATED
2026-08-09 18:00:00,standard,32.03,48.7,106.5,0,14.04,1.52,14.1,29.66,57.87,-28.21,87.5,100.0,0,SIMULATED
2026-08-09 18:15:00,standard,31.83,49.6,53.4,0,13.11,1.52,14.1,28.72,57.62,-28.9,87.5,100.0,0,SIMULATED
2026-08-09 18:30:00,standard,31.62,50.5,0.0,0,12.18,1.52,14.1,27.79,57.36,-29.57,87.5,100.0,0,SIMULATED
2026-08-09 18:45:00,standard,31.41,51.5,0.0,0,11.89,1.52,14.1,27.49,57.1,-29.61,87.5,100.0,0,SIMULATED
2026-08-09 19:00:00,standard,31.19,52.5,0.0,0,11.62,1.52,14.1,27.24,56.82,-29.58,87.5,100.0,0,SIMULATED
2026-08-09 19:15:00,standard,30.96,53.5,0.0,0,11.36,1.52,14.1,26.98,56.51,-29.53,87.5,100.0,0,SIMULATED
2026-08-09 19:30:00,standard,30.72,54.6,0.0,0,11.09,1.52,14.1,26.71,56.24,-29.53,87.5,100.0,0,SIMULATED
2026-08-09 19:45:00,standard,30.48,55.7,0.0,0,10.83,1.52,14.1,26.44,55.93,-29.49,87.5,100.0,0,SIMULATED
2026-08-09 20:00:00,standard,30.24,56.8,0.0,0,10.29,0.24,14.1,24.63,55.64,-31.01,87.5,100.0,0,SIMULATED
2026-08-09 20:15:00,standard,30.0,57.9,0.0,0,10.05,0.24,14.1,24.39,55.34,-30.95,87.5,100.0,0,SIMULATED
2026-08-09 20:30:00,standard,29.75,59.0,0.0,0,9.82,0.24,14.1,24.16,55.02,-30.86,87.5,100.0,0,SIMULATED
2026-08-09 20:45:00,standard,29.5,60.1,0.0,0,9.6,0.24,14.1,23.94,54.7,-30.76,87.5,100.0,0,SIMULATED
2026-08-09 21:00:00,standard,29.26,61.2,0.0,0,9.37,0.24,14.1,23.71,54.42,-30.71,87.5,100.0,0,SIMULATED
2026-08-09 21:15:00,standard,29.02,62.3,0.0,0,9.17,0.24,14.1,23.51,54.1,-30.59,87.5,100.0,0,SIMULATED
2026-08-09 21:30:00,standard,28.78,63.4,0.0,0,8.99,0.24,14.1,23.33,53.8,-30.47,87.5,100.0,0,SIMULATED
2026-08-09 21:45:00,standard,28.54,64.5,0.0,0,8.78,0.24,14.1,23.12,53.49,-30.37,87.5,100.0,0,SIMULATED
2026-08-09 22:00:00,standard,28.31,65.5,0.0,0,8.61,0.24,14.1,22.95,53.22,-30.27,87.5,100.0,0,SIMULATED
2026-08-09 22:15:00,standard,28.09,66.5,0.0,0,8.43,0.24,14.1,22.77,52.94,-30.17,87.5,100.0,0,SIMULATED
2026-08-09 22:30:00,standard,27.88,67.5,0.0,0,8.27,0.24,14.1,22.61,52.82,-30.21,87.5,100.0,0,SIMULATED
2026-08-09 22:45:00,standard,27.67,68.4,0.0,0,8.13,0.24,14.1,22.47,52.82,-30.35,87.5,100.0,0,SIMULATED
2026-08-09 23:00:00,standard,27.47,69.3,0.0,0,7.96,0.24,14.1,22.3,52.82,-30.52,87.5,100.0,0,SIMULATED
2026-08-09 23:15:00,standard,27.28,70.2,0.0,0,7.82,0.24,14.1,22.16,52.82,-30.66,87.5,100.0,0,SIMULATED
2026-08-09 23:30:00,standard,27.1,71.0,0.0,0,7.71,0.24,14.1,22.05,52.82,-30.77,87.5,100.0,0,SIMULATED
2026-08-09 23:45:00,standard,26.93,71.8,0.0,0,7.57,0.24,14.1,21.91,52.82,-30.91,87.5,100.0,0,SIMULATED
2026-08-10 00:00:00,standard,26.77,72.5,0.0,0,7.45,0.24,14.1,21.79,52.82,-31.03,87.5,100.0,0,SIMULATED
2026-08-10 00:15:00,standard,26.63,73.1,0.0,0,7.37,0.24,14.1,21.71,52.82,-31.11,87.5,100.0,0,SIMULATED
2026-08-10 00:30:00,standard,26.5,73.7,0.0,0,7.26,0.24,14.1,21.6,52.82,-31.22,87.5,100.0,0,SIMULATED
2026-08-10 00:45:00,standard,26.39,74.2,0.0,0,7.2,0.24,14.1,21.54,52.82,-31.28,87.5,100.0,0,SIMULATED
2026-08-10 01:00:00,standard,26.29,74.7,0.0,0,7.13,0.24,14.1,21.47,52.82,-31.35,87.5,100.0,0,SIMULATED
2026-08-10 01:15:00,standard,26.2,75.1,0.0,0,7.05,0.24,14.1,21.39,52.82,-31.43,87.5,100.0,0,SIMULATED
2026-08-10 01:30:00,standard,26.13,75.4,0.0,0,7.0,0.24,14.1,21.34,52.82,-31.48,87.5,100.0,0,SIMULATED
2026-08-10 01:45:00,standard,26.07,75.7,0.0,0,6.95,0.24,14.1,21.29,52.82,-31.53,87.5,100.0,0,SIMULATED
2026-08-10 02:00:00,standard,26.03,75.9,0.0,0,6.92,0.24,14.1,21.26,52.82,-31.56,87.5,100.0,0,SIMULATED
2026-08-10 02:15:00,standard,26.01,76.0,0.0,0,6.89,0.24,14.1,21.23,52.82,-31.59,87.5,100.0,0,SIMULATED
2026-08-10 02:30:00,standard,26.0,76.0,0.0,0,6.87,0.24,14.1,21.21,52.82,-31.61,87.5,100.0,0,SIMULATED
2026-08-10 02:45:00,standard,26.01,76.0,0.0,0,6.87,0.24,14.1,21.21,52.82,-31.61,87.5,100.0,0,SIMULATED
2026-08-10 03:00:00,standard,26.03,75.9,0.0,0,6.86,0.24,14.1,21.2,52.82,-31.62,87.5,100.0,0,SIMULATED
2026-08-10 03:15:00,standard,26.07,75.7,0.0,0,6.87,0.24,14.1,21.21,52.82,-31.61,87.5,100.0,0,SIMULATED
2026-08-10 03:30:00,standard,26.13,75.4,0.0,0,6.9,0.24,14.1,21.24,52.82,-31.58,87.5,100.0,0,SIMULATED
2026-08-10 03:45:00,standard,26.2,75.1,0.0,0,6.93,0.24,14.1,21.27,52.82,-31.55,87.5,100.0,0,SIMULATED
2026-08-10 04:00:00,standard,26.29,74.7,0.0,0,6.97,0.24,14.1,21.31,52.82,-31.51,87.5,100.0,0,SIMULATED
2026-08-10 04:15:00,standard,26.39,74.2,0.0,0,7.03,0.24,14.1,21.37,52.82,-31.45,87.5,100.0,0,SIMULATED
2026-08-10 04:30:00,standard,26.5,73.7,0.0,0,7.07,0.24,14.1,21.41,52.82,-31.41,87.5,100.0,0,SIMULATED
2026-08-10 04:45:00,standard,26.63,73.1,0.0,0,7.15,0.24,14.1,21.49,52.82,-31.33,87.5,100.0,0,SIMULATED
2026-08-10 05:00:00,standard,26.77,72.5,0.0,0,7.21,0.24,14.1,21.55,52.82,-31.27,87.5,100.0,0,SIMULATED
2026-08-10 05:15:00,standard,26.93,71.8,0.0,0,7.31,0.24,14.1,21.65,52.82,-31.17,87.5,100.0,0,SIMULATED
2026-08-10 05:30:00,standard,27.1,71.0,0.0,0,7.42,0.24,14.1,21.76,52.82,-31.06,87.5,100.0,0,SIMULATED
2026-08-10 05:45:00,standard,27.28,70.2,0.0,0,7.49,0.24,14.1,21.83,52.82,-30.99,87.5,100.0,0,SIMULATED
2026-08-10 06:00:00,standard,27.47,69.3,0.0,0,7.6,0.24,14.1,21.94,52.82,-30.88,87.5,100.0,0,SIMULATED
2026-08-10 06:15:00,standard,27.67,68.4,53.4,0,8.31,0.24,14.1,22.65,52.82,-30.17,87.5,100.0,0,SIMULATED
2026-08-10 06:30:00,standard,27.88,67.5,106.5,0,9.0,0.24,14.1,23.34,52.82,-29.48,87.5,100.0,0,SIMULATED
2026-08-10 06:45:00,standard,28.09,66.5,159.3,0,9.7,0.24,14.1,24.04,52.94,-28.9,87.5,100.0,0,SIMULATED
2026-08-10 07:00:00,standard,28.31,65.5,211.4,0,10.7,1.52,14.1,26.33,53.22,-26.89,87.5,100.0,0,SIMULATED
2026-08-10 07:15:00,standard,28.54,64.5,262.7,0,11.4,1.52,14.1,27.03,53.49,-26.46,87.5,100.0,0,SIMULATED
2026-08-10 07:30:00,standard,28.78,63.4,312.9,0,12.11,1.52,14.1,27.72,53.8,-26.08,87.5,100.0,0,SIMULATED
2026-08-10 07:45:00,standard,29.02,62.3,361.9,0,12.8,1.52,14.1,28.42,54.1,-25.68,87.5,100.0,0,SIMULATED
2026-08-10 08:00:00,standard,29.26,61.2,409.5,4,13.71,1.85,14.1,29.65,54.42,-24.77,87.5,100.0,0,SIMULATED
2026-08-10 08:15:00,standard,29.5,60.1,455.5,5,14.72,3.21,14.1,32.02,54.7,-22.68,87.5,100.0,0,SIMULATED
2026-08-10 08:30:00,standard,29.75,59.0,499.6,13,15.82,3.99,14.1,33.9,55.02,-21.12,87.5,100.0,0,SIMULATED
2026-08-10 08:45:00,standard,30.0,57.9,541.8,17,16.73,5.09,14.1,35.92,55.34,-19.42,87.5,100.0,0,SIMULATED
2026-08-10 09:00:00,standard,30.24,56.8,581.9,44,17.53,6.0,14.1,37.63,55.64,-18.01,87.5,100.0,0,SIMULATED
2026-08-10 09:15:00,standard,30.48,55.7,619.6,49,17.74,6.0,14.1,37.84,55.93,-18.09,87.5,100.0,0,SIMULATED
2026-08-10 09:30:00,standard,30.72,54.6,654.9,69,18.32,6.6,14.1,39.02,56.24,-17.22,87.5,100.0,0,SIMULATED
2026-08-10 09:45:00,standard,30.96,53.5,687.7,73,18.53,6.6,14.1,39.23,56.51,-17.28,87.5,100.0,0,SIMULATED
2026-08-10 10:00:00,standard,31.19,52.5,717.7,78,18.8,6.42,14.1,39.32,56.82,-17.5,87.5,100.0,0,SIMULATED
2026-08-10 10:15:00,standard,31.41,51.5,744.9,77,18.86,6.42,14.1,39.38,57.1,-17.72,87.5,100.0,0,SIMULATED
2026-08-10 10:30:00,standard,31.62,50.5,769.1,70,18.58,5.82,14.1,38.5,57.36,-18.86,87.5,100.0,0,SIMULATED
2026-08-10 10:45:00,standard,31.83,49.6,790.3,72,18.74,5.82,14.1,38.66,57.62,-18.96,87.5,100.0,0,SIMULATED
2026-08-10 11:00:00,standard,32.03,48.7,808.4,72,18.84,5.82,14.1,38.76,57.87,-19.11,87.5,100.0,0,SIMULATED
2026-08-10 11:15:00,standard,32.22,47.8,823.3,73,18.92,5.82,14.1,38.84,58.1,-19.26,87.5,100.0,0,SIMULATED
2026-08-10 11:30:00,standard,32.4,47.0,834.9,77,19.35,6.42,14.1,39.87,58.31,-18.44,87.5,100.0,0,SIMULATED
2026-08-10 11:45:00,standard,32.57,46.2,843.3,68,18.92,5.82,14.1,38.84,58.53,-19.69,87.5,100.0,0,SIMULATED
2026-08-10 12:00:00,standard,32.73,45.5,848.3,91,19.84,6.6,14.1,40.54,58.74,-18.2,87.5,100.0,0,SIMULATED
2026-08-10 12:15:00,standard,32.87,44.9,850.0,92,19.93,6.6,14.1,40.63,58.92,-18.29,87.5,100.0,0,SIMULATED
2026-08-10 12:30:00,standard,33.0,44.3,848.3,73,19.62,6.0,14.1,39.72,59.07,-19.35,87.5,100.0,0,SIMULATED
2026-08-10 12:45:00,standard,33.11,43.8,843.3,73,19.68,6.0,14.1,39.78,59.22,-19.44,87.5,100.0,0,SIMULATED
2026-08-10 13:00:00,standard,33.21,43.3,834.9,66,19.69,6.0,14.1,39.79,59.34,-19.55,87.5,100.0,0,SIMULATED
2026-08-10 13:15:00,standard,33.3,42.9,823.3,67,19.77,6.0,14.1,39.87,59.46,-19.59,87.5,100.0,0,SIMULATED
2026-08-10 13:30:00,standard,33.37,42.6,808.4,73,20.14,6.6,14.1,40.84,59.54,-18.7,87.5,100.0,0,SIMULATED
2026-08-10 13:45:00,standard,33.43,42.3,790.3,73,20.18,6.6,14.1,40.88,59.62,-18.74,87.5,100.0,0,SIMULATED
2026-08-10 14:00:00,standard,33.47,42.1,769.1,73,19.65,6.5,14.1,40.25,59.67,-19.42,75.0,100.0,1,SIMULATED
2026-08-10 14:15:00,standard,33.49,42.0,744.9,72,19.61,6.5,14.1,40.21,59.7,-19.49,75.0,100.0,1,SIMULATED
2026-08-10 14:30:00,standard,33.5,42.0,717.7,73,19.65,6.5,14.1,40.25,59.7,-19.45,62.5,100.0,1,SIMULATED
2026-08-10 14:45:00,standard,33.49,42.0,687.7,73,19.68,6.5,14.1,40.28,59.7,-19.42,62.5,100.0,1,SIMULATED
2026-08-10 15:00:00,standard,33.47,42.1,654.9,69,19.42,5.82,14.1,39.34,59.67,-20.33,62.5,100.0,0,SIMULATED
2026-08-10 15:15:00,standard,33.43,42.3,619.6,72,19.5,5.82,14.1,39.42,59.62,-20.2,62.5,100.0,0,SIMULATED
2026-08-10 15:30:00,standard,33.37,42.6,581.9,71,19.41,6.0,14.1,39.51,59.54,-20.03,62.5,100.0,0,SIMULATED
2026-08-10 15:45:00,standard,33.3,42.9,541.8,68,19.34,6.0,14.1,39.44,59.46,-20.02,62.5,100.0,0,SIMULATED
2026-08-10 16:00:00,standard,33.21,43.3,499.6,71,19.37,6.0,14.1,39.47,59.34,-19.87,62.5,100.0,0,SIMULATED
2026-08-10 16:15:00,standard,33.11,43.8,455.5,70,19.22,6.0,14.1,39.32,59.22,-19.9,62.5,100.0,0,SIMULATED
2026-08-10 16:30:00,standard,33.0,44.3,409.5,79,19.64,6.6,14.1,40.34,59.07,-18.73,62.5,100.0,0,SIMULATED
2026-08-10 16:45:00,standard,32.87,44.9,361.9,80,19.58,6.6,14.1,40.28,58.92,-18.64,62.5,100.0,0,SIMULATED
2026-08-10 17:00:00,standard,32.73,45.5,312.9,64,18.88,6.6,14.1,39.58,58.74,-19.16,62.5,100.0,0,SIMULATED
2026-08-10 17:15:00,standard,32.57,46.2,262.7,67,18.69,6.6,14.1,39.39,58.53,-19.14,62.5,100.0,0,SIMULATED
2026-08-10 17:30:00,standard,32.4,47.0,211.4,58,17.96,6.0,14.1,38.06,58.31,-20.25,62.5,100.0,0,SIMULATED
2026-08-10 17:45:00,standard,32.22,47.8,159.3,53,17.64,6.0,14.1,37.74,58.1,-20.36,62.5,100.0,0,SIMULATED
2026-08-10 18:00:00,standard,32.03,48.7,106.5,51,17.35,6.0,14.1,37.45,57.87,-20.42,62.5,100.0,0,SIMULATED
2026-08-10 18:15:00,standard,31.83,49.6,53.4,49,17.1,6.0,14.1,37.2,57.62,-20.42,75.0,100.0,0,SIMULATED
2026-08-10 18:30:00,standard,31.62,50.5,0.0,38,16.38,5.09,14.1,35.57,57.36,-21.79,87.5,100.0,0,SIMULATED
2026-08-10 18:45:00,standard,31.41,51.5,0.0,35,16.04,5.09,14.1,35.23,57.1,-21.87,87.5,100.0,0,SIMULATED
2026-08-10 19:00:00,standard,31.19,52.5,0.0,21,15.13,3.98,14.1,33.21,56.82,-23.61,87.5,100.0,0,SIMULATED
2026-08-10 19:15:00,standard,30.96,53.5,0.0,16,14.75,3.98,14.1,32.83,56.51,-23.68,87.5,100.0,0,SIMULATED
2026-08-10 19:30:00,standard,30.72,54.6,0.0,10,13.84,2.62,14.1,30.56,56.24,-25.68,87.5,100.0,0,SIMULATED
2026-08-10 19:45:00,standard,30.48,55.7,0.0,8,13.34,2.62,14.1,30.06,55.93,-25.87,87.5,100.0,0,SIMULATED
2026-08-10 20:00:00,standard,30.24,56.8,0.0,5,12.6,1.6,14.1,28.3,55.64,-27.34,87.5,100.0,0,SIMULATED
2026-08-10 20:15:00,standard,30.0,57.9,0.0,3,12.13,1.6,14.1,27.83,55.34,-27.51,87.5,100.0,0,SIMULATED
2026-08-10 20:30:00,standard,29.75,59.0,0.0,0,11.35,0.24,14.1,25.69,55.02,-29.33,87.5,100.0,0,SIMULATED
2026-08-10 20:45:00,standard,29.5,60.1,0.0,0,11.0,0.24,14.1,25.34,54.7,-29.36,87.5,100.0,0,SIMULATED
2026-08-10 21:00:00,standard,29.26,61.2,0.0,0,10.67,0.24,14.1,25.01,54.42,-29.41,87.5,100.0,0,SIMULATED
2026-08-10 21:15:00,standard,29.02,62.3,0.0,0,10.35,0.24,14.1,24.69,54.1,-29.41,87.5,100.0,0,SIMULATED
2026-08-10 21:30:00,standard,28.78,63.4,0.0,0,10.07,0.24,14.1,24.41,53.8,-29.39,87.5,100.0,0,SIMULATED
2026-08-10 21:45:00,standard,28.54,64.5,0.0,0,9.77,0.24,14.1,24.11,53.49,-29.38,87.5,100.0,0,SIMULATED
2026-08-10 22:00:00,standard,28.31,65.5,0.0,0,9.52,0.24,14.1,23.86,53.22,-29.36,87.5,100.0,0,SIMULATED
2026-08-10 22:15:00,standard,28.09,66.5,0.0,0,9.24,0.24,14.1,23.58,52.94,-29.36,87.5,100.0,0,SIMULATED
2026-08-10 22:30:00,standard,27.88,67.5,0.0,0,9.02,0.24,14.1,23.36,52.82,-29.46,87.5,100.0,0,SIMULATED
2026-08-10 22:45:00,standard,27.67,68.4,0.0,0,8.82,0.24,14.1,23.16,52.82,-29.66,87.5,100.0,0,SIMULATED
2026-08-10 23:00:00,standard,27.47,69.3,0.0,0,8.61,0.24,14.1,22.95,52.82,-29.87,87.5,100.0,0,SIMULATED
2026-08-10 23:15:00,standard,27.28,70.2,0.0,0,8.41,0.24,14.1,22.75,52.82,-30.07,87.5,100.0,0,SIMULATED
2026-08-10 23:30:00,standard,27.1,71.0,0.0,0,8.25,0.24,14.1,22.59,52.82,-30.23,87.5,100.0,0,SIMULATED
2026-08-10 23:45:00,standard,26.93,71.8,0.0,0,8.08,0.24,14.1,22.42,52.82,-30.4,87.5,100.0,0,SIMULATED
2026-08-11 00:00:00,standard,26.77,72.5,0.0,0,7.91,0.24,14.1,22.25,52.82,-30.57,87.5,100.0,0,SIMULATED
2026-08-11 00:15:00,standard,26.63,73.1,0.0,0,7.8,0.24,14.1,22.14,52.82,-30.68,87.5,100.0,0,SIMULATED
2026-08-11 00:30:00,standard,26.5,73.7,0.0,0,7.66,0.24,14.1,22.0,52.82,-30.82,87.5,100.0,0,SIMULATED
2026-08-11 00:45:00,standard,26.39,74.2,0.0,0,7.56,0.24,14.1,21.9,52.82,-30.92,87.5,100.0,0,SIMULATED
2026-08-11 01:00:00,standard,26.29,74.7,0.0,0,7.46,0.24,14.1,21.8,52.82,-31.02,87.5,100.0,0,SIMULATED
2026-08-11 01:15:00,standard,26.2,75.1,0.0,0,7.36,0.24,14.1,21.7,52.82,-31.12,87.5,100.0,0,SIMULATED
2026-08-11 01:30:00,standard,26.13,75.4,0.0,0,7.29,0.24,14.1,21.63,52.82,-31.19,87.5,100.0,0,SIMULATED
2026-08-11 01:45:00,standard,26.07,75.7,0.0,0,7.21,0.24,14.1,21.55,52.82,-31.27,87.5,100.0,0,SIMULATED
2026-08-11 02:00:00,standard,26.03,75.9,0.0,0,7.16,0.24,14.1,21.5,52.82,-31.32,87.5,100.0,0,SIMULATED
2026-08-11 02:15:00,standard,26.01,76.0,0.0,0,7.12,0.24,14.1,21.46,52.82,-31.36,87.5,100.0,0,SIMULATED
2026-08-11 02:30:00,standard,26.0,76.0,0.0,0,7.09,0.24,14.1,21.43,52.82,-31.39,87.5,100.0,0,SIMULATED
2026-08-11 02:45:00,standard,26.01,76.0,0.0,0,7.07,0.24,14.1,21.41,52.82,-31.41,87.5,100.0,0,SIMULATED
2026-08-11 03:00:00,standard,26.03,75.9,0.0,0,7.05,0.24,14.1,21.39,52.82,-31.43,87.5,100.0,0,SIMULATED
2026-08-11 03:15:00,standard,26.07,75.7,0.0,0,7.04,0.24,14.1,21.38,52.82,-31.44,87.5,100.0,0,SIMULATED
2026-08-11 03:30:00,standard,26.13,75.4,0.0,0,7.06,0.24,14.1,21.4,52.82,-31.42,87.5,100.0,0,SIMULATED
2026-08-11 03:45:00,standard,26.2,75.1,0.0,0,7.08,0.24,14.1,21.42,52.82,-31.4,87.5,100.0,0,SIMULATED
2026-08-11 04:00:00,standard,26.29,74.7,0.0,0,7.12,0.24,14.1,21.46,52.82,-31.36,87.5,100.0,0,SIMULATED
2026-08-11 04:15:00,standard,26.39,74.2,0.0,0,7.15,0.24,14.1,21.49,52.82,-31.33,87.5,100.0,0,SIMULATED
2026-08-11 04:30:00,standard,26.5,73.7,0.0,0,7.19,0.24,14.1,21.53,52.82,-31.29,87.5,100.0,0,SIMULATED
2026-08-11 04:45:00,standard,26.63,73.1,0.0,0,7.25,0.24,14.1,21.59,52.82,-31.23,87.5,100.0,0,SIMULATED
2026-08-11 05:00:00,standard,26.77,72.5,0.0,0,7.29,0.24,14.1,21.63,52.82,-31.19,87.5,100.0,0,SIMULATED
2026-08-11 05:15:00,standard,26.93,71.8,0.0,0,7.37,0.24,14.1,21.71,52.82,-31.11,87.5,100.0,0,SIMULATED
2026-08-11 05:30:00,standard,27.1,71.0,0.0,0,7.47,0.24,14.1,21.81,52.82,-31.01,87.5,100.0,0,SIMULATED
2026-08-11 05:45:00,standard,27.28,70.2,0.0,0,7.54,0.24,14.1,21.88,52.82,-30.94,87.5,100.0,0,SIMULATED
2026-08-11 06:00:00,standard,27.47,69.3,0.0,0,7.63,0.24,14.1,21.97,52.82,-30.85,87.5,100.0,0,SIMULATED
2026-08-11 06:15:00,standard,27.67,68.4,53.4,0,8.33,0.24,14.1,22.67,52.82,-30.15,87.5,100.0,0,SIMULATED
2026-08-11 06:30:00,standard,27.88,67.5,106.5,0,9.02,0.24,14.1,23.36,52.82,-29.46,87.5,100.0,0,SIMULATED
2026-08-11 06:45:00,standard,28.09,66.5,159.3,0,9.71,0.24,14.1,24.05,52.94,-28.89,87.5,100.0,0,SIMULATED
2026-08-11 07:00:00,standard,28.31,65.5,211.4,0,10.7,1.52,14.1,26.33,53.22,-26.89,87.5,100.0,0,SIMULATED
2026-08-11 07:15:00,standard,28.54,64.5,262.7,0,11.4,1.52,14.1,27.03,53.49,-26.46,87.5,100.0,0,SIMULATED
2026-08-11 07:30:00,standard,28.78,63.4,312.9,0,12.11,1.52,14.1,27.72,53.8,-26.08,87.5,100.0,0,SIMULATED
2026-08-11 07:45:00,standard,29.02,62.3,361.9,0,12.8,1.52,14.1,28.42,54.1,-25.68,87.5,100.0,0,SIMULATED
2026-08-11 08:00:00,standard,29.26,61.2,409.5,3,13.68,1.85,14.1,29.62,54.42,-24.8,87.5,100.0,0,SIMULATED
2026-08-11 08:15:00,standard,29.5,60.1,455.5,6,14.76,3.21,14.1,32.06,54.7,-22.64,87.5,100.0,0,SIMULATED
2026-08-11 08:30:00,standard,29.75,59.0,499.6,13,15.82,3.99,14.1,33.9,55.02,-21.12,87.5,100.0,0,SIMULATED
2026-08-11 08:45:00,standard,30.0,57.9,541.8,16,16.73,5.09,14.1,35.92,55.34,-19.42,87.5,100.0,0,SIMULATED
2026-08-11 09:00:00,standard,30.24,56.8,581.9,47,17.56,6.0,14.1,37.66,55.64,-17.98,87.5,100.0,0,SIMULATED
2026-08-11 09:15:00,standard,30.48,55.7,619.6,48,17.74,6.0,14.1,37.84,55.93,-18.09,87.5,100.0,0,SIMULATED
2026-08-11 09:30:00,standard,30.72,54.6,654.9,69,18.26,6.6,14.1,38.96,56.24,-17.28,87.5,100.0,0,SIMULATED
2026-08-11 09:45:00,standard,30.96,53.5,687.7,68,18.47,6.6,14.1,39.17,56.51,-17.34,87.5,100.0,0,SIMULATED
2026-08-11 10:00:00,standard,31.19,52.5,717.7,77,18.77,6.42,14.1,39.29,56.82,-17.53,87.5,100.0,0,SIMULATED
2026-08-11 10:15:00,standard,31.41,51.5,744.9,79,18.93,6.42,14.1,39.45,57.1,-17.65,87.5,100.0,0,SIMULATED
2026-08-11 10:30:00,standard,31.62,50.5,769.1,72,18.61,5.82,14.1,38.53,57.36,-18.83,87.5,100.0,0,SIMULATED
2026-08-11 10:45:00,standard,31.83,49.6,790.3,72,18.68,5.82,14.1,38.6,57.62,-19.02,87.5,100.0,0,SIMULATED
2026-08-11 11:00:00,standard,32.03,48.7,808.4,72,18.77,5.82,14.1,38.69,57.87,-19.18,87.5,100.0,0,SIMULATED
2026-08-11 11:15:00,standard,32.22,47.8,823.3,71,18.89,5.82,14.1,38.81,58.1,-19.29,87.5,100.0,0,SIMULATED
2026-08-11 11:30:00,standard,32.4,47.0,834.9,77,19.32,6.42,14.1,39.84,58.31,-18.47,87.5,100.0,0,SIMULATED
2026-08-11 11:45:00,standard,32.57,46.2,843.3,68,18.92,5.82,14.1,38.84,58.53,-19.69,87.5,100.0,0,SIMULATED
2026-08-11 12:00:00,standard,32.73,45.5,848.3,90,19.87,6.6,14.1,40.57,58.74,-18.17,87.5,100.0,0,SIMULATED
2026-08-11 12:15:00,standard,32.87,44.9,850.0,91,19.96,6.6,14.1,40.66,58.92,-18.26,87.5,100.0,0,SIMULATED
2026-08-11 12:30:00,standard,33.0,44.3,848.3,73,19.58,6.0,14.1,39.68,59.07,-19.39,87.5,100.0,0,SIMULATED
2026-08-11 12:45:00,standard,33.11,43.8,843.3,73,19.68,6.0,14.1,39.78,59.22,-19.44,87.5,100.0,0,SIMULATED
2026-08-11 13:00:00,standard,33.21,43.3,834.9,65,19.69,6.0,14.1,39.79,59.34,-19.55,87.5,100.0,0,SIMULATED
2026-08-11 13:15:00,standard,33.3,42.9,823.3,66,19.71,6.0,14.1,39.81,59.46,-19.65,87.5,100.0,0,SIMULATED
2026-08-11 13:30:00,standard,33.37,42.6,808.4,75,20.18,6.6,14.1,40.88,59.54,-18.66,87.5,100.0,0,SIMULATED
2026-08-11 13:45:00,standard,33.43,42.3,790.3,74,20.21,6.6,14.1,40.91,59.62,-18.71,87.5,100.0,0,SIMULATED
2026-08-11 14:00:00,standard,33.47,42.1,769.1,70,19.61,6.5,14.1,40.21,59.67,-19.46,75.0,100.0,1,SIMULATED
2026-08-11 14:15:00,standard,33.49,42.0,744.9,72,19.61,6.5,14.1,40.21,59.7,-19.49,75.0,100.0,1,SIMULATED
2026-08-11 14:30:00,standard,33.5,42.0,717.7,71,19.61,6.5,14.1,40.21,59.7,-19.49,62.5,100.0,1,SIMULATED
2026-08-11 14:45:00,standard,33.49,42.0,687.7,73,19.64,6.5,14.1,40.24,59.7,-19.46,62.5,100.0,1,SIMULATED
2026-08-11 15:00:00,standard,33.47,42.1,654.9,74,19.52,5.82,14.1,39.44,59.67,-20.23,62.5,100.0,0,SIMULATED
2026-08-11 15:15:00,standard,33.43,42.3,619.6,71,19.47,5.82,14.1,39.39,59.62,-20.23,62.5,100.0,0,SIMULATED
2026-08-11 15:30:00,standard,33.37,42.6,581.9,72,19.41,6.0,14.1,39.51,59.54,-20.03,62.5,100.0,0,SIMULATED
2026-08-11 15:45:00,standard,33.3,42.9,541.8,72,19.41,6.0,14.1,39.51,59.46,-19.95,62.5,100.0,0,SIMULATED
2026-08-11 16:00:00,standard,33.21,43.3,499.6,74,19.4,6.0,14.1,39.5,59.34,-19.84,62.5,100.0,0,SIMULATED
2026-08-11 16:15:00,standard,33.11,43.8,455.5,70,19.32,6.0,14.1,39.42,59.22,-19.8,62.5,100.0,0,SIMULATED
2026-08-11 16:30:00,standard,33.0,44.3,409.5,80,19.67,6.6,14.1,40.37,59.07,-18.7,62.5,100.0,0,SIMULATED
2026-08-11 16:45:00,standard,32.87,44.9,361.9,75,19.51,6.6,14.1,40.21,58.92,-18.71,62.5,100.0,0,SIMULATED
2026-08-11 17:00:00,standard,32.73,45.5,312.9,67,18.95,6.6,14.1,39.65,58.74,-19.09,62.5,100.0,0,SIMULATED
2026-08-11 17:15:00,standard,32.57,46.2,262.7,65,18.59,6.6,14.1,39.29,58.53,-19.24,62.5,100.0,0,SIMULATED
2026-08-11 17:30:00,standard,32.4,47.0,211.4,56,17.94,6.0,14.1,38.04,58.31,-20.27,62.5,100.0,0,SIMULATED
2026-08-11 17:45:00,standard,32.22,47.8,159.3,55,17.65,6.0,14.1,37.75,58.1,-20.35,62.5,100.0,0,SIMULATED
2026-08-11 18:00:00,standard,32.03,48.7,106.5,50,17.33,6.0,14.1,37.43,57.87,-20.44,62.5,100.0,0,SIMULATED
2026-08-11 18:15:00,standard,31.83,49.6,53.4,49,17.14,6.0,14.1,37.24,57.62,-20.38,75.0,100.0,0,SIMULATED
2026-08-11 18:30:00,standard,31.62,50.5,0.0,39,16.4,5.09,14.1,35.59,57.36,-21.77,87.5,100.0,0,SIMULATED
2026-08-11 18:45:00,standard,31.41,51.5,0.0,32,15.98,5.09,14.1,35.17,57.1,-21.93,87.5,100.0,0,SIMULATED
2026-08-11 19:00:00,standard,31.19,52.5,0.0,22,15.16,3.98,14.1,33.24,56.82,-23.58,87.5,100.0,0,SIMULATED
2026-08-11 19:15:00,standard,30.96,53.5,0.0,16,14.74,3.98,14.1,32.82,56.51,-23.69,87.5,100.0,0,SIMULATED
2026-08-11 19:30:00,standard,30.72,54.6,0.0,10,13.86,2.62,14.1,30.58,56.24,-25.66,87.5,100.0,0,SIMULATED
2026-08-11 19:45:00,standard,30.48,55.7,0.0,8,13.36,2.62,14.1,30.08,55.93,-25.85,87.5,100.0,0,SIMULATED
2026-08-11 20:00:00,standard,30.24,56.8,0.0,5,12.62,1.6,14.1,28.32,55.64,-27.32,87.5,100.0,0,SIMULATED
2026-08-11 20:15:00,standard,30.0,57.9,0.0,2,12.12,1.6,14.1,27.82,55.34,-27.52,87.5,100.0,0,SIMULATED
2026-08-11 20:30:00,standard,29.75,59.0,0.0,0,11.36,0.24,14.1,25.7,55.02,-29.32,87.5,100.0,0,SIMULATED
2026-08-11 20:45:00,standard,29.5,60.1,0.0,0,11.01,0.24,14.1,25.35,54.7,-29.35,87.5,100.0,0,SIMULATED
2026-08-11 21:00:00,standard,29.26,61.2,0.0,0,10.68,0.24,14.1,25.02,54.42,-29.4,87.5,100.0,0,SIMULATED
2026-08-11 21:15:00,standard,29.02,62.3,0.0,0,10.35,0.24,14.1,24.69,54.1,-29.41,87.5,100.0,0,SIMULATED
2026-08-11 21:30:00,standard,28.78,63.4,0.0,0,10.08,0.24,14.1,24.42,53.8,-29.38,87.5,100.0,0,SIMULATED
2026-08-11 21:45:00,standard,28.54,64.5,0.0,0,9.79,0.24,14.1,24.13,53.49,-29.36,87.5,100.0,0,SIMULATED
2026-08-11 22:00:00,standard,28.31,65.5,0.0,0,9.52,0.24,14.1,23.86,53.22,-29.36,87.5,100.0,0,SIMULATED
2026-08-11 22:15:00,standard,28.09,66.5,0.0,0,9.24,0.24,14.1,23.58,52.94,-29.36,87.5,100.0,0,SIMULATED
2026-08-11 22:30:00,standard,27.88,67.5,0.0,0,9.02,0.24,14.1,23.36,52.82,-29.46,87.5,100.0,0,SIMULATED
2026-08-11 22:45:00,standard,27.67,68.4,0.0,0,8.82,0.24,14.1,23.16,52.82,-29.66,87.5,100.0,0,SIMULATED
2026-08-11 23:00:00,standard,27.47,69.3,0.0,0,8.6,0.24,14.1,22.94,52.82,-29.88,87.5,100.0,0,SIMULATED
2026-08-11 23:15:00,standard,27.28,70.2,0.0,0,8.41,0.24,14.1,22.75,52.82,-30.07,87.5,100.0,0,SIMULATED
2026-08-11 23:30:00,standard,27.1,71.0,0.0,0,8.25,0.24,14.1,22.59,52.82,-30.23,87.5,100.0,0,SIMULATED
2026-08-11 23:45:00,standard,26.93,71.8,0.0,0,8.08,0.24,14.1,22.42,52.82,-30.4,87.5,100.0,0,SIMULATED
2026-08-12 00:00:00,standard,26.77,72.5,0.0,0,7.9,0.24,14.1,22.24,52.82,-30.58,87.5,100.0,0,SIMULATED
2026-08-12 00:15:00,standard,26.63,73.1,0.0,0,7.79,0.24,14.1,22.13,52.82,-30.69,87.5,100.0,0,SIMULATED
2026-08-12 00:30:00,standard,26.5,73.7,0.0,0,7.65,0.24,14.1,21.99,52.82,-30.83,87.5,100.0,0,SIMULATED
2026-08-12 00:45:00,standard,26.39,74.2,0.0,0,7.55,0.24,14.1,21.89,52.82,-30.93,87.5,100.0,0,SIMULATED
2026-08-12 01:00:00,standard,26.29,74.7,0.0,0,7.45,0.24,14.1,21.79,52.82,-31.03,87.5,100.0,0,SIMULATED
2026-08-12 01:15:00,standard,26.2,75.1,0.0,0,7.35,0.24,14.1,21.69,52.82,-31.13,87.5,100.0,0,SIMULATED
2026-08-12 01:30:00,standard,26.13,75.4,0.0,0,7.28,0.24,14.1,21.62,52.82,-31.2,87.5,100.0,0,SIMULATED
2026-08-12 01:45:00,standard,26.07,75.7,0.0,0,7.2,0.24,14.1,21.54,52.82,-31.28,87.5,100.0,0,SIMULATED
2026-08-12 02:00:00,standard,26.03,75.9,0.0,0,7.15,0.24,14.1,21.49,52.82,-31.33,87.5,100.0,0,SIMULATED
2026-08-12 02:15:00,standard,26.01,76.0,0.0,0,7.11,0.24,14.1,21.45,52.82,-31.37,87.5,100.0,0,SIMULATED
2026-08-12 02:30:00,standard,26.0,76.0,0.0,0,7.08,0.24,14.1,21.42,52.82,-31.4,87.5,100.0,0,SIMULATED
2026-08-12 02:45:00,standard,26.01,76.0,0.0,0,7.06,0.24,14.1,21.4,52.82,-31.42,87.5,100.0,0,SIMULATED
2026-08-12 03:00:00,standard,26.03,75.9,0.0,0,7.04,0.24,14.1,21.38,52.82,-31.44,87.5,100.0,0,SIMULATED
2026-08-12 03:15:00,standard,26.07,75.7,0.0,0,7.03,0.24,14.1,21.37,52.82,-31.45,87.5,100.0,0,SIMULATED
2026-08-12 03:30:00,standard,26.13,75.4,0.0,0,7.05,0.24,14.1,21.39,52.82,-31.43,87.5,100.0,0,SIMULATED
2026-08-12 03:45:00,standard,26.2,75.1,0.0,0,7.07,0.24,14.1,21.41,52.82,-31.41,87.5,100.0,0,SIMULATED
2026-08-12 04:00:00,standard,26.29,74.7,0.0,0,7.11,0.24,14.1,21.45,52.82,-31.37,87.5,100.0,0,SIMULATED
2026-08-12 04:15:00,standard,26.39,74.2,0.0,0,7.14,0.24,14.1,21.48,52.82,-31.34,87.5,100.0,0,SIMULATED
2026-08-12 04:30:00,standard,26.5,73.7,0.0,0,7.18,0.24,14.1,21.52,52.82,-31.3,87.5,100.0,0,SIMULATED
2026-08-12 04:45:00,standard,26.63,73.1,0.0,0,7.24,0.24,14.1,21.58,52.82,-31.24,87.5,100.0,0,SIMULATED
2026-08-12 05:00:00,standard,26.77,72.5,0.0,0,7.28,0.24,14.1,21.62,52.82,-31.2,87.5,100.0,0,SIMULATED
2026-08-12 05:15:00,standard,26.93,71.8,0.0,0,7.36,0.24,14.1,21.7,52.82,-31.12,87.5,100.0,0,SIMULATED
2026-08-12 05:30:00,standard,27.1,71.0,0.0,0,7.46,0.24,14.1,21.8,52.82,-31.02,87.5,100.0,0,SIMULATED
2026-08-12 05:45:00,standard,27.28,70.2,0.0,0,7.53,0.24,14.1,21.87,52.82,-30.95,87.5,100.0,0,SIMULATED
2026-08-12 06:00:00,standard,27.47,69.3,0.0,0,7.63,0.24,14.1,21.97,52.82,-30.85,87.5,100.0,0,SIMULATED
2026-08-12 06:15:00,standard,27.67,68.4,53.4,0,8.32,0.24,14.1,22.66,52.82,-30.16,87.5,100.0,0,SIMULATED
2026-08-12 06:30:00,standard,27.88,67.5,106.5,0,9.01,0.24,14.1,23.35,52.82,-29.47,87.5,100.0,0,SIMULATED
2026-08-12 06:45:00,standard,28.09,66.5,159.3,0,9.7,0.24,14.1,24.04,52.94,-28.9,87.5,100.0,0,SIMULATED
2026-08-12 07:00:00,standard,28.31,65.5,211.4,0,10.7,1.52,14.1,26.33,53.22,-26.89,87.5,100.0,0,SIMULATED
2026-08-12 07:15:00,standard,28.54,64.5,262.7,0,11.4,1.52,14.1,27.03,53.49,-26.46,87.5,100.0,0,SIMULATED
2026-08-12 07:30:00,standard,28.78,63.4,312.9,0,12.11,1.52,14.1,27.72,53.8,-26.08,87.5,100.0,0,SIMULATED
2026-08-12 07:45:00,standard,29.02,62.3,361.9,0,12.8,1.52,14.1,28.42,54.1,-25.68,87.5,100.0,0,SIMULATED
2026-08-12 08:00:00,standard,29.26,61.2,409.5,3,13.68,1.85,14.1,29.62,54.42,-24.8,87.5,100.0,0,SIMULATED
2026-08-12 08:15:00,standard,29.5,60.1,455.5,5,14.73,3.21,14.1,32.03,54.7,-22.67,87.5,100.0,0,SIMULATED
2026-08-12 08:30:00,standard,29.75,59.0,499.6,12,15.79,3.99,14.1,33.87,55.02,-21.15,87.5,100.0,0,SIMULATED
2026-08-12 08:45:00,standard,30.0,57.9,541.8,16,16.73,5.09,14.1,35.92,55.34,-19.42,87.5,100.0,0,SIMULATED
2026-08-12 09:00:00,standard,30.24,56.8,581.9,44,17.49,6.0,14.1,37.59,55.64,-18.05,87.5,100.0,0,SIMULATED
2026-08-12 09:15:00,standard,30.48,55.7,619.6,46,17.71,6.0,14.1,37.81,55.93,-18.12,87.5,100.0,0,SIMULATED
2026-08-12 09:30:00,standard,30.72,54.6,654.9,68,18.27,6.6,14.1,38.97,56.24,-17.27,87.5,100.0,0,SIMULATED
2026-08-12 09:45:00,standard,30.96,53.5,687.7,70,18.46,6.6,14.1,39.16,56.51,-17.35,87.5,100.0,0,SIMULATED
2026-08-12 10:00:00,standard,31.19,52.5,717.7,78,18.86,6.42,14.1,39.38,56.82,-17.44,87.5,100.0,0,SIMULATED
2026-08-12 10:15:00,standard,31.41,51.5,744.9,79,18.89,6.42,14.1,39.41,57.1,-17.69,87.5,100.0,0,SIMULATED
2026-08-12 10:30:00,standard,31.62,50.5,769.1,73,18.61,5.82,14.1,38.53,57.36,-18.83,87.5,100.0,0,SIMULATED
2026-08-12 10:45:00,standard,31.83,49.6,790.3,71,18.68,5.82,14.1,38.6,57.62,-19.02,87.5,100.0,0,SIMULATED
2026-08-12 11:00:00,standard,32.03,48.7,808.4,71,18.8,5.82,14.1,38.72,57.87,-19.15,87.5,100.0,0,SIMULATED
2026-08-12 11:15:00,standard,32.22,47.8,823.3,70,18.89,5.82,14.1,38.81,58.1,-19.29,87.5,100.0,0,SIMULATED
2026-08-12 11:30:00,standard,32.4,47.0,834.9,79,19.35,6.42,14.1,39.87,58.31,-18.44,87.5,100.0,0,SIMULATED
2026-08-12 11:45:00,standard,32.57,46.2,843.3,67,18.93,5.82,14.1,38.85,58.53,-19.68,87.5,100.0,0,SIMULATED
2026-08-12 12:00:00,standard,32.73,45.5,848.3,89,19.87,6.6,14.1,40.57,58.74,-18.17,87.5,100.0,0,SIMULATED
2026-08-12 12:15:00,standard,32.87,44.9,850.0,92,19.96,6.6,14.1,40.66,58.92,-18.26,87.5,100.0,0,SIMULATED
2026-08-12 12:30:00,standard,33.0,44.3,848.3,73,19.62,6.0,14.1,39.72,59.07,-19.35,87.5,100.0,0,SIMULATED
2026-08-12 12:45:00,standard,33.11,43.8,843.3,72,19.64,6.0,14.1,39.74,59.22,-19.48,87.5,100.0,0,SIMULATED
2026-08-12 13:00:00,standard,33.21,43.3,834.9,64,19.66,6.0,14.1,39.76,59.34,-19.58,87.5,100.0,0,SIMULATED
2026-08-12 13:15:00,standard,33.3,42.9,823.3,68,19.74,6.0,14.1,39.84,59.46,-19.62,87.5,100.0,0,SIMULATED
2026-08-12 13:30:00,standard,33.37,42.6,808.4,75,20.21,6.6,14.1,40.91,59.54,-18.63,87.5,100.0,0,SIMULATED
2026-08-12 13:45:00,standard,33.43,42.3,790.3,74,20.24,6.6,14.1,40.94,59.62,-18.68,87.5,100.0,0,SIMULATED
2026-08-12 14:00:00,standard,33.47,42.1,769.1,73,19.64,6.5,14.1,40.24,59.67,-19.43,75.0,100.0,1,SIMULATED
2026-08-12 14:15:00,standard,33.49,42.0,744.9,71,19.61,6.5,14.1,40.21,59.7,-19.49,62.5,100.0,1,SIMULATED
2026-08-12 14:30:00,standard,33.5,42.0,717.7,72,19.65,6.5,14.1,40.25,59.7,-19.45,62.5,100.0,1,SIMULATED
2026-08-12 14:45:00,standard,33.49,42.0,687.7,72,19.68,6.5,14.1,40.28,59.7,-19.42,62.5,100.0,1,SIMULATED
2026-08-12 15:00:00,standard,33.47,42.1,654.9,72,19.48,5.82,14.1,39.4,59.67,-20.27,62.5,100.0,0,SIMULATED
2026-08-12 15:15:00,standard,33.43,42.3,619.6,73,19.53,5.82,14.1,39.45,59.62,-20.17,62.5,100.0,0,SIMULATED
2026-08-12 15:30:00,standard,33.37,42.6,581.9,71,19.41,6.0,14.1,39.51,59.54,-20.03,62.5,100.0,0,SIMULATED
2026-08-12 15:45:00,standard,33.3,42.9,541.8,71,19.38,6.0,14.1,39.48,59.46,-19.98,62.5,100.0,0,SIMULATED
2026-08-12 16:00:00,standard,33.21,43.3,499.6,69,19.33,6.0,14.1,39.43,59.34,-19.91,62.5,100.0,0,SIMULATED
2026-08-12 16:15:00,standard,33.11,43.8,455.5,72,19.32,6.0,14.1,39.42,59.22,-19.8,62.5,100.0,0,SIMULATED
2026-08-12 16:30:00,standard,33.0,44.3,409.5,77,19.61,6.6,14.1,40.31,59.07,-18.76,62.5,100.0,0,SIMULATED
2026-08-12 16:45:00,standard,32.87,44.9,361.9,78,19.58,6.6,14.1,40.28,58.92,-18.64,62.5,100.0,0,SIMULATED
2026-08-12 17:00:00,standard,32.73,45.5,312.9,66,18.95,6.6,14.1,39.65,58.74,-19.09,62.5,100.0,0,SIMULATED
2026-08-12 17:15:00,standard,32.57,46.2,262.7,66,18.62,6.6,14.1,39.32,58.53,-19.21,62.5,100.0,0,SIMULATED
2026-08-12 17:30:00,standard,32.4,47.0,211.4,58,17.97,6.0,14.1,38.07,58.31,-20.24,62.5,100.0,0,SIMULATED
2026-08-12 17:45:00,standard,32.22,47.8,159.3,55,17.67,6.0,14.1,37.77,58.1,-20.33,62.5,100.0,0,SIMULATED
2026-08-12 18:00:00,standard,32.03,48.7,106.5,52,17.39,6.0,14.1,37.49,57.87,-20.38,62.5,100.0,0,SIMULATED
2026-08-12 18:15:00,standard,31.83,49.6,53.4,48,17.11,6.0,14.1,37.21,57.62,-20.41,75.0,100.0,0,SIMULATED
2026-08-12 18:30:00,standard,31.62,50.5,0.0,41,16.44,5.09,14.1,35.63,57.36,-21.73,87.5,100.0,0,SIMULATED
2026-08-12 18:45:00,standard,31.41,51.5,0.0,33,15.96,5.09,14.1,35.15,57.1,-21.95,87.5,100.0,0,SIMULATED
2026-08-12 19:00:00,standard,31.19,52.5,0.0,22,15.11,3.98,14.1,33.19,56.82,-23.63,87.5,100.0,0,SIMULATED
2026-08-12 19:15:00,standard,30.96,53.5,0.0,15,14.69,3.98,14.1,32.77,56.51,-23.74,87.5,100.0,0,SIMULATED
2026-08-12 19:30:00,standard,30.72,54.6,0.0,10,13.84,2.62,14.1,30.56,56.24,-25.68,87.5,100.0,0,SIMULATED
2026-08-12 19:45:00,standard,30.48,55.7,0.0,8,13.34,2.62,14.1,30.06,55.93,-25.87,87.5,100.0,0,SIMULATED
2026-08-12 20:00:00,standard,30.24,56.8,0.0,6,12.64,1.6,14.1,28.34,55.64,-27.3,87.5,100.0,0,SIMULATED
2026-08-12 20:15:00,standard,30.0,57.9,0.0,2,12.12,1.6,14.1,27.82,55.34,-27.52,87.5,100.0,0,SIMULATED
2026-08-12 20:30:00,standard,29.75,59.0,0.0,0,11.35,0.24,14.1,25.69,55.02,-29.33,87.5,100.0,0,SIMULATED
2026-08-12 20:45:00,standard,29.5,60.1,0.0,0,11.0,0.24,14.1,25.34,54.7,-29.36,87.5,100.0,0,SIMULATED
2026-08-12 21:00:00,standard,29.26,61.2,0.0,0,10.67,0.24,14.1,25.01,54.42,-29.41,87.5,100.0,0,SIMULATED
2026-08-12 21:15:00,standard,29.02,62.3,0.0,0,10.34,0.24,14.1,24.68,54.1,-29.42,87.5,100.0,0,SIMULATED
2026-08-12 21:30:00,standard,28.78,63.4,0.0,0,10.08,0.24,14.1,24.42,53.8,-29.38,87.5,100.0,0,SIMULATED
2026-08-12 21:45:00,standard,28.54,64.5,0.0,0,9.79,0.24,14.1,24.13,53.49,-29.36,87.5,100.0,0,SIMULATED
2026-08-12 22:00:00,standard,28.31,65.5,0.0,0,9.52,0.24,14.1,23.86,53.22,-29.36,87.5,100.0,0,SIMULATED
2026-08-12 22:15:00,standard,28.09,66.5,0.0,0,9.24,0.24,14.1,23.58,52.94,-29.36,87.5,100.0,0,SIMULATED
2026-08-12 22:30:00,standard,27.88,67.5,0.0,0,9.02,0.24,14.1,23.36,52.82,-29.46,87.5,100.0,0,SIMULATED
2026-08-12 22:45:00,standard,27.67,68.4,0.0,0,8.82,0.24,14.1,23.16,52.82,-29.66,87.5,100.0,0,SIMULATED
2026-08-12 23:00:00,standard,27.47,69.3,0.0,0,8.6,0.24,14.1,22.94,52.82,-29.88,87.5,100.0,0,SIMULATED
2026-08-12 23:15:00,standard,27.28,70.2,0.0,0,8.41,0.24,14.1,22.75,52.82,-30.07,87.5,100.0,0,SIMULATED
2026-08-12 23:30:00,standard,27.1,71.0,0.0,0,8.25,0.24,14.1,22.59,52.82,-30.23,87.5,100.0,0,SIMULATED
2026-08-12 23:45:00,standard,26.93,71.8,0.0,0,8.08,0.24,14.1,22.42,52.82,-30.4,87.5,100.0,0,SIMULATED
2026-08-13 00:00:00,standard,26.77,72.5,0.0,0,7.9,0.24,14.1,22.24,52.82,-30.58,87.5,100.0,0,SIMULATED
2026-08-13 00:15:00,standard,26.63,73.1,0.0,0,7.79,0.24,14.1,22.13,52.82,-30.69,87.5,100.0,0,SIMULATED
2026-08-13 00:30:00,standard,26.5,73.7,0.0,0,7.65,0.24,14.1,21.99,52.82,-30.83,87.5,100.0,0,SIMULATED
2026-08-13 00:45:00,standard,26.39,74.2,0.0,0,7.55,0.24,14.1,21.89,52.82,-30.93,87.5,100.0,0,SIMULATED
2026-08-13 01:00:00,standard,26.29,74.7,0.0,0,7.45,0.24,14.1,21.79,52.82,-31.03,87.5,100.0,0,SIMULATED
2026-08-13 01:15:00,standard,26.2,75.1,0.0,0,7.35,0.24,14.1,21.69,52.82,-31.13,87.5,100.0,0,SIMULATED
2026-08-13 01:30:00,standard,26.13,75.4,0.0,0,7.28,0.24,14.1,21.62,52.82,-31.2,87.5,100.0,0,SIMULATED
2026-08-13 01:45:00,standard,26.07,75.7,0.0,0,7.2,0.24,14.1,21.54,52.82,-31.28,87.5,100.0,0,SIMULATED
2026-08-13 02:00:00,standard,26.03,75.9,0.0,0,7.15,0.24,14.1,21.49,52.82,-31.33,87.5,100.0,0,SIMULATED
2026-08-13 02:15:00,standard,26.01,76.0,0.0,0,7.11,0.24,14.1,21.45,52.82,-31.37,87.5,100.0,0,SIMULATED
2026-08-13 02:30:00,standard,26.0,76.0,0.0,0,7.08,0.24,14.1,21.42,52.82,-31.4,87.5,100.0,0,SIMULATED
2026-08-13 02:45:00,standard,26.01,76.0,0.0,0,7.06,0.24,14.1,21.4,52.82,-31.42,87.5,100.0,0,SIMULATED
2026-08-13 03:00:00,standard,26.03,75.9,0.0,0,7.04,0.24,14.1,21.38,52.82,-31.44,87.5,100.0,0,SIMULATED
2026-08-13 03:15:00,standard,26.07,75.7,0.0,0,7.03,0.24,14.1,21.37,52.82,-31.45,87.5,100.0,0,SIMULATED
2026-08-13 03:30:00,standard,26.13,75.4,0.0,0,7.05,0.24,14.1,21.39,52.82,-31.43,87.5,100.0,0,SIMULATED
2026-08-13 03:45:00,standard,26.2,75.1,0.0,0,7.07,0.24,14.1,21.41,52.82,-31.41,87.5,100.0,0,SIMULATED
2026-08-13 04:00:00,standard,26.29,74.7,0.0,0,7.11,0.24,14.1,21.45,52.82,-31.37,87.5,100.0,0,SIMULATED
2026-08-13 04:15:00,standard,26.39,74.2,0.0,0,7.14,0.24,14.1,21.48,52.82,-31.34,87.5,100.0,0,SIMULATED
2026-08-13 04:30:00,standard,26.5,73.7,0.0,0,7.18,0.24,14.1,21.52,52.82,-31.3,87.5,100.0,0,SIMULATED
2026-08-13 04:45:00,standard,26.63,73.1,0.0,0,7.24,0.24,14.1,21.58,52.82,-31.24,87.5,100.0,0,SIMULATED
2026-08-13 05:00:00,standard,26.77,72.5,0.0,0,7.28,0.24,14.1,21.62,52.82,-31.2,87.5,100.0,0,SIMULATED
2026-08-13 05:15:00,standard,26.93,71.8,0.0,0,7.36,0.24,14.1,21.7,52.82,-31.12,87.5,100.0,0,SIMULATED
2026-08-13 05:30:00,standard,27.1,71.0,0.0,0,7.46,0.24,14.1,21.8,52.82,-31.02,87.5,100.0,0,SIMULATED
2026-08-13 05:45:00,standard,27.28,70.2,0.0,0,7.53,0.24,14.1,21.87,52.82,-30.95,87.5,100.0,0,SIMULATED
2026-08-13 06:00:00,standard,27.47,69.3,0.0,0,7.63,0.24,14.1,21.97,52.82,-30.85,87.5,100.0,0,SIMULATED
2026-08-13 06:15:00,standard,27.67,68.4,53.4,0,8.32,0.24,14.1,22.66,52.82,-30.16,87.5,100.0,0,SIMULATED
2026-08-13 06:30:00,standard,27.88,67.5,106.5,0,9.01,0.24,14.1,23.35,52.82,-29.47,87.5,100.0,0,SIMULATED
2026-08-13 06:45:00,standard,28.09,66.5,159.3,0,9.7,0.24,14.1,24.04,52.94,-28.9,87.5,100.0,0,SIMULATED
2026-08-13 07:00:00,standard,28.31,65.5,211.4,0,10.7,1.52,14.1,26.33,53.22,-26.89,87.5,100.0,0,SIMULATED
2026-08-13 07:15:00,standard,28.54,64.5,262.7,0,11.4,1.52,14.1,27.03,53.49,-26.46,87.5,100.0,0,SIMULATED
2026-08-13 07:30:00,standard,28.78,63.4,312.9,0,12.11,1.52,14.1,27.72,53.8,-26.08,87.5,100.0,0,SIMULATED
2026-08-13 07:45:00,standard,29.02,62.3,361.9,0,12.8,1.52,14.1,28.42,54.1,-25.68,87.5,100.0,0,SIMULATED
2026-08-13 08:00:00,standard,29.26,61.2,409.5,2,13.65,1.85,14.1,29.59,54.42,-24.83,87.5,100.0,0,SIMULATED
2026-08-13 08:15:00,standard,29.5,60.1,455.5,5,14.72,3.21,14.1,32.02,54.7,-22.68,87.5,100.0,0,SIMULATED
2026-08-13 08:30:00,standard,29.75,59.0,499.6,14,15.85,3.99,14.1,33.93,55.02,-21.09,87.5,100.0,0,SIMULATED
2026-08-13 08:45:00,standard,30.0,57.9,541.8,17,16.76,5.09,14.1,35.95,55.34,-19.39,87.5,100.0,0,SIMULATED
2026-08-13 09:00:00,standard,30.24,56.8,581.9,47,17.56,6.0,14.1,37.66,55.64,-17.98,87.5,100.0,0,SIMULATED
2026-08-13 09:15:00,standard,30.48,55.7,619.6,48,17.71,6.0,14.1,37.81,55.93,-18.12,87.5,100.0,0,SIMULATED
2026-08-13 09:30:00,standard,30.72,54.6,654.9,68,18.3,6.6,14.1,39.0,56.24,-17.24,87.5,100.0,0,SIMULATED
2026-08-13 09:45:00,standard,30.96,53.5,687.7,69,18.44,6.6,14.1,39.14,56.51,-17.37,87.5,100.0,0,SIMULATED
2026-08-13 10:00:00,standard,31.19,52.5,717.7,77,18.76,6.42,14.1,39.28,56.82,-17.54,87.5,100.0,0,SIMULATED
2026-08-13 10:15:00,standard,31.41,51.5,744.9,79,18.89,6.42,14.1,39.41,57.1,-17.69,87.5,100.0,0,SIMULATED
2026-08-13 10:30:00,standard,31.62,50.5,769.1,70,18.55,5.82,14.1,38.47,57.36,-18.89,87.5,100.0,0,SIMULATED
2026-08-13 10:45:00,standard,31.83,49.6,790.3,72,18.74,5.82,14.1,38.66,57.62,-18.96,87.5,100.0,0,SIMULATED
2026-08-13 11:00:00,standard,32.03,48.7,808.4,72,18.77,5.82,14.1,38.69,57.87,-19.18,87.5,100.0,0,SIMULATED
2026-08-13 11:15:00,standard,32.22,47.8,823.3,73,18.89,5.82,14.1,38.81,58.1,-19.29,87.5,100.0,0,SIMULATED
2026-08-13 11:30:00,standard,32.4,47.0,834.9,81,19.38,6.42,14.1,39.9,58.31,-18.41,87.5,100.0,0,SIMULATED
2026-08-13 11:45:00,standard,32.57,46.2,843.3,67,18.92,5.82,14.1,38.84,58.53,-19.69,87.5,100.0,0,SIMULATED
2026-08-13 12:00:00,standard,32.73,45.5,848.3,91,19.87,6.6,14.1,40.57,58.74,-18.17,87.5,100.0,0,SIMULATED
2026-08-13 12:15:00,standard,32.87,44.9,850.0,91,19.92,6.6,14.1,40.62,58.92,-18.3,87.5,100.0,0,SIMULATED
2026-08-13 12:30:00,standard,33.0,44.3,848.3,70,19.55,6.0,14.1,39.65,59.07,-19.42,87.5,100.0,0,SIMULATED
2026-08-13 12:45:00,standard,33.11,43.8,843.3,71,19.61,6.0,14.1,39.71,59.22,-19.51,87.5,100.0,0,SIMULATED
2026-08-13 13:00:00,standard,33.21,43.3,834.9,65,19.69,6.0,14.1,39.79,59.34,-19.55,87.5,100.0,0,SIMULATED
2026-08-13 13:15:00,standard,33.3,42.9,823.3,66,19.8,6.0,14.1,39.9,59.46,-19.56,87.5,100.0,0,SIMULATED
2026-08-13 13:30:00,standard,33.37,42.6,808.4,72,20.1,6.6,14.1,40.8,59.54,-18.74,87.5,100.0,0,SIMULATED
2026-08-13 13:45:00,standard,33.43,42.3,790.3,72,20.18,6.6,14.1,40.88,59.62,-18.74,87.5,100.0,0,SIMULATED
2026-08-13 14:00:00,standard,33.47,42.1,769.1,71,19.64,6.5,14.1,40.24,59.67,-19.43,75.0,100.0,1,SIMULATED
2026-08-13 14:15:00,standard,33.49,42.0,744.9,72,19.67,6.5,14.1,40.27,59.7,-19.43,75.0,100.0,1,SIMULATED
2026-08-13 14:30:00,standard,33.5,42.0,717.7,74,19.68,6.5,14.1,40.28,59.7,-19.42,62.5,100.0,1,SIMULATED
2026-08-13 14:45:00,standard,33.49,42.0,687.7,73,19.64,6.5,14.1,40.24,59.7,-19.46,62.5,100.0,1,SIMULATED
2026-08-13 15:00:00,standard,33.47,42.1,654.9,73,19.51,5.82,14.1,39.43,59.67,-20.24,62.5,100.0,0,SIMULATED
2026-08-13 15:15:00,standard,33.43,42.3,619.6,73,19.46,5.82,14.1,39.38,59.62,-20.24,62.5,100.0,0,SIMULATED
2026-08-13 15:30:00,standard,33.37,42.6,581.9,69,19.41,6.0,14.1,39.51,59.54,-20.03,62.5,100.0,0,SIMULATED
2026-08-13 15:45:00,standard,33.3,42.9,541.8,71,19.38,6.0,14.1,39.48,59.46,-19.98,62.5,100.0,0,SIMULATED
2026-08-13 16:00:00,standard,33.21,43.3,499.6,71,19.37,6.0,14.1,39.47,59.34,-19.87,62.5,100.0,0,SIMULATED
2026-08-13 16:15:00,standard,33.11,43.8,455.5,69,19.29,6.0,14.1,39.39,59.22,-19.83,62.5,100.0,0,SIMULATED
2026-08-13 16:30:00,standard,33.0,44.3,409.5,79,19.6,6.6,14.1,40.3,59.07,-18.77,62.5,100.0,0,SIMULATED
2026-08-13 16:45:00,standard,32.87,44.9,361.9,80,19.61,6.6,14.1,40.31,58.92,-18.61,62.5,100.0,0,SIMULATED
2026-08-13 17:00:00,standard,32.73,45.5,312.9,65,18.92,6.6,14.1,39.62,58.74,-19.12,62.5,100.0,0,SIMULATED
2026-08-13 17:15:00,standard,32.57,46.2,262.7,66,18.66,6.6,14.1,39.36,58.53,-19.17,62.5,100.0,0,SIMULATED
2026-08-13 17:30:00,standard,32.4,47.0,211.4,58,17.94,6.0,14.1,38.04,58.31,-20.27,62.5,100.0,0,SIMULATED
2026-08-13 17:45:00,standard,32.22,47.8,159.3,54,17.68,6.0,14.1,37.78,58.1,-20.32,62.5,100.0,0,SIMULATED
2026-08-13 18:00:00,standard,32.03,48.7,106.5,52,17.39,6.0,14.1,37.49,57.87,-20.38,62.5,100.0,0,SIMULATED
2026-08-13 18:15:00,standard,31.83,49.6,53.4,46,17.08,6.0,14.1,37.18,57.62,-20.44,75.0,100.0,0,SIMULATED
2026-08-13 18:30:00,standard,31.62,50.5,0.0,40,16.42,5.09,14.1,35.61,57.36,-21.75,87.5,100.0,0,SIMULATED
2026-08-13 18:45:00,standard,31.41,51.5,0.0,34,16.02,5.09,14.1,35.21,57.1,-21.89,87.5,100.0,0,SIMULATED
2026-08-13 19:00:00,standard,31.19,52.5,0.0,22,15.17,3.98,14.1,33.25,56.82,-23.57,87.5,100.0,0,SIMULATED
2026-08-13 19:15:00,standard,30.96,53.5,0.0,16,14.75,3.98,14.1,32.83,56.51,-23.68,87.5,100.0,0,SIMULATED
2026-08-13 19:30:00,standard,30.72,54.6,0.0,10,13.87,2.62,14.1,30.59,56.24,-25.65,87.5,100.0,0,SIMULATED
2026-08-13 19:45:00,standard,30.48,55.7,0.0,8,13.37,2.62,14.1,30.09,55.93,-25.84,87.5,100.0,0,SIMULATED
2026-08-13 20:00:00,standard,30.24,56.8,0.0,5,12.63,1.6,14.1,28.33,55.64,-27.31,87.5,100.0,0,SIMULATED
2026-08-13 20:15:00,standard,30.0,57.9,0.0,3,12.16,1.6,14.1,27.86,55.34,-27.48,87.5,100.0,0,SIMULATED
2026-08-13 20:30:00,standard,29.75,59.0,0.0,0,11.37,0.24,14.1,25.71,55.02,-29.31,87.5,100.0,0,SIMULATED
2026-08-13 20:45:00,standard,29.5,60.1,0.0,0,11.02,0.24,14.1,25.36,54.7,-29.34,87.5,100.0,0,SIMULATED
2026-08-13 21:00:00,standard,29.26,61.2,0.0,0,10.69,0.24,14.1,25.03,54.42,-29.39,87.5,100.0,0,SIMULATED
2026-08-13 21:15:00,standard,29.02,62.3,0.0,0,10.36,0.24,14.1,24.7,54.1,-29.4,87.5,100.0,0,SIMULATED
2026-08-13 21:30:00,standard,28.78,63.4,0.0,0,10.09,0.24,14.1,24.43,53.8,-29.37,87.5,100.0,0,SIMULATED
2026-08-13 21:45:00,standard,28.54,64.5,0.0,0,9.79,0.24,14.1,24.13,53.49,-29.36,87.5,100.0,0,SIMULATED
2026-08-13 22:00:00,standard,28.31,65.5,0.0,0,9.53,0.24,14.1,23.87,53.22,-29.35,87.5,100.0,0,SIMULATED
2026-08-13 22:15:00,standard,28.09,66.5,0.0,0,9.25,0.24,14.1,23.59,52.94,-29.35,87.5,100.0,0,SIMULATED
2026-08-13 22:30:00,standard,27.88,67.5,0.0,0,9.03,0.24,14.1,23.37,52.82,-29.45,87.5,100.0,0,SIMULATED
2026-08-13 22:45:00,standard,27.67,68.4,0.0,0,8.83,0.24,14.1,23.17,52.82,-29.65,87.5,100.0,0,SIMULATED
2026-08-13 23:00:00,standard,27.47,69.3,0.0,0,8.61,0.24,14.1,22.95,52.82,-29.87,87.5,100.0,0,SIMULATED
2026-08-13 23:15:00,standard,27.28,70.2,0.0,0,8.42,0.24,14.1,22.76,52.82,-30.06,87.5,100.0,0,SIMULATED
2026-08-13 23:30:00,standard,27.1,71.0,0.0,0,8.26,0.24,14.1,22.6,52.82,-30.22,87.5,100.0,0,SIMULATED
2026-08-13 23:45:00,standard,26.93,71.8,0.0,0,8.09,0.24,14.1,22.43,52.82,-30.39,87.5,100.0,0,SIMULATED
2026-08-14 00:00:00,standard,26.77,72.5,0.0,0,7.91,0.24,14.1,22.25,52.82,-30.57,87.5,100.0,0,SIMULATED
2026-08-14 00:15:00,standard,26.63,73.1,0.0,0,7.8,0.24,14.1,22.14,52.82,-30.68,87.5,100.0,0,SIMULATED
2026-08-14 00:30:00,standard,26.5,73.7,0.0,0,7.66,0.24,14.1,22.0,52.82,-30.82,87.5,100.0,0,SIMULATED
2026-08-14 00:45:00,standard,26.39,74.2,0.0,0,7.56,0.24,14.1,21.9,52.82,-30.92,87.5,100.0,0,SIMULATED
2026-08-14 01:00:00,standard,26.29,74.7,0.0,0,7.46,0.24,14.1,21.8,52.82,-31.02,87.5,100.0,0,SIMULATED
2026-08-14 01:15:00,standard,26.2,75.1,0.0,0,7.36,0.24,14.1,21.7,52.82,-31.12,87.5,100.0,0,SIMULATED
2026-08-14 01:30:00,standard,26.13,75.4,0.0,0,7.29,0.24,14.1,21.63,52.82,-31.19,87.5,100.0,0,SIMULATED
2026-08-14 01:45:00,standard,26.07,75.7,0.0,0,7.21,0.24,14.1,21.55,52.82,-31.27,87.5,100.0,0,SIMULATED
2026-08-14 02:00:00,standard,26.03,75.9,0.0,0,7.16,0.24,14.1,21.5,52.82,-31.32,87.5,100.0,0,SIMULATED
2026-08-14 02:15:00,standard,26.01,76.0,0.0,0,7.12,0.24,14.1,21.46,52.82,-31.36,87.5,100.0,0,SIMULATED
2026-08-14 02:30:00,standard,26.0,76.0,0.0,0,7.09,0.24,14.1,21.43,52.82,-31.39,87.5,100.0,0,SIMULATED
2026-08-14 02:45:00,standard,26.01,76.0,0.0,0,7.07,0.24,14.1,21.41,52.82,-31.41,87.5,100.0,0,SIMULATED
2026-08-14 03:00:00,standard,26.03,75.9,0.0,0,7.05,0.24,14.1,21.39,52.82,-31.43,87.5,100.0,0,SIMULATED
2026-08-14 03:15:00,standard,26.07,75.7,0.0,0,7.04,0.24,14.1,21.38,52.82,-31.44,87.5,100.0,0,SIMULATED
2026-08-14 03:30:00,standard,26.13,75.4,0.0,0,7.06,0.24,14.1,21.4,52.82,-31.42,87.5,100.0,0,SIMULATED
2026-08-14 03:45:00,standard,26.2,75.1,0.0,0,7.08,0.24,14.1,21.42,52.82,-31.4,87.5,100.0,0,SIMULATED
2026-08-14 04:00:00,standard,26.29,74.7,0.0,0,7.12,0.24,14.1,21.46,52.82,-31.36,87.5,100.0,0,SIMULATED
2026-08-14 04:15:00,standard,26.39,74.2,0.0,0,7.15,0.24,14.1,21.49,52.82,-31.33,87.5,100.0,0,SIMULATED
2026-08-14 04:30:00,standard,26.5,73.7,0.0,0,7.19,0.24,14.1,21.53,52.82,-31.29,87.5,100.0,0,SIMULATED
2026-08-14 04:45:00,standard,26.63,73.1,0.0,0,7.25,0.24,14.1,21.59,52.82,-31.23,87.5,100.0,0,SIMULATED
2026-08-14 05:00:00,standard,26.77,72.5,0.0,0,7.29,0.24,14.1,21.63,52.82,-31.19,87.5,100.0,0,SIMULATED
2026-08-14 05:15:00,standard,26.93,71.8,0.0,0,7.37,0.24,14.1,21.71,52.82,-31.11,87.5,100.0,0,SIMULATED
2026-08-14 05:30:00,standard,27.1,71.0,0.0,0,7.47,0.24,14.1,21.81,52.82,-31.01,87.5,100.0,0,SIMULATED
2026-08-14 05:45:00,standard,27.28,70.2,0.0,0,7.54,0.24,14.1,21.88,52.82,-30.94,87.5,100.0,0,SIMULATED
2026-08-14 06:00:00,standard,27.47,69.3,0.0,0,7.63,0.24,14.1,21.97,52.82,-30.85,87.5,100.0,0,SIMULATED
2026-08-14 06:15:00,standard,27.67,68.4,53.4,0,8.33,0.24,14.1,22.67,52.82,-30.15,87.5,100.0,0,SIMULATED
2026-08-14 06:30:00,standard,27.88,67.5,106.5,0,9.02,0.24,14.1,23.36,52.82,-29.46,87.5,100.0,0,SIMULATED
2026-08-14 06:45:00,standard,28.09,66.5,159.3,0,9.71,0.24,14.1,24.05,52.94,-28.89,87.5,100.0,0,SIMULATED
2026-08-14 07:00:00,standard,28.31,65.5,211.4,0,10.7,1.52,14.1,26.33,53.22,-26.89,87.5,100.0,0,SIMULATED
2026-08-14 07:15:00,standard,28.54,64.5,262.7,0,11.4,1.52,14.1,27.03,53.49,-26.46,87.5,100.0,0,SIMULATED
2026-08-14 07:30:00,standard,28.78,63.4,312.9,0,12.11,1.52,14.1,27.72,53.8,-26.08,87.5,100.0,0,SIMULATED
2026-08-14 07:45:00,standard,29.02,62.3,361.9,0,12.8,1.52,14.1,28.42,54.1,-25.68,87.5,100.0,0,SIMULATED
2026-08-14 08:00:00,standard,29.26,61.2,409.5,2,13.65,1.85,14.1,29.59,54.42,-24.83,87.5,100.0,0,SIMULATED
2026-08-14 08:15:00,standard,29.5,60.1,455.5,6,14.76,3.21,14.1,32.06,54.7,-22.64,87.5,100.0,0,SIMULATED
2026-08-14 08:30:00,standard,29.75,59.0,499.6,11,15.75,3.99,14.1,33.83,55.02,-21.19,87.5,100.0,0,SIMULATED
2026-08-14 08:45:00,standard,30.0,57.9,541.8,17,16.73,5.09,14.1,35.92,55.34,-19.42,87.5,100.0,0,SIMULATED
2026-08-14 09:00:00,standard,30.24,56.8,581.9,44,17.5,6.0,14.1,37.6,55.64,-18.04,87.5,100.0,0,SIMULATED
2026-08-14 09:15:00,standard,30.48,55.7,619.6,48,17.74,6.0,14.1,37.84,55.93,-18.09,87.5,100.0,0,SIMULATED
2026-08-14 09:30:00,standard,30.72,54.6,654.9,69,18.3,6.6,14.1,39.0,56.24,-17.24,87.5,100.0,0,SIMULATED
2026-08-14 09:45:00,standard,30.96,53.5,687.7,70,18.5,6.6,14.1,39.2,56.51,-17.31,87.5,100.0,0,SIMULATED
2026-08-14 10:00:00,standard,31.19,52.5,717.7,79,18.83,6.42,14.1,39.35,56.82,-17.47,87.5,100.0,0,SIMULATED
2026-08-14 10:15:00,standard,31.41,51.5,744.9,75,18.83,6.42,14.1,39.35,57.1,-17.75,87.5,100.0,0,SIMULATED
2026-08-14 10:30:00,standard,31.62,50.5,769.1,70,18.58,5.82,14.1,38.5,57.36,-18.86,87.5,100.0,0,SIMULATED
2026-08-14 10:45:00,standard,31.83,49.6,790.3,69,18.65,5.82,14.1,38.57,57.62,-19.05,87.5,100.0,0,SIMULATED
2026-08-14 11:00:00,standard,32.03,48.7,808.4,72,18.8,5.82,14.1,38.72,57.87,-19.15,87.5,100.0,0,SIMULATED
2026-08-14 11:15:00,standard,32.22,47.8,823.3,71,18.92,5.82,14.1,38.84,58.1,-19.26,87.5,100.0,0,SIMULATED
2026-08-14 11:30:00,standard,32.4,47.0,834.9,82,19.41,6.42,14.1,39.93,58.31,-18.38,87.5,100.0,0,SIMULATED
2026-08-14 11:45:00,standard,32.57,46.2,843.3,66,18.89,5.82,14.1,38.81,58.53,-19.72,87.5,100.0,0,SIMULATED
2026-08-14 12:00:00,standard,32.73,45.5,848.3,92,19.87,6.6,14.1,40.57,58.74,-18.17,87.5,100.0,0,SIMULATED
2026-08-14 12:15:00,standard,32.87,44.9,850.0,92,19.97,6.6,14.1,40.67,58.92,-18.25,87.5,100.0,0,SIMULATED
2026-08-14 12:30:00,standard,33.0,44.3,848.3,73,19.62,6.0,14.1,39.72,59.07,-19.35,87.5,100.0,0,SIMULATED
2026-08-14 12:45:00,standard,33.11,43.8,843.3,73,19.67,6.0,14.1,39.77,59.22,-19.45,87.5,100.0,0,SIMULATED
2026-08-14 13:00:00,standard,33.21,43.3,834.9,67,19.72,6.0,14.1,39.82,59.34,-19.52,87.5,100.0,0,SIMULATED
2026-08-14 13:15:00,standard,33.3,42.9,823.3,66,19.74,6.0,14.1,39.84,59.46,-19.62,87.5,100.0,0,SIMULATED
2026-08-14 13:30:00,standard,33.37,42.6,808.4,72,20.14,6.6,14.1,40.84,59.54,-18.7,87.5,100.0,0,SIMULATED
2026-08-14 13:45:00,standard,33.43,42.3,790.3,72,20.18,6.6,14.1,40.88,59.62,-18.74,87.5,100.0,0,SIMULATED
2026-08-14 14:00:00,standard,33.47,42.1,769.1,72,19.64,6.5,14.1,40.24,59.67,-19.43,75.0,100.0,1,SIMULATED
2026-08-14 14:15:00,standard,33.49,42.0,744.9,74,19.68,6.5,14.1,40.28,59.7,-19.42,75.0,100.0,1,SIMULATED
2026-08-14 14:30:00,standard,33.5,42.0,717.7,72,19.65,6.5,14.1,40.25,59.7,-19.45,62.5,100.0,1,SIMULATED
2026-08-14 14:45:00,standard,33.49,42.0,687.7,73,19.64,6.5,14.1,40.24,59.7,-19.46,62.5,100.0,1,SIMULATED
2026-08-14 15:00:00,standard,33.47,42.1,654.9,72,19.52,5.82,14.1,39.44,59.67,-20.23,62.5,100.0,0,SIMULATED
2026-08-14 15:15:00,standard,33.43,42.3,619.6,71,19.43,5.82,14.1,39.35,59.62,-20.27,62.5,100.0,0,SIMULATED
2026-08-14 15:30:00,standard,33.37,42.6,581.9,70,19.44,6.0,14.1,39.54,59.54,-20.0,62.5,100.0,0,SIMULATED
2026-08-14 15:45:00,standard,33.3,42.9,541.8,69,19.34,6.0,14.1,39.44,59.46,-20.02,62.5,100.0,0,SIMULATED
2026-08-14 16:00:00,standard,33.21,43.3,499.6,70,19.33,6.0,14.1,39.43,59.34,-19.91,62.5,100.0,0,SIMULATED
2026-08-14 16:15:00,standard,33.11,43.8,455.5,70,19.29,6.0,14.1,39.39,59.22,-19.83,62.5,100.0,0,SIMULATED
2026-08-14 16:30:00,standard,33.0,44.3,409.5,77,19.63,6.6,14.1,40.33,59.07,-18.74,62.5,100.0,0,SIMULATED
2026-08-14 16:45:00,standard,32.87,44.9,361.9,78,19.61,6.6,14.1,40.31,58.92,-18.61,62.5,100.0,0,SIMULATED
2026-08-14 17:00:00,standard,32.73,45.5,312.9,65,18.89,6.6,14.1,39.59,58.74,-19.15,62.5,100.0,0,SIMULATED
2026-08-14 17:15:00,standard,32.57,46.2,262.7,66,18.63,6.6,14.1,39.33,58.53,-19.2,62.5,100.0,0,SIMULATED
2026-08-14 17:30:00,standard,32.4,47.0,211.4,58,17.95,6.0,14.1,38.05,58.31,-20.26,62.5,100.0,0,SIMULATED
2026-08-14 17:45:00,standard,32.22,47.8,159.3,52,17.59,6.0,14.1,37.69,58.1,-20.41,62.5,100.0,0,SIMULATED
2026-08-14 18:00:00,standard,32.03,48.7,106.5,53,17.45,6.0,14.1,37.55,57.87,-20.32,62.5,100.0,0,SIMULATED
2026-08-14 18:15:00,standard,31.83,49.6,53.4,46,17.06,6.0,14.1,37.16,57.62,-20.46,75.0,100.0,0,SIMULATED
2026-08-14 18:30:00,standard,31.62,50.5,0.0,40,16.4,5.09,14.1,35.59,57.36,-21.77,87.5,100.0,0,SIMULATED
2026-08-14 18:45:00,standard,31.41,51.5,0.0,34,16.03,5.09,14.1,35.22,57.1,-21.88,87.5,100.0,0,SIMULATED
2026-08-14 19:00:00,standard,31.19,52.5,0.0,21,15.12,3.98,14.1,33.2,56.82,-23.62,87.5,100.0,0,SIMULATED
2026-08-14 19:15:00,standard,30.96,53.5,0.0,16,14.74,3.98,14.1,32.82,56.51,-23.69,87.5,100.0,0,SIMULATED
2026-08-14 19:30:00,standard,30.72,54.6,0.0,11,13.84,2.62,14.1,30.56,56.24,-25.68,87.5,100.0,0,SIMULATED
2026-08-14 19:45:00,standard,30.48,55.7,0.0,8,13.31,2.62,14.1,30.03,55.93,-25.9,87.5,100.0,0,SIMULATED
2026-08-14 20:00:00,standard,30.24,56.8,0.0,5,12.57,1.6,14.1,28.27,55.64,-27.37,87.5,100.0,0,SIMULATED
2026-08-14 20:15:00,standard,30.0,57.9,0.0,2,12.07,1.6,14.1,27.77,55.34,-27.57,87.5,100.0,0,SIMULATED
2026-08-14 20:30:00,standard,29.75,59.0,0.0,0,11.32,0.24,14.1,25.66,55.02,-29.36,87.5,100.0,0,SIMULATED
2026-08-14 20:45:00,standard,29.5,60.1,0.0,0,10.97,0.24,14.1,25.31,54.7,-29.39,87.5,100.0,0,SIMULATED
2026-08-14 21:00:00,standard,29.26,61.2,0.0,0,10.64,0.24,14.1,24.98,54.42,-29.44,87.5,100.0,0,SIMULATED
2026-08-14 21:15:00,standard,29.02,62.3,0.0,0,10.32,0.24,14.1,24.66,54.1,-29.44,87.5,100.0,0,SIMULATED
2026-08-14 21:30:00,standard,28.78,63.4,0.0,0,10.04,0.24,14.1,24.38,53.8,-29.42,87.5,100.0,0,SIMULATED
2026-08-14 21:45:00,standard,28.54,64.5,0.0,0,9.76,0.24,14.1,24.1,53.49,-29.39,87.5,100.0,0,SIMULATED
2026-08-14 22:00:00,standard,28.31,65.5,0.0,0,9.5,0.24,14.1,23.84,53.22,-29.38,87.5,100.0,0,SIMULATED
2026-08-14 22:15:00,standard,28.09,66.5,0.0,0,9.23,0.24,14.1,23.57,52.94,-29.37,87.5,100.0,0,SIMULATED
2026-08-14 22:30:00,standard,27.88,67.5,0.0,0,9.01,0.24,14.1,23.35,52.82,-29.47,87.5,100.0,0,SIMULATED
2026-08-14 22:45:00,standard,27.67,68.4,0.0,0,8.81,0.24,14.1,23.15,52.82,-29.67,87.5,100.0,0,SIMULATED
2026-08-14 23:00:00,standard,27.47,69.3,0.0,0,8.59,0.24,14.1,22.93,52.82,-29.89,87.5,100.0,0,SIMULATED
2026-08-14 23:15:00,standard,27.28,70.2,0.0,0,8.4,0.24,14.1,22.74,52.82,-30.08,87.5,100.0,0,SIMULATED
2026-08-14 23:30:00,standard,27.1,71.0,0.0,0,8.24,0.24,14.1,22.58,52.82,-30.24,87.5,100.0,0,SIMULATED
2026-08-14 23:45:00,standard,26.93,71.8,0.0,0,8.07,0.24,14.1,22.41,52.82,-30.41,87.5,100.0,0,SIMULATED
2026-08-15 00:00:00,standard,26.77,72.5,0.0,0,7.9,0.24,14.1,22.24,52.82,-30.58,87.5,100.0,0,SIMULATED
2026-08-15 00:15:00,standard,26.63,73.1,0.0,0,7.79,0.24,14.1,22.13,52.82,-30.69,87.5,100.0,0,SIMULATED
2026-08-15 00:30:00,standard,26.5,73.7,0.0,0,7.65,0.24,14.1,21.99,52.82,-30.83,87.5,100.0,0,SIMULATED
2026-08-15 00:45:00,standard,26.39,74.2,0.0,0,7.55,0.24,14.1,21.89,52.82,-30.93,87.5,100.0,0,SIMULATED
2026-08-15 01:00:00,standard,26.29,74.7,0.0,0,7.45,0.24,14.1,21.79,52.82,-31.03,87.5,100.0,0,SIMULATED
2026-08-15 01:15:00,standard,26.2,75.1,0.0,0,7.35,0.24,14.1,21.69,52.82,-31.13,87.5,100.0,0,SIMULATED
2026-08-15 01:30:00,standard,26.13,75.4,0.0,0,7.28,0.24,14.1,21.62,52.82,-31.2,87.5,100.0,0,SIMULATED
2026-08-15 01:45:00,standard,26.07,75.7,0.0,0,7.2,0.24,14.1,21.54,52.82,-31.28,87.5,100.0,0,SIMULATED
2026-08-15 02:00:00,standard,26.03,75.9,0.0,0,7.15,0.24,14.1,21.49,52.82,-31.33,87.5,100.0,0,SIMULATED
2026-08-15 02:15:00,standard,26.01,76.0,0.0,0,7.11,0.24,14.1,21.45,52.82,-31.37,87.5,100.0,0,SIMULATED
2026-08-15 02:30:00,standard,26.0,76.0,0.0,0,7.08,0.24,14.1,21.42,52.82,-31.4,87.5,100.0,0,SIMULATED
2026-08-15 02:45:00,standard,26.01,76.0,0.0,0,7.06,0.24,14.1,21.4,52.82,-31.42,87.5,100.0,0,SIMULATED
2026-08-15 03:00:00,standard,26.03,75.9,0.0,0,7.04,0.24,14.1,21.38,52.82,-31.44,87.5,100.0,0,SIMULATED
2026-08-15 03:15:00,standard,26.07,75.7,0.0,0,7.03,0.24,14.1,21.37,52.82,-31.45,87.5,100.0,0,SIMULATED
2026-08-15 03:30:00,standard,26.13,75.4,0.0,0,7.05,0.24,14.1,21.39,52.82,-31.43,87.5,100.0,0,SIMULATED
2026-08-15 03:45:00,standard,26.2,75.1,0.0,0,7.07,0.24,14.1,21.41,52.82,-31.41,87.5,100.0,0,SIMULATED
2026-08-15 04:00:00,standard,26.29,74.7,0.0,0,7.11,0.24,14.1,21.45,52.82,-31.37,87.5,100.0,0,SIMULATED
2026-08-15 04:15:00,standard,26.39,74.2,0.0,0,7.14,0.24,14.1,21.48,52.82,-31.34,87.5,100.0,0,SIMULATED
2026-08-15 04:30:00,standard,26.5,73.7,0.0,0,7.18,0.24,14.1,21.52,52.82,-31.3,87.5,100.0,0,SIMULATED
2026-08-15 04:45:00,standard,26.63,73.1,0.0,0,7.24,0.24,14.1,21.58,52.82,-31.24,87.5,100.0,0,SIMULATED
2026-08-15 05:00:00,standard,26.77,72.5,0.0,0,7.28,0.24,14.1,21.62,52.82,-31.2,87.5,100.0,0,SIMULATED
2026-08-15 05:15:00,standard,26.93,71.8,0.0,0,7.36,0.24,14.1,21.7,52.82,-31.12,87.5,100.0,0,SIMULATED
2026-08-15 05:30:00,standard,27.1,71.0,0.0,0,7.46,0.24,14.1,21.8,52.82,-31.02,87.5,100.0,0,SIMULATED
2026-08-15 05:45:00,standard,27.28,70.2,0.0,0,7.53,0.24,14.1,21.87,52.82,-30.95,87.5,100.0,0,SIMULATED
2026-08-15 06:00:00,standard,27.47,69.3,0.0,0,7.63,0.24,14.1,21.97,52.82,-30.85,87.5,100.0,0,SIMULATED
2026-08-15 06:15:00,standard,27.67,68.4,53.4,0,8.32,0.24,14.1,22.66,52.82,-30.16,87.5,100.0,0,SIMULATED
2026-08-15 06:30:00,standard,27.88,67.5,106.5,0,9.01,0.24,14.1,23.35,52.82,-29.47,87.5,100.0,0,SIMULATED
2026-08-15 06:45:00,standard,28.09,66.5,159.3,0,9.7,0.24,14.1,24.04,52.94,-28.9,87.5,100.0,0,SIMULATED
2026-08-15 07:00:00,standard,28.31,65.5,211.4,0,10.7,1.52,14.1,26.33,53.22,-26.89,87.5,100.0,0,SIMULATED
2026-08-15 07:15:00,standard,28.54,64.5,262.7,0,11.4,1.52,14.1,27.03,53.49,-26.46,87.5,100.0,0,SIMULATED
2026-08-15 07:30:00,standard,28.78,63.4,312.9,0,12.11,1.52,14.1,27.72,53.8,-26.08,87.5,100.0,0,SIMULATED
2026-08-15 07:45:00,standard,29.02,62.3,361.9,0,12.8,1.52,14.1,28.42,54.1,-25.68,87.5,100.0,0,SIMULATED
2026-08-15 08:00:00,standard,29.26,61.2,409.5,0,13.51,1.52,14.1,29.12,54.42,-25.3,87.5,100.0,0,SIMULATED
2026-08-15 08:15:00,standard,29.5,60.1,455.5,0,14.18,1.52,14.1,29.79,54.7,-24.91,87.5,100.0,0,SIMULATED
2026-08-15 08:30:00,standard,29.75,59.0,499.6,0,14.85,1.52,14.1,30.47,55.02,-24.55,87.5,100.0,0,SIMULATED
2026-08-15 08:45:00,standard,30.0,57.9,541.8,0,15.5,1.52,14.1,31.12,55.34,-24.22,87.5,100.0,0,SIMULATED
2026-08-15 09:00:00,standard,30.24,56.8,581.9,1,16.21,1.85,14.1,32.15,55.64,-23.49,87.5,100.0,0,SIMULATED
2026-08-15 09:15:00,standard,30.48,55.7,619.6,1,16.81,1.85,14.1,32.76,55.93,-23.17,87.5,100.0,0,SIMULATED
2026-08-15 09:30:00,standard,30.72,54.6,654.9,1,17.04,1.85,14.1,32.99,56.24,-23.25,87.5,100.0,0,SIMULATED
2026-08-15 09:45:00,standard,30.96,53.5,687.7,1,17.25,1.85,14.1,33.19,56.51,-23.32,87.5,100.0,0,SIMULATED
2026-08-15 10:00:00,standard,31.19,52.5,717.7,6,17.44,4.31,14.1,35.85,56.82,-20.97,87.5,100.0,0,SIMULATED
2026-08-15 10:15:00,standard,31.41,51.5,744.9,6,17.61,4.31,14.1,36.02,57.1,-21.08,87.5,100.0,0,SIMULATED
2026-08-15 10:30:00,standard,31.62,50.5,769.1,4,17.78,4.31,14.1,36.19,57.36,-21.17,87.5,100.0,0,SIMULATED
2026-08-15 10:45:00,standard,31.83,49.6,790.3,6,17.95,4.31,14.1,36.36,57.62,-21.26,87.5,100.0,0,SIMULATED
2026-08-15 11:00:00,standard,32.03,48.7,808.4,6,18.09,4.31,14.1,36.5,57.87,-21.37,87.5,100.0,0,SIMULATED
2026-08-15 11:15:00,standard,32.22,47.8,823.3,5,18.22,4.31,14.1,36.63,58.1,-21.47,87.5,100.0,0,SIMULATED
2026-08-15 11:30:00,standard,32.4,47.0,834.9,6,18.35,4.31,14.1,36.76,58.31,-21.55,87.5,100.0,0,SIMULATED
2026-08-15 11:45:00,standard,32.57,46.2,843.3,7,18.43,4.31,14.1,36.84,58.53,-21.69,87.5,100.0,0,SIMULATED
2026-08-15 12:00:00,standard,32.73,45.5,848.3,5,18.51,4.31,14.1,36.92,58.74,-21.82,87.5,100.0,0,SIMULATED
2026-08-15 12:15:00,standard,32.87,44.9,850.0,8,18.59,4.31,14.1,37.0,58.92,-21.92,87.5,100.0,0,SIMULATED
2026-08-15 12:30:00,standard,33.0,44.3,848.3,5,18.62,4.31,14.1,37.03,59.07,-22.04,87.5,100.0,0,SIMULATED
2026-08-15 12:45:00,standard,33.11,43.8,843.3,6,18.67,4.31,14.1,37.08,59.22,-22.14,87.5,100.0,0,SIMULATED
2026-08-15 13:00:00,standard,33.21,43.3,834.9,7,18.73,4.31,14.1,37.14,59.34,-22.2,87.5,100.0,0,SIMULATED
2026-08-15 13:15:00,standard,33.3,42.9,823.3,4,18.77,4.31,14.1,37.18,59.46,-22.28,87.5,100.0,0,SIMULATED
2026-08-15 13:30:00,standard,33.37,42.6,808.4,4,18.78,4.31,14.1,37.19,59.54,-22.35,87.5,100.0,0,SIMULATED
2026-08-15 13:45:00,standard,33.43,42.3,790.3,6,18.79,4.31,14.1,37.2,59.62,-22.42,87.5,100.0,0,SIMULATED
2026-08-15 14:00:00,standard,33.47,42.1,769.1,5,18.75,4.31,14.1,37.16,59.67,-22.51,87.5,100.0,0,SIMULATED
2026-08-15 14:15:00,standard,33.49,42.0,744.9,5,18.57,3.98,14.1,36.66,59.7,-23.04,87.5,100.0,0,SIMULATED
2026-08-15 14:30:00,standard,33.5,42.0,717.7,4,18.5,3.98,14.1,36.59,59.7,-23.11,87.5,100.0,0,SIMULATED
2026-08-15 14:45:00,standard,33.49,42.0,687.7,4,18.42,3.98,14.1,36.51,59.7,-23.19,87.5,100.0,0,SIMULATED
2026-08-15 15:00:00,standard,33.47,42.1,654.9,5,18.34,3.98,14.1,36.43,59.67,-23.24,87.5,100.0,0,SIMULATED
2026-08-15 15:15:00,standard,33.43,42.3,619.6,4,18.23,3.98,14.1,36.32,59.62,-23.3,87.5,100.0,0,SIMULATED
2026-08-15 15:30:00,standard,33.37,42.6,581.9,5,18.07,3.98,14.1,36.15,59.54,-23.39,87.5,100.0,0,SIMULATED
2026-08-15 15:45:00,standard,33.3,42.9,541.8,4,17.95,3.98,14.1,36.03,59.46,-23.43,87.5,100.0,0,SIMULATED
2026-08-15 16:00:00,standard,33.21,43.3,499.6,5,17.79,3.98,14.1,35.87,59.34,-23.47,87.5,100.0,0,SIMULATED
2026-08-15 16:15:00,standard,33.11,43.8,455.5,0,17.61,1.52,14.1,33.24,59.22,-25.98,87.5,100.0,0,SIMULATED
2026-08-15 16:30:00,standard,33.0,44.3,409.5,0,17.44,1.52,14.1,33.07,59.07,-26.0,87.5,100.0,0,SIMULATED
2026-08-15 16:45:00,standard,32.87,44.9,361.9,0,17.25,1.52,14.1,32.87,58.92,-26.05,87.5,100.0,0,SIMULATED
2026-08-15 17:00:00,standard,32.73,45.5,312.9,0,17.06,1.52,14.1,32.69,58.74,-26.05,87.5,100.0,0,SIMULATED
2026-08-15 17:15:00,standard,32.57,46.2,262.7,0,16.77,1.52,14.1,32.38,58.53,-26.15,87.5,100.0,0,SIMULATED
2026-08-15 17:30:00,standard,32.4,47.0,211.4,0,15.95,1.52,14.1,31.56,58.31,-26.75,87.5,100.0,0,SIMULATED
2026-08-15 17:45:00,standard,32.22,47.8,159.3,0,15.01,1.52,14.1,30.62,58.1,-27.48,87.5,100.0,0,SIMULATED
2026-08-15 18:00:00,standard,32.03,48.7,106.5,0,14.05,1.52,14.1,29.66,57.87,-28.21,87.5,100.0,0,SIMULATED
2026-08-15 18:15:00,standard,31.83,49.6,53.4,0,13.11,1.52,14.1,28.73,57.62,-28.89,87.5,100.0,0,SIMULATED
2026-08-15 18:30:00,standard,31.62,50.5,0.0,0,12.18,1.52,14.1,27.79,57.36,-29.57,87.5,100.0,0,SIMULATED
2026-08-15 18:45:00,standard,31.41,51.5,0.0,0,11.89,1.52,14.1,27.5,57.1,-29.6,87.5,100.0,0,SIMULATED
2026-08-15 19:00:00,standard,31.19,52.5,0.0,0,11.61,1.52,14.1,27.23,56.82,-29.59,87.5,100.0,0,SIMULATED
2026-08-15 19:15:00,standard,30.96,53.5,0.0,0,11.35,1.52,14.1,26.97,56.51,-29.54,87.5,100.0,0,SIMULATED
2026-08-15 19:30:00,standard,30.72,54.6,0.0,0,11.09,1.52,14.1,26.71,56.24,-29.53,87.5,100.0,0,SIMULATED
2026-08-15 19:45:00,standard,30.48,55.7,0.0,0,10.83,1.52,14.1,26.44,55.93,-29.49,87.5,100.0,0,SIMULATED
2026-08-15 20:00:00,standard,30.24,56.8,0.0,0,10.29,0.24,14.1,24.63,55.64,-31.01,87.5,100.0,0,SIMULATED
2026-08-15 20:15:00,standard,30.0,57.9,0.0,0,10.05,0.24,14.1,24.39,55.34,-30.95,87.5,100.0,0,SIMULATED
2026-08-15 20:30:00,standard,29.75,59.0,0.0,0,9.82,0.24,14.1,24.16,55.02,-30.86,87.5,100.0,0,SIMULATED
2026-08-15 20:45:00,standard,29.5,60.1,0.0,0,9.6,0.24,14.1,23.94,54.7,-30.76,87.5,100.0,0,SIMULATED
2026-08-15 21:00:00,standard,29.26,61.2,0.0,0,9.37,0.24,14.1,23.71,54.42,-30.71,87.5,100.0,0,SIMULATED
2026-08-15 21:15:00,standard,29.02,62.3,0.0,0,9.17,0.24,14.1,23.51,54.1,-30.59,87.5,100.0,0,SIMULATED
2026-08-15 21:30:00,standard,28.78,63.4,0.0,0,8.99,0.24,14.1,23.33,53.8,-30.47,87.5,100.0,0,SIMULATED
2026-08-15 21:45:00,standard,28.54,64.5,0.0,0,8.78,0.24,14.1,23.12,53.49,-30.37,87.5,100.0,0,SIMULATED
2026-08-15 22:00:00,standard,28.31,65.5,0.0,0,8.61,0.24,14.1,22.95,53.22,-30.27,87.5,100.0,0,SIMULATED
2026-08-15 22:15:00,standard,28.09,66.5,0.0,0,8.43,0.24,14.1,22.77,52.94,-30.17,87.5,100.0,0,SIMULATED
2026-08-15 22:30:00,standard,27.88,67.5,0.0,0,8.27,0.24,14.1,22.61,52.82,-30.21,87.5,100.0,0,SIMULATED
2026-08-15 22:45:00,standard,27.67,68.4,0.0,0,8.13,0.24,14.1,22.47,52.82,-30.35,87.5,100.0,0,SIMULATED
2026-08-15 23:00:00,standard,27.47,69.3,0.0,0,7.96,0.24,14.1,22.3,52.82,-30.52,87.5,100.0,0,SIMULATED
2026-08-15 23:15:00,standard,27.28,70.2,0.0,0,7.82,0.24,14.1,22.16,52.82,-30.66,87.5,100.0,0,SIMULATED
2026-08-15 23:30:00,standard,27.1,71.0,0.0,0,7.71,0.24,14.1,22.05,52.82,-30.77,87.5,100.0,0,SIMULATED
2026-08-15 23:45:00,standard,26.93,71.8,0.0,0,7.57,0.24,14.1,21.91,52.82,-30.91,87.5,100.0,0,SIMULATED
2026-08-16 00:00:00,standard,26.77,72.5,0.0,0,7.45,0.24,14.1,21.79,52.82,-31.03,87.5,100.0,0,SIMULATED
2026-08-16 00:15:00,standard,26.63,73.1,0.0,0,7.37,0.24,14.1,21.71,52.82,-31.11,87.5,100.0,0,SIMULATED
2026-08-16 00:30:00,standard,26.5,73.7,0.0,0,7.26,0.24,14.1,21.6,52.82,-31.22,87.5,100.0,0,SIMULATED
2026-08-16 00:45:00,standard,26.39,74.2,0.0,0,7.2,0.24,14.1,21.54,52.82,-31.28,87.5,100.0,0,SIMULATED
2026-08-16 01:00:00,standard,26.29,74.7,0.0,0,7.13,0.24,14.1,21.47,52.82,-31.35,87.5,100.0,0,SIMULATED
2026-08-16 01:15:00,standard,26.2,75.1,0.0,0,7.05,0.24,14.1,21.39,52.82,-31.43,87.5,100.0,0,SIMULATED
2026-08-16 01:30:00,standard,26.13,75.4,0.0,0,7.0,0.24,14.1,21.34,52.82,-31.48,87.5,100.0,0,SIMULATED
2026-08-16 01:45:00,standard,26.07,75.7,0.0,0,6.95,0.24,14.1,21.29,52.82,-31.53,87.5,100.0,0,SIMULATED
2026-08-16 02:00:00,standard,26.03,75.9,0.0,0,6.92,0.24,14.1,21.26,52.82,-31.56,87.5,100.0,0,SIMULATED
2026-08-16 02:15:00,standard,26.01,76.0,0.0,0,6.89,0.24,14.1,21.23,52.82,-31.59,87.5,100.0,0,SIMULATED
2026-08-16 02:30:00,standard,26.0,76.0,0.0,0,6.87,0.24,14.1,21.21,52.82,-31.61,87.5,100.0,0,SIMULATED
2026-08-16 02:45:00,standard,26.01,76.0,0.0,0,6.87,0.24,14.1,21.21,52.82,-31.61,87.5,100.0,0,SIMULATED
2026-08-16 03:00:00,standard,26.03,75.9,0.0,0,6.86,0.24,14.1,21.2,52.82,-31.62,87.5,100.0,0,SIMULATED
2026-08-16 03:15:00,standard,26.07,75.7,0.0,0,6.87,0.24,14.1,21.21,52.82,-31.61,87.5,100.0,0,SIMULATED
2026-08-16 03:30:00,standard,26.13,75.4,0.0,0,6.9,0.24,14.1,21.24,52.82,-31.58,87.5,100.0,0,SIMULATED
2026-08-16 03:45:00,standard,26.2,75.1,0.0,0,6.93,0.24,14.1,21.27,52.82,-31.55,87.5,100.0,0,SIMULATED
2026-08-16 04:00:00,standard,26.29,74.7,0.0,0,6.97,0.24,14.1,21.31,52.82,-31.51,87.5,100.0,0,SIMULATED
2026-08-16 04:15:00,standard,26.39,74.2,0.0,0,7.03,0.24,14.1,21.37,52.82,-31.45,87.5,100.0,0,SIMULATED
2026-08-16 04:30:00,standard,26.5,73.7,0.0,0,7.07,0.24,14.1,21.41,52.82,-31.41,87.5,100.0,0,SIMULATED
2026-08-16 04:45:00,standard,26.63,73.1,0.0,0,7.15,0.24,14.1,21.49,52.82,-31.33,87.5,100.0,0,SIMULATED
2026-08-16 05:00:00,standard,26.77,72.5,0.0,0,7.21,0.24,14.1,21.55,52.82,-31.27,87.5,100.0,0,SIMULATED
2026-08-16 05:15:00,standard,26.93,71.8,0.0,0,7.31,0.24,14.1,21.65,52.82,-31.17,87.5,100.0,0,SIMULATED
2026-08-16 05:30:00,standard,27.1,71.0,0.0,0,7.42,0.24,14.1,21.76,52.82,-31.06,87.5,100.0,0,SIMULATED
2026-08-16 05:45:00,standard,27.28,70.2,0.0,0,7.49,0.24,14.1,21.83,52.82,-30.99,87.5,100.0,0,SIMULATED
2026-08-16 06:00:00,standard,27.47,69.3,0.0,0,7.6,0.24,14.1,21.94,52.82,-30.88,87.5,100.0,0,SIMULATED
2026-08-16 06:15:00,standard,27.67,68.4,53.4,0,8.31,0.24,14.1,22.65,52.82,-30.17,87.5,100.0,0,SIMULATED
2026-08-16 06:30:00,standard,27.88,67.5,106.5,0,9.0,0.24,14.1,23.34,52.82,-29.48,87.5,100.0,0,SIMULATED
2026-08-16 06:45:00,standard,28.09,66.5,159.3,0,9.7,0.24,14.1,24.04,52.94,-28.9,87.5,100.0,0,SIMULATED
2026-08-16 07:00:00,standard,28.31,65.5,211.4,0,10.7,1.52,14.1,26.33,53.22,-26.89,87.5,100.0,0,SIMULATED
2026-08-16 07:15:00,standard,28.54,64.5,262.7,0,11.4,1.52,14.1,27.03,53.49,-26.46,87.5,100.0,0,SIMULATED
2026-08-16 07:30:00,standard,28.78,63.4,312.9,0,12.11,1.52,14.1,27.72,53.8,-26.08,87.5,100.0,0,SIMULATED
2026-08-16 07:45:00,standard,29.02,62.3,361.9,0,12.8,1.52,14.1,28.42,54.1,-25.68,87.5,100.0,0,SIMULATED
2026-08-16 08:00:00,standard,29.26,61.2,409.5,0,13.51,1.52,14.1,29.12,54.42,-25.3,87.5,100.0,0,SIMULATED
2026-08-16 08:15:00,standard,29.5,60.1,455.5,0,14.18,1.52,14.1,29.79,54.7,-24.91,87.5,100.0,0,SIMULATED
2026-08-16 08:30:00,standard,29.75,59.0,499.6,0,14.85,1.52,14.1,30.47,55.02,-24.55,87.5,100.0,0,SIMULATED
2026-08-16 08:45:00,standard,30.0,57.9,541.8,0,15.5,1.52,14.1,31.12,55.34,-24.22,87.5,100.0,0,SIMULATED
2026-08-16 09:00:00,standard,30.24,56.8,581.9,1,16.21,1.85,14.1,32.15,55.64,-23.49,87.5,100.0,0,SIMULATED
2026-08-16 09:15:00,standard,30.48,55.7,619.6,1,16.81,1.85,14.1,32.76,55.93,-23.17,87.5,100.0,0,SIMULATED
2026-08-16 09:30:00,standard,30.72,54.6,654.9,1,17.04,1.85,14.1,32.99,56.24,-23.25,87.5,100.0,0,SIMULATED
2026-08-16 09:45:00,standard,30.96,53.5,687.7,1,17.25,1.85,14.1,33.19,56.51,-23.32,87.5,100.0,0,SIMULATED
2026-08-16 10:00:00,standard,31.19,52.5,717.7,6,17.44,4.31,14.1,35.85,56.82,-20.97,87.5,100.0,0,SIMULATED
2026-08-16 10:15:00,standard,31.41,51.5,744.9,5,17.61,4.31,14.1,36.02,57.1,-21.08,87.5,100.0,0,SIMULATED
2026-08-16 10:30:00,standard,31.62,50.5,769.1,6,17.81,4.31,14.1,36.22,57.36,-21.14,87.5,100.0,0,SIMULATED
2026-08-16 10:45:00,standard,31.83,49.6,790.3,6,17.95,4.31,14.1,36.36,57.62,-21.26,87.5,100.0,0,SIMULATED
2026-08-16 11:00:00,standard,32.03,48.7,808.4,4,18.09,4.31,14.1,36.5,57.87,-21.37,87.5,100.0,0,SIMULATED
2026-08-16 11:15:00,standard,32.22,47.8,823.3,6,18.22,4.31,14.1,36.63,58.1,-21.47,87.5,100.0,0,SIMULATED
2026-08-16 11:30:00,standard,32.4,47.0,834.9,5,18.35,4.31,14.1,36.76,58.31,-21.55,87.5,100.0,0,SIMULATED
2026-08-16 11:45:00,standard,32.57,46.2,843.3,5,18.43,4.31,14.1,36.84,58.53,-21.69,87.5,100.0,0,SIMULATED
2026-08-16 12:00:00,standard,32.73,45.5,848.3,5,18.51,4.31,14.1,36.92,58.74,-21.82,87.5,100.0,0,SIMULATED
2026-08-16 12:15:00,standard,32.87,44.9,850.0,6,18.56,4.31,14.1,36.97,58.92,-21.95,87.5,100.0,0,SIMULATED
2026-08-16 12:30:00,standard,33.0,44.3,848.3,4,18.62,4.31,14.1,37.03,59.07,-22.04,87.5,100.0,0,SIMULATED
2026-08-16 12:45:00,standard,33.11,43.8,843.3,5,18.67,4.31,14.1,37.08,59.22,-22.14,87.5,100.0,0,SIMULATED
2026-08-16 13:00:00,standard,33.21,43.3,834.9,6,18.73,4.31,14.1,37.14,59.34,-22.2,87.5,100.0,0,SIMULATED
2026-08-16 13:15:00,standard,33.3,42.9,823.3,6,18.77,4.31,14.1,37.18,59.46,-22.28,87.5,100.0,0,SIMULATED
2026-08-16 13:30:00,standard,33.37,42.6,808.4,6,18.78,4.31,14.1,37.19,59.54,-22.35,87.5,100.0,0,SIMULATED
2026-08-16 13:45:00,standard,33.43,42.3,790.3,6,18.79,4.31,14.1,37.2,59.62,-22.42,87.5,100.0,0,SIMULATED
2026-08-16 14:00:00,standard,33.47,42.1,769.1,5,18.75,4.31,14.1,37.16,59.67,-22.51,87.5,100.0,0,SIMULATED
2026-08-16 14:15:00,standard,33.49,42.0,744.9,3,18.57,3.98,14.1,36.66,59.7,-23.04,87.5,100.0,0,SIMULATED
2026-08-16 14:30:00,standard,33.5,42.0,717.7,4,18.5,3.98,14.1,36.59,59.7,-23.11,87.5,100.0,0,SIMULATED
2026-08-16 14:45:00,standard,33.49,42.0,687.7,4,18.42,3.98,14.1,36.51,59.7,-23.19,87.5,100.0,0,SIMULATED
2026-08-16 15:00:00,standard,33.47,42.1,654.9,6,18.34,3.98,14.1,36.43,59.67,-23.24,87.5,100.0,0,SIMULATED
2026-08-16 15:15:00,standard,33.43,42.3,619.6,4,18.23,3.98,14.1,36.32,59.62,-23.3,87.5,100.0,0,SIMULATED
2026-08-16 15:30:00,standard,33.37,42.6,581.9,5,18.07,3.98,14.1,36.15,59.54,-23.39,87.5,100.0,0,SIMULATED
2026-08-16 15:45:00,standard,33.3,42.9,541.8,5,17.95,3.98,14.1,36.03,59.46,-23.43,87.5,100.0,0,SIMULATED
2026-08-16 16:00:00,standard,33.21,43.3,499.6,4,17.79,3.98,14.1,35.87,59.34,-23.47,87.5,100.0,0,SIMULATED
2026-08-16 16:15:00,standard,33.11,43.8,455.5,0,17.61,1.52,14.1,33.24,59.22,-25.98,87.5,100.0,0,SIMULATED
2026-08-16 16:30:00,standard,33.0,44.3,409.5,0,17.44,1.52,14.1,33.07,59.07,-26.0,87.5,100.0,0,SIMULATED
2026-08-16 16:45:00,standard,32.87,44.9,361.9,0,17.25,1.52,14.1,32.87,58.92,-26.05,87.5,100.0,0,SIMULATED
2026-08-16 17:00:00,standard,32.73,45.5,312.9,0,17.06,1.52,14.1,32.69,58.74,-26.05,87.5,100.0,0,SIMULATED
2026-08-16 17:15:00,standard,32.57,46.2,262.7,0,16.77,1.52,14.1,32.38,58.53,-26.15,87.5,100.0,0,SIMULATED
2026-08-16 17:30:00,standard,32.4,47.0,211.4,0,15.93,1.52,14.1,31.54,58.31,-26.77,87.5,100.0,0,SIMULATED
2026-08-16 17:45:00,standard,32.22,47.8,159.3,0,15.0,1.52,14.1,30.61,58.1,-27.49,87.5,100.0,0,SIMULATED
2026-08-16 18:00:00,standard,32.03,48.7,106.5,0,14.04,1.52,14.1,29.66,57.87,-28.21,87.5,100.0,0,SIMULATED
2026-08-16 18:15:00,standard,31.83,49.6,53.4,0,13.1,1.52,14.1,28.71,57.62,-28.91,87.5,100.0,0,SIMULATED
2026-08-16 18:30:00,standard,31.62,50.5,0.0,0,12.17,1.52,14.1,27.77,57.36,-29.59,87.5,100.0,0,SIMULATED
2026-08-16 18:45:00,standard,31.41,51.5,0.0,0,11.88,1.52,14.1,27.49,57.1,-29.61,87.5,100.0,0,SIMULATED
2026-08-16 19:00:00,standard,31.19,52.5,0.0,0,11.61,1.52,14.1,27.23,56.82,-29.59,87.5,100.0,0,SIMULATED
2026-08-16 19:15:00,standard,30.96,53.5,0.0,0,11.35,1.52,14.1,26.97,56.51,-29.54,87.5,100.0,0,SIMULATED
2026-08-16 19:30:00,standard,30.72,54.6,0.0,0,11.09,1.52,14.1,26.71,56.24,-29.53,87.5,100.0,0,SIMULATED
2026-08-16 19:45:00,standard,30.48,55.7,0.0,0,10.83,1.52,14.1,26.44,55.93,-29.49,87.5,100.0,0,SIMULATED
2026-08-16 20:00:00,standard,30.24,56.8,0.0,0,10.29,0.24,14.1,24.63,55.64,-31.01,87.5,100.0,0,SIMULATED
2026-08-16 20:15:00,standard,30.0,57.9,0.0,0,10.05,0.24,14.1,24.39,55.34,-30.95,87.5,100.0,0,SIMULATED
2026-08-16 20:30:00,standard,29.75,59.0,0.0,0,9.82,0.24,14.1,24.16,55.02,-30.86,87.5,100.0,0,SIMULATED
2026-08-16 20:45:00,standard,29.5,60.1,0.0,0,9.6,0.24,14.1,23.94,54.7,-30.76,87.5,100.0,0,SIMULATED
2026-08-16 21:00:00,standard,29.26,61.2,0.0,0,9.37,0.24,14.1,23.71,54.42,-30.71,87.5,100.0,0,SIMULATED
2026-08-16 21:15:00,standard,29.02,62.3,0.0,0,9.17,0.24,14.1,23.51,54.1,-30.59,87.5,100.0,0,SIMULATED
2026-08-16 21:30:00,standard,28.78,63.4,0.0,0,8.99,0.24,14.1,23.33,53.8,-30.47,87.5,100.0,0,SIMULATED
2026-08-16 21:45:00,standard,28.54,64.5,0.0,0,8.78,0.24,14.1,23.12,53.49,-30.37,87.5,100.0,0,SIMULATED
2026-08-16 22:00:00,standard,28.31,65.5,0.0,0,8.61,0.24,14.1,22.95,53.22,-30.27,87.5,100.0,0,SIMULATED
2026-08-16 22:15:00,standard,28.09,66.5,0.0,0,8.43,0.24,14.1,22.77,52.94,-30.17,87.5,100.0,0,SIMULATED
2026-08-16 22:30:00,standard,27.88,67.5,0.0,0,8.27,0.24,14.1,22.61,52.82,-30.21,87.5,100.0,0,SIMULATED
2026-08-16 22:45:00,standard,27.67,68.4,0.0,0,8.13,0.24,14.1,22.47,52.82,-30.35,87.5,100.0,0,SIMULATED
2026-08-16 23:00:00,standard,27.47,69.3,0.0,0,7.96,0.24,14.1,22.3,52.82,-30.52,87.5,100.0,0,SIMULATED
2026-08-16 23:15:00,standard,27.28,70.2,0.0,0,7.82,0.24,14.1,22.16,52.82,-30.66,87.5,100.0,0,SIMULATED
2026-08-16 23:30:00,standard,27.1,71.0,0.0,0,7.71,0.24,14.1,22.05,52.82,-30.77,87.5,100.0,0,SIMULATED
2026-08-16 23:45:00,standard,26.93,71.8,0.0,0,7.57,0.24,14.1,21.91,52.82,-30.91,87.5,100.0,0,SIMULATED
2026-08-17 00:00:00,standard,26.77,72.5,0.0,0,7.45,0.24,14.1,21.79,52.82,-31.03,87.5,100.0,0,SIMULATED
2026-08-17 00:15:00,standard,26.63,73.1,0.0,0,7.37,0.24,14.1,21.71,52.82,-31.11,87.5,100.0,0,SIMULATED
2026-08-17 00:30:00,standard,26.5,73.7,0.0,0,7.26,0.24,14.1,21.6,52.82,-31.22,87.5,100.0,0,SIMULATED
2026-08-17 00:45:00,standard,26.39,74.2,0.0,0,7.2,0.24,14.1,21.54,52.82,-31.28,87.5,100.0,0,SIMULATED
2026-08-17 01:00:00,standard,26.29,74.7,0.0,0,7.13,0.24,14.1,21.47,52.82,-31.35,87.5,100.0,0,SIMULATED
2026-08-17 01:15:00,standard,26.2,75.1,0.0,0,7.05,0.24,14.1,21.39,52.82,-31.43,87.5,100.0,0,SIMULATED
2026-08-17 01:30:00,standard,26.13,75.4,0.0,0,7.0,0.24,14.1,21.34,52.82,-31.48,87.5,100.0,0,SIMULATED
2026-08-17 01:45:00,standard,26.07,75.7,0.0,0,6.95,0.24,14.1,21.29,52.82,-31.53,87.5,100.0,0,SIMULATED
2026-08-17 02:00:00,standard,26.03,75.9,0.0,0,6.92,0.24,14.1,21.26,52.82,-31.56,87.5,100.0,0,SIMULATED
2026-08-17 02:15:00,standard,26.01,76.0,0.0,0,6.89,0.24,14.1,21.23,52.82,-31.59,87.5,100.0,0,SIMULATED
2026-08-17 02:30:00,standard,26.0,76.0,0.0,0,6.87,0.24,14.1,21.21,52.82,-31.61,87.5,100.0,0,SIMULATED
2026-08-17 02:45:00,standard,26.01,76.0,0.0,0,6.87,0.24,14.1,21.21,52.82,-31.61,87.5,100.0,0,SIMULATED
2026-08-17 03:00:00,standard,26.03,75.9,0.0,0,6.86,0.24,14.1,21.2,52.82,-31.62,87.5,100.0,0,SIMULATED
2026-08-17 03:15:00,standard,26.07,75.7,0.0,0,6.87,0.24,14.1,21.21,52.82,-31.61,87.5,100.0,0,SIMULATED
2026-08-17 03:30:00,standard,26.13,75.4,0.0,0,6.9,0.24,14.1,21.24,52.82,-31.58,87.5,100.0,0,SIMULATED
2026-08-17 03:45:00,standard,26.2,75.1,0.0,0,6.93,0.24,14.1,21.27,52.82,-31.55,87.5,100.0,0,SIMULATED
2026-08-17 04:00:00,standard,26.29,74.7,0.0,0,6.97,0.24,14.1,21.31,52.82,-31.51,87.5,100.0,0,SIMULATED
2026-08-17 04:15:00,standard,26.39,74.2,0.0,0,7.03,0.24,14.1,21.37,52.82,-31.45,87.5,100.0,0,SIMULATED
2026-08-17 04:30:00,standard,26.5,73.7,0.0,0,7.07,0.24,14.1,21.41,52.82,-31.41,87.5,100.0,0,SIMULATED
2026-08-17 04:45:00,standard,26.63,73.1,0.0,0,7.15,0.24,14.1,21.49,52.82,-31.33,87.5,100.0,0,SIMULATED
2026-08-17 05:00:00,standard,26.77,72.5,0.0,0,7.21,0.24,14.1,21.55,52.82,-31.27,87.5,100.0,0,SIMULATED
2026-08-17 05:15:00,standard,26.93,71.8,0.0,0,7.31,0.24,14.1,21.65,52.82,-31.17,87.5,100.0,0,SIMULATED
2026-08-17 05:30:00,standard,27.1,71.0,0.0,0,7.42,0.24,14.1,21.76,52.82,-31.06,87.5,100.0,0,SIMULATED
2026-08-17 05:45:00,standard,27.28,70.2,0.0,0,7.49,0.24,14.1,21.83,52.82,-30.99,87.5,100.0,0,SIMULATED
2026-08-17 06:00:00,standard,27.47,69.3,0.0,0,7.6,0.24,14.1,21.94,52.82,-30.88,87.5,100.0,0,SIMULATED
2026-08-17 06:15:00,standard,27.67,68.4,53.4,0,8.31,0.24,14.1,22.65,52.82,-30.17,87.5,100.0,0,SIMULATED
2026-08-17 06:30:00,standard,27.88,67.5,106.5,0,9.0,0.24,14.1,23.34,52.82,-29.48,87.5,100.0,0,SIMULATED
2026-08-17 06:45:00,standard,28.09,66.5,159.3,0,9.7,0.24,14.1,24.04,52.94,-28.9,87.5,100.0,0,SIMULATED
2026-08-17 07:00:00,standard,28.31,65.5,211.4,0,10.7,1.52,14.1,26.33,53.22,-26.89,87.5,100.0,0,SIMULATED
2026-08-17 07:15:00,standard,28.54,64.5,262.7,0,11.4,1.52,14.1,27.03,53.49,-26.46,87.5,100.0,0,SIMULATED
2026-08-17 07:30:00,standard,28.78,63.4,312.9,0,12.11,1.52,14.1,27.72,53.8,-26.08,87.5,100.0,0,SIMULATED
2026-08-17 07:45:00,standard,29.02,62.3,361.9,0,12.8,1.52,14.1,28.42,54.1,-25.68,87.5,100.0,0,SIMULATED
2026-08-17 08:00:00,standard,29.26,61.2,409.5,3,13.68,1.85,14.1,29.62,54.42,-24.8,87.5,100.0,0,SIMULATED
2026-08-17 08:15:00,standard,29.5,60.1,455.5,6,14.76,3.21,14.1,32.06,54.7,-22.64,87.5,100.0,0,SIMULATED
2026-08-17 08:30:00,standard,29.75,59.0,499.6,13,15.82,3.99,14.1,33.9,55.02,-21.12,87.5,100.0,0,SIMULATED
2026-08-17 08:45:00,standard,30.0,57.9,541.8,19,16.83,5.09,14.1,36.02,55.34,-19.32,87.5,100.0,0,SIMULATED
2026-08-17 09:00:00,standard,30.24,56.8,581.9,44,17.5,6.0,14.1,37.6,55.64,-18.04,87.5,100.0,0,SIMULATED
2026-08-17 09:15:00,standard,30.48,55.7,619.6,49,17.76,6.0,14.1,37.86,55.93,-18.07,87.5,100.0,0,SIMULATED
2026-08-17 09:30:00,standard,30.72,54.6,654.9,69,18.3,6.6,14.1,39.0,56.24,-17.24,87.5,100.0,0,SIMULATED
2026-08-17 09:45:00,standard,30.96,53.5,687.7,70,18.5,6.6,14.1,39.2,56.51,-17.31,87.5,100.0,0,SIMULATED
2026-08-17 10:00:00,standard,31.19,52.5,717.7,78,18.73,6.42,14.1,39.25,56.82,-17.57,87.5,100.0,0,SIMULATED
2026-08-17 10:15:00,standard,31.41,51.5,744.9,77,18.89,6.42,14.1,39.41,57.1,-17.69,87.5,100.0,0,SIMULATED
2026-08-17 10:30:00,standard,31.62,50.5,769.1,71,18.58,5.82,14.1,38.5,57.36,-18.86,87.5,100.0,0,SIMULATED
2026-08-17 10:45:00,standard,31.83,49.6,790.3,70,18.65,5.82,14.1,38.57,57.62,-19.05,87.5,100.0,0,SIMULATED
2026-08-17 11:00:00,standard,32.03,48.7,808.4,71,18.8,5.82,14.1,38.72,57.87,-19.15,87.5,100.0,0,SIMULATED
2026-08-17 11:15:00,standard,32.22,47.8,823.3,73,18.92,5.82,14.1,38.84,58.1,-19.26,87.5,100.0,0,SIMULATED
2026-08-17 11:30:00,standard,32.4,47.0,834.9,77,19.34,6.42,14.1,39.86,58.31,-18.45,87.5,100.0,0,SIMULATED
2026-08-17 11:45:00,standard,32.57,46.2,843.3,66,18.89,5.82,14.1,38.81,58.53,-19.72,87.5,100.0,0,SIMULATED
2026-08-17 12:00:00,standard,32.73,45.5,848.3,92,19.84,6.6,14.1,40.54,58.74,-18.2,87.5,100.0,0,SIMULATED
2026-08-17 12:15:00,standard,32.87,44.9,850.0,91,19.89,6.6,14.1,40.59,58.92,-18.33,87.5,100.0,0,SIMULATED
2026-08-17 12:30:00,standard,33.0,44.3,848.3,73,19.59,6.0,14.1,39.69,59.07,-19.38,87.5,100.0,0,SIMULATED
2026-08-17 12:45:00,standard,33.11,43.8,843.3,72,19.64,6.0,14.1,39.74,59.22,-19.48,87.5,100.0,0,SIMULATED
2026-08-17 13:00:00,standard,33.21,43.3,834.9,65,19.73,6.0,14.1,39.83,59.34,-19.51,87.5,100.0,0,SIMULATED
2026-08-17 13:15:00,standard,33.3,42.9,823.3,66,19.7,6.0,14.1,39.8,59.46,-19.66,87.5,100.0,0,SIMULATED
2026-08-17 13:30:00,standard,33.37,42.6,808.4,73,20.15,6.6,14.1,40.85,59.54,-18.69,87.5,100.0,0,SIMULATED
2026-08-17 13:45:00,standard,33.43,42.3,790.3,73,20.21,6.6,14.1,40.91,59.62,-18.71,87.5,100.0,0,SIMULATED
2026-08-17 14:00:00,standard,33.47,42.1,769.1,71,19.61,6.5,14.1,40.21,59.67,-19.46,75.0,100.0,1,SIMULATED
2026-08-17 14:15:00,standard,33.49,42.0,744.9,70,19.61,6.5,14.1,40.21,59.7,-19.49,75.0,100.0,1,SIMULATED
2026-08-17 14:30:00,standard,33.5,42.0,717.7,72,19.65,6.5,14.1,40.25,59.7,-19.45,62.5,100.0,1,SIMULATED
2026-08-17 14:45:00,standard,33.49,42.0,687.7,73,19.64,6.5,14.1,40.24,59.7,-19.46,62.5,100.0,1,SIMULATED
2026-08-17 15:00:00,standard,33.47,42.1,654.9,71,19.48,5.82,14.1,39.4,59.67,-20.27,62.5,100.0,0,SIMULATED
2026-08-17 15:15:00,standard,33.43,42.3,619.6,72,19.5,5.82,14.1,39.42,59.62,-20.2,62.5,100.0,0,SIMULATED
2026-08-17 15:30:00,standard,33.37,42.6,581.9,72,19.41,6.0,14.1,39.51,59.54,-20.03,62.5,100.0,0,SIMULATED
2026-08-17 15:45:00,standard,33.3,42.9,541.8,71,19.37,6.0,14.1,39.47,59.46,-19.99,62.5,100.0,0,SIMULATED
2026-08-17 16:00:00,standard,33.21,43.3,499.6,72,19.37,6.0,14.1,39.47,59.34,-19.87,62.5,100.0,0,SIMULATED
2026-08-17 16:15:00,standard,33.11,43.8,455.5,70,19.29,6.0,14.1,39.39,59.22,-19.83,62.5,100.0,0,SIMULATED
2026-08-17 16:30:00,standard,33.0,44.3,409.5,79,19.63,6.6,14.1,40.33,59.07,-18.74,62.5,100.0,0,SIMULATED
2026-08-17 16:45:00,standard,32.87,44.9,361.9,80,19.61,6.6,14.1,40.31,58.92,-18.61,62.5,100.0,0,SIMULATED
2026-08-17 17:00:00,standard,32.73,45.5,312.9,65,18.9,6.6,14.1,39.6,58.74,-19.14,62.5,100.0,0,SIMULATED
2026-08-17 17:15:00,standard,32.57,46.2,262.7,66,18.65,6.6,14.1,39.35,58.53,-19.18,62.5,100.0,0,SIMULATED
2026-08-17 17:30:00,standard,32.4,47.0,211.4,57,17.95,6.0,14.1,38.05,58.31,-20.26,62.5,100.0,0,SIMULATED
2026-08-17 17:45:00,standard,32.22,47.8,159.3,58,17.72,6.0,14.1,37.82,58.1,-20.28,62.5,100.0,0,SIMULATED
2026-08-17 18:00:00,standard,32.03,48.7,106.5,49,17.31,6.0,14.1,37.41,57.87,-20.46,62.5,100.0,0,SIMULATED
2026-08-17 18:15:00,standard,31.83,49.6,53.4,50,17.09,6.0,14.1,37.19,57.62,-20.43,75.0,100.0,0,SIMULATED
2026-08-17 18:30:00,standard,31.62,50.5,0.0,42,16.43,5.09,14.1,35.62,57.36,-21.74,87.5,100.0,0,SIMULATED
2026-08-17 18:45:00,standard,31.41,51.5,0.0,33,15.96,5.09,14.1,35.15,57.1,-21.95,87.5,100.0,0,SIMULATED
2026-08-17 19:00:00,standard,31.19,52.5,0.0,22,15.14,3.98,14.1,33.22,56.82,-23.6,87.5,100.0,0,SIMULATED
2026-08-17 19:15:00,standard,30.96,53.5,0.0,17,14.76,3.98,14.1,32.84,56.51,-23.67,87.5,100.0,0,SIMULATED
2026-08-17 19:30:00,standard,30.72,54.6,0.0,11,13.83,2.62,14.1,30.55,56.24,-25.69,87.5,100.0,0,SIMULATED
2026-08-17 19:45:00,standard,30.48,55.7,0.0,7,13.27,2.62,14.1,29.99,55.93,-25.94,87.5,100.0,0,SIMULATED
2026-08-17 20:00:00,standard,30.24,56.8,0.0,6,12.6,1.6,14.1,28.3,55.64,-27.34,87.5,100.0,0,SIMULATED
2026-08-17 20:15:00,standard,30.0,57.9,0.0,3,12.1,1.6,14.1,27.8,55.34,-27.54,87.5,100.0,0,SIMULATED
2026-08-17 20:30:00,standard,29.75,59.0,0.0,0,11.32,0.24,14.1,25.66,55.02,-29.36,87.5,100.0,0,SIMULATED
2026-08-17 20:45:00,standard,29.5,60.1,0.0,0,10.97,0.24,14.1,25.31,54.7,-29.39,87.5,100.0,0,SIMULATED
2026-08-17 21:00:00,standard,29.26,61.2,0.0,0,10.64,0.24,14.1,24.98,54.42,-29.44,87.5,100.0,0,SIMULATED
2026-08-17 21:15:00,standard,29.02,62.3,0.0,0,10.32,0.24,14.1,24.66,54.1,-29.44,87.5,100.0,0,SIMULATED
2026-08-17 21:30:00,standard,28.78,63.4,0.0,0,10.04,0.24,14.1,24.38,53.8,-29.42,87.5,100.0,0,SIMULATED
2026-08-17 21:45:00,standard,28.54,64.5,0.0,0,9.76,0.24,14.1,24.1,53.49,-29.39,87.5,100.0,0,SIMULATED
2026-08-17 22:00:00,standard,28.31,65.5,0.0,0,9.5,0.24,14.1,23.84,53.22,-29.38,87.5,100.0,0,SIMULATED
2026-08-17 22:15:00,standard,28.09,66.5,0.0,0,9.23,0.24,14.1,23.57,52.94,-29.37,87.5,100.0,0,SIMULATED
2026-08-17 22:30:00,standard,27.88,67.5,0.0,0,9.01,0.24,14.1,23.35,52.82,-29.47,87.5,100.0,0,SIMULATED
2026-08-17 22:45:00,standard,27.67,68.4,0.0,0,8.81,0.24,14.1,23.15,52.82,-29.67,87.5,100.0,0,SIMULATED
2026-08-17 23:00:00,standard,27.47,69.3,0.0,0,8.59,0.24,14.1,22.93,52.82,-29.89,87.5,100.0,0,SIMULATED
2026-08-17 23:15:00,standard,27.28,70.2,0.0,0,8.4,0.24,14.1,22.74,52.82,-30.08,87.5,100.0,0,SIMULATED
2026-08-17 23:30:00,standard,27.1,71.0,0.0,0,8.24,0.24,14.1,22.58,52.82,-30.24,87.5,100.0,0,SIMULATED
2026-08-17 23:45:00,standard,26.93,71.8,0.0,0,8.07,0.24,14.1,22.41,52.82,-30.41,87.5,100.0,0,SIMULATED
2026-08-18 00:00:00,standard,26.77,72.5,0.0,0,7.9,0.24,14.1,22.24,52.82,-30.58,87.5,100.0,0,SIMULATED
2026-08-18 00:15:00,standard,26.63,73.1,0.0,0,7.79,0.24,14.1,22.13,52.82,-30.69,87.5,100.0,0,SIMULATED
2026-08-18 00:30:00,standard,26.5,73.7,0.0,0,7.65,0.24,14.1,21.99,52.82,-30.83,87.5,100.0,0,SIMULATED
2026-08-18 00:45:00,standard,26.39,74.2,0.0,0,7.55,0.24,14.1,21.89,52.82,-30.93,87.5,100.0,0,SIMULATED
2026-08-18 01:00:00,standard,26.29,74.7,0.0,0,7.45,0.24,14.1,21.79,52.82,-31.03,87.5,100.0,0,SIMULATED
2026-08-18 01:15:00,standard,26.2,75.1,0.0,0,7.35,0.24,14.1,21.69,52.82,-31.13,87.5,100.0,0,SIMULATED
2026-08-18 01:30:00,standard,26.13,75.4,0.0,0,7.28,0.24,14.1,21.62,52.82,-31.2,87.5,100.0,0,SIMULATED
2026-08-18 01:45:00,standard,26.07,75.7,0.0,0,7.2,0.24,14.1,21.54,52.82,-31.28,87.5,100.0,0,SIMULATED
2026-08-18 02:00:00,standard,26.03,75.9,0.0,0,7.15,0.24,14.1,21.49,52.82,-31.33,87.5,100.0,0,SIMULATED
2026-08-18 02:15:00,standard,26.01,76.0,0.0,0,7.11,0.24,14.1,21.45,52.82,-31.37,87.5,100.0,0,SIMULATED
2026-08-18 02:30:00,standard,26.0,76.0,0.0,0,7.08,0.24,14.1,21.42,52.82,-31.4,87.5,100.0,0,SIMULATED
2026-08-18 02:45:00,standard,26.01,76.0,0.0,0,7.06,0.24,14.1,21.4,52.82,-31.42,87.5,100.0,0,SIMULATED
2026-08-18 03:00:00,standard,26.03,75.9,0.0,0,7.04,0.24,14.1,21.38,52.82,-31.44,87.5,100.0,0,SIMULATED
2026-08-18 03:15:00,standard,26.07,75.7,0.0,0,7.03,0.24,14.1,21.37,52.82,-31.45,87.5,100.0,0,SIMULATED
2026-08-18 03:30:00,standard,26.13,75.4,0.0,0,7.05,0.24,14.1,21.39,52.82,-31.43,87.5,100.0,0,SIMULATED
2026-08-18 03:45:00,standard,26.2,75.1,0.0,0,7.07,0.24,14.1,21.41,52.82,-31.41,87.5,100.0,0,SIMULATED
2026-08-18 04:00:00,standard,26.29,74.7,0.0,0,7.11,0.24,14.1,21.45,52.82,-31.37,87.5,100.0,0,SIMULATED
2026-08-18 04:15:00,standard,26.39,74.2,0.0,0,7.14,0.24,14.1,21.48,52.82,-31.34,87.5,100.0,0,SIMULATED
2026-08-18 04:30:00,standard,26.5,73.7,0.0,0,7.18,0.24,14.1,21.52,52.82,-31.3,87.5,100.0,0,SIMULATED
2026-08-18 04:45:00,standard,26.63,73.1,0.0,0,7.24,0.24,14.1,21.58,52.82,-31.24,87.5,100.0,0,SIMULATED
2026-08-18 05:00:00,standard,26.77,72.5,0.0,0,7.28,0.24,14.1,21.62,52.82,-31.2,87.5,100.0,0,SIMULATED
2026-08-18 05:15:00,standard,26.93,71.8,0.0,0,7.36,0.24,14.1,21.7,52.82,-31.12,87.5,100.0,0,SIMULATED
2026-08-18 05:30:00,standard,27.1,71.0,0.0,0,7.46,0.24,14.1,21.8,52.82,-31.02,87.5,100.0,0,SIMULATED
2026-08-18 05:45:00,standard,27.28,70.2,0.0,0,7.53,0.24,14.1,21.87,52.82,-30.95,87.5,100.0,0,SIMULATED
2026-08-18 06:00:00,standard,27.47,69.3,0.0,0,7.63,0.24,14.1,21.97,52.82,-30.85,87.5,100.0,0,SIMULATED
2026-08-18 06:15:00,standard,27.67,68.4,53.4,0,8.32,0.24,14.1,22.66,52.82,-30.16,87.5,100.0,0,SIMULATED
2026-08-18 06:30:00,standard,27.88,67.5,106.5,0,9.01,0.24,14.1,23.35,52.82,-29.47,87.5,100.0,0,SIMULATED
2026-08-18 06:45:00,standard,28.09,66.5,159.3,0,9.7,0.24,14.1,24.04,52.94,-28.9,87.5,100.0,0,SIMULATED
2026-08-18 07:00:00,standard,28.31,65.5,211.4,0,10.7,1.52,14.1,26.33,53.22,-26.89,87.5,100.0,0,SIMULATED
2026-08-18 07:15:00,standard,28.54,64.5,262.7,0,11.4,1.52,14.1,27.03,53.49,-26.46,87.5,100.0,0,SIMULATED
2026-08-18 07:30:00,standard,28.78,63.4,312.9,0,12.11,1.52,14.1,27.72,53.8,-26.08,87.5,100.0,0,SIMULATED
2026-08-18 07:45:00,standard,29.02,62.3,361.9,0,12.8,1.52,14.1,28.42,54.1,-25.68,87.5,100.0,0,SIMULATED
2026-08-18 08:00:00,standard,29.26,61.2,409.5,2,13.65,1.85,14.1,29.59,54.42,-24.83,87.5,100.0,0,SIMULATED
2026-08-18 08:15:00,standard,29.5,60.1,455.5,7,14.79,3.21,14.1,32.09,54.7,-22.61,87.5,100.0,0,SIMULATED
2026-08-18 08:30:00,standard,29.75,59.0,499.6,14,15.85,3.99,14.1,33.93,55.02,-21.09,87.5,100.0,0,SIMULATED
2026-08-18 08:45:00,standard,30.0,57.9,541.8,18,16.76,5.09,14.1,35.95,55.34,-19.39,87.5,100.0,0,SIMULATED
2026-08-18 09:00:00,standard,30.24,56.8,581.9,46,17.53,6.0,14.1,37.63,55.64,-18.01,87.5,100.0,0,SIMULATED
2026-08-18 09:15:00,standard,30.48,55.7,619.6,49,17.74,6.0,14.1,37.84,55.93,-18.09,87.5,100.0,0,SIMULATED
2026-08-18 09:30:00,standard,30.72,54.6,654.9,67,18.27,6.6,14.1,38.97,56.24,-17.27,87.5,100.0,0,SIMULATED
2026-08-18 09:45:00,standard,30.96,53.5,687.7,70,18.43,6.6,14.1,39.13,56.51,-17.38,87.5,100.0,0,SIMULATED
2026-08-18 10:00:00,standard,31.19,52.5,717.7,75,18.73,6.42,14.1,39.25,56.82,-17.57,87.5,100.0,0,SIMULATED
2026-08-18 10:15:00,standard,31.41,51.5,744.9,76,18.86,6.42,14.1,39.38,57.1,-17.72,87.5,100.0,0,SIMULATED
2026-08-18 10:30:00,standard,31.62,50.5,769.1,71,18.55,5.82,14.1,38.47,57.36,-18.89,87.5,100.0,0,SIMULATED
2026-08-18 10:45:00,standard,31.83,49.6,790.3,71,18.71,5.82,14.1,38.63,57.62,-18.99,87.5,100.0,0,SIMULATED
2026-08-18 11:00:00,standard,32.03,48.7,808.4,70,18.77,5.82,14.1,38.69,57.87,-19.18,87.5,100.0,0,SIMULATED
2026-08-18 11:15:00,standard,32.22,47.8,823.3,72,18.89,5.82,14.1,38.81,58.1,-19.29,87.5,100.0,0,SIMULATED
2026-08-18 11:30:00,standard,32.4,47.0,834.9,79,19.38,6.42,14.1,39.9,58.31,-18.41,87.5,100.0,0,SIMULATED
2026-08-18 11:45:00,standard,32.57,46.2,843.3,66,18.89,5.82,14.1,38.81,58.53,-19.72,87.5,100.0,0,SIMULATED
2026-08-18 12:00:00,standard,32.73,45.5,848.3,92,19.87,6.6,14.1,40.57,58.74,-18.17,87.5,100.0,0,SIMULATED
2026-08-18 12:15:00,standard,32.87,44.9,850.0,92,19.93,6.6,14.1,40.63,58.92,-18.29,87.5,100.0,0,SIMULATED
2026-08-18 12:30:00,standard,33.0,44.3,848.3,72,19.58,6.0,14.1,39.68,59.07,-19.39,87.5,100.0,0,SIMULATED
2026-08-18 12:45:00,standard,33.11,43.8,843.3,70,19.61,6.0,14.1,39.71,59.22,-19.51,87.5,100.0,0,SIMULATED
2026-08-18 13:00:00,standard,33.21,43.3,834.9,66,19.69,6.0,14.1,39.79,59.34,-19.55,87.5,100.0,0,SIMULATED
2026-08-18 13:15:00,standard,33.3,42.9,823.3,68,19.77,6.0,14.1,39.87,59.46,-19.59,87.5,100.0,0,SIMULATED
2026-08-18 13:30:00,standard,33.37,42.6,808.4,74,20.21,6.6,14.1,40.91,59.54,-18.63,87.5,100.0,0,SIMULATED
2026-08-18 13:45:00,standard,33.43,42.3,790.3,73,20.18,6.6,14.1,40.88,59.62,-18.74,87.5,100.0,0,SIMULATED
2026-08-18 14:00:00,standard,33.47,42.1,769.1,74,19.67,6.5,14.1,40.27,59.67,-19.4,75.0,100.0,1,SIMULATED
2026-08-18 14:15:00,standard,33.49,42.0,744.9,73,19.71,6.5,14.1,40.31,59.7,-19.39,75.0,100.0,1,SIMULATED
2026-08-18 14:30:00,standard,33.5,42.0,717.7,74,19.65,6.5,14.1,40.25,59.7,-19.45,62.5,100.0,1,SIMULATED
2026-08-18 14:45:00,standard,33.49,42.0,687.7,71,19.64,6.5,14.1,40.24,59.7,-19.46,62.5,100.0,1,SIMULATED
2026-08-18 15:00:00,standard,33.47,42.1,654.9,73,19.48,5.82,14.1,39.4,59.67,-20.27,62.5,100.0,0,SIMULATED
2026-08-18 15:15:00,standard,33.43,42.3,619.6,70,19.43,5.82,14.1,39.35,59.62,-20.27,62.5,100.0,0,SIMULATED
2026-08-18 15:30:00,standard,33.37,42.6,581.9,71,19.41,6.0,14.1,39.51,59.54,-20.03,62.5,100.0,0,SIMULATED
2026-08-18 15:45:00,standard,33.3,42.9,541.8,70,19.38,6.0,14.1,39.48,59.46,-19.98,62.5,100.0,0,SIMULATED
2026-08-18 16:00:00,standard,33.21,43.3,499.6,70,19.33,6.0,14.1,39.43,59.34,-19.91,62.5,100.0,0,SIMULATED
2026-08-18 16:15:00,standard,33.11,43.8,455.5,71,19.29,6.0,14.1,39.39,59.22,-19.83,62.5,100.0,0,SIMULATED
2026-08-18 16:30:00,standard,33.0,44.3,409.5,80,19.7,6.6,14.1,40.4,59.07,-18.67,62.5,100.0,0,SIMULATED
2026-08-18 16:45:00,standard,32.87,44.9,361.9,76,19.57,6.6,14.1,40.27,58.92,-18.65,62.5,100.0,0,SIMULATED
2026-08-18 17:00:00,standard,32.73,45.5,312.9,67,18.97,6.6,14.1,39.67,58.74,-19.07,62.5,100.0,0,SIMULATED
2026-08-18 17:15:00,standard,32.57,46.2,262.7,67,18.72,6.6,14.1,39.42,58.53,-19.11,62.5,100.0,0,SIMULATED
2026-08-18 17:30:00,standard,32.4,47.0,211.4,56,17.9,6.0,14.1,38.0,58.31,-20.31,62.5,100.0,0,SIMULATED
2026-08-18 17:45:00,standard,32.22,47.8,159.3,55,17.67,6.0,14.1,37.77,58.1,-20.33,62.5,100.0,0,SIMULATED
2026-08-18 18:00:00,standard,32.03,48.7,106.5,54,17.41,6.0,14.1,37.51,57.87,-20.36,62.5,100.0,0,SIMULATED
2026-08-18 18:15:00,standard,31.83,49.6,53.4,49,17.13,6.0,14.1,37.23,57.62,-20.39,75.0,100.0,0,SIMULATED
2026-08-18 18:30:00,standard,31.62,50.5,0.0,39,16.44,5.09,14.1,35.63,57.36,-21.73,87.5,100.0,0,SIMULATED
2026-08-18 18:45:00,standard,31.41,51.5,0.0,34,16.02,5.09,14.1,35.21,57.1,-21.89,87.5,100.0,0,SIMULATED
2026-08-18 19:00:00,standard,31.19,52.5,0.0,22,15.14,3.98,14.1,33.22,56.82,-23.6,87.5,100.0,0,SIMULATED
2026-08-18 19:15:00,standard,30.96,53.5,0.0,17,14.79,3.98,14.1,32.87,56.51,-23.64,87.5,100.0,0,SIMULATED
2026-08-18 19:30:00,standard,30.72,54.6,0.0,10,13.85,2.62,14.1,30.57,56.24,-25.67,87.5,100.0,0,SIMULATED
2026-08-18 19:45:00,standard,30.48,55.7,0.0,7,13.32,2.62,14.1,30.04,55.93,-25.89,87.5,100.0,0,SIMULATED
2026-08-18 20:00:00,standard,30.24,56.8,0.0,5,12.61,1.6,14.1,28.31,55.64,-27.33,87.5,100.0,0,SIMULATED
2026-08-18 20:15:00,standard,30.0,57.9,0.0,3,12.14,1.6,14.1,27.84,55.34,-27.5,87.5,100.0,0,SIMULATED
2026-08-18 20:30:00,standard,29.75,59.0,0.0,0,11.36,0.24,14.1,25.7,55.02,-29.32,87.5,100.0,0,SIMULATED
2026-08-18 20:45:00,standard,29.5,60.1,0.0,0,11.01,0.24,14.1,25.35,54.7,-29.35,87.5,100.0,0,SIMULATED
2026-08-18 21:00:00,standard,29.26,61.2,0.0,0,10.68,0.24,14.1,25.02,54.42,-29.4,87.5,100.0,0,SIMULATED
2026-08-18 21:15:00,standard,29.02,62.3,0.0,0,10.36,0.24,14.1,24.7,54.1,-29.4,87.5,100.0,0,SIMULATED
2026-08-18 21:30:00,standard,28.78,63.4,0.0,0,10.08,0.24,14.1,24.42,53.8,-29.38,87.5,100.0,0,SIMULATED
2026-08-18 21:45:00,standard,28.54,64.5,0.0,0,9.78,0.24,14.1,24.12,53.49,-29.37,87.5,100.0,0,SIMULATED
2026-08-18 22:00:00,standard,28.31,65.5,0.0,0,9.53,0.24,14.1,23.87,53.22,-29.35,87.5,100.0,0,SIMULATED
2026-08-18 22:15:00,standard,28.09,66.5,0.0,0,9.25,0.24,14.1,23.59,52.94,-29.35,87.5,100.0,0,SIMULATED
2026-08-18 22:30:00,standard,27.88,67.5,0.0,0,9.03,0.24,14.1,23.37,52.82,-29.45,87.5,100.0,0,SIMULATED
2026-08-18 22:45:00,standard,27.67,68.4,0.0,0,8.83,0.24,14.1,23.17,52.82,-29.65,87.5,100.0,0,SIMULATED
2026-08-18 23:00:00,standard,27.47,69.3,0.0,0,8.62,0.24,14.1,22.96,52.82,-29.86,87.5,100.0,0,SIMULATED
2026-08-18 23:15:00,standard,27.28,70.2,0.0,0,8.42,0.24,14.1,22.76,52.82,-30.06,87.5,100.0,0,SIMULATED
2026-08-18 23:30:00,standard,27.1,71.0,0.0,0,8.26,0.24,14.1,22.6,52.82,-30.22,87.5,100.0,0,SIMULATED
2026-08-18 23:45:00,standard,26.93,71.8,0.0,0,8.09,0.24,14.1,22.43,52.82,-30.39,87.5,100.0,0,SIMULATED
2026-08-19 00:00:00,standard,26.77,72.5,0.0,0,7.92,0.24,14.1,22.26,52.82,-30.56,87.5,100.0,0,SIMULATED
2026-08-19 00:15:00,standard,26.63,73.1,0.0,0,7.81,0.24,14.1,22.15,52.82,-30.67,87.5,100.0,0,SIMULATED
2026-08-19 00:30:00,standard,26.5,73.7,0.0,0,7.66,0.24,14.1,22.0,52.82,-30.82,87.5,100.0,0,SIMULATED
2026-08-19 00:45:00,standard,26.39,74.2,0.0,0,7.56,0.24,14.1,21.9,52.82,-30.92,87.5,100.0,0,SIMULATED
2026-08-19 01:00:00,standard,26.29,74.7,0.0,0,7.46,0.24,14.1,21.8,52.82,-31.02,87.5,100.0,0,SIMULATED
2026-08-19 01:15:00,standard,26.2,75.1,0.0,0,7.36,0.24,14.1,21.7,52.82,-31.12,87.5,100.0,0,SIMULATED
2026-08-19 01:30:00,standard,26.13,75.4,0.0,0,7.29,0.24,14.1,21.63,52.82,-31.19,87.5,100.0,0,SIMULATED
2026-08-19 01:45:00,standard,26.07,75.7,0.0,0,7.21,0.24,14.1,21.55,52.82,-31.27,87.5,100.0,0,SIMULATED
2026-08-19 02:00:00,standard,26.03,75.9,0.0,0,7.16,0.24,14.1,21.5,52.82,-31.32,87.5,100.0,0,SIMULATED
2026-08-19 02:15:00,standard,26.01,76.0,0.0,0,7.12,0.24,14.1,21.46,52.82,-31.36,87.5,100.0,0,SIMULATED
2026-08-19 02:30:00,standard,26.0,76.0,0.0,0,7.09,0.24,14.1,21.43,52.82,-31.39,87.5,100.0,0,SIMULATED
2026-08-19 02:45:00,standard,26.01,76.0,0.0,0,7.07,0.24,14.1,21.41,52.82,-31.41,87.5,100.0,0,SIMULATED
2026-08-19 03:00:00,standard,26.03,75.9,0.0,0,7.05,0.24,14.1,21.39,52.82,-31.43,87.5,100.0,0,SIMULATED
2026-08-19 03:15:00,standard,26.07,75.7,0.0,0,7.04,0.24,14.1,21.38,52.82,-31.44,87.5,100.0,0,SIMULATED
2026-08-19 03:30:00,standard,26.13,75.4,0.0,0,7.06,0.24,14.1,21.4,52.82,-31.42,87.5,100.0,0,SIMULATED
2026-08-19 03:45:00,standard,26.2,75.1,0.0,0,7.08,0.24,14.1,21.42,52.82,-31.4,87.5,100.0,0,SIMULATED
2026-08-19 04:00:00,standard,26.29,74.7,0.0,0,7.12,0.24,14.1,21.46,52.82,-31.36,87.5,100.0,0,SIMULATED
2026-08-19 04:15:00,standard,26.39,74.2,0.0,0,7.15,0.24,14.1,21.49,52.82,-31.33,87.5,100.0,0,SIMULATED
2026-08-19 04:30:00,standard,26.5,73.7,0.0,0,7.19,0.24,14.1,21.53,52.82,-31.29,87.5,100.0,0,SIMULATED
2026-08-19 04:45:00,standard,26.63,73.1,0.0,0,7.25,0.24,14.1,21.59,52.82,-31.23,87.5,100.0,0,SIMULATED
2026-08-19 05:00:00,standard,26.77,72.5,0.0,0,7.29,0.24,14.1,21.63,52.82,-31.19,87.5,100.0,0,SIMULATED
2026-08-19 05:15:00,standard,26.93,71.8,0.0,0,7.37,0.24,14.1,21.71,52.82,-31.11,87.5,100.0,0,SIMULATED
2026-08-19 05:30:00,standard,27.1,71.0,0.0,0,7.47,0.24,14.1,21.81,52.82,-31.01,87.5,100.0,0,SIMULATED
2026-08-19 05:45:00,standard,27.28,70.2,0.0,0,7.54,0.24,14.1,21.88,52.82,-30.94,87.5,100.0,0,SIMULATED
2026-08-19 06:00:00,standard,27.47,69.3,0.0,0,7.63,0.24,14.1,21.97,52.82,-30.85,87.5,100.0,0,SIMULATED
2026-08-19 06:15:00,standard,27.67,68.4,53.4,0,8.33,0.24,14.1,22.67,52.82,-30.15,87.5,100.0,0,SIMULATED
2026-08-19 06:30:00,standard,27.88,67.5,106.5,0,9.02,0.24,14.1,23.36,52.82,-29.46,87.5,100.0,0,SIMULATED
2026-08-19 06:45:00,standard,28.09,66.5,159.3,0,9.71,0.24,14.1,24.05,52.94,-28.89,87.5,100.0,0,SIMULATED
2026-08-19 07:00:00,standard,28.31,65.5,211.4,0,10.7,1.52,14.1,26.33,53.22,-26.89,87.5,100.0,0,SIMULATED
2026-08-19 07:15:00,standard,28.54,64.5,262.7,0,11.4,1.52,14.1,27.03,53.49,-26.46,87.5,100.0,0,SIMULATED
2026-08-19 07:30:00,standard,28.78,63.4,312.9,0,12.11,1.52,14.1,27.72,53.8,-26.08,87.5,100.0,0,SIMULATED
2026-08-19 07:45:00,standard,29.02,62.3,361.9,0,12.8,1.52,14.1,28.42,54.1,-25.68,87.5,100.0,0,SIMULATED
2026-08-19 08:00:00,standard,29.26,61.2,409.5,4,13.71,1.85,14.1,29.65,54.42,-24.77,87.5,100.0,0,SIMULATED
2026-08-19 08:15:00,standard,29.5,60.1,455.5,6,14.76,3.21,14.1,32.06,54.7,-22.64,87.5,100.0,0,SIMULATED
2026-08-19 08:30:00,standard,29.75,59.0,499.6,13,15.82,3.99,14.1,33.9,55.02,-21.12,87.5,100.0,0,SIMULATED
2026-08-19 08:45:00,standard,30.0,57.9,541.8,16,16.77,5.09,14.1,35.96,55.34,-19.38,87.5,100.0,0,SIMULATED
2026-08-19 09:00:00,standard,30.24,56.8,581.9,45,17.5,6.0,14.1,37.6,55.64,-18.04,87.5,100.0,0,SIMULATED
2026-08-19 09:15:00,standard,30.48,55.7,619.6,49,17.77,6.0,14.1,37.87,55.93,-18.06,87.5,100.0,0,SIMULATED
2026-08-19 09:30:00,standard,30.72,54.6,654.9,69,18.33,6.6,14.1,39.03,56.24,-17.21,87.5,100.0,0,SIMULATED
2026-08-19 09:45:00,standard,30.96,53.5,687.7,70,18.51,6.6,14.1,39.21,56.51,-17.3,87.5,100.0,0,SIMULATED
2026-08-19 10:00:00,standard,31.19,52.5,717.7,78,18.8,6.42,14.1,39.32,56.82,-17.5,87.5,100.0,0,SIMULATED
2026-08-19 10:15:00,standard,31.41,51.5,744.9,80,18.89,6.42,14.1,39.41,57.1,-17.69,87.5,100.0,0,SIMULATED
2026-08-19 10:30:00,standard,31.62,50.5,769.1,71,18.61,5.82,14.1,38.53,57.36,-18.83,87.5,100.0,0,SIMULATED
2026-08-19 10:45:00,standard,31.83,49.6,790.3,71,18.68,5.82,14.1,38.6,57.62,-19.02,87.5,100.0,0,SIMULATED
2026-08-19 11:00:00,standard,32.03,48.7,808.4,72,18.8,5.82,14.1,38.72,57.87,-19.15,87.5,100.0,0,SIMULATED
2026-08-19 11:15:00,standard,32.22,47.8,823.3,71,18.89,5.82,14.1,38.81,58.1,-19.29,87.5,100.0,0,SIMULATED
2026-08-19 11:30:00,standard,32.4,47.0,834.9,83,19.41,6.42,14.1,39.93,58.31,-18.38,87.5,100.0,0,SIMULATED
2026-08-19 11:45:00,standard,32.57,46.2,843.3,65,18.89,5.82,14.1,38.81,58.53,-19.72,87.5,100.0,0,SIMULATED
2026-08-19 12:00:00,standard,32.73,45.5,848.3,92,19.87,6.6,14.1,40.57,58.74,-18.17,87.5,100.0,0,SIMULATED
2026-08-19 12:15:00,standard,32.87,44.9,850.0,92,19.96,6.6,14.1,40.66,58.92,-18.26,87.5,100.0,0,SIMULATED
2026-08-19 12:30:00,standard,33.0,44.3,848.3,75,19.62,6.0,14.1,39.72,59.07,-19.35,87.5,100.0,0,SIMULATED
2026-08-19 12:45:00,standard,33.11,43.8,843.3,73,19.68,6.0,14.1,39.78,59.22,-19.44,87.5,100.0,0,SIMULATED
2026-08-19 13:00:00,standard,33.21,43.3,834.9,64,19.66,6.0,14.1,39.76,59.34,-19.58,87.5,100.0,0,SIMULATED
2026-08-19 13:15:00,standard,33.3,42.9,823.3,66,19.74,6.0,14.1,39.84,59.46,-19.62,87.5,100.0,0,SIMULATED
2026-08-19 13:30:00,standard,33.37,42.6,808.4,74,20.14,6.6,14.1,40.84,59.54,-18.7,87.5,100.0,0,SIMULATED
2026-08-19 13:45:00,standard,33.43,42.3,790.3,72,20.21,6.6,14.1,40.91,59.62,-18.71,87.5,100.0,0,SIMULATED
2026-08-19 14:00:00,standard,33.47,42.1,769.1,72,19.64,6.5,14.1,40.24,59.67,-19.43,75.0,100.0,1,SIMULATED
2026-08-19 14:15:00,standard,33.49,42.0,744.9,71,19.61,6.5,14.1,40.21,59.7,-19.49,75.0,100.0,1,SIMULATED
2026-08-19 14:30:00,standard,33.5,42.0,717.7,71,19.65,6.5,14.1,40.25,59.7,-19.45,62.5,100.0,1,SIMULATED
2026-08-19 14:45:00,standard,33.49,42.0,687.7,71,19.61,6.5,14.1,40.21,59.7,-19.49,62.5,100.0,1,SIMULATED
2026-08-19 15:00:00,standard,33.47,42.1,654.9,72,19.45,5.82,14.1,39.37,59.67,-20.3,62.5,100.0,0,SIMULATED
2026-08-19 15:15:00,standard,33.43,42.3,619.6,73,19.5,5.82,14.1,39.42,59.62,-20.2,62.5,100.0,0,SIMULATED
2026-08-19 15:30:00,standard,33.37,42.6,581.9,71,19.41,6.0,14.1,39.51,59.54,-20.03,62.5,100.0,0,SIMULATED
2026-08-19 15:45:00,standard,33.3,42.9,541.8,71,19.38,6.0,14.1,39.48,59.46,-19.98,62.5,100.0,0,SIMULATED
2026-08-19 16:00:00,standard,33.21,43.3,499.6,70,19.33,6.0,14.1,39.43,59.34,-19.91,62.5,100.0,0,SIMULATED
2026-08-19 16:15:00,standard,33.11,43.8,455.5,71,19.29,6.0,14.1,39.39,59.22,-19.83,62.5,100.0,0,SIMULATED
2026-08-19 16:30:00,standard,33.0,44.3,409.5,77,19.6,6.6,14.1,40.3,59.07,-18.77,62.5,100.0,0,SIMULATED
2026-08-19 16:45:00,standard,32.87,44.9,361.9,77,19.58,6.6,14.1,40.28,58.92,-18.64,62.5,100.0,0,SIMULATED
2026-08-19 17:00:00,standard,32.73,45.5,312.9,65,18.93,6.6,14.1,39.63,58.74,-19.11,62.5,100.0,0,SIMULATED
2026-08-19 17:15:00,standard,32.57,46.2,262.7,63,18.57,6.6,14.1,39.27,58.53,-19.26,62.5,100.0,0,SIMULATED
2026-08-19 17:30:00,standard,32.4,47.0,211.4,56,17.95,6.0,14.1,38.05,58.31,-20.26,62.5,100.0,0,SIMULATED
2026-08-19 17:45:00,standard,32.22,47.8,159.3,54,17.66,6.0,14.1,37.76,58.1,-20.34,62.5,100.0,0,SIMULATED
2026-08-19 18:00:00,standard,32.03,48.7,106.5,51,17.37,6.0,14.1,37.47,57.87,-20.4,62.5,100.0,0,SIMULATED
2026-08-19 18:15:00,standard,31.83,49.6,53.4,48,17.06,6.0,14.1,37.16,57.62,-20.46,75.0,100.0,0,SIMULATED
2026-08-19 18:30:00,standard,31.62,50.5,0.0,40,16.43,5.09,14.1,35.62,57.36,-21.74,87.5,100.0,0,SIMULATED
2026-08-19 18:45:00,standard,31.41,51.5,0.0,34,15.98,5.09,14.1,35.17,57.1,-21.93,87.5,100.0,0,SIMULATED
2026-08-19 19:00:00,standard,31.19,52.5,0.0,21,15.13,3.98,14.1,33.21,56.82,-23.61,87.5,100.0,0,SIMULATED
2026-08-19 19:15:00,standard,30.96,53.5,0.0,14,14.71,3.98,14.1,32.79,56.51,-23.72,87.5,100.0,0,SIMULATED
2026-08-19 19:30:00,standard,30.72,54.6,0.0,11,13.88,2.62,14.1,30.6,56.24,-25.64,87.5,100.0,0,SIMULATED
2026-08-19 19:45:00,standard,30.48,55.7,0.0,7,13.32,2.62,14.1,30.04,55.93,-25.89,87.5,100.0,0,SIMULATED
2026-08-19 20:00:00,standard,30.24,56.8,0.0,5,12.62,1.6,14.1,28.32,55.64,-27.32,87.5,100.0,0,SIMULATED
2026-08-19 20:15:00,standard,30.0,57.9,0.0,2,12.12,1.6,14.1,27.82,55.34,-27.52,87.5,100.0,0,SIMULATED
2026-08-19 20:30:00,standard,29.75,59.0,0.0,0,11.36,0.24,14.1,25.7,55.02,-29.32,87.5,100.0,0,SIMULATED
2026-08-19 20:45:00,standard,29.5,60.1,0.0,0,11.01,0.24,14.1,25.35,54.7,-29.35,87.5,100.0,0,SIMULATED
2026-08-19 21:00:00,standard,29.26,61.2,0.0,0,10.68,0.24,14.1,25.02,54.42,-29.4,87.5,100.0,0,SIMULATED
2026-08-19 21:15:00,standard,29.02,62.3,0.0,0,10.35,0.24,14.1,24.69,54.1,-29.41,87.5,100.0,0,SIMULATED
2026-08-19 21:30:00,standard,28.78,63.4,0.0,0,10.08,0.24,14.1,24.42,53.8,-29.38,87.5,100.0,0,SIMULATED
2026-08-19 21:45:00,standard,28.54,64.5,0.0,0,9.79,0.24,14.1,24.13,53.49,-29.36,87.5,100.0,0,SIMULATED
2026-08-19 22:00:00,standard,28.31,65.5,0.0,0,9.52,0.24,14.1,23.86,53.22,-29.36,87.5,100.0,0,SIMULATED
2026-08-19 22:15:00,standard,28.09,66.5,0.0,0,9.24,0.24,14.1,23.58,52.94,-29.36,87.5,100.0,0,SIMULATED
2026-08-19 22:30:00,standard,27.88,67.5,0.0,0,9.02,0.24,14.1,23.36,52.82,-29.46,87.5,100.0,0,SIMULATED
2026-08-19 22:45:00,standard,27.67,68.4,0.0,0,8.82,0.24,14.1,23.16,52.82,-29.66,87.5,100.0,0,SIMULATED
2026-08-19 23:00:00,standard,27.47,69.3,0.0,0,8.6,0.24,14.1,22.94,52.82,-29.88,87.5,100.0,0,SIMULATED
2026-08-19 23:15:00,standard,27.28,70.2,0.0,0,8.41,0.24,14.1,22.75,52.82,-30.07,87.5,100.0,0,SIMULATED
2026-08-19 23:30:00,standard,27.1,71.0,0.0,0,8.25,0.24,14.1,22.59,52.82,-30.23,87.5,100.0,0,SIMULATED
2026-08-19 23:45:00,standard,26.93,71.8,0.0,0,8.08,0.24,14.1,22.42,52.82,-30.4,87.5,100.0,0,SIMULATED
2026-08-20 00:00:00,standard,26.77,72.5,0.0,0,7.9,0.24,14.1,22.24,52.82,-30.58,87.5,100.0,0,SIMULATED
2026-08-20 00:15:00,standard,26.63,73.1,0.0,0,7.79,0.24,14.1,22.13,52.82,-30.69,87.5,100.0,0,SIMULATED
2026-08-20 00:30:00,standard,26.5,73.7,0.0,0,7.65,0.24,14.1,21.99,52.82,-30.83,87.5,100.0,0,SIMULATED
2026-08-20 00:45:00,standard,26.39,74.2,0.0,0,7.55,0.24,14.1,21.89,52.82,-30.93,87.5,100.0,0,SIMULATED
2026-08-20 01:00:00,standard,26.29,74.7,0.0,0,7.45,0.24,14.1,21.79,52.82,-31.03,87.5,100.0,0,SIMULATED
2026-08-20 01:15:00,standard,26.2,75.1,0.0,0,7.35,0.24,14.1,21.69,52.82,-31.13,87.5,100.0,0,SIMULATED
2026-08-20 01:30:00,standard,26.13,75.4,0.0,0,7.28,0.24,14.1,21.62,52.82,-31.2,87.5,100.0,0,SIMULATED
2026-08-20 01:45:00,standard,26.07,75.7,0.0,0,7.2,0.24,14.1,21.54,52.82,-31.28,87.5,100.0,0,SIMULATED
2026-08-20 02:00:00,standard,26.03,75.9,0.0,0,7.15,0.24,14.1,21.49,52.82,-31.33,87.5,100.0,0,SIMULATED
2026-08-20 02:15:00,standard,26.01,76.0,0.0,0,7.11,0.24,14.1,21.45,52.82,-31.37,87.5,100.0,0,SIMULATED
2026-08-20 02:30:00,standard,26.0,76.0,0.0,0,7.08,0.24,14.1,21.42,52.82,-31.4,87.5,100.0,0,SIMULATED
2026-08-20 02:45:00,standard,26.01,76.0,0.0,0,7.06,0.24,14.1,21.4,52.82,-31.42,87.5,100.0,0,SIMULATED
2026-08-20 03:00:00,standard,26.03,75.9,0.0,0,7.04,0.24,14.1,21.38,52.82,-31.44,87.5,100.0,0,SIMULATED
2026-08-20 03:15:00,standard,26.07,75.7,0.0,0,7.03,0.24,14.1,21.37,52.82,-31.45,87.5,100.0,0,SIMULATED
2026-08-20 03:30:00,standard,26.13,75.4,0.0,0,7.05,0.24,14.1,21.39,52.82,-31.43,87.5,100.0,0,SIMULATED
2026-08-20 03:45:00,standard,26.2,75.1,0.0,0,7.07,0.24,14.1,21.41,52.82,-31.41,87.5,100.0,0,SIMULATED
2026-08-20 04:00:00,standard,26.29,74.7,0.0,0,7.11,0.24,14.1,21.45,52.82,-31.37,87.5,100.0,0,SIMULATED
2026-08-20 04:15:00,standard,26.39,74.2,0.0,0,7.14,0.24,14.1,21.48,52.82,-31.34,87.5,100.0,0,SIMULATED
2026-08-20 04:30:00,standard,26.5,73.7,0.0,0,7.18,0.24,14.1,21.52,52.82,-31.3,87.5,100.0,0,SIMULATED
2026-08-20 04:45:00,standard,26.63,73.1,0.0,0,7.24,0.24,14.1,21.58,52.82,-31.24,87.5,100.0,0,SIMULATED
2026-08-20 05:00:00,standard,26.77,72.5,0.0,0,7.28,0.24,14.1,21.62,52.82,-31.2,87.5,100.0,0,SIMULATED
2026-08-20 05:15:00,standard,26.93,71.8,0.0,0,7.36,0.24,14.1,21.7,52.82,-31.12,87.5,100.0,0,SIMULATED
2026-08-20 05:30:00,standard,27.1,71.0,0.0,0,7.46,0.24,14.1,21.8,52.82,-31.02,87.5,100.0,0,SIMULATED
2026-08-20 05:45:00,standard,27.28,70.2,0.0,0,7.53,0.24,14.1,21.87,52.82,-30.95,87.5,100.0,0,SIMULATED
2026-08-20 06:00:00,standard,27.47,69.3,0.0,0,7.63,0.24,14.1,21.97,52.82,-30.85,87.5,100.0,0,SIMULATED
2026-08-20 06:15:00,standard,27.67,68.4,53.4,0,8.32,0.24,14.1,22.66,52.82,-30.16,87.5,100.0,0,SIMULATED
2026-08-20 06:30:00,standard,27.88,67.5,106.5,0,9.01,0.24,14.1,23.35,52.82,-29.47,87.5,100.0,0,SIMULATED
2026-08-20 06:45:00,standard,28.09,66.5,159.3,0,9.7,0.24,14.1,24.04,52.94,-28.9,87.5,100.0,0,SIMULATED
2026-08-20 07:00:00,standard,28.31,65.5,211.4,0,10.7,1.52,14.1,26.33,53.22,-26.89,87.5,100.0,0,SIMULATED
2026-08-20 07:15:00,standard,28.54,64.5,262.7,0,11.4,1.52,14.1,27.03,53.49,-26.46,87.5,100.0,0,SIMULATED
2026-08-20 07:30:00,standard,28.78,63.4,312.9,0,12.11,1.52,14.1,27.72,53.8,-26.08,87.5,100.0,0,SIMULATED
2026-08-20 07:45:00,standard,29.02,62.3,361.9,0,12.8,1.52,14.1,28.42,54.1,-25.68,87.5,100.0,0,SIMULATED
2026-08-20 08:00:00,standard,29.26,61.2,409.5,3,13.68,1.85,14.1,29.62,54.42,-24.8,87.5,100.0,0,SIMULATED
2026-08-20 08:15:00,standard,29.5,60.1,455.5,6,14.75,3.21,14.1,32.05,54.7,-22.65,87.5,100.0,0,SIMULATED
2026-08-20 08:30:00,standard,29.75,59.0,499.6,12,15.78,3.99,14.1,33.86,55.02,-21.16,87.5,100.0,0,SIMULATED
2026-08-20 08:45:00,standard,30.0,57.9,541.8,17,16.76,5.09,14.1,35.95,55.34,-19.39,87.5,100.0,0,SIMULATED
2026-08-20 09:00:00,standard,30.24,56.8,581.9,47,17.56,6.0,14.1,37.66,55.64,-17.98,87.5,100.0,0,SIMULATED
2026-08-20 09:15:00,standard,30.48,55.7,619.6,48,17.74,6.0,14.1,37.84,55.93,-18.09,87.5,100.0,0,SIMULATED
2026-08-20 09:30:00,standard,30.72,54.6,654.9,68,18.27,6.6,14.1,38.97,56.24,-17.27,87.5,100.0,0,SIMULATED
2026-08-20 09:45:00,standard,30.96,53.5,687.7,69,18.47,6.6,14.1,39.17,56.51,-17.34,87.5,100.0,0,SIMULATED
2026-08-20 10:00:00,standard,31.19,52.5,717.7,79,18.86,6.42,14.1,39.38,56.82,-17.44,87.5,100.0,0,SIMULATED
2026-08-20 10:15:00,standard,31.41,51.5,744.9,76,18.82,6.42,14.1,39.34,57.1,-17.76,87.5,100.0,0,SIMULATED
2026-08-20 10:30:00,standard,31.62,50.5,769.1,72,18.61,5.82,14.1,38.53,57.36,-18.83,87.5,100.0,0,SIMULATED
2026-08-20 10:45:00,standard,31.83,49.6,790.3,69,18.65,5.82,14.1,38.57,57.62,-19.05,87.5,100.0,0,SIMULATED
2026-08-20 11:00:00,standard,32.03,48.7,808.4,72,18.83,5.82,14.1,38.75,57.87,-19.12,87.5,100.0,0,SIMULATED
2026-08-20 11:15:00,standard,32.22,47.8,823.3,72,18.88,5.82,14.1,38.8,58.1,-19.3,87.5,100.0,0,SIMULATED
2026-08-20 11:30:00,standard,32.4,47.0,834.9,79,19.35,6.42,14.1,39.87,58.31,-18.44,87.5,100.0,0,SIMULATED
2026-08-20 11:45:00,standard,32.57,46.2,843.3,66,18.92,5.82,14.1,38.84,58.53,-19.69,87.5,100.0,0,SIMULATED
2026-08-20 12:00:00,standard,32.73,45.5,848.3,92,19.84,6.6,14.1,40.54,58.74,-18.2,87.5,100.0,0,SIMULATED
2026-08-20 12:15:00,standard,32.87,44.9,850.0,91,19.89,6.6,14.1,40.59,58.92,-18.33,87.5,100.0,0,SIMULATED
2026-08-20 12:30:00,standard,33.0,44.3,848.3,72,19.58,6.0,14.1,39.68,59.07,-19.39,87.5,100.0,0,SIMULATED
2026-08-20 12:45:00,standard,33.11,43.8,843.3,72,19.61,6.0,14.1,39.71,59.22,-19.51,87.5,100.0,0,SIMULATED
2026-08-20 13:00:00,standard,33.21,43.3,834.9,65,19.69,6.0,14.1,39.79,59.34,-19.55,87.5,100.0,0,SIMULATED
2026-08-20 13:15:00,standard,33.3,42.9,823.3,66,19.74,6.0,14.1,39.84,59.46,-19.62,87.5,100.0,0,SIMULATED
2026-08-20 13:30:00,standard,33.37,42.6,808.4,75,20.21,6.6,14.1,40.91,59.54,-18.63,87.5,100.0,0,SIMULATED
2026-08-20 13:45:00,standard,33.43,42.3,790.3,71,20.15,6.6,14.1,40.85,59.62,-18.77,87.5,100.0,0,SIMULATED
2026-08-20 14:00:00,standard,33.47,42.1,769.1,72,19.64,6.5,14.1,40.24,59.67,-19.43,75.0,100.0,1,SIMULATED
2026-08-20 14:15:00,standard,33.49,42.0,744.9,73,19.65,6.5,14.1,40.25,59.7,-19.45,62.5,100.0,1,SIMULATED
2026-08-20 14:30:00,standard,33.5,42.0,717.7,73,19.65,6.5,14.1,40.25,59.7,-19.45,62.5,100.0,1,SIMULATED
2026-08-20 14:45:00,standard,33.49,42.0,687.7,71,19.61,6.5,14.1,40.21,59.7,-19.49,62.5,100.0,1,SIMULATED
2026-08-20 15:00:00,standard,33.47,42.1,654.9,74,19.52,5.82,14.1,39.44,59.67,-20.23,62.5,100.0,0,SIMULATED
2026-08-20 15:15:00,standard,33.43,42.3,619.6,71,19.47,5.82,14.1,39.39,59.62,-20.23,62.5,100.0,0,SIMULATED
2026-08-20 15:30:00,standard,33.37,42.6,581.9,72,19.44,6.0,14.1,39.54,59.54,-20.0,62.5,100.0,0,SIMULATED
2026-08-20 15:45:00,standard,33.3,42.9,541.8,73,19.44,6.0,14.1,39.54,59.46,-19.92,62.5,100.0,0,SIMULATED
2026-08-20 16:00:00,standard,33.21,43.3,499.6,71,19.37,6.0,14.1,39.47,59.34,-19.87,62.5,100.0,0,SIMULATED
2026-08-20 16:15:00,standard,33.11,43.8,455.5,73,19.35,6.0,14.1,39.45,59.22,-19.77,62.5,100.0,0,SIMULATED
2026-08-20 16:30:00,standard,33.0,44.3,409.5,78,19.64,6.6,14.1,40.34,59.07,-18.73,62.5,100.0,0,SIMULATED
2026-08-20 16:45:00,standard,32.87,44.9,361.9,81,19.64,6.6,14.1,40.34,58.92,-18.58,62.5,100.0,0,SIMULATED
2026-08-20 17:00:00,standard,32.73,45.5,312.9,65,18.94,6.6,14.1,39.64,58.74,-19.1,62.5,100.0,0,SIMULATED
2026-08-20 17:15:00,standard,32.57,46.2,262.7,68,18.68,6.6,14.1,39.38,58.53,-19.15,62.5,100.0,0,SIMULATED
2026-08-20 17:30:00,standard,32.4,47.0,211.4,56,17.93,6.0,14.1,38.03,58.31,-20.28,62.5,100.0,0,SIMULATED
2026-08-20 17:45:00,standard,32.22,47.8,159.3,54,17.67,6.0,14.1,37.77,58.1,-20.33,62.5,100.0,0,SIMULATED
2026-08-20 18:00:00,standard,32.03,48.7,106.5,50,17.32,6.0,14.1,37.42,57.87,-20.45,62.5,100.0,0,SIMULATED
2026-08-20 18:15:00,standard,31.83,49.6,53.4,51,17.13,6.0,14.1,37.23,57.62,-20.39,75.0,100.0,0,SIMULATED
2026-08-20 18:30:00,standard,31.62,50.5,0.0,40,16.41,5.09,14.1,35.6,57.36,-21.76,87.5,100.0,0,SIMULATED
2026-08-20 18:45:00,standard,31.41,51.5,0.0,37,16.06,5.09,14.1,35.25,57.1,-21.85,87.5,100.0,0,SIMULATED
2026-08-20 19:00:00,standard,31.19,52.5,0.0,22,15.14,3.98,14.1,33.22,56.82,-23.6,87.5,100.0,0,SIMULATED
2026-08-20 19:15:00,standard,30.96,53.5,0.0,15,14.73,3.98,14.1,32.81,56.51,-23.7,87.5,100.0,0,SIMULATED
2026-08-20 19:30:00,standard,30.72,54.6,0.0,10,13.84,2.62,14.1,30.56,56.24,-25.68,87.5,100.0,0,SIMULATED
2026-08-20 19:45:00,standard,30.48,55.7,0.0,8,13.34,2.62,14.1,30.06,55.93,-25.87,87.5,100.0,0,SIMULATED
2026-08-20 20:00:00,standard,30.24,56.8,0.0,6,12.64,1.6,14.1,28.34,55.64,-27.3,87.5,100.0,0,SIMULATED
2026-08-20 20:15:00,standard,30.0,57.9,0.0,3,12.14,1.6,14.1,27.84,55.34,-27.5,87.5,100.0,0,SIMULATED
2026-08-20 20:30:00,standard,29.75,59.0,0.0,0,11.36,0.24,14.1,25.7,55.02,-29.32,87.5,100.0,0,SIMULATED
2026-08-20 20:45:00,standard,29.5,60.1,0.0,0,11.01,0.24,14.1,25.35,54.7,-29.35,87.5,100.0,0,SIMULATED
2026-08-20 21:00:00,standard,29.26,61.2,0.0,0,10.68,0.24,14.1,25.02,54.42,-29.4,87.5,100.0,0,SIMULATED
2026-08-20 21:15:00,standard,29.02,62.3,0.0,0,10.35,0.24,14.1,24.69,54.1,-29.41,87.5,100.0,0,SIMULATED
2026-08-20 21:30:00,standard,28.78,63.4,0.0,0,10.08,0.24,14.1,24.42,53.8,-29.38,87.5,100.0,0,SIMULATED
2026-08-20 21:45:00,standard,28.54,64.5,0.0,0,9.79,0.24,14.1,24.13,53.49,-29.36,87.5,100.0,0,SIMULATED
2026-08-20 22:00:00,standard,28.31,65.5,0.0,0,9.52,0.24,14.1,23.86,53.22,-29.36,87.5,100.0,0,SIMULATED
2026-08-20 22:15:00,standard,28.09,66.5,0.0,0,9.24,0.24,14.1,23.58,52.94,-29.36,87.5,100.0,0,SIMULATED
2026-08-20 22:30:00,standard,27.88,67.5,0.0,0,9.02,0.24,14.1,23.36,52.82,-29.46,87.5,100.0,0,SIMULATED
2026-08-20 22:45:00,standard,27.67,68.4,0.0,0,8.82,0.24,14.1,23.16,52.82,-29.66,87.5,100.0,0,SIMULATED
2026-08-20 23:00:00,standard,27.47,69.3,0.0,0,8.6,0.24,14.1,22.94,52.82,-29.88,87.5,100.0,0,SIMULATED
2026-08-20 23:15:00,standard,27.28,70.2,0.0,0,8.41,0.24,14.1,22.75,52.82,-30.07,87.5,100.0,0,SIMULATED
2026-08-20 23:30:00,standard,27.1,71.0,0.0,0,8.25,0.24,14.1,22.59,52.82,-30.23,87.5,100.0,0,SIMULATED
2026-08-20 23:45:00,standard,26.93,71.8,0.0,0,8.08,0.24,14.1,22.42,52.82,-30.4,87.5,100.0,0,SIMULATED
2026-08-21 00:00:00,standard,26.77,72.5,0.0,0,7.9,0.24,14.1,22.24,52.82,-30.58,87.5,100.0,0,SIMULATED
2026-08-21 00:15:00,standard,26.63,73.1,0.0,0,7.79,0.24,14.1,22.13,52.82,-30.69,87.5,100.0,0,SIMULATED
2026-08-21 00:30:00,standard,26.5,73.7,0.0,0,7.65,0.24,14.1,21.99,52.82,-30.83,87.5,100.0,0,SIMULATED
2026-08-21 00:45:00,standard,26.39,74.2,0.0,0,7.55,0.24,14.1,21.89,52.82,-30.93,87.5,100.0,0,SIMULATED
2026-08-21 01:00:00,standard,26.29,74.7,0.0,0,7.45,0.24,14.1,21.79,52.82,-31.03,87.5,100.0,0,SIMULATED
2026-08-21 01:15:00,standard,26.2,75.1,0.0,0,7.35,0.24,14.1,21.69,52.82,-31.13,87.5,100.0,0,SIMULATED
2026-08-21 01:30:00,standard,26.13,75.4,0.0,0,7.28,0.24,14.1,21.62,52.82,-31.2,87.5,100.0,0,SIMULATED
2026-08-21 01:45:00,standard,26.07,75.7,0.0,0,7.2,0.24,14.1,21.54,52.82,-31.28,87.5,100.0,0,SIMULATED
2026-08-21 02:00:00,standard,26.03,75.9,0.0,0,7.15,0.24,14.1,21.49,52.82,-31.33,87.5,100.0,0,SIMULATED
2026-08-21 02:15:00,standard,26.01,76.0,0.0,0,7.11,0.24,14.1,21.45,52.82,-31.37,87.5,100.0,0,SIMULATED
2026-08-21 02:30:00,standard,26.0,76.0,0.0,0,7.08,0.24,14.1,21.42,52.82,-31.4,87.5,100.0,0,SIMULATED
2026-08-21 02:45:00,standard,26.01,76.0,0.0,0,7.06,0.24,14.1,21.4,52.82,-31.42,87.5,100.0,0,SIMULATED
2026-08-21 03:00:00,standard,26.03,75.9,0.0,0,7.04,0.24,14.1,21.38,52.82,-31.44,87.5,100.0,0,SIMULATED
2026-08-21 03:15:00,standard,26.07,75.7,0.0,0,7.03,0.24,14.1,21.37,52.82,-31.45,87.5,100.0,0,SIMULATED
2026-08-21 03:30:00,standard,26.13,75.4,0.0,0,7.05,0.24,14.1,21.39,52.82,-31.43,87.5,100.0,0,SIMULATED
2026-08-21 03:45:00,standard,26.2,75.1,0.0,0,7.07,0.24,14.1,21.41,52.82,-31.41,87.5,100.0,0,SIMULATED
2026-08-21 04:00:00,standard,26.29,74.7,0.0,0,7.11,0.24,14.1,21.45,52.82,-31.37,87.5,100.0,0,SIMULATED
2026-08-21 04:15:00,standard,26.39,74.2,0.0,0,7.14,0.24,14.1,21.48,52.82,-31.34,87.5,100.0,0,SIMULATED
2026-08-21 04:30:00,standard,26.5,73.7,0.0,0,7.18,0.24,14.1,21.52,52.82,-31.3,87.5,100.0,0,SIMULATED
2026-08-21 04:45:00,standard,26.63,73.1,0.0,0,7.24,0.24,14.1,21.58,52.82,-31.24,87.5,100.0,0,SIMULATED
2026-08-21 05:00:00,standard,26.77,72.5,0.0,0,7.28,0.24,14.1,21.62,52.82,-31.2,87.5,100.0,0,SIMULATED
2026-08-21 05:15:00,standard,26.93,71.8,0.0,0,7.36,0.24,14.1,21.7,52.82,-31.12,87.5,100.0,0,SIMULATED
2026-08-21 05:30:00,standard,27.1,71.0,0.0,0,7.46,0.24,14.1,21.8,52.82,-31.02,87.5,100.0,0,SIMULATED
2026-08-21 05:45:00,standard,27.28,70.2,0.0,0,7.53,0.24,14.1,21.87,52.82,-30.95,87.5,100.0,0,SIMULATED
2026-08-21 06:00:00,standard,27.47,69.3,0.0,0,7.63,0.24,14.1,21.97,52.82,-30.85,87.5,100.0,0,SIMULATED
2026-08-21 06:15:00,standard,27.67,68.4,53.4,0,8.32,0.24,14.1,22.66,52.82,-30.16,87.5,100.0,0,SIMULATED
2026-08-21 06:30:00,standard,27.88,67.5,106.5,0,9.01,0.24,14.1,23.35,52.82,-29.47,87.5,100.0,0,SIMULATED
2026-08-21 06:45:00,standard,28.09,66.5,159.3,0,9.7,0.24,14.1,24.04,52.94,-28.9,87.5,100.0,0,SIMULATED
2026-08-21 07:00:00,standard,28.31,65.5,211.4,0,10.7,1.52,14.1,26.33,53.22,-26.89,87.5,100.0,0,SIMULATED
2026-08-21 07:15:00,standard,28.54,64.5,262.7,0,11.4,1.52,14.1,27.03,53.49,-26.46,87.5,100.0,0,SIMULATED
2026-08-21 07:30:00,standard,28.78,63.4,312.9,0,12.11,1.52,14.1,27.72,53.8,-26.08,87.5,100.0,0,SIMULATED
2026-08-21 07:45:00,standard,29.02,62.3,361.9,0,12.8,1.52,14.1,28.42,54.1,-25.68,87.5,100.0,0,SIMULATED
2026-08-21 08:00:00,standard,29.26,61.2,409.5,4,13.71,1.85,14.1,29.65,54.42,-24.77,87.5,100.0,0,SIMULATED
2026-08-21 08:15:00,standard,29.5,60.1,455.5,6,14.76,3.21,14.1,32.06,54.7,-22.64,87.5,100.0,0,SIMULATED
2026-08-21 08:30:00,standard,29.75,59.0,499.6,13,15.82,3.99,14.1,33.9,55.02,-21.12,87.5,100.0,0,SIMULATED
2026-08-21 08:45:00,standard,30.0,57.9,541.8,19,16.83,5.09,14.1,36.02,55.34,-19.32,87.5,100.0,0,SIMULATED
2026-08-21 09:00:00,standard,30.24,56.8,581.9,42,17.47,6.0,14.1,37.57,55.64,-18.07,87.5,100.0,0,SIMULATED
2026-08-21 09:15:00,standard,30.48,55.7,619.6,46,17.71,6.0,14.1,37.81,55.93,-18.12,87.5,100.0,0,SIMULATED
2026-08-21 09:30:00,standard,30.72,54.6,654.9,67,18.27,6.6,14.1,38.97,56.24,-17.27,87.5,100.0,0,SIMULATED
2026-08-21 09:45:00,standard,30.96,53.5,687.7,69,18.47,6.6,14.1,39.17,56.51,-17.34,87.5,100.0,0,SIMULATED
2026-08-21 10:00:00,standard,31.19,52.5,717.7,75,18.73,6.42,14.1,39.25,56.82,-17.57,87.5,100.0,0,SIMULATED
2026-08-21 10:15:00,standard,31.41,51.5,744.9,78,18.86,6.42,14.1,39.38,57.1,-17.72,87.5,100.0,0,SIMULATED
2026-08-21 10:30:00,standard,31.62,50.5,769.1,70,18.58,5.82,14.1,38.5,57.36,-18.86,87.5,100.0,0,SIMULATED
2026-08-21 10:45:00,standard,31.83,49.6,790.3,72,18.71,5.82,14.1,38.63,57.62,-18.99,87.5,100.0,0,SIMULATED
2026-08-21 11:00:00,standard,32.03,48.7,808.4,73,18.83,5.82,14.1,38.75,57.87,-19.12,87.5,100.0,0,SIMULATED
2026-08-21 11:15:00,standard,32.22,47.8,823.3,73,18.92,5.82,14.1,38.84,58.1,-19.26,87.5,100.0,0,SIMULATED
2026-08-21 11:30:00,standard,32.4,47.0,834.9,80,19.34,6.42,14.1,39.86,58.31,-18.45,87.5,100.0,0,SIMULATED
2026-08-21 11:45:00,standard,32.57,46.2,843.3,66,18.86,5.82,14.1,38.78,58.53,-19.75,87.5,100.0,0,SIMULATED
2026-08-21 12:00:00,standard,32.73,45.5,848.3,92,19.87,6.6,14.1,40.57,58.74,-18.17,87.5,100.0,0,SIMULATED
2026-08-21 12:15:00,standard,32.87,44.9,850.0,93,19.96,6.6,14.1,40.66,58.92,-18.26,87.5,100.0,0,SIMULATED
2026-08-21 12:30:00,standard,33.0,44.3,848.3,73,19.55,6.0,14.1,39.65,59.07,-19.42,87.5,100.0,0,SIMULATED
2026-08-21 12:45:00,standard,33.11,43.8,843.3,69,19.61,6.0,14.1,39.71,59.22,-19.51,87.5,100.0,0,SIMULATED
2026-08-21 13:00:00,standard,33.21,43.3,834.9,65,19.69,6.0,14.1,39.79,59.34,-19.55,87.5,100.0,0,SIMULATED
2026-08-21 13:15:00,standard,33.3,42.9,823.3,65,19.74,6.0,14.1,39.84,59.46,-19.62,87.5,100.0,0,SIMULATED
2026-08-21 13:30:00,standard,33.37,42.6,808.4,73,20.15,6.6,14.1,40.85,59.54,-18.69,87.5,100.0,0,SIMULATED
2026-08-21 13:45:00,standard,33.43,42.3,790.3,73,20.18,6.6,14.1,40.88,59.62,-18.74,87.5,100.0,0,SIMULATED
2026-08-21 14:00:00,standard,33.47,42.1,769.1,72,19.64,6.5,14.1,40.24,59.67,-19.43,75.0,100.0,1,SIMULATED
2026-08-21 14:15:00,standard,33.49,42.0,744.9,72,19.68,6.5,14.1,40.28,59.7,-19.42,75.0,100.0,1,SIMULATED
2026-08-21 14:30:00,standard,33.5,42.0,717.7,72,19.65,6.5,14.1,40.25,59.7,-19.45,62.5,100.0,1,SIMULATED
2026-08-21 14:45:00,standard,33.49,42.0,687.7,71,19.61,6.5,14.1,40.21,59.7,-19.49,62.5,100.0,1,SIMULATED
2026-08-21 15:00:00,standard,33.47,42.1,654.9,73,19.48,5.82,14.1,39.4,59.67,-20.27,62.5,100.0,0,SIMULATED
2026-08-21 15:15:00,standard,33.43,42.3,619.6,73,19.47,5.82,14.1,39.39,59.62,-20.23,62.5,100.0,0,SIMULATED
2026-08-21 15:30:00,standard,33.37,42.6,581.9,71,19.44,6.0,14.1,39.54,59.54,-20.0,62.5,100.0,0,SIMULATED
2026-08-21 15:45:00,standard,33.3,42.9,541.8,73,19.44,6.0,14.1,39.54,59.46,-19.92,62.5,100.0,0,SIMULATED
2026-08-21 16:00:00,standard,33.21,43.3,499.6,69,19.3,6.0,14.1,39.4,59.34,-19.94,62.5,100.0,0,SIMULATED
2026-08-21 16:15:00,standard,33.11,43.8,455.5,69,19.26,6.0,14.1,39.36,59.22,-19.86,62.5,100.0,0,SIMULATED
2026-08-21 16:30:00,standard,33.0,44.3,409.5,79,19.64,6.6,14.1,40.34,59.07,-18.73,62.5,100.0,0,SIMULATED
2026-08-21 16:45:00,standard,32.87,44.9,361.9,78,19.58,6.6,14.1,40.28,58.92,-18.64,62.5,100.0,0,SIMULATED
2026-08-21 17:00:00,standard,32.73,45.5,312.9,65,18.94,6.6,14.1,39.64,58.74,-19.1,62.5,100.0,0,SIMULATED
2026-08-21 17:15:00,standard,32.57,46.2,262.7,67,18.68,6.6,14.1,39.38,58.53,-19.15,62.5,100.0,0,SIMULATED
2026-08-21 17:30:00,standard,32.4,47.0,211.4,57,17.96,6.0,14.1,38.06,58.31,-20.25,62.5,100.0,0,SIMULATED
2026-08-21 17:45:00,standard,32.22,47.8,159.3,55,17.67,6.0,14.1,37.77,58.1,-20.33,62.5,100.0,0,SIMULATED
2026-08-21 18:00:00,standard,32.03,48.7,106.5,49,17.32,6.0,14.1,37.42,57.87,-20.45,62.5,100.0,0,SIMULATED
2026-08-21 18:15:00,standard,31.83,49.6,53.4,48,17.1,6.0,14.1,37.2,57.62,-20.42,75.0,100.0,0,SIMULATED
2026-08-21 18:30:00,standard,31.62,50.5,0.0,41,16.44,5.09,14.1,35.63,57.36,-21.73,87.5,100.0,0,SIMULATED
2026-08-21 18:45:00,standard,31.41,51.5,0.0,33,16.01,5.09,14.1,35.2,57.1,-21.9,87.5,100.0,0,SIMULATED
2026-08-21 19:00:00,standard,31.19,52.5,0.0,21,15.13,3.98,14.1,33.21,56.82,-23.61,87.5,100.0,0,SIMULATED
2026-08-21 19:15:00,standard,30.96,53.5,0.0,16,14.75,3.98,14.1,32.83,56.51,-23.68,87.5,100.0,0,SIMULATED
2026-08-21 19:30:00,standard,30.72,54.6,0.0,10,13.82,2.62,14.1,30.54,56.24,-25.7,87.5,100.0,0,SIMULATED
2026-08-21 19:45:00,standard,30.48,55.7,0.0,8,13.32,2.62,14.1,30.04,55.93,-25.89,87.5,100.0,0,SIMULATED
2026-08-21 20:00:00,standard,30.24,56.8,0.0,6,12.61,1.6,14.1,28.31,55.64,-27.33,87.5,100.0,0,SIMULATED
2026-08-21 20:15:00,standard,30.0,57.9,0.0,3,12.11,1.6,14.1,27.81,55.34,-27.53,87.5,100.0,0,SIMULATED
2026-08-21 20:30:00,standard,29.75,59.0,0.0,0,11.33,0.24,14.1,25.67,55.02,-29.35,87.5,100.0,0,SIMULATED
2026-08-21 20:45:00,standard,29.5,60.1,0.0,0,10.98,0.24,14.1,25.32,54.7,-29.38,87.5,100.0,0,SIMULATED
2026-08-21 21:00:00,standard,29.26,61.2,0.0,0,10.65,0.24,14.1,24.99,54.42,-29.43,87.5,100.0,0,SIMULATED
2026-08-21 21:15:00,standard,29.02,62.3,0.0,0,10.33,0.24,14.1,24.67,54.1,-29.43,87.5,100.0,0,SIMULATED
2026-08-21 21:30:00,standard,28.78,63.4,0.0,0,10.05,0.24,14.1,24.39,53.8,-29.41,87.5,100.0,0,SIMULATED
2026-08-21 21:45:00,standard,28.54,64.5,0.0,0,9.76,0.24,14.1,24.1,53.49,-29.39,87.5,100.0,0,SIMULATED
2026-08-21 22:00:00,standard,28.31,65.5,0.0,0,9.51,0.24,14.1,23.85,53.22,-29.37,87.5,100.0,0,SIMULATED
2026-08-21 22:15:00,standard,28.09,66.5,0.0,0,9.24,0.24,14.1,23.58,52.94,-29.36,87.5,100.0,0,SIMULATED
2026-08-21 22:30:00,standard,27.88,67.5,0.0,0,9.02,0.24,14.1,23.36,52.82,-29.46,87.5,100.0,0,SIMULATED
2026-08-21 22:45:00,standard,27.67,68.4,0.0,0,8.82,0.24,14.1,23.16,52.82,-29.66,87.5,100.0,0,SIMULATED
2026-08-21 23:00:00,standard,27.47,69.3,0.0,0,8.6,0.24,14.1,22.94,52.82,-29.88,87.5,100.0,0,SIMULATED
2026-08-21 23:15:00,standard,27.28,70.2,0.0,0,8.41,0.24,14.1,22.75,52.82,-30.07,87.5,100.0,0,SIMULATED
2026-08-21 23:30:00,standard,27.1,71.0,0.0,0,8.25,0.24,14.1,22.59,52.82,-30.23,87.5,100.0,0,SIMULATED
2026-08-21 23:45:00,standard,26.93,71.8,0.0,0,8.08,0.24,14.1,22.42,52.82,-30.4,87.5,100.0,0,SIMULATED
2026-08-22 00:00:00,standard,26.77,72.5,0.0,0,7.91,0.24,14.1,22.25,52.82,-30.57,87.5,100.0,0,SIMULATED
2026-08-22 00:15:00,standard,26.63,73.1,0.0,0,7.8,0.24,14.1,22.14,52.82,-30.68,87.5,100.0,0,SIMULATED
2026-08-22 00:30:00,standard,26.5,73.7,0.0,0,7.66,0.24,14.1,22.0,52.82,-30.82,87.5,100.0,0,SIMULATED
2026-08-22 00:45:00,standard,26.39,74.2,0.0,0,7.56,0.24,14.1,21.9,52.82,-30.92,87.5,100.0,0,SIMULATED
2026-08-22 01:00:00,standard,26.29,74.7,0.0,0,7.46,0.24,14.1,21.8,52.82,-31.02,87.5,100.0,0,SIMULATED
2026-08-22 01:15:00,standard,26.2,75.1,0.0,0,7.36,0.24,14.1,21.7,52.82,-31.12,87.5,100.0,0,SIMULATED
2026-08-22 01:30:00,standard,26.13,75.4,0.0,0,7.29,0.24,14.1,21.63,52.82,-31.19,87.5,100.0,0,SIMULATED
2026-08-22 01:45:00,standard,26.07,75.7,0.0,0,7.21,0.24,14.1,21.55,52.82,-31.27,87.5,100.0,0,SIMULATED
2026-08-22 02:00:00,standard,26.03,75.9,0.0,0,7.16,0.24,14.1,21.5,52.82,-31.32,87.5,100.0,0,SIMULATED
2026-08-22 02:15:00,standard,26.01,76.0,0.0,0,7.12,0.24,14.1,21.46,52.82,-31.36,87.5,100.0,0,SIMULATED
2026-08-22 02:30:00,standard,26.0,76.0,0.0,0,7.09,0.24,14.1,21.43,52.82,-31.39,87.5,100.0,0,SIMULATED
2026-08-22 02:45:00,standard,26.01,76.0,0.0,0,7.07,0.24,14.1,21.41,52.82,-31.41,87.5,100.0,0,SIMULATED
2026-08-22 03:00:00,standard,26.03,75.9,0.0,0,7.05,0.24,14.1,21.39,52.82,-31.43,87.5,100.0,0,SIMULATED
2026-08-22 03:15:00,standard,26.07,75.7,0.0,0,7.04,0.24,14.1,21.38,52.82,-31.44,87.5,100.0,0,SIMULATED
2026-08-22 03:30:00,standard,26.13,75.4,0.0,0,7.06,0.24,14.1,21.4,52.82,-31.42,87.5,100.0,0,SIMULATED
2026-08-22 03:45:00,standard,26.2,75.1,0.0,0,7.08,0.24,14.1,21.42,52.82,-31.4,87.5,100.0,0,SIMULATED
2026-08-22 04:00:00,standard,26.29,74.7,0.0,0,7.12,0.24,14.1,21.46,52.82,-31.36,87.5,100.0,0,SIMULATED
2026-08-22 04:15:00,standard,26.39,74.2,0.0,0,7.15,0.24,14.1,21.49,52.82,-31.33,87.5,100.0,0,SIMULATED
2026-08-22 04:30:00,standard,26.5,73.7,0.0,0,7.19,0.24,14.1,21.53,52.82,-31.29,87.5,100.0,0,SIMULATED
2026-08-22 04:45:00,standard,26.63,73.1,0.0,0,7.25,0.24,14.1,21.59,52.82,-31.23,87.5,100.0,0,SIMULATED
2026-08-22 05:00:00,standard,26.77,72.5,0.0,0,7.29,0.24,14.1,21.63,52.82,-31.19,87.5,100.0,0,SIMULATED
2026-08-22 05:15:00,standard,26.93,71.8,0.0,0,7.37,0.24,14.1,21.71,52.82,-31.11,87.5,100.0,0,SIMULATED
2026-08-22 05:30:00,standard,27.1,71.0,0.0,0,7.47,0.24,14.1,21.81,52.82,-31.01,87.5,100.0,0,SIMULATED
2026-08-22 05:45:00,standard,27.28,70.2,0.0,0,7.54,0.24,14.1,21.88,52.82,-30.94,87.5,100.0,0,SIMULATED
2026-08-22 06:00:00,standard,27.47,69.3,0.0,0,7.63,0.24,14.1,21.97,52.82,-30.85,87.5,100.0,0,SIMULATED
2026-08-22 06:15:00,standard,27.67,68.4,53.4,0,8.33,0.24,14.1,22.67,52.82,-30.15,87.5,100.0,0,SIMULATED
2026-08-22 06:30:00,standard,27.88,67.5,106.5,0,9.02,0.24,14.1,23.36,52.82,-29.46,87.5,100.0,0,SIMULATED
2026-08-22 06:45:00,standard,28.09,66.5,159.3,0,9.71,0.24,14.1,24.05,52.94,-28.89,87.5,100.0,0,SIMULATED
2026-08-22 07:00:00,standard,28.31,65.5,211.4,0,10.7,1.52,14.1,26.33,53.22,-26.89,87.5,100.0,0,SIMULATED
2026-08-22 07:15:00,standard,28.54,64.5,262.7,0,11.4,1.52,14.1,27.03,53.49,-26.46,87.5,100.0,0,SIMULATED
2026-08-22 07:30:00,standard,28.78,63.4,312.9,0,12.11,1.52,14.1,27.72,53.8,-26.08,87.5,100.0,0,SIMULATED
2026-08-22 07:45:00,standard,29.02,62.3,361.9,0,12.8,1.52,14.1,28.42,54.1,-25.68,87.5,100.0,0,SIMULATED
2026-08-22 08:00:00,standard,29.26,61.2,409.5,0,13.51,1.52,14.1,29.12,54.42,-25.3,87.5,100.0,0,SIMULATED
2026-08-22 08:15:00,standard,29.5,60.1,455.5,0,14.18,1.52,14.1,29.79,54.7,-24.91,87.5,100.0,0,SIMULATED
2026-08-22 08:30:00,standard,29.75,59.0,499.6,0,14.85,1.52,14.1,30.47,55.02,-24.55,87.5,100.0,0,SIMULATED
2026-08-22 08:45:00,standard,30.0,57.9,541.8,0,15.5,1.52,14.1,31.12,55.34,-24.22,87.5,100.0,0,SIMULATED
2026-08-22 09:00:00,standard,30.24,56.8,581.9,1,16.21,1.85,14.1,32.15,55.64,-23.49,87.5,100.0,0,SIMULATED
2026-08-22 09:15:00,standard,30.48,55.7,619.6,1,16.81,1.85,14.1,32.76,55.93,-23.17,87.5,100.0,0,SIMULATED
2026-08-22 09:30:00,standard,30.72,54.6,654.9,1,17.04,1.85,14.1,32.99,56.24,-23.25,87.5,100.0,0,SIMULATED
2026-08-22 09:45:00,standard,30.96,53.5,687.7,1,17.25,1.85,14.1,33.19,56.51,-23.32,87.5,100.0,0,SIMULATED
2026-08-22 10:00:00,standard,31.19,52.5,717.7,6,17.44,4.31,14.1,35.85,56.82,-20.97,87.5,100.0,0,SIMULATED
2026-08-22 10:15:00,standard,31.41,51.5,744.9,6,17.61,4.31,14.1,36.02,57.1,-21.08,87.5,100.0,0,SIMULATED
2026-08-22 10:30:00,standard,31.62,50.5,769.1,4,17.78,4.31,14.1,36.19,57.36,-21.17,87.5,100.0,0,SIMULATED
2026-08-22 10:45:00,standard,31.83,49.6,790.3,5,17.95,4.31,14.1,36.36,57.62,-21.26,87.5,100.0,0,SIMULATED
2026-08-22 11:00:00,standard,32.03,48.7,808.4,6,18.09,4.31,14.1,36.5,57.87,-21.37,87.5,100.0,0,SIMULATED
2026-08-22 11:15:00,standard,32.22,47.8,823.3,6,18.22,4.31,14.1,36.63,58.1,-21.47,87.5,100.0,0,SIMULATED
2026-08-22 11:30:00,standard,32.4,47.0,834.9,6,18.35,4.31,14.1,36.76,58.31,-21.55,87.5,100.0,0,SIMULATED
2026-08-22 11:45:00,standard,32.57,46.2,843.3,6,18.43,4.31,14.1,36.84,58.53,-21.69,87.5,100.0,0,SIMULATED
2026-08-22 12:00:00,standard,32.73,45.5,848.3,5,18.51,4.31,14.1,36.92,58.74,-21.82,87.5,100.0,0,SIMULATED
2026-08-22 12:15:00,standard,32.87,44.9,850.0,6,18.56,4.31,14.1,36.97,58.92,-21.95,87.5,100.0,0,SIMULATED
2026-08-22 12:30:00,standard,33.0,44.3,848.3,6,18.62,4.31,14.1,37.03,59.07,-22.04,87.5,100.0,0,SIMULATED
2026-08-22 12:45:00,standard,33.11,43.8,843.3,6,18.67,4.31,14.1,37.08,59.22,-22.14,87.5,100.0,0,SIMULATED
2026-08-22 13:00:00,standard,33.21,43.3,834.9,6,18.73,4.31,14.1,37.14,59.34,-22.2,87.5,100.0,0,SIMULATED
2026-08-22 13:15:00,standard,33.3,42.9,823.3,6,18.77,4.31,14.1,37.18,59.46,-22.28,87.5,100.0,0,SIMULATED
2026-08-22 13:30:00,standard,33.37,42.6,808.4,4,18.78,4.31,14.1,37.19,59.54,-22.35,87.5,100.0,0,SIMULATED
2026-08-22 13:45:00,standard,33.43,42.3,790.3,4,18.79,4.31,14.1,37.2,59.62,-22.42,87.5,100.0,0,SIMULATED
2026-08-22 14:00:00,standard,33.47,42.1,769.1,5,18.75,4.31,14.1,37.16,59.67,-22.51,87.5,100.0,0,SIMULATED
2026-08-22 14:15:00,standard,33.49,42.0,744.9,5,18.57,3.98,14.1,36.66,59.7,-23.04,87.5,100.0,0,SIMULATED
2026-08-22 14:30:00,standard,33.5,42.0,717.7,5,18.5,3.98,14.1,36.59,59.7,-23.11,87.5,100.0,0,SIMULATED
2026-08-22 14:45:00,standard,33.49,42.0,687.7,3,18.42,3.98,14.1,36.51,59.7,-23.19,87.5,100.0,0,SIMULATED
2026-08-22 15:00:00,standard,33.47,42.1,654.9,4,18.34,3.98,14.1,36.43,59.67,-23.24,87.5,100.0,0,SIMULATED
2026-08-22 15:15:00,standard,33.43,42.3,619.6,4,18.23,3.98,14.1,36.32,59.62,-23.3,87.5,100.0,0,SIMULATED
2026-08-22 15:30:00,standard,33.37,42.6,581.9,4,18.07,3.98,14.1,36.15,59.54,-23.39,87.5,100.0,0,SIMULATED
2026-08-22 15:45:00,standard,33.3,42.9,541.8,4,17.95,3.98,14.1,36.03,59.46,-23.43,87.5,100.0,0,SIMULATED
2026-08-22 16:00:00,standard,33.21,43.3,499.6,4,17.79,3.98,14.1,35.87,59.34,-23.47,87.5,100.0,0,SIMULATED
2026-08-22 16:15:00,standard,33.11,43.8,455.5,0,17.61,1.52,14.1,33.24,59.22,-25.98,87.5,100.0,0,SIMULATED
2026-08-22 16:30:00,standard,33.0,44.3,409.5,0,17.44,1.52,14.1,33.07,59.07,-26.0,87.5,100.0,0,SIMULATED
2026-08-22 16:45:00,standard,32.87,44.9,361.9,0,17.25,1.52,14.1,32.87,58.92,-26.05,87.5,100.0,0,SIMULATED
2026-08-22 17:00:00,standard,32.73,45.5,312.9,0,17.06,1.52,14.1,32.69,58.74,-26.05,87.5,100.0,0,SIMULATED
2026-08-22 17:15:00,standard,32.57,46.2,262.7,0,16.77,1.52,14.1,32.38,58.53,-26.15,87.5,100.0,0,SIMULATED
2026-08-22 17:30:00,standard,32.4,47.0,211.4,0,15.95,1.52,14.1,31.57,58.31,-26.74,87.5,100.0,0,SIMULATED
2026-08-22 17:45:00,standard,32.22,47.8,159.3,0,15.01,1.52,14.1,30.62,58.1,-27.48,87.5,100.0,0,SIMULATED
2026-08-22 18:00:00,standard,32.03,48.7,106.5,0,14.04,1.52,14.1,29.66,57.87,-28.21,87.5,100.0,0,SIMULATED
2026-08-22 18:15:00,standard,31.83,49.6,53.4,0,13.11,1.52,14.1,28.72,57.62,-28.9,87.5,100.0,0,SIMULATED
2026-08-22 18:30:00,standard,31.62,50.5,0.0,0,12.18,1.52,14.1,27.79,57.36,-29.57,87.5,100.0,0,SIMULATED
2026-08-22 18:45:00,standard,31.41,51.5,0.0,0,11.89,1.52,14.1,27.49,57.1,-29.61,87.5,100.0,0,SIMULATED
2026-08-22 19:00:00,standard,31.19,52.5,0.0,0,11.62,1.52,14.1,27.24,56.82,-29.58,87.5,100.0,0,SIMULATED
2026-08-22 19:15:00,standard,30.96,53.5,0.0,0,11.36,1.52,14.1,26.98,56.51,-29.53,87.5,100.0,0,SIMULATED
2026-08-22 19:30:00,standard,30.72,54.6,0.0,0,11.09,1.52,14.1,26.71,56.24,-29.53,87.5,100.0,0,SIMULATED
2026-08-22 19:45:00,standard,30.48,55.7,0.0,0,10.83,1.52,14.1,26.44,55.93,-29.49,87.5,100.0,0,SIMULATED
2026-08-22 20:00:00,standard,30.24,56.8,0.0,0,10.29,0.24,14.1,24.63,55.64,-31.01,87.5,100.0,0,SIMULATED
2026-08-22 20:15:00,standard,30.0,57.9,0.0,0,10.05,0.24,14.1,24.39,55.34,-30.95,87.5,100.0,0,SIMULATED
2026-08-22 20:30:00,standard,29.75,59.0,0.0,0,9.82,0.24,14.1,24.16,55.02,-30.86,87.5,100.0,0,SIMULATED
2026-08-22 20:45:00,standard,29.5,60.1,0.0,0,9.6,0.24,14.1,23.94,54.7,-30.76,87.5,100.0,0,SIMULATED
2026-08-22 21:00:00,standard,29.26,61.2,0.0,0,9.37,0.24,14.1,23.71,54.42,-30.71,87.5,100.0,0,SIMULATED
2026-08-22 21:15:00,standard,29.02,62.3,0.0,0,9.17,0.24,14.1,23.51,54.1,-30.59,87.5,100.0,0,SIMULATED
2026-08-22 21:30:00,standard,28.78,63.4,0.0,0,8.99,0.24,14.1,23.33,53.8,-30.47,87.5,100.0,0,SIMULATED
2026-08-22 21:45:00,standard,28.54,64.5,0.0,0,8.78,0.24,14.1,23.12,53.49,-30.37,87.5,100.0,0,SIMULATED
2026-08-22 22:00:00,standard,28.31,65.5,0.0,0,8.61,0.24,14.1,22.95,53.22,-30.27,87.5,100.0,0,SIMULATED
2026-08-22 22:15:00,standard,28.09,66.5,0.0,0,8.43,0.24,14.1,22.77,52.94,-30.17,87.5,100.0,0,SIMULATED
2026-08-22 22:30:00,standard,27.88,67.5,0.0,0,8.27,0.24,14.1,22.61,52.82,-30.21,87.5,100.0,0,SIMULATED
2026-08-22 22:45:00,standard,27.67,68.4,0.0,0,8.13,0.24,14.1,22.47,52.82,-30.35,87.5,100.0,0,SIMULATED
2026-08-22 23:00:00,standard,27.47,69.3,0.0,0,7.96,0.24,14.1,22.3,52.82,-30.52,87.5,100.0,0,SIMULATED
2026-08-22 23:15:00,standard,27.28,70.2,0.0,0,7.82,0.24,14.1,22.16,52.82,-30.66,87.5,100.0,0,SIMULATED
2026-08-22 23:30:00,standard,27.1,71.0,0.0,0,7.71,0.24,14.1,22.05,52.82,-30.77,87.5,100.0,0,SIMULATED
2026-08-22 23:45:00,standard,26.93,71.8,0.0,0,7.57,0.24,14.1,21.91,52.82,-30.91,87.5,100.0,0,SIMULATED
2026-08-23 00:00:00,standard,26.77,72.5,0.0,0,7.45,0.24,14.1,21.79,52.82,-31.03,87.5,100.0,0,SIMULATED
2026-08-23 00:15:00,standard,26.63,73.1,0.0,0,7.37,0.24,14.1,21.71,52.82,-31.11,87.5,100.0,0,SIMULATED
2026-08-23 00:30:00,standard,26.5,73.7,0.0,0,7.26,0.24,14.1,21.6,52.82,-31.22,87.5,100.0,0,SIMULATED
2026-08-23 00:45:00,standard,26.39,74.2,0.0,0,7.2,0.24,14.1,21.54,52.82,-31.28,87.5,100.0,0,SIMULATED
2026-08-23 01:00:00,standard,26.29,74.7,0.0,0,7.13,0.24,14.1,21.47,52.82,-31.35,87.5,100.0,0,SIMULATED
2026-08-23 01:15:00,standard,26.2,75.1,0.0,0,7.05,0.24,14.1,21.39,52.82,-31.43,87.5,100.0,0,SIMULATED
2026-08-23 01:30:00,standard,26.13,75.4,0.0,0,7.0,0.24,14.1,21.34,52.82,-31.48,87.5,100.0,0,SIMULATED
2026-08-23 01:45:00,standard,26.07,75.7,0.0,0,6.95,0.24,14.1,21.29,52.82,-31.53,87.5,100.0,0,SIMULATED
2026-08-23 02:00:00,standard,26.03,75.9,0.0,0,6.92,0.24,14.1,21.26,52.82,-31.56,87.5,100.0,0,SIMULATED
2026-08-23 02:15:00,standard,26.01,76.0,0.0,0,6.89,0.24,14.1,21.23,52.82,-31.59,87.5,100.0,0,SIMULATED
2026-08-23 02:30:00,standard,26.0,76.0,0.0,0,6.87,0.24,14.1,21.21,52.82,-31.61,87.5,100.0,0,SIMULATED
2026-08-23 02:45:00,standard,26.01,76.0,0.0,0,6.87,0.24,14.1,21.21,52.82,-31.61,87.5,100.0,0,SIMULATED
2026-08-23 03:00:00,standard,26.03,75.9,0.0,0,6.86,0.24,14.1,21.2,52.82,-31.62,87.5,100.0,0,SIMULATED
2026-08-23 03:15:00,standard,26.07,75.7,0.0,0,6.87,0.24,14.1,21.21,52.82,-31.61,87.5,100.0,0,SIMULATED
2026-08-23 03:30:00,standard,26.13,75.4,0.0,0,6.9,0.24,14.1,21.24,52.82,-31.58,87.5,100.0,0,SIMULATED
2026-08-23 03:45:00,standard,26.2,75.1,0.0,0,6.93,0.24,14.1,21.27,52.82,-31.55,87.5,100.0,0,SIMULATED
2026-08-23 04:00:00,standard,26.29,74.7,0.0,0,6.97,0.24,14.1,21.31,52.82,-31.51,87.5,100.0,0,SIMULATED
2026-08-23 04:15:00,standard,26.39,74.2,0.0,0,7.03,0.24,14.1,21.37,52.82,-31.45,87.5,100.0,0,SIMULATED
2026-08-23 04:30:00,standard,26.5,73.7,0.0,0,7.07,0.24,14.1,21.41,52.82,-31.41,87.5,100.0,0,SIMULATED
2026-08-23 04:45:00,standard,26.63,73.1,0.0,0,7.15,0.24,14.1,21.49,52.82,-31.33,87.5,100.0,0,SIMULATED
2026-08-23 05:00:00,standard,26.77,72.5,0.0,0,7.21,0.24,14.1,21.55,52.82,-31.27,87.5,100.0,0,SIMULATED
2026-08-23 05:15:00,standard,26.93,71.8,0.0,0,7.31,0.24,14.1,21.65,52.82,-31.17,87.5,100.0,0,SIMULATED
2026-08-23 05:30:00,standard,27.1,71.0,0.0,0,7.42,0.24,14.1,21.76,52.82,-31.06,87.5,100.0,0,SIMULATED
2026-08-23 05:45:00,standard,27.28,70.2,0.0,0,7.49,0.24,14.1,21.83,52.82,-30.99,87.5,100.0,0,SIMULATED
2026-08-23 06:00:00,standard,27.47,69.3,0.0,0,7.6,0.24,14.1,21.94,52.82,-30.88,87.5,100.0,0,SIMULATED
2026-08-23 06:15:00,standard,27.67,68.4,53.4,0,8.31,0.24,14.1,22.65,52.82,-30.17,87.5,100.0,0,SIMULATED
2026-08-23 06:30:00,standard,27.88,67.5,106.5,0,9.0,0.24,14.1,23.34,52.82,-29.48,87.5,100.0,0,SIMULATED
2026-08-23 06:45:00,standard,28.09,66.5,159.3,0,9.7,0.24,14.1,24.04,52.94,-28.9,87.5,100.0,0,SIMULATED
2026-08-23 07:00:00,standard,28.31,65.5,211.4,0,10.7,1.52,14.1,26.33,53.22,-26.89,87.5,100.0,0,SIMULATED
2026-08-23 07:15:00,standard,28.54,64.5,262.7,0,11.4,1.52,14.1,27.03,53.49,-26.46,87.5,100.0,0,SIMULATED
2026-08-23 07:30:00,standard,28.78,63.4,312.9,0,12.11,1.52,14.1,27.72,53.8,-26.08,87.5,100.0,0,SIMULATED
2026-08-23 07:45:00,standard,29.02,62.3,361.9,0,12.8,1.52,14.1,28.42,54.1,-25.68,87.5,100.0,0,SIMULATED
2026-08-23 08:00:00,standard,29.26,61.2,409.5,0,13.51,1.52,14.1,29.12,54.42,-25.3,87.5,100.0,0,SIMULATED
2026-08-23 08:15:00,standard,29.5,60.1,455.5,0,14.18,1.52,14.1,29.79,54.7,-24.91,87.5,100.0,0,SIMULATED
2026-08-23 08:30:00,standard,29.75,59.0,499.6,0,14.85,1.52,14.1,30.47,55.02,-24.55,87.5,100.0,0,SIMULATED
2026-08-23 08:45:00,standard,30.0,57.9,541.8,0,15.5,1.52,14.1,31.12,55.34,-24.22,87.5,100.0,0,SIMULATED
2026-08-23 09:00:00,standard,30.24,56.8,581.9,1,16.21,1.85,14.1,32.15,55.64,-23.49,87.5,100.0,0,SIMULATED
2026-08-23 09:15:00,standard,30.48,55.7,619.6,2,16.84,1.85,14.1,32.79,55.93,-23.14,87.5,100.0,0,SIMULATED
2026-08-23 09:30:00,standard,30.72,54.6,654.9,1,17.04,1.85,14.1,32.99,56.24,-23.25,87.5,100.0,0,SIMULATED
2026-08-23 09:45:00,standard,30.96,53.5,687.7,1,17.25,1.85,14.1,33.19,56.51,-23.32,87.5,100.0,0,SIMULATED
2026-08-23 10:00:00,standard,31.19,52.5,717.7,5,17.44,4.31,14.1,35.85,56.82,-20.97,87.5,100.0,0,SIMULATED
2026-08-23 10:15:00,standard,31.41,51.5,744.9,4,17.61,4.31,14.1,36.02,57.1,-21.08,87.5,100.0,0,SIMULATED
2026-08-23 10:30:00,standard,31.62,50.5,769.1,7,17.78,4.31,14.1,36.19,57.36,-21.17,87.5,100.0,0,SIMULATED
2026-08-23 10:45:00,standard,31.83,49.6,790.3,6,17.95,4.31,14.1,36.36,57.62,-21.26,87.5,100.0,0,SIMULATED
2026-08-23 11:00:00,standard,32.03,48.7,808.4,5,18.09,4.31,14.1,36.5,57.87,-21.37,87.5,100.0,0,SIMULATED
2026-08-23 11:15:00,standard,32.22,47.8,823.3,5,18.22,4.31,14.1,36.63,58.1,-21.47,87.5,100.0,0,SIMULATED
2026-08-23 11:30:00,standard,32.4,47.0,834.9,5,18.35,4.31,14.1,36.76,58.31,-21.55,87.5,100.0,0,SIMULATED
2026-08-23 11:45:00,standard,32.57,46.2,843.3,4,18.43,4.31,14.1,36.84,58.53,-21.69,87.5,100.0,0,SIMULATED
2026-08-23 12:00:00,standard,32.73,45.5,848.3,6,18.51,4.31,14.1,36.92,58.74,-21.82,87.5,100.0,0,SIMULATED
2026-08-23 12:15:00,standard,32.87,44.9,850.0,4,18.56,4.31,14.1,36.97,58.92,-21.95,87.5,100.0,0,SIMULATED
2026-08-23 12:30:00,standard,33.0,44.3,848.3,5,18.62,4.31,14.1,37.03,59.07,-22.04,87.5,100.0,0,SIMULATED
2026-08-23 12:45:00,standard,33.11,43.8,843.3,5,18.67,4.31,14.1,37.08,59.22,-22.14,87.5,100.0,0,SIMULATED
2026-08-23 13:00:00,standard,33.21,43.3,834.9,5,18.73,4.31,14.1,37.14,59.34,-22.2,87.5,100.0,0,SIMULATED
2026-08-23 13:15:00,standard,33.3,42.9,823.3,6,18.77,4.31,14.1,37.18,59.46,-22.28,87.5,100.0,0,SIMULATED
2026-08-23 13:30:00,standard,33.37,42.6,808.4,6,18.78,4.31,14.1,37.19,59.54,-22.35,87.5,100.0,0,SIMULATED
2026-08-23 13:45:00,standard,33.43,42.3,790.3,5,18.79,4.31,14.1,37.2,59.62,-22.42,87.5,100.0,0,SIMULATED
2026-08-23 14:00:00,standard,33.47,42.1,769.1,6,18.75,4.31,14.1,37.16,59.67,-22.51,87.5,100.0,0,SIMULATED
2026-08-23 14:15:00,standard,33.49,42.0,744.9,5,18.57,3.98,14.1,36.66,59.7,-23.04,87.5,100.0,0,SIMULATED
2026-08-23 14:30:00,standard,33.5,42.0,717.7,4,18.5,3.98,14.1,36.59,59.7,-23.11,87.5,100.0,0,SIMULATED
2026-08-23 14:45:00,standard,33.49,42.0,687.7,4,18.42,3.98,14.1,36.51,59.7,-23.19,87.5,100.0,0,SIMULATED
2026-08-23 15:00:00,standard,33.47,42.1,654.9,4,18.34,3.98,14.1,36.43,59.67,-23.24,87.5,100.0,0,SIMULATED
2026-08-23 15:15:00,standard,33.43,42.3,619.6,5,18.23,3.98,14.1,36.32,59.62,-23.3,87.5,100.0,0,SIMULATED
2026-08-23 15:30:00,standard,33.37,42.6,581.9,3,18.07,3.98,14.1,36.15,59.54,-23.39,87.5,100.0,0,SIMULATED
2026-08-23 15:45:00,standard,33.3,42.9,541.8,5,17.95,3.98,14.1,36.03,59.46,-23.43,87.5,100.0,0,SIMULATED
2026-08-23 16:00:00,standard,33.21,43.3,499.6,4,17.79,3.98,14.1,35.87,59.34,-23.47,87.5,100.0,0,SIMULATED
2026-08-23 16:15:00,standard,33.11,43.8,455.5,0,17.61,1.52,14.1,33.24,59.22,-25.98,87.5,100.0,0,SIMULATED
2026-08-23 16:30:00,standard,33.0,44.3,409.5,0,17.44,1.52,14.1,33.07,59.07,-26.0,87.5,100.0,0,SIMULATED
2026-08-23 16:45:00,standard,32.87,44.9,361.9,0,17.25,1.52,14.1,32.87,58.92,-26.05,87.5,100.0,0,SIMULATED
2026-08-23 17:00:00,standard,32.73,45.5,312.9,0,17.06,1.52,14.1,32.69,58.74,-26.05,87.5,100.0,0,SIMULATED
2026-08-23 17:15:00,standard,32.57,46.2,262.7,0,16.77,1.52,14.1,32.38,58.53,-26.15,87.5,100.0,0,SIMULATED
2026-08-23 17:30:00,standard,32.4,47.0,211.4,0,15.94,1.52,14.1,31.55,58.31,-26.76,87.5,100.0,0,SIMULATED
2026-08-23 17:45:00,standard,32.22,47.8,159.3,0,15.01,1.52,14.1,30.62,58.1,-27.48,87.5,100.0,0,SIMULATED
2026-08-23 18:00:00,standard,32.03,48.7,106.5,0,14.04,1.52,14.1,29.66,57.87,-28.21,87.5,100.0,0,SIMULATED
2026-08-23 18:15:00,standard,31.83,49.6,53.4,0,13.11,1.52,14.1,28.72,57.62,-28.9,87.5,100.0,0,SIMULATED
2026-08-23 18:30:00,standard,31.62,50.5,0.0,0,12.18,1.52,14.1,27.79,57.36,-29.57,87.5,100.0,0,SIMULATED
2026-08-23 18:45:00,standard,31.41,51.5,0.0,0,11.89,1.52,14.1,27.49,57.1,-29.61,87.5,100.0,0,SIMULATED
2026-08-23 19:00:00,standard,31.19,52.5,0.0,0,11.62,1.52,14.1,27.24,56.82,-29.58,87.5,100.0,0,SIMULATED
2026-08-23 19:15:00,standard,30.96,53.5,0.0,0,11.36,1.52,14.1,26.98,56.51,-29.53,87.5,100.0,0,SIMULATED
2026-08-23 19:30:00,standard,30.72,54.6,0.0,0,11.09,1.52,14.1,26.71,56.24,-29.53,87.5,100.0,0,SIMULATED
2026-08-23 19:45:00,standard,30.48,55.7,0.0,0,10.83,1.52,14.1,26.44,55.93,-29.49,87.5,100.0,0,SIMULATED
2026-08-23 20:00:00,standard,30.24,56.8,0.0,0,10.29,0.24,14.1,24.63,55.64,-31.01,87.5,100.0,0,SIMULATED
2026-08-23 20:15:00,standard,30.0,57.9,0.0,0,10.05,0.24,14.1,24.39,55.34,-30.95,87.5,100.0,0,SIMULATED
2026-08-23 20:30:00,standard,29.75,59.0,0.0,0,9.82,0.24,14.1,24.16,55.02,-30.86,87.5,100.0,0,SIMULATED
2026-08-23 20:45:00,standard,29.5,60.1,0.0,0,9.6,0.24,14.1,23.94,54.7,-30.76,87.5,100.0,0,SIMULATED
2026-08-23 21:00:00,standard,29.26,61.2,0.0,0,9.37,0.24,14.1,23.71,54.42,-30.71,87.5,100.0,0,SIMULATED
2026-08-23 21:15:00,standard,29.02,62.3,0.0,0,9.17,0.24,14.1,23.51,54.1,-30.59,87.5,100.0,0,SIMULATED
2026-08-23 21:30:00,standard,28.78,63.4,0.0,0,8.99,0.24,14.1,23.33,53.8,-30.47,87.5,100.0,0,SIMULATED
2026-08-23 21:45:00,standard,28.54,64.5,0.0,0,8.78,0.24,14.1,23.12,53.49,-30.37,87.5,100.0,0,SIMULATED
2026-08-23 22:00:00,standard,28.31,65.5,0.0,0,8.61,0.24,14.1,22.95,53.22,-30.27,87.5,100.0,0,SIMULATED
2026-08-23 22:15:00,standard,28.09,66.5,0.0,0,8.43,0.24,14.1,22.77,52.94,-30.17,87.5,100.0,0,SIMULATED
2026-08-23 22:30:00,standard,27.88,67.5,0.0,0,8.27,0.24,14.1,22.61,52.82,-30.21,87.5,100.0,0,SIMULATED
2026-08-23 22:45:00,standard,27.67,68.4,0.0,0,8.13,0.24,14.1,22.47,52.82,-30.35,87.5,100.0,0,SIMULATED
2026-08-23 23:00:00,standard,27.47,69.3,0.0,0,7.96,0.24,14.1,22.3,52.82,-30.52,87.5,100.0,0,SIMULATED
2026-08-23 23:15:00,standard,27.28,70.2,0.0,0,7.82,0.24,14.1,22.16,52.82,-30.66,87.5,100.0,0,SIMULATED
2026-08-23 23:30:00,standard,27.1,71.0,0.0,0,7.71,0.24,14.1,22.05,52.82,-30.77,87.5,100.0,0,SIMULATED
2026-08-23 23:45:00,standard,26.93,71.8,0.0,0,7.57,0.24,14.1,21.91,52.82,-30.91,87.5,100.0,0,SIMULATED
2026-08-24 00:00:00,standard,26.77,72.5,0.0,0,7.45,0.24,14.1,21.79,52.82,-31.03,87.5,100.0,0,SIMULATED
2026-08-24 00:15:00,standard,26.63,73.1,0.0,0,7.37,0.24,14.1,21.71,52.82,-31.11,87.5,100.0,0,SIMULATED
2026-08-24 00:30:00,standard,26.5,73.7,0.0,0,7.26,0.24,14.1,21.6,52.82,-31.22,87.5,100.0,0,SIMULATED
2026-08-24 00:45:00,standard,26.39,74.2,0.0,0,7.2,0.24,14.1,21.54,52.82,-31.28,87.5,100.0,0,SIMULATED
2026-08-24 01:00:00,standard,26.29,74.7,0.0,0,7.13,0.24,14.1,21.47,52.82,-31.35,87.5,100.0,0,SIMULATED
2026-08-24 01:15:00,standard,26.2,75.1,0.0,0,7.05,0.24,14.1,21.39,52.82,-31.43,87.5,100.0,0,SIMULATED
2026-08-24 01:30:00,standard,26.13,75.4,0.0,0,7.0,0.24,14.1,21.34,52.82,-31.48,87.5,100.0,0,SIMULATED
2026-08-24 01:45:00,standard,26.07,75.7,0.0,0,6.95,0.24,14.1,21.29,52.82,-31.53,87.5,100.0,0,SIMULATED
2026-08-24 02:00:00,standard,26.03,75.9,0.0,0,6.92,0.24,14.1,21.26,52.82,-31.56,87.5,100.0,0,SIMULATED
2026-08-24 02:15:00,standard,26.01,76.0,0.0,0,6.89,0.24,14.1,21.23,52.82,-31.59,87.5,100.0,0,SIMULATED
2026-08-24 02:30:00,standard,26.0,76.0,0.0,0,6.87,0.24,14.1,21.21,52.82,-31.61,87.5,100.0,0,SIMULATED
2026-08-24 02:45:00,standard,26.01,76.0,0.0,0,6.87,0.24,14.1,21.21,52.82,-31.61,87.5,100.0,0,SIMULATED
2026-08-24 03:00:00,standard,26.03,75.9,0.0,0,6.86,0.24,14.1,21.2,52.82,-31.62,87.5,100.0,0,SIMULATED
2026-08-24 03:15:00,standard,26.07,75.7,0.0,0,6.87,0.24,14.1,21.21,52.82,-31.61,87.5,100.0,0,SIMULATED
2026-08-24 03:30:00,standard,26.13,75.4,0.0,0,6.9,0.24,14.1,21.24,52.82,-31.58,87.5,100.0,0,SIMULATED
2026-08-24 03:45:00,standard,26.2,75.1,0.0,0,6.93,0.24,14.1,21.27,52.82,-31.55,87.5,100.0,0,SIMULATED
2026-08-24 04:00:00,standard,26.29,74.7,0.0,0,6.97,0.24,14.1,21.31,52.82,-31.51,87.5,100.0,0,SIMULATED
2026-08-24 04:15:00,standard,26.39,74.2,0.0,0,7.03,0.24,14.1,21.37,52.82,-31.45,87.5,100.0,0,SIMULATED
2026-08-24 04:30:00,standard,26.5,73.7,0.0,0,7.07,0.24,14.1,21.41,52.82,-31.41,87.5,100.0,0,SIMULATED
2026-08-24 04:45:00,standard,26.63,73.1,0.0,0,7.15,0.24,14.1,21.49,52.82,-31.33,87.5,100.0,0,SIMULATED
2026-08-24 05:00:00,standard,26.77,72.5,0.0,0,7.21,0.24,14.1,21.55,52.82,-31.27,87.5,100.0,0,SIMULATED
2026-08-24 05:15:00,standard,26.93,71.8,0.0,0,7.31,0.24,14.1,21.65,52.82,-31.17,87.5,100.0,0,SIMULATED
2026-08-24 05:30:00,standard,27.1,71.0,0.0,0,7.42,0.24,14.1,21.76,52.82,-31.06,87.5,100.0,0,SIMULATED
2026-08-24 05:45:00,standard,27.28,70.2,0.0,0,7.49,0.24,14.1,21.83,52.82,-30.99,87.5,100.0,0,SIMULATED
2026-08-24 06:00:00,standard,27.47,69.3,0.0,0,7.6,0.24,14.1,21.94,52.82,-30.88,87.5,100.0,0,SIMULATED
2026-08-24 06:15:00,standard,27.67,68.4,53.4,0,8.31,0.24,14.1,22.65,52.82,-30.17,87.5,100.0,0,SIMULATED
2026-08-24 06:30:00,standard,27.88,67.5,106.5,0,9.0,0.24,14.1,23.34,52.82,-29.48,87.5,100.0,0,SIMULATED
2026-08-24 06:45:00,standard,28.09,66.5,159.3,0,9.7,0.24,14.1,24.04,52.94,-28.9,87.5,100.0,0,SIMULATED
2026-08-24 07:00:00,standard,28.31,65.5,211.4,0,10.7,1.52,14.1,26.33,53.22,-26.89,87.5,100.0,0,SIMULATED
2026-08-24 07:15:00,standard,28.54,64.5,262.7,0,11.4,1.52,14.1,27.03,53.49,-26.46,87.5,100.0,0,SIMULATED
2026-08-24 07:30:00,standard,28.78,63.4,312.9,0,12.11,1.52,14.1,27.72,53.8,-26.08,87.5,100.0,0,SIMULATED
2026-08-24 07:45:00,standard,29.02,62.3,361.9,0,12.8,1.52,14.1,28.42,54.1,-25.68,87.5,100.0,0,SIMULATED
2026-08-24 08:00:00,standard,29.26,61.2,409.5,2,13.65,1.85,14.1,29.59,54.42,-24.83,87.5,100.0,0,SIMULATED
2026-08-24 08:15:00,standard,29.5,60.1,455.5,6,14.76,3.21,14.1,32.06,54.7,-22.64,87.5,100.0,0,SIMULATED
2026-08-24 08:30:00,standard,29.75,59.0,499.6,12,15.79,3.99,14.1,33.87,55.02,-21.15,87.5,100.0,0,SIMULATED
2026-08-24 08:45:00,standard,30.0,57.9,541.8,18,16.79,5.09,14.1,35.98,55.34,-19.36,87.5,100.0,0,SIMULATED
2026-08-24 09:00:00,standard,30.24,56.8,581.9,45,17.53,6.0,14.1,37.63,55.64,-18.01,87.5,100.0,0,SIMULATED
2026-08-24 09:15:00,standard,30.48,55.7,619.6,48,17.74,6.0,14.1,37.84,55.93,-18.09,87.5,100.0,0,SIMULATED
2026-08-24 09:30:00,standard,30.72,54.6,654.9,70,18.36,6.6,14.1,39.06,56.24,-17.18,87.5,100.0,0,SIMULATED
2026-08-24 09:45:00,standard,30.96,53.5,687.7,70,18.5,6.6,14.1,39.2,56.51,-17.31,87.5,100.0,0,SIMULATED
2026-08-24 10:00:00,standard,31.19,52.5,717.7,78,18.83,6.42,14.1,39.35,56.82,-17.47,87.5,100.0,0,SIMULATED
2026-08-24 10:15:00,standard,31.41,51.5,744.9,75,18.82,6.42,14.1,39.34,57.1,-17.76,87.5,100.0,0,SIMULATED
2026-08-24 10:30:00,standard,31.62,50.5,769.1,70,18.58,5.82,14.1,38.5,57.36,-18.86,87.5,100.0,0,SIMULATED
2026-08-24 10:45:00,standard,31.83,49.6,790.3,72,18.71,5.82,14.1,38.63,57.62,-18.99,87.5,100.0,0,SIMULATED
2026-08-24 11:00:00,standard,32.03,48.7,808.4,73,18.8,5.82,14.1,38.72,57.87,-19.15,87.5,100.0,0,SIMULATED
2026-08-24 11:15:00,standard,32.22,47.8,823.3,70,18.86,5.82,14.1,38.78,58.1,-19.32,87.5,100.0,0,SIMULATED
2026-08-24 11:30:00,standard,32.4,47.0,834.9,77,19.32,6.42,14.1,39.84,58.31,-18.47,87.5,100.0,0,SIMULATED
2026-08-24 11:45:00,standard,32.57,46.2,843.3,67,18.92,5.82,14.1,38.84,58.53,-19.69,87.5,100.0,0,SIMULATED
2026-08-24 12:00:00,standard,32.73,45.5,848.3,92,19.9,6.6,14.1,40.6,58.74,-18.14,87.5,100.0,0,SIMULATED
2026-08-24 12:15:00,standard,32.87,44.9,850.0,93,20.0,6.6,14.1,40.7,58.92,-18.22,87.5,100.0,0,SIMULATED
2026-08-24 12:30:00,standard,33.0,44.3,848.3,70,19.55,6.0,14.1,39.65,59.07,-19.42,87.5,100.0,0,SIMULATED
2026-08-24 12:45:00,standard,33.11,43.8,843.3,76,19.71,6.0,14.1,39.81,59.22,-19.41,87.5,100.0,0,SIMULATED
2026-08-24 13:00:00,standard,33.21,43.3,834.9,68,19.69,6.0,14.1,39.79,59.34,-19.55,87.5,100.0,0,SIMULATED
2026-08-24 13:15:00,standard,33.3,42.9,823.3,67,19.74,6.0,14.1,39.84,59.46,-19.62,87.5,100.0,0,SIMULATED
2026-08-24 13:30:00,standard,33.37,42.6,808.4,73,20.17,6.6,14.1,40.87,59.54,-18.67,87.5,100.0,0,SIMULATED
2026-08-24 13:45:00,standard,33.43,42.3,790.3,74,20.24,6.6,14.1,40.94,59.62,-18.68,87.5,100.0,0,SIMULATED
2026-08-24 14:00:00,standard,33.47,42.1,769.1,71,19.61,6.5,14.1,40.21,59.67,-19.46,75.0,100.0,1,SIMULATED
2026-08-24 14:15:00,standard,33.49,42.0,744.9,73,19.64,6.5,14.1,40.24,59.7,-19.46,75.0,100.0,1,SIMULATED
2026-08-24 14:30:00,standard,33.5,42.0,717.7,73,19.65,6.5,14.1,40.25,59.7,-19.45,62.5,100.0,1,SIMULATED
2026-08-24 14:45:00,standard,33.49,42.0,687.7,72,19.61,6.5,14.1,40.21,59.7,-19.49,62.5,100.0,1,SIMULATED
2026-08-24 15:00:00,standard,33.47,42.1,654.9,72,19.45,5.82,14.1,39.37,59.67,-20.3,62.5,100.0,0,SIMULATED
2026-08-24 15:15:00,standard,33.43,42.3,619.6,72,19.44,5.82,14.1,39.36,59.62,-20.26,62.5,100.0,0,SIMULATED
2026-08-24 15:30:00,standard,33.37,42.6,581.9,73,19.47,6.0,14.1,39.57,59.54,-19.97,62.5,100.0,0,SIMULATED
2026-08-24 15:45:00,standard,33.3,42.9,541.8,72,19.41,6.0,14.1,39.51,59.46,-19.95,62.5,100.0,0,SIMULATED
2026-08-24 16:00:00,standard,33.21,43.3,499.6,70,19.37,6.0,14.1,39.47,59.34,-19.87,62.5,100.0,0,SIMULATED
2026-08-24 16:15:00,standard,33.11,43.8,455.5,70,19.29,6.0,14.1,39.39,59.22,-19.83,62.5,100.0,0,SIMULATED
2026-08-24 16:30:00,standard,33.0,44.3,409.5,78,19.6,6.6,14.1,40.3,59.07,-18.77,62.5,100.0,0,SIMULATED
2026-08-24 16:45:00,standard,32.87,44.9,361.9,78,19.58,6.6,14.1,40.28,58.92,-18.64,62.5,100.0,0,SIMULATED
2026-08-24 17:00:00,standard,32.73,45.5,312.9,66,18.9,6.6,14.1,39.6,58.74,-19.14,62.5,100.0,0,SIMULATED
2026-08-24 17:15:00,standard,32.57,46.2,262.7,64,18.56,6.6,14.1,39.26,58.53,-19.27,62.5,100.0,0,SIMULATED
2026-08-24 17:30:00,standard,32.4,47.0,211.4,56,17.92,6.0,14.1,38.02,58.31,-20.29,62.5,100.0,0,SIMULATED
2026-08-24 17:45:00,standard,32.22,47.8,159.3,54,17.66,6.0,14.1,37.76,58.1,-20.34,62.5,100.0,0,SIMULATED
2026-08-24 18:00:00,standard,32.03,48.7,106.5,52,17.41,6.0,14.1,37.51,57.87,-20.36,62.5,100.0,0,SIMULATED
2026-08-24 18:15:00,standard,31.83,49.6,53.4,49,17.09,6.0,14.1,37.19,57.62,-20.43,75.0,100.0,0,SIMULATED
2026-08-24 18:30:00,standard,31.62,50.5,0.0,41,16.42,5.09,14.1,35.61,57.36,-21.75,87.5,100.0,0,SIMULATED
2026-08-24 18:45:00,standard,31.41,51.5,0.0,35,16.01,5.09,14.1,35.2,57.1,-21.9,87.5,100.0,0,SIMULATED
2026-08-24 19:00:00,standard,31.19,52.5,0.0,21,15.1,3.98,14.1,33.18,56.82,-23.64,87.5,100.0,0,SIMULATED
2026-08-24 19:15:00,standard,30.96,53.5,0.0,16,14.75,3.98,14.1,32.83,56.51,-23.68,87.5,100.0,0,SIMULATED
2026-08-24 19:30:00,standard,30.72,54.6,0.0,9,13.78,2.62,14.1,30.5,56.24,-25.74,87.5,100.0,0,SIMULATED
2026-08-24 19:45:00,standard,30.48,55.7,0.0,7,13.28,2.62,14.1,30.0,55.93,-25.93,87.5,100.0,0,SIMULATED
2026-08-24 20:00:00,standard,30.24,56.8,0.0,6,12.61,1.6,14.1,28.31,55.64,-27.33,87.5,100.0,0,SIMULATED
2026-08-24 20:15:00,standard,30.0,57.9,0.0,3,12.12,1.6,14.1,27.82,55.34,-27.52,87.5,100.0,0,SIMULATED
2026-08-24 20:30:00,standard,29.75,59.0,0.0,0,11.33,0.24,14.1,25.67,55.02,-29.35,87.5,100.0,0,SIMULATED
2026-08-24 20:45:00,standard,29.5,60.1,0.0,0,10.98,0.24,14.1,25.32,54.7,-29.38,87.5,100.0,0,SIMULATED
2026-08-24 21:00:00,standard,29.26,61.2,0.0,0,10.65,0.24,14.1,24.99,54.42,-29.43,87.5,100.0,0,SIMULATED
2026-08-24 21:15:00,standard,29.02,62.3,0.0,0,10.33,0.24,14.1,24.67,54.1,-29.43,87.5,100.0,0,SIMULATED
2026-08-24 21:30:00,standard,28.78,63.4,0.0,0,10.06,0.24,14.1,24.4,53.8,-29.4,87.5,100.0,0,SIMULATED
2026-08-24 21:45:00,standard,28.54,64.5,0.0,0,9.77,0.24,14.1,24.11,53.49,-29.38,87.5,100.0,0,SIMULATED
2026-08-24 22:00:00,standard,28.31,65.5,0.0,0,9.51,0.24,14.1,23.85,53.22,-29.37,87.5,100.0,0,SIMULATED
2026-08-24 22:15:00,standard,28.09,66.5,0.0,0,9.23,0.24,14.1,23.57,52.94,-29.37,87.5,100.0,0,SIMULATED
2026-08-24 22:30:00,standard,27.88,67.5,0.0,0,9.01,0.24,14.1,23.35,52.82,-29.47,87.5,100.0,0,SIMULATED
2026-08-24 22:45:00,standard,27.67,68.4,0.0,0,8.81,0.24,14.1,23.15,52.82,-29.67,87.5,100.0,0,SIMULATED
2026-08-24 23:00:00,standard,27.47,69.3,0.0,0,8.6,0.24,14.1,22.94,52.82,-29.88,87.5,100.0,0,SIMULATED
2026-08-24 23:15:00,standard,27.28,70.2,0.0,0,8.4,0.24,14.1,22.74,52.82,-30.08,87.5,100.0,0,SIMULATED
2026-08-24 23:30:00,standard,27.1,71.0,0.0,0,8.24,0.24,14.1,22.58,52.82,-30.24,87.5,100.0,0,SIMULATED
2026-08-24 23:45:00,standard,26.93,71.8,0.0,0,8.07,0.24,14.1,22.41,52.82,-30.41,87.5,100.0,0,SIMULATED
2026-08-25 00:00:00,standard,26.77,72.5,0.0,0,7.9,0.24,14.1,22.24,52.82,-30.58,87.5,100.0,0,SIMULATED
2026-08-25 00:15:00,standard,26.63,73.1,0.0,0,7.79,0.24,14.1,22.13,52.82,-30.69,87.5,100.0,0,SIMULATED
2026-08-25 00:30:00,standard,26.5,73.7,0.0,0,7.65,0.24,14.1,21.99,52.82,-30.83,87.5,100.0,0,SIMULATED
2026-08-25 00:45:00,standard,26.39,74.2,0.0,0,7.55,0.24,14.1,21.89,52.82,-30.93,87.5,100.0,0,SIMULATED
2026-08-25 01:00:00,standard,26.29,74.7,0.0,0,7.45,0.24,14.1,21.79,52.82,-31.03,87.5,100.0,0,SIMULATED
2026-08-25 01:15:00,standard,26.2,75.1,0.0,0,7.35,0.24,14.1,21.69,52.82,-31.13,87.5,100.0,0,SIMULATED
2026-08-25 01:30:00,standard,26.13,75.4,0.0,0,7.28,0.24,14.1,21.62,52.82,-31.2,87.5,100.0,0,SIMULATED
2026-08-25 01:45:00,standard,26.07,75.7,0.0,0,7.2,0.24,14.1,21.54,52.82,-31.28,87.5,100.0,0,SIMULATED
2026-08-25 02:00:00,standard,26.03,75.9,0.0,0,7.15,0.24,14.1,21.49,52.82,-31.33,87.5,100.0,0,SIMULATED
2026-08-25 02:15:00,standard,26.01,76.0,0.0,0,7.11,0.24,14.1,21.45,52.82,-31.37,87.5,100.0,0,SIMULATED
2026-08-25 02:30:00,standard,26.0,76.0,0.0,0,7.08,0.24,14.1,21.42,52.82,-31.4,87.5,100.0,0,SIMULATED
2026-08-25 02:45:00,standard,26.01,76.0,0.0,0,7.06,0.24,14.1,21.4,52.82,-31.42,87.5,100.0,0,SIMULATED
2026-08-25 03:00:00,standard,26.03,75.9,0.0,0,7.04,0.24,14.1,21.38,52.82,-31.44,87.5,100.0,0,SIMULATED
2026-08-25 03:15:00,standard,26.07,75.7,0.0,0,7.03,0.24,14.1,21.37,52.82,-31.45,87.5,100.0,0,SIMULATED
2026-08-25 03:30:00,standard,26.13,75.4,0.0,0,7.05,0.24,14.1,21.39,52.82,-31.43,87.5,100.0,0,SIMULATED
2026-08-25 03:45:00,standard,26.2,75.1,0.0,0,7.07,0.24,14.1,21.41,52.82,-31.41,87.5,100.0,0,SIMULATED
2026-08-25 04:00:00,standard,26.29,74.7,0.0,0,7.11,0.24,14.1,21.45,52.82,-31.37,87.5,100.0,0,SIMULATED
2026-08-25 04:15:00,standard,26.39,74.2,0.0,0,7.14,0.24,14.1,21.48,52.82,-31.34,87.5,100.0,0,SIMULATED
2026-08-25 04:30:00,standard,26.5,73.7,0.0,0,7.18,0.24,14.1,21.52,52.82,-31.3,87.5,100.0,0,SIMULATED
2026-08-25 04:45:00,standard,26.63,73.1,0.0,0,7.24,0.24,14.1,21.58,52.82,-31.24,87.5,100.0,0,SIMULATED
2026-08-25 05:00:00,standard,26.77,72.5,0.0,0,7.28,0.24,14.1,21.62,52.82,-31.2,87.5,100.0,0,SIMULATED
2026-08-25 05:15:00,standard,26.93,71.8,0.0,0,7.36,0.24,14.1,21.7,52.82,-31.12,87.5,100.0,0,SIMULATED
2026-08-25 05:30:00,standard,27.1,71.0,0.0,0,7.46,0.24,14.1,21.8,52.82,-31.02,87.5,100.0,0,SIMULATED
2026-08-25 05:45:00,standard,27.28,70.2,0.0,0,7.53,0.24,14.1,21.87,52.82,-30.95,87.5,100.0,0,SIMULATED
2026-08-25 06:00:00,standard,27.47,69.3,0.0,0,7.63,0.24,14.1,21.97,52.82,-30.85,87.5,100.0,0,SIMULATED
2026-08-25 06:15:00,standard,27.67,68.4,53.4,0,8.32,0.24,14.1,22.66,52.82,-30.16,87.5,100.0,0,SIMULATED
2026-08-25 06:30:00,standard,27.88,67.5,106.5,0,9.01,0.24,14.1,23.35,52.82,-29.47,87.5,100.0,0,SIMULATED
2026-08-25 06:45:00,standard,28.09,66.5,159.3,0,9.7,0.24,14.1,24.04,52.94,-28.9,87.5,100.0,0,SIMULATED
2026-08-25 07:00:00,standard,28.31,65.5,211.4,0,10.7,1.52,14.1,26.33,53.22,-26.89,87.5,100.0,0,SIMULATED
2026-08-25 07:15:00,standard,28.54,64.5,262.7,0,11.4,1.52,14.1,27.03,53.49,-26.46,87.5,100.0,0,SIMULATED
2026-08-25 07:30:00,standard,28.78,63.4,312.9,0,12.11,1.52,14.1,27.72,53.8,-26.08,87.5,100.0,0,SIMULATED
2026-08-25 07:45:00,standard,29.02,62.3,361.9,0,12.8,1.52,14.1,28.42,54.1,-25.68,87.5,100.0,0,SIMULATED
2026-08-25 08:00:00,standard,29.26,61.2,409.5,3,13.68,1.85,14.1,29.62,54.42,-24.8,87.5,100.0,0,SIMULATED
2026-08-25 08:15:00,standard,29.5,60.1,455.5,6,14.76,3.21,14.1,32.06,54.7,-22.64,87.5,100.0,0,SIMULATED
2026-08-25 08:30:00,standard,29.75,59.0,499.6,12,15.79,3.99,14.1,33.87,55.02,-21.15,87.5,100.0,0,SIMULATED
2026-08-25 08:45:00,standard,30.0,57.9,541.8,18,16.79,5.09,14.1,35.98,55.34,-19.36,87.5,100.0,0,SIMULATED
2026-08-25 09:00:00,standard,30.24,56.8,581.9,43,17.46,6.0,14.1,37.56,55.64,-18.08,87.5,100.0,0,SIMULATED
2026-08-25 09:15:00,standard,30.48,55.7,619.6,49,17.77,6.0,14.1,37.87,55.93,-18.06,87.5,100.0,0,SIMULATED
2026-08-25 09:30:00,standard,30.72,54.6,654.9,68,18.3,6.6,14.1,39.0,56.24,-17.24,87.5,100.0,0,SIMULATED
2026-08-25 09:45:00,standard,30.96,53.5,687.7,70,18.47,6.6,14.1,39.17,56.51,-17.34,87.5,100.0,0,SIMULATED
2026-08-25 10:00:00,standard,31.19,52.5,717.7,76,18.7,6.42,14.1,39.22,56.82,-17.6,87.5,100.0,0,SIMULATED
2026-08-25 10:15:00,standard,31.41,51.5,744.9,75,18.79,6.42,14.1,39.31,57.1,-17.79,87.5,100.0,0,SIMULATED
2026-08-25 10:30:00,standard,31.62,50.5,769.1,71,18.55,5.82,14.1,38.47,57.36,-18.89,87.5,100.0,0,SIMULATED
2026-08-25 10:45:00,standard,31.83,49.6,790.3,69,18.68,5.82,14.1,38.6,57.62,-19.02,87.5,100.0,0,SIMULATED
2026-08-25 11:00:00,standard,32.03,48.7,808.4,72,18.83,5.82,14.1,38.75,57.87,-19.12,87.5,100.0,0,SIMULATED
2026-08-25 11:15:00,standard,32.22,47.8,823.3,73,18.95,5.82,14.1,38.87,58.1,-19.23,87.5,100.0,0,SIMULATED
2026-08-25 11:30:00,standard,32.4,47.0,834.9,78,19.34,6.42,14.1,39.86,58.31,-18.45,87.5,100.0,0,SIMULATED
2026-08-25 11:45:00,standard,32.57,46.2,843.3,68,18.92,5.82,14.1,38.84,58.53,-19.69,87.5,100.0,0,SIMULATED
2026-08-25 12:00:00,standard,32.73,45.5,848.3,91,19.87,6.6,14.1,40.57,58.74,-18.17,87.5,100.0,0,SIMULATED
2026-08-25 12:15:00,standard,32.87,44.9,850.0,91,20.0,6.6,14.1,40.7,58.92,-18.22,87.5,100.0,0,SIMULATED
2026-08-25 12:30:00,standard,33.0,44.3,848.3,73,19.66,6.0,14.1,39.76,59.07,-19.31,87.5,100.0,0,SIMULATED
2026-08-25 12:45:00,standard,33.11,43.8,843.3,71,19.64,6.0,14.1,39.74,59.22,-19.48,87.5,100.0,0,SIMULATED
2026-08-25 13:00:00,standard,33.21,43.3,834.9,65,19.69,6.0,14.1,39.79,59.34,-19.55,87.5,100.0,0,SIMULATED
2026-08-25 13:15:00,standard,33.3,42.9,823.3,66,19.74,6.0,14.1,39.84,59.46,-19.62,87.5,100.0,0,SIMULATED
2026-08-25 13:30:00,standard,33.37,42.6,808.4,74,20.18,6.6,14.1,40.88,59.54,-18.66,87.5,100.0,0,SIMULATED
2026-08-25 13:45:00,standard,33.43,42.3,790.3,74,20.22,6.6,14.1,40.92,59.62,-18.7,87.5,100.0,0,SIMULATED
2026-08-25 14:00:00,standard,33.47,42.1,769.1,72,19.64,6.5,14.1,40.24,59.67,-19.43,75.0,100.0,1,SIMULATED
2026-08-25 14:15:00,standard,33.49,42.0,744.9,69,19.58,6.5,14.1,40.18,59.7,-19.52,75.0,100.0,1,SIMULATED
2026-08-25 14:30:00,standard,33.5,42.0,717.7,71,19.65,6.5,14.1,40.25,59.7,-19.45,62.5,100.0,1,SIMULATED
2026-08-25 14:45:00,standard,33.49,42.0,687.7,71,19.64,6.5,14.1,40.24,59.7,-19.46,62.5,100.0,1,SIMULATED
2026-08-25 15:00:00,standard,33.47,42.1,654.9,73,19.52,5.82,14.1,39.44,59.67,-20.23,62.5,100.0,0,SIMULATED
2026-08-25 15:15:00,standard,33.43,42.3,619.6,71,19.47,5.82,14.1,39.39,59.62,-20.23,62.5,100.0,0,SIMULATED
2026-08-25 15:30:00,standard,33.37,42.6,581.9,71,19.41,6.0,14.1,39.51,59.54,-20.03,62.5,100.0,0,SIMULATED
2026-08-25 15:45:00,standard,33.3,42.9,541.8,70,19.38,6.0,14.1,39.48,59.46,-19.98,62.5,100.0,0,SIMULATED
2026-08-25 16:00:00,standard,33.21,43.3,499.6,70,19.36,6.0,14.1,39.46,59.34,-19.88,62.5,100.0,0,SIMULATED
2026-08-25 16:15:00,standard,33.11,43.8,455.5,71,19.29,6.0,14.1,39.39,59.22,-19.83,62.5,100.0,0,SIMULATED
2026-08-25 16:30:00,standard,33.0,44.3,409.5,78,19.64,6.6,14.1,40.34,59.07,-18.73,62.5,100.0,0,SIMULATED
2026-08-25 16:45:00,standard,32.87,44.9,361.9,78,19.58,6.6,14.1,40.28,58.92,-18.64,62.5,100.0,0,SIMULATED
2026-08-25 17:00:00,standard,32.73,45.5,312.9,62,18.84,6.6,14.1,39.54,58.74,-19.2,62.5,100.0,0,SIMULATED
2026-08-25 17:15:00,standard,32.57,46.2,262.7,64,18.57,6.6,14.1,39.27,58.53,-19.26,62.5,100.0,0,SIMULATED
2026-08-25 17:30:00,standard,32.4,47.0,211.4,60,18.02,6.0,14.1,38.12,58.31,-20.19,62.5,100.0,0,SIMULATED
2026-08-25 17:45:00,standard,32.22,47.8,159.3,54,17.63,6.0,14.1,37.73,58.1,-20.37,62.5,100.0,0,SIMULATED
2026-08-25 18:00:00,standard,32.03,48.7,106.5,52,17.37,6.0,14.1,37.47,57.87,-20.4,62.5,100.0,0,SIMULATED
2026-08-25 18:15:00,standard,31.83,49.6,53.4,47,17.06,6.0,14.1,37.16,57.62,-20.46,75.0,100.0,0,SIMULATED
2026-08-25 18:30:00,standard,31.62,50.5,0.0,40,16.42,5.09,14.1,35.61,57.36,-21.75,87.5,100.0,0,SIMULATED
2026-08-25 18:45:00,standard,31.41,51.5,0.0,33,15.98,5.09,14.1,35.17,57.1,-21.93,87.5,100.0,0,SIMULATED
2026-08-25 19:00:00,standard,31.19,52.5,0.0,22,15.13,3.98,14.1,33.21,56.82,-23.61,87.5,100.0,0,SIMULATED
2026-08-25 19:15:00,standard,30.96,53.5,0.0,17,14.75,3.98,14.1,32.83,56.51,-23.68,87.5,100.0,0,SIMULATED
2026-08-25 19:30:00,standard,30.72,54.6,0.0,10,13.8,2.62,14.1,30.52,56.24,-25.72,87.5,100.0,0,SIMULATED
2026-08-25 19:45:00,standard,30.48,55.7,0.0,7,13.27,2.62,14.1,29.99,55.93,-25.94,87.5,100.0,0,SIMULATED
2026-08-25 20:00:00,standard,30.24,56.8,0.0,5,12.57,1.6,14.1,28.27,55.64,-27.37,87.5,100.0,0,SIMULATED
2026-08-25 20:15:00,standard,30.0,57.9,0.0,2,12.08,1.6,14.1,27.78,55.34,-27.56,87.5,100.0,0,SIMULATED
2026-08-25 20:30:00,standard,29.75,59.0,0.0,0,11.32,0.24,14.1,25.66,55.02,-29.36,87.5,100.0,0,SIMULATED
2026-08-25 20:45:00,standard,29.5,60.1,0.0,0,10.97,0.24,14.1,25.31,54.7,-29.39,87.5,100.0,0,SIMULATED
2026-08-25 21:00:00,standard,29.26,61.2,0.0,0,10.64,0.24,14.1,24.98,54.42,-29.44,87.5,100.0,0,SIMULATED
2026-08-25 21:15:00,standard,29.02,62.3,0.0,0,10.32,0.24,14.1,24.66,54.1,-29.44,87.5,100.0,0,SIMULATED
2026-08-25 21:30:00,standard,28.78,63.4,0.0,0,10.05,0.24,14.1,24.39,53.8,-29.41,87.5,100.0,0,SIMULATED
2026-08-25 21:45:00,standard,28.54,64.5,0.0,0,9.76,0.24,14.1,24.1,53.49,-29.39,87.5,100.0,0,SIMULATED
2026-08-25 22:00:00,standard,28.31,65.5,0.0,0,9.5,0.24,14.1,23.84,53.22,-29.38,87.5,100.0,0,SIMULATED
2026-08-25 22:15:00,standard,28.09,66.5,0.0,0,9.23,0.24,14.1,23.57,52.94,-29.37,87.5,100.0,0,SIMULATED
2026-08-25 22:30:00,standard,27.88,67.5,0.0,0,9.01,0.24,14.1,23.35,52.82,-29.47,87.5,100.0,0,SIMULATED
2026-08-25 22:45:00,standard,27.67,68.4,0.0,0,8.81,0.24,14.1,23.15,52.82,-29.67,87.5,100.0,0,SIMULATED
2026-08-25 23:00:00,standard,27.47,69.3,0.0,0,8.59,0.24,14.1,22.93,52.82,-29.89,87.5,100.0,0,SIMULATED
2026-08-25 23:15:00,standard,27.28,70.2,0.0,0,8.4,0.24,14.1,22.74,52.82,-30.08,87.5,100.0,0,SIMULATED
2026-08-25 23:30:00,standard,27.1,71.0,0.0,0,8.24,0.24,14.1,22.58,52.82,-30.24,87.5,100.0,0,SIMULATED
2026-08-25 23:45:00,standard,26.93,71.8,0.0,0,8.07,0.24,14.1,22.41,52.82,-30.41,87.5,100.0,0,SIMULATED
2026-08-26 00:00:00,standard,26.77,72.5,0.0,0,7.9,0.24,14.1,22.24,52.82,-30.58,87.5,100.0,0,SIMULATED
2026-08-26 00:15:00,standard,26.63,73.1,0.0,0,7.79,0.24,14.1,22.13,52.82,-30.69,87.5,100.0,0,SIMULATED
2026-08-26 00:30:00,standard,26.5,73.7,0.0,0,7.65,0.24,14.1,21.99,52.82,-30.83,87.5,100.0,0,SIMULATED
2026-08-26 00:45:00,standard,26.39,74.2,0.0,0,7.55,0.24,14.1,21.89,52.82,-30.93,87.5,100.0,0,SIMULATED
2026-08-26 01:00:00,standard,26.29,74.7,0.0,0,7.45,0.24,14.1,21.79,52.82,-31.03,87.5,100.0,0,SIMULATED
2026-08-26 01:15:00,standard,26.2,75.1,0.0,0,7.35,0.24,14.1,21.69,52.82,-31.13,87.5,100.0,0,SIMULATED
2026-08-26 01:30:00,standard,26.13,75.4,0.0,0,7.28,0.24,14.1,21.62,52.82,-31.2,87.5,100.0,0,SIMULATED
2026-08-26 01:45:00,standard,26.07,75.7,0.0,0,7.2,0.24,14.1,21.54,52.82,-31.28,87.5,100.0,0,SIMULATED
2026-08-26 02:00:00,standard,26.03,75.9,0.0,0,7.15,0.24,14.1,21.49,52.82,-31.33,87.5,100.0,0,SIMULATED
2026-08-26 02:15:00,standard,26.01,76.0,0.0,0,7.11,0.24,14.1,21.45,52.82,-31.37,87.5,100.0,0,SIMULATED
2026-08-26 02:30:00,standard,26.0,76.0,0.0,0,7.08,0.24,14.1,21.42,52.82,-31.4,87.5,100.0,0,SIMULATED
2026-08-26 02:45:00,standard,26.01,76.0,0.0,0,7.06,0.24,14.1,21.4,52.82,-31.42,87.5,100.0,0,SIMULATED
2026-08-26 03:00:00,standard,26.03,75.9,0.0,0,7.04,0.24,14.1,21.38,52.82,-31.44,87.5,100.0,0,SIMULATED
2026-08-26 03:15:00,standard,26.07,75.7,0.0,0,7.03,0.24,14.1,21.37,52.82,-31.45,87.5,100.0,0,SIMULATED
2026-08-26 03:30:00,standard,26.13,75.4,0.0,0,7.05,0.24,14.1,21.39,52.82,-31.43,87.5,100.0,0,SIMULATED
2026-08-26 03:45:00,standard,26.2,75.1,0.0,0,7.07,0.24,14.1,21.41,52.82,-31.41,87.5,100.0,0,SIMULATED
2026-08-26 04:00:00,standard,26.29,74.7,0.0,0,7.11,0.24,14.1,21.45,52.82,-31.37,87.5,100.0,0,SIMULATED
2026-08-26 04:15:00,standard,26.39,74.2,0.0,0,7.14,0.24,14.1,21.48,52.82,-31.34,87.5,100.0,0,SIMULATED
2026-08-26 04:30:00,standard,26.5,73.7,0.0,0,7.18,0.24,14.1,21.52,52.82,-31.3,87.5,100.0,0,SIMULATED
2026-08-26 04:45:00,standard,26.63,73.1,0.0,0,7.24,0.24,14.1,21.58,52.82,-31.24,87.5,100.0,0,SIMULATED
2026-08-26 05:00:00,standard,26.77,72.5,0.0,0,7.28,0.24,14.1,21.62,52.82,-31.2,87.5,100.0,0,SIMULATED
2026-08-26 05:15:00,standard,26.93,71.8,0.0,0,7.36,0.24,14.1,21.7,52.82,-31.12,87.5,100.0,0,SIMULATED
2026-08-26 05:30:00,standard,27.1,71.0,0.0,0,7.46,0.24,14.1,21.8,52.82,-31.02,87.5,100.0,0,SIMULATED
2026-08-26 05:45:00,standard,27.28,70.2,0.0,0,7.53,0.24,14.1,21.87,52.82,-30.95,87.5,100.0,0,SIMULATED
2026-08-26 06:00:00,standard,27.47,69.3,0.0,0,7.63,0.24,14.1,21.97,52.82,-30.85,87.5,100.0,0,SIMULATED
2026-08-26 06:15:00,standard,27.67,68.4,53.4,0,8.32,0.24,14.1,22.66,52.82,-30.16,87.5,100.0,0,SIMULATED
2026-08-26 06:30:00,standard,27.88,67.5,106.5,0,9.01,0.24,14.1,23.35,52.82,-29.47,87.5,100.0,0,SIMULATED
2026-08-26 06:45:00,standard,28.09,66.5,159.3,0,9.7,0.24,14.1,24.04,52.94,-28.9,87.5,100.0,0,SIMULATED
2026-08-26 07:00:00,standard,28.31,65.5,211.4,0,10.7,1.52,14.1,26.33,53.22,-26.89,87.5,100.0,0,SIMULATED
2026-08-26 07:15:00,standard,28.54,64.5,262.7,0,11.4,1.52,14.1,27.03,53.49,-26.46,87.5,100.0,0,SIMULATED
2026-08-26 07:30:00,standard,28.78,63.4,312.9,0,12.11,1.52,14.1,27.72,53.8,-26.08,87.5,100.0,0,SIMULATED
2026-08-26 07:45:00,standard,29.02,62.3,361.9,0,12.8,1.52,14.1,28.42,54.1,-25.68,87.5,100.0,0,SIMULATED
2026-08-26 08:00:00,standard,29.26,61.2,409.5,3,13.68,1.85,14.1,29.62,54.42,-24.8,87.5,100.0,0,SIMULATED
2026-08-26 08:15:00,standard,29.5,60.1,455.5,4,14.69,3.21,14.1,31.99,54.7,-22.71,87.5,100.0,0,SIMULATED
2026-08-26 08:30:00,standard,29.75,59.0,499.6,12,15.79,3.99,14.1,33.87,55.02,-21.15,87.5,100.0,0,SIMULATED
2026-08-26 08:45:00,standard,30.0,57.9,541.8,17,16.8,5.09,14.1,35.99,55.34,-19.35,87.5,100.0,0,SIMULATED
2026-08-26 09:00:00,standard,30.24,56.8,581.9,45,17.53,6.0,14.1,37.63,55.64,-18.01,87.5,100.0,0,SIMULATED
2026-08-26 09:15:00,standard,30.48,55.7,619.6,48,17.74,6.0,14.1,37.84,55.93,-18.09,87.5,100.0,0,SIMULATED
2026-08-26 09:30:00,standard,30.72,54.6,654.9,70,18.33,6.6,14.1,39.03,56.24,-17.21,87.5,100.0,0,SIMULATED
2026-08-26 09:45:00,standard,30.96,53.5,687.7,70,18.51,6.6,14.1,39.21,56.51,-17.3,87.5,100.0,0,SIMULATED
2026-08-26 10:00:00,standard,31.19,52.5,717.7,76,18.73,6.42,14.1,39.25,56.82,-17.57,87.5,100.0,0,SIMULATED
2026-08-26 10:15:00,standard,31.41,51.5,744.9,77,18.89,6.42,14.1,39.41,57.1,-17.69,87.5,100.0,0,SIMULATED
2026-08-26 10:30:00,standard,31.62,50.5,769.1,71,18.61,5.82,14.1,38.53,57.36,-18.83,87.5,100.0,0,SIMULATED
2026-08-26 10:45:00,standard,31.83,49.6,790.3,69,18.65,5.82,14.1,38.57,57.62,-19.05,87.5,100.0,0,SIMULATED
2026-08-26 11:00:00,standard,32.03,48.7,808.4,72,18.84,5.82,14.1,38.76,57.87,-19.11,87.5,100.0,0,SIMULATED
2026-08-26 11:15:00,standard,32.22,47.8,823.3,72,18.89,5.82,14.1,38.81,58.1,-19.29,87.5,100.0,0,SIMULATED
2026-08-26 11:30:00,standard,32.4,47.0,834.9,78,19.35,6.42,14.1,39.87,58.31,-18.44,87.5,100.0,0,SIMULATED
2026-08-26 11:45:00,standard,32.57,46.2,843.3,66,18.89,5.82,14.1,38.81,58.53,-19.72,87.5,100.0,0,SIMULATED
2026-08-26 12:00:00,standard,32.73,45.5,848.3,93,19.9,6.6,14.1,40.6,58.74,-18.14,87.5,100.0,0,SIMULATED
2026-08-26 12:15:00,standard,32.87,44.9,850.0,91,19.96,6.6,14.1,40.66,58.92,-18.26,87.5,100.0,0,SIMULATED
2026-08-26 12:30:00,standard,33.0,44.3,848.3,73,19.62,6.0,14.1,39.72,59.07,-19.35,87.5,100.0,0,SIMULATED
2026-08-26 12:45:00,standard,33.11,43.8,843.3,74,19.67,6.0,14.1,39.77,59.22,-19.45,87.5,100.0,0,SIMULATED
2026-08-26 13:00:00,standard,33.21,43.3,834.9,67,19.69,6.0,14.1,39.79,59.34,-19.55,87.5,100.0,0,SIMULATED
2026-08-26 13:15:00,standard,33.3,42.9,823.3,66,19.77,6.0,14.1,39.87,59.46,-19.59,87.5,100.0,0,SIMULATED
2026-08-26 13:30:00,standard,33.37,42.6,808.4,72,20.11,6.6,14.1,40.81,59.54,-18.73,87.5,100.0,0,SIMULATED
2026-08-26 13:45:00,standard,33.43,42.3,790.3,73,20.21,6.6,14.1,40.91,59.62,-18.71,87.5,100.0,0,SIMULATED
2026-08-26 14:00:00,standard,33.47,42.1,769.1,71,19.64,6.5,14.1,40.24,59.67,-19.43,75.0,100.0,1,SIMULATED
2026-08-26 14:15:00,standard,33.49,42.0,744.9,72,19.64,6.5,14.1,40.24,59.7,-19.46,75.0,100.0,1,SIMULATED
2026-08-26 14:30:00,standard,33.5,42.0,717.7,72,19.62,6.5,14.1,40.22,59.7,-19.48,62.5,100.0,1,SIMULATED
2026-08-26 14:45:00,standard,33.49,42.0,687.7,72,19.68,6.5,14.1,40.28,59.7,-19.42,62.5,100.0,1,SIMULATED
2026-08-26 15:00:00,standard,33.47,42.1,654.9,72,19.48,5.82,14.1,39.4,59.67,-20.27,62.5,100.0,0,SIMULATED
2026-08-26 15:15:00,standard,33.43,42.3,619.6,72,19.47,5.82,14.1,39.39,59.62,-20.23,62.5,100.0,0,SIMULATED
2026-08-26 15:30:00,standard,33.37,42.6,581.9,68,19.41,6.0,14.1,39.51,59.54,-20.03,62.5,100.0,0,SIMULATED
2026-08-26 15:45:00,standard,33.3,42.9,541.8,70,19.38,6.0,14.1,39.48,59.46,-19.98,62.5,100.0,0,SIMULATED
2026-08-26 16:00:00,standard,33.21,43.3,499.6,69,19.3,6.0,14.1,39.4,59.34,-19.94,62.5,100.0,0,SIMULATED
2026-08-26 16:15:00,standard,33.11,43.8,455.5,68,19.26,6.0,14.1,39.36,59.22,-19.86,62.5,100.0,0,SIMULATED
2026-08-26 16:30:00,standard,33.0,44.3,409.5,77,19.6,6.6,14.1,40.3,59.07,-18.77,62.5,100.0,0,SIMULATED
2026-08-26 16:45:00,standard,32.87,44.9,361.9,77,19.54,6.6,14.1,40.24,58.92,-18.68,62.5,100.0,0,SIMULATED
2026-08-26 17:00:00,standard,32.73,45.5,312.9,66,18.93,6.6,14.1,39.63,58.74,-19.11,62.5,100.0,0,SIMULATED
2026-08-26 17:15:00,standard,32.57,46.2,262.7,64,18.6,6.6,14.1,39.3,58.53,-19.23,62.5,100.0,0,SIMULATED
2026-08-26 17:30:00,standard,32.4,47.0,211.4,57,17.88,6.0,14.1,37.98,58.31,-20.33,62.5,100.0,0,SIMULATED
2026-08-26 17:45:00,standard,32.22,47.8,159.3,56,17.69,6.0,14.1,37.79,58.1,-20.31,62.5,100.0,0,SIMULATED
2026-08-26 18:00:00,standard,32.03,48.7,106.5,53,17.44,6.0,14.1,37.54,57.87,-20.33,62.5,100.0,0,SIMULATED
2026-08-26 18:15:00,standard,31.83,49.6,53.4,48,17.06,6.0,14.1,37.16,57.62,-20.46,75.0,100.0,0,SIMULATED
2026-08-26 18:30:00,standard,31.62,50.5,0.0,39,16.4,5.09,14.1,35.59,57.36,-21.77,87.5,100.0,0,SIMULATED
2026-08-26 18:45:00,standard,31.41,51.5,0.0,34,16.02,5.09,14.1,35.21,57.1,-21.89,87.5,100.0,0,SIMULATED
2026-08-26 19:00:00,standard,31.19,52.5,0.0,22,15.11,3.98,14.1,33.19,56.82,-23.63,87.5,100.0,0,SIMULATED
2026-08-26 19:15:00,standard,30.96,53.5,0.0,15,14.7,3.98,14.1,32.78,56.51,-23.73,87.5,100.0,0,SIMULATED
2026-08-26 19:30:00,standard,30.72,54.6,0.0,10,13.82,2.62,14.1,30.54,56.24,-25.7,87.5,100.0,0,SIMULATED
2026-08-26 19:45:00,standard,30.48,55.7,0.0,7,13.29,2.62,14.1,30.01,55.93,-25.92,87.5,100.0,0,SIMULATED
2026-08-26 20:00:00,standard,30.24,56.8,0.0,5,12.59,1.6,14.1,28.29,55.64,-27.35,87.5,100.0,0,SIMULATED
2026-08-26 20:15:00,standard,30.0,57.9,0.0,2,12.09,1.6,14.1,27.79,55.34,-27.55,87.5,100.0,0,SIMULATED
2026-08-26 20:30:00,standard,29.75,59.0,0.0,0,11.34,0.24,14.1,25.68,55.02,-29.34,87.5,100.0,0,SIMULATED
2026-08-26 20:45:00,standard,29.5,60.1,0.0,0,10.99,0.24,14.1,25.33,54.7,-29.37,87.5,100.0,0,SIMULATED
2026-08-26 21:00:00,standard,29.26,61.2,0.0,0,10.66,0.24,14.1,25.0,54.42,-29.42,87.5,100.0,0,SIMULATED
2026-08-26 21:15:00,standard,29.02,62.3,0.0,0,10.34,0.24,14.1,24.68,54.1,-29.42,87.5,100.0,0,SIMULATED
2026-08-26 21:30:00,standard,28.78,63.4,0.0,0,10.06,0.24,14.1,24.4,53.8,-29.4,87.5,100.0,0,SIMULATED
2026-08-26 21:45:00,standard,28.54,64.5,0.0,0,9.77,0.24,14.1,24.11,53.49,-29.38,87.5,100.0,0,SIMULATED
2026-08-26 22:00:00,standard,28.31,65.5,0.0,0,9.51,0.24,14.1,23.85,53.22,-29.37,87.5,100.0,0,SIMULATED
2026-08-26 22:15:00,standard,28.09,66.5,0.0,0,9.23,0.24,14.1,23.57,52.94,-29.37,87.5,100.0,0,SIMULATED
2026-08-26 22:30:00,standard,27.88,67.5,0.0,0,9.01,0.24,14.1,23.35,52.82,-29.47,87.5,100.0,0,SIMULATED
2026-08-26 22:45:00,standard,27.67,68.4,0.0,0,8.81,0.24,14.1,23.15,52.82,-29.67,87.5,100.0,0,SIMULATED
2026-08-26 23:00:00,standard,27.47,69.3,0.0,0,8.6,0.24,14.1,22.94,52.82,-29.88,87.5,100.0,0,SIMULATED
2026-08-26 23:15:00,standard,27.28,70.2,0.0,0,8.4,0.24,14.1,22.74,52.82,-30.08,87.5,100.0,0,SIMULATED
2026-08-26 23:30:00,standard,27.1,71.0,0.0,0,8.24,0.24,14.1,22.58,52.82,-30.24,87.5,100.0,0,SIMULATED
2026-08-26 23:45:00,standard,26.93,71.8,0.0,0,8.07,0.24,14.1,22.41,52.82,-30.41,87.5,100.0,0,SIMULATED
2026-08-27 00:00:00,standard,26.77,72.5,0.0,0,7.9,0.24,14.1,22.24,52.82,-30.58,87.5,100.0,0,SIMULATED
2026-08-27 00:15:00,standard,26.63,73.1,0.0,0,7.79,0.24,14.1,22.13,52.82,-30.69,87.5,100.0,0,SIMULATED
2026-08-27 00:30:00,standard,26.5,73.7,0.0,0,7.65,0.24,14.1,21.99,52.82,-30.83,87.5,100.0,0,SIMULATED
2026-08-27 00:45:00,standard,26.39,74.2,0.0,0,7.55,0.24,14.1,21.89,52.82,-30.93,87.5,100.0,0,SIMULATED
2026-08-27 01:00:00,standard,26.29,74.7,0.0,0,7.45,0.24,14.1,21.79,52.82,-31.03,87.5,100.0,0,SIMULATED
2026-08-27 01:15:00,standard,26.2,75.1,0.0,0,7.35,0.24,14.1,21.69,52.82,-31.13,87.5,100.0,0,SIMULATED
2026-08-27 01:30:00,standard,26.13,75.4,0.0,0,7.28,0.24,14.1,21.62,52.82,-31.2,87.5,100.0,0,SIMULATED
2026-08-27 01:45:00,standard,26.07,75.7,0.0,0,7.2,0.24,14.1,21.54,52.82,-31.28,87.5,100.0,0,SIMULATED
2026-08-27 02:00:00,standard,26.03,75.9,0.0,0,7.15,0.24,14.1,21.49,52.82,-31.33,87.5,100.0,0,SIMULATED
2026-08-27 02:15:00,standard,26.01,76.0,0.0,0,7.11,0.24,14.1,21.45,52.82,-31.37,87.5,100.0,0,SIMULATED
2026-08-27 02:30:00,standard,26.0,76.0,0.0,0,7.08,0.24,14.1,21.42,52.82,-31.4,87.5,100.0,0,SIMULATED
2026-08-27 02:45:00,standard,26.01,76.0,0.0,0,7.06,0.24,14.1,21.4,52.82,-31.42,87.5,100.0,0,SIMULATED
2026-08-27 03:00:00,standard,26.03,75.9,0.0,0,7.04,0.24,14.1,21.38,52.82,-31.44,87.5,100.0,0,SIMULATED
2026-08-27 03:15:00,standard,26.07,75.7,0.0,0,7.03,0.24,14.1,21.37,52.82,-31.45,87.5,100.0,0,SIMULATED
2026-08-27 03:30:00,standard,26.13,75.4,0.0,0,7.05,0.24,14.1,21.39,52.82,-31.43,87.5,100.0,0,SIMULATED
2026-08-27 03:45:00,standard,26.2,75.1,0.0,0,7.07,0.24,14.1,21.41,52.82,-31.41,87.5,100.0,0,SIMULATED
2026-08-27 04:00:00,standard,26.29,74.7,0.0,0,7.11,0.24,14.1,21.45,52.82,-31.37,87.5,100.0,0,SIMULATED
2026-08-27 04:15:00,standard,26.39,74.2,0.0,0,7.14,0.24,14.1,21.48,52.82,-31.34,87.5,100.0,0,SIMULATED
2026-08-27 04:30:00,standard,26.5,73.7,0.0,0,7.18,0.24,14.1,21.52,52.82,-31.3,87.5,100.0,0,SIMULATED
2026-08-27 04:45:00,standard,26.63,73.1,0.0,0,7.24,0.24,14.1,21.58,52.82,-31.24,87.5,100.0,0,SIMULATED
2026-08-27 05:00:00,standard,26.77,72.5,0.0,0,7.28,0.24,14.1,21.62,52.82,-31.2,87.5,100.0,0,SIMULATED
2026-08-27 05:15:00,standard,26.93,71.8,0.0,0,7.36,0.24,14.1,21.7,52.82,-31.12,87.5,100.0,0,SIMULATED
2026-08-27 05:30:00,standard,27.1,71.0,0.0,0,7.46,0.24,14.1,21.8,52.82,-31.02,87.5,100.0,0,SIMULATED
2026-08-27 05:45:00,standard,27.28,70.2,0.0,0,7.53,0.24,14.1,21.87,52.82,-30.95,87.5,100.0,0,SIMULATED
2026-08-27 06:00:00,standard,27.47,69.3,0.0,0,7.63,0.24,14.1,21.97,52.82,-30.85,87.5,100.0,0,SIMULATED
2026-08-27 06:15:00,standard,27.67,68.4,53.4,0,8.32,0.24,14.1,22.66,52.82,-30.16,87.5,100.0,0,SIMULATED
2026-08-27 06:30:00,standard,27.88,67.5,106.5,0,9.01,0.24,14.1,23.35,52.82,-29.47,87.5,100.0,0,SIMULATED
2026-08-27 06:45:00,standard,28.09,66.5,159.3,0,9.7,0.24,14.1,24.04,52.94,-28.9,87.5,100.0,0,SIMULATED
2026-08-27 07:00:00,standard,28.31,65.5,211.4,0,10.7,1.52,14.1,26.33,53.22,-26.89,87.5,100.0,0,SIMULATED
2026-08-27 07:15:00,standard,28.54,64.5,262.7,0,11.4,1.52,14.1,27.03,53.49,-26.46,87.5,100.0,0,SIMULATED
2026-08-27 07:30:00,standard,28.78,63.4,312.9,0,12.11,1.52,14.1,27.72,53.8,-26.08,87.5,100.0,0,SIMULATED
2026-08-27 07:45:00,standard,29.02,62.3,361.9,0,12.8,1.52,14.1,28.42,54.1,-25.68,87.5,100.0,0,SIMULATED
2026-08-27 08:00:00,standard,29.26,61.2,409.5,3,13.68,1.85,14.1,29.62,54.42,-24.8,87.5,100.0,0,SIMULATED
2026-08-27 08:15:00,standard,29.5,60.1,455.5,5,14.73,3.21,14.1,32.03,54.7,-22.67,87.5,100.0,0,SIMULATED
2026-08-27 08:30:00,standard,29.75,59.0,499.6,12,15.78,3.99,14.1,33.86,55.02,-21.16,87.5,100.0,0,SIMULATED
2026-08-27 08:45:00,standard,30.0,57.9,541.8,19,16.83,5.09,14.1,36.02,55.34,-19.32,87.5,100.0,0,SIMULATED
2026-08-27 09:00:00,standard,30.24,56.8,581.9,45,17.53,6.0,14.1,37.63,55.64,-18.01,87.5,100.0,0,SIMULATED
2026-08-27 09:15:00,standard,30.48,55.7,619.6,49,17.77,6.0,14.1,37.87,55.93,-18.06,87.5,100.0,0,SIMULATED
2026-08-27 09:30:00,standard,30.72,54.6,654.9,69,18.3,6.6,14.1,39.0,56.24,-17.24,87.5,100.0,0,SIMULATED
2026-08-27 09:45:00,standard,30.96,53.5,687.7,68,18.47,6.6,14.1,39.17,56.51,-17.34,87.5,100.0,0,SIMULATED
2026-08-27 10:00:00,standard,31.19,52.5,717.7,77,18.8,6.42,14.1,39.32,56.82,-17.5,87.5,100.0,0,SIMULATED
2026-08-27 10:15:00,standard,31.41,51.5,744.9,78,18.86,6.42,14.1,39.38,57.1,-17.72,87.5,100.0,0,SIMULATED
2026-08-27 10:30:00,standard,31.62,50.5,769.1,69,18.58,5.82,14.1,38.5,57.36,-18.86,87.5,100.0,0,SIMULATED
2026-08-27 10:45:00,standard,31.83,49.6,790.3,72,18.68,5.82,14.1,38.6,57.62,-19.02,87.5,100.0,0,SIMULATED
2026-08-27 11:00:00,standard,32.03,48.7,808.4,73,18.84,5.82,14.1,38.76,57.87,-19.11,87.5,100.0,0,SIMULATED
2026-08-27 11:15:00,standard,32.22,47.8,823.3,73,18.89,5.82,14.1,38.81,58.1,-19.29,87.5,100.0,0,SIMULATED
2026-08-27 11:30:00,standard,32.4,47.0,834.9,80,19.44,6.42,14.1,39.96,58.31,-18.35,87.5,100.0,0,SIMULATED
2026-08-27 11:45:00,standard,32.57,46.2,843.3,66,18.86,5.82,14.1,38.78,58.53,-19.75,87.5,100.0,0,SIMULATED
2026-08-27 12:00:00,standard,32.73,45.5,848.3,94,19.93,6.6,14.1,40.63,58.74,-18.11,87.5,100.0,0,SIMULATED
2026-08-27 12:15:00,standard,32.87,44.9,850.0,95,20.0,6.6,14.1,40.7,58.92,-18.22,87.5,100.0,0,SIMULATED
2026-08-27 12:30:00,standard,33.0,44.3,848.3,71,19.58,6.0,14.1,39.68,59.07,-19.39,87.5,100.0,0,SIMULATED
2026-08-27 12:45:00,standard,33.11,43.8,843.3,72,19.64,6.0,14.1,39.74,59.22,-19.48,87.5,100.0,0,SIMULATED
2026-08-27 13:00:00,standard,33.21,43.3,834.9,66,19.69,6.0,14.1,39.79,59.34,-19.55,87.5,100.0,0,SIMULATED
2026-08-27 13:15:00,standard,33.3,42.9,823.3,66,19.7,6.0,14.1,39.8,59.46,-19.66,87.5,100.0,0,SIMULATED
2026-08-27 13:30:00,standard,33.37,42.6,808.4,71,20.18,6.6,14.1,40.88,59.54,-18.66,87.5,100.0,0,SIMULATED
2026-08-27 13:45:00,standard,33.43,42.3,790.3,76,20.28,6.6,14.1,40.98,59.62,-18.64,87.5,100.0,0,SIMULATED
2026-08-27 14:00:00,standard,33.47,42.1,769.1,72,19.64,6.5,14.1,40.24,59.67,-19.43,75.0,100.0,1,SIMULATED
2026-08-27 14:15:00,standard,33.49,42.0,744.9,71,19.64,6.5,14.1,40.24,59.7,-19.46,75.0,100.0,1,SIMULATED
2026-08-27 14:30:00,standard,33.5,42.0,717.7,74,19.68,6.5,14.1,40.28,59.7,-19.42,62.5,100.0,1,SIMULATED
2026-08-27 14:45:00,standard,33.49,42.0,687.7,72,19.61,6.5,14.1,40.21,59.7,-19.49,62.5,100.0,1,SIMULATED
2026-08-27 15:00:00,standard,33.47,42.1,654.9,72,19.48,5.82,14.1,39.4,59.67,-20.27,62.5,100.0,0,SIMULATED
2026-08-27 15:15:00,standard,33.43,42.3,619.6,72,19.43,5.82,14.1,39.35,59.62,-20.27,62.5,100.0,0,SIMULATED
2026-08-27 15:30:00,standard,33.37,42.6,581.9,70,19.41,6.0,14.1,39.51,59.54,-20.03,62.5,100.0,0,SIMULATED
2026-08-27 15:45:00,standard,33.3,42.9,541.8,69,19.41,6.0,14.1,39.51,59.46,-19.95,62.5,100.0,0,SIMULATED
2026-08-27 16:00:00,standard,33.21,43.3,499.6,71,19.37,6.0,14.1,39.47,59.34,-19.87,62.5,100.0,0,SIMULATED
2026-08-27 16:15:00,standard,33.11,43.8,455.5,69,19.29,6.0,14.1,39.39,59.22,-19.83,62.5,100.0,0,SIMULATED
2026-08-27 16:30:00,standard,33.0,44.3,409.5,80,19.71,6.6,14.1,40.41,59.07,-18.66,62.5,100.0,0,SIMULATED
2026-08-27 16:45:00,standard,32.87,44.9,361.9,77,19.55,6.6,14.1,40.25,58.92,-18.67,62.5,100.0,0,SIMULATED
2026-08-27 17:00:00,standard,32.73,45.5,312.9,66,18.93,6.6,14.1,39.63,58.74,-19.11,62.5,100.0,0,SIMULATED
2026-08-27 17:15:00,standard,32.57,46.2,262.7,66,18.64,6.6,14.1,39.34,58.53,-19.19,62.5,100.0,0,SIMULATED
2026-08-27 17:30:00,standard,32.4,47.0,211.4,58,17.95,6.0,14.1,38.05,58.31,-20.26,62.5,100.0,0,SIMULATED
2026-08-27 17:45:00,standard,32.22,47.8,159.3,53,17.6,6.0,14.1,37.7,58.1,-20.4,62.5,100.0,0,SIMULATED
2026-08-27 18:00:00,standard,32.03,48.7,106.5,53,17.4,6.0,14.1,37.5,57.87,-20.37,62.5,100.0,0,SIMULATED
2026-08-27 18:15:00,standard,31.83,49.6,53.4,48,17.09,6.0,14.1,37.19,57.62,-20.43,75.0,100.0,0,SIMULATED
2026-08-27 18:30:00,standard,31.62,50.5,0.0,39,16.4,5.09,14.1,35.59,57.36,-21.77,87.5,100.0,0,SIMULATED
2026-08-27 18:45:00,standard,31.41,51.5,0.0,34,16.0,5.09,14.1,35.19,57.1,-21.91,87.5,100.0,0,SIMULATED
2026-08-27 19:00:00,standard,31.19,52.5,0.0,22,15.15,3.98,14.1,33.23,56.82,-23.59,87.5,100.0,0,SIMULATED
2026-08-27 19:15:00,standard,30.96,53.5,0.0,16,14.74,3.98,14.1,32.82,56.51,-23.69,87.5,100.0,0,SIMULATED
2026-08-27 19:30:00,standard,30.72,54.6,0.0,9,13.81,2.62,14.1,30.53,56.24,-25.71,87.5,100.0,0,SIMULATED
2026-08-27 19:45:00,standard,30.48,55.7,0.0,8,13.34,2.62,14.1,30.06,55.93,-25.87,87.5,100.0,0,SIMULATED
2026-08-27 20:00:00,standard,30.24,56.8,0.0,5,12.6,1.6,14.1,28.3,55.64,-27.34,87.5,100.0,0,SIMULATED
2026-08-27 20:15:00,standard,30.0,57.9,0.0,3,12.13,1.6,14.1,27.83,55.34,-27.51,87.5,100.0,0,SIMULATED
2026-08-27 20:30:00,standard,29.75,59.0,0.0,0,11.35,0.24,14.1,25.69,55.02,-29.33,87.5,100.0,0,SIMULATED
2026-08-27 20:45:00,standard,29.5,60.1,0.0,0,11.0,0.24,14.1,25.34,54.7,-29.36,87.5,100.0,0,SIMULATED
2026-08-27 21:00:00,standard,29.26,61.2,0.0,0,10.67,0.24,14.1,25.01,54.42,-29.41,87.5,100.0,0,SIMULATED
2026-08-27 21:15:00,standard,29.02,62.3,0.0,0,10.34,0.24,14.1,24.68,54.1,-29.42,87.5,100.0,0,SIMULATED
2026-08-27 21:30:00,standard,28.78,63.4,0.0,0,10.07,0.24,14.1,24.41,53.8,-29.39,87.5,100.0,0,SIMULATED
2026-08-27 21:45:00,standard,28.54,64.5,0.0,0,9.78,0.24,14.1,24.12,53.49,-29.37,87.5,100.0,0,SIMULATED
2026-08-27 22:00:00,standard,28.31,65.5,0.0,0,9.51,0.24,14.1,23.85,53.22,-29.37,87.5,100.0,0,SIMULATED
2026-08-27 22:15:00,standard,28.09,66.5,0.0,0,9.24,0.24,14.1,23.58,52.94,-29.36,87.5,100.0,0,SIMULATED
2026-08-27 22:30:00,standard,27.88,67.5,0.0,0,9.02,0.24,14.1,23.36,52.82,-29.46,87.5,100.0,0,SIMULATED
2026-08-27 22:45:00,standard,27.67,68.4,0.0,0,8.82,0.24,14.1,23.16,52.82,-29.66,87.5,100.0,0,SIMULATED
2026-08-27 23:00:00,standard,27.47,69.3,0.0,0,8.6,0.24,14.1,22.94,52.82,-29.88,87.5,100.0,0,SIMULATED
2026-08-27 23:15:00,standard,27.28,70.2,0.0,0,8.41,0.24,14.1,22.75,52.82,-30.07,87.5,100.0,0,SIMULATED
2026-08-27 23:30:00,standard,27.1,71.0,0.0,0,8.25,0.24,14.1,22.59,52.82,-30.23,87.5,100.0,0,SIMULATED
2026-08-27 23:45:00,standard,26.93,71.8,0.0,0,8.08,0.24,14.1,22.42,52.82,-30.4,87.5,100.0,0,SIMULATED
2026-08-28 00:00:00,standard,26.77,72.5,0.0,0,7.9,0.24,14.1,22.24,52.82,-30.58,87.5,100.0,0,SIMULATED
2026-08-28 00:15:00,standard,26.63,73.1,0.0,0,7.79,0.24,14.1,22.13,52.82,-30.69,87.5,100.0,0,SIMULATED
2026-08-28 00:30:00,standard,26.5,73.7,0.0,0,7.65,0.24,14.1,21.99,52.82,-30.83,87.5,100.0,0,SIMULATED
2026-08-28 00:45:00,standard,26.39,74.2,0.0,0,7.55,0.24,14.1,21.89,52.82,-30.93,87.5,100.0,0,SIMULATED
2026-08-28 01:00:00,standard,26.29,74.7,0.0,0,7.45,0.24,14.1,21.79,52.82,-31.03,87.5,100.0,0,SIMULATED
2026-08-28 01:15:00,standard,26.2,75.1,0.0,0,7.35,0.24,14.1,21.69,52.82,-31.13,87.5,100.0,0,SIMULATED
2026-08-28 01:30:00,standard,26.13,75.4,0.0,0,7.28,0.24,14.1,21.62,52.82,-31.2,87.5,100.0,0,SIMULATED
2026-08-28 01:45:00,standard,26.07,75.7,0.0,0,7.2,0.24,14.1,21.54,52.82,-31.28,87.5,100.0,0,SIMULATED
2026-08-28 02:00:00,standard,26.03,75.9,0.0,0,7.15,0.24,14.1,21.49,52.82,-31.33,87.5,100.0,0,SIMULATED
2026-08-28 02:15:00,standard,26.01,76.0,0.0,0,7.11,0.24,14.1,21.45,52.82,-31.37,87.5,100.0,0,SIMULATED
2026-08-28 02:30:00,standard,26.0,76.0,0.0,0,7.08,0.24,14.1,21.42,52.82,-31.4,87.5,100.0,0,SIMULATED
2026-08-28 02:45:00,standard,26.01,76.0,0.0,0,7.06,0.24,14.1,21.4,52.82,-31.42,87.5,100.0,0,SIMULATED
2026-08-28 03:00:00,standard,26.03,75.9,0.0,0,7.04,0.24,14.1,21.38,52.82,-31.44,87.5,100.0,0,SIMULATED
2026-08-28 03:15:00,standard,26.07,75.7,0.0,0,7.03,0.24,14.1,21.37,52.82,-31.45,87.5,100.0,0,SIMULATED
2026-08-28 03:30:00,standard,26.13,75.4,0.0,0,7.05,0.24,14.1,21.39,52.82,-31.43,87.5,100.0,0,SIMULATED
2026-08-28 03:45:00,standard,26.2,75.1,0.0,0,7.07,0.24,14.1,21.41,52.82,-31.41,87.5,100.0,0,SIMULATED
2026-08-28 04:00:00,standard,26.29,74.7,0.0,0,7.11,0.24,14.1,21.45,52.82,-31.37,87.5,100.0,0,SIMULATED
2026-08-28 04:15:00,standard,26.39,74.2,0.0,0,7.14,0.24,14.1,21.48,52.82,-31.34,87.5,100.0,0,SIMULATED
2026-08-28 04:30:00,standard,26.5,73.7,0.0,0,7.18,0.24,14.1,21.52,52.82,-31.3,87.5,100.0,0,SIMULATED
2026-08-28 04:45:00,standard,26.63,73.1,0.0,0,7.24,0.24,14.1,21.58,52.82,-31.24,87.5,100.0,0,SIMULATED
2026-08-28 05:00:00,standard,26.77,72.5,0.0,0,7.28,0.24,14.1,21.62,52.82,-31.2,87.5,100.0,0,SIMULATED
2026-08-28 05:15:00,standard,26.93,71.8,0.0,0,7.36,0.24,14.1,21.7,52.82,-31.12,87.5,100.0,0,SIMULATED
2026-08-28 05:30:00,standard,27.1,71.0,0.0,0,7.46,0.24,14.1,21.8,52.82,-31.02,87.5,100.0,0,SIMULATED
2026-08-28 05:45:00,standard,27.28,70.2,0.0,0,7.53,0.24,14.1,21.87,52.82,-30.95,87.5,100.0,0,SIMULATED
2026-08-28 06:00:00,standard,27.47,69.3,0.0,0,7.63,0.24,14.1,21.97,52.82,-30.85,87.5,100.0,0,SIMULATED
2026-08-28 06:15:00,standard,27.67,68.4,53.4,0,8.32,0.24,14.1,22.66,52.82,-30.16,87.5,100.0,0,SIMULATED
2026-08-28 06:30:00,standard,27.88,67.5,106.5,0,9.01,0.24,14.1,23.35,52.82,-29.47,87.5,100.0,0,SIMULATED
2026-08-28 06:45:00,standard,28.09,66.5,159.3,0,9.7,0.24,14.1,24.04,52.94,-28.9,87.5,100.0,0,SIMULATED
2026-08-28 07:00:00,standard,28.31,65.5,211.4,0,10.7,1.52,14.1,26.33,53.22,-26.89,87.5,100.0,0,SIMULATED
2026-08-28 07:15:00,standard,28.54,64.5,262.7,0,11.4,1.52,14.1,27.03,53.49,-26.46,87.5,100.0,0,SIMULATED
2026-08-28 07:30:00,standard,28.78,63.4,312.9,0,12.11,1.52,14.1,27.72,53.8,-26.08,87.5,100.0,0,SIMULATED
2026-08-28 07:45:00,standard,29.02,62.3,361.9,0,12.8,1.52,14.1,28.42,54.1,-25.68,87.5,100.0,0,SIMULATED
2026-08-28 08:00:00,standard,29.26,61.2,409.5,3,13.68,1.85,14.1,29.62,54.42,-24.8,87.5,100.0,0,SIMULATED
2026-08-28 08:15:00,standard,29.5,60.1,455.5,5,14.73,3.21,14.1,32.03,54.7,-22.67,87.5,100.0,0,SIMULATED
2026-08-28 08:30:00,standard,29.75,59.0,499.6,12,15.78,3.99,14.1,33.86,55.02,-21.16,87.5,100.0,0,SIMULATED
2026-08-28 08:45:00,standard,30.0,57.9,541.8,17,16.76,5.09,14.1,35.95,55.34,-19.39,87.5,100.0,0,SIMULATED
2026-08-28 09:00:00,standard,30.24,56.8,581.9,44,17.52,6.0,14.1,37.62,55.64,-18.02,87.5,100.0,0,SIMULATED
2026-08-28 09:15:00,standard,30.48,55.7,619.6,46,17.71,6.0,14.1,37.81,55.93,-18.12,87.5,100.0,0,SIMULATED
2026-08-28 09:30:00,standard,30.72,54.6,654.9,68,18.3,6.6,14.1,39.0,56.24,-17.24,87.5,100.0,0,SIMULATED
2026-08-28 09:45:00,standard,30.96,53.5,687.7,69,18.47,6.6,14.1,39.17,56.51,-17.34,87.5,100.0,0,SIMULATED
2026-08-28 10:00:00,standard,31.19,52.5,717.7,80,18.8,6.42,14.1,39.32,56.82,-17.5,87.5,100.0,0,SIMULATED
2026-08-28 10:15:00,standard,31.41,51.5,744.9,77,18.86,6.42,14.1,39.38,57.1,-17.72,87.5,100.0,0,SIMULATED
2026-08-28 10:30:00,standard,31.62,50.5,769.1,70,18.55,5.82,14.1,38.47,57.36,-18.89,87.5,100.0,0,SIMULATED
2026-08-28 10:45:00,standard,31.83,49.6,790.3,70,18.68,5.82,14.1,38.6,57.62,-19.02,87.5,100.0,0,SIMULATED
2026-08-28 11:00:00,standard,32.03,48.7,808.4,73,18.87,5.82,14.1,38.79,57.87,-19.08,87.5,100.0,0,SIMULATED
2026-08-28 11:15:00,standard,32.22,47.8,823.3,71,18.89,5.82,14.1,38.81,58.1,-19.29,87.5,100.0,0,SIMULATED
2026-08-28 11:30:00,standard,32.4,47.0,834.9,77,19.35,6.42,14.1,39.87,58.31,-18.44,87.5,100.0,0,SIMULATED
2026-08-28 11:45:00,standard,32.57,46.2,843.3,65,18.89,5.82,14.1,38.81,58.53,-19.72,87.5,100.0,0,SIMULATED
2026-08-28 12:00:00,standard,32.73,45.5,848.3,93,19.9,6.6,14.1,40.6,58.74,-18.14,87.5,100.0,0,SIMULATED
2026-08-28 12:15:00,standard,32.87,44.9,850.0,93,19.96,6.6,14.1,40.66,58.92,-18.26,87.5,100.0,0,SIMULATED
2026-08-28 12:30:00,standard,33.0,44.3,848.3,73,19.58,6.0,14.1,39.68,59.07,-19.39,87.5,100.0,0,SIMULATED
2026-08-28 12:45:00,standard,33.11,43.8,843.3,72,19.64,6.0,14.1,39.74,59.22,-19.48,87.5,100.0,0,SIMULATED
2026-08-28 13:00:00,standard,33.21,43.3,834.9,66,19.66,6.0,14.1,39.76,59.34,-19.58,87.5,100.0,0,SIMULATED
2026-08-28 13:15:00,standard,33.3,42.9,823.3,67,19.74,6.0,14.1,39.84,59.46,-19.62,87.5,100.0,0,SIMULATED
2026-08-28 13:30:00,standard,33.37,42.6,808.4,74,20.15,6.6,14.1,40.85,59.54,-18.69,87.5,100.0,0,SIMULATED
2026-08-28 13:45:00,standard,33.43,42.3,790.3,73,20.22,6.6,14.1,40.92,59.62,-18.7,87.5,100.0,0,SIMULATED
2026-08-28 14:00:00,standard,33.47,42.1,769.1,72,19.68,6.5,14.1,40.28,59.67,-19.39,75.0,100.0,1,SIMULATED
2026-08-28 14:15:00,standard,33.49,42.0,744.9,72,19.64,6.5,14.1,40.24,59.7,-19.46,75.0,100.0,1,SIMULATED
2026-08-28 14:30:00,standard,33.5,42.0,717.7,72,19.61,6.5,14.1,40.21,59.7,-19.49,62.5,100.0,1,SIMULATED
2026-08-28 14:45:00,standard,33.49,42.0,687.7,73,19.64,6.5,14.1,40.24,59.7,-19.46,62.5,100.0,1,SIMULATED
2026-08-28 15:00:00,standard,33.47,42.1,654.9,71,19.45,5.82,14.1,39.37,59.67,-20.3,62.5,100.0,0,SIMULATED
2026-08-28 15:15:00,standard,33.43,42.3,619.6,72,19.47,5.82,14.1,39.39,59.62,-20.23,62.5,100.0,0,SIMULATED
2026-08-28 15:30:00,standard,33.37,42.6,581.9,69,19.41,6.0,14.1,39.51,59.54,-20.03,62.5,100.0,0,SIMULATED
2026-08-28 15:45:00,standard,33.3,42.9,541.8,70,19.38,6.0,14.1,39.48,59.46,-19.98,62.5,100.0,0,SIMULATED
2026-08-28 16:00:00,standard,33.21,43.3,499.6,68,19.33,6.0,14.1,39.43,59.34,-19.91,62.5,100.0,0,SIMULATED
2026-08-28 16:15:00,standard,33.11,43.8,455.5,70,19.29,6.0,14.1,39.39,59.22,-19.83,62.5,100.0,0,SIMULATED
2026-08-28 16:30:00,standard,33.0,44.3,409.5,76,19.61,6.6,14.1,40.31,59.07,-18.76,62.5,100.0,0,SIMULATED
2026-08-28 16:45:00,standard,32.87,44.9,361.9,77,19.58,6.6,14.1,40.28,58.92,-18.64,62.5,100.0,0,SIMULATED
2026-08-28 17:00:00,standard,32.73,45.5,312.9,64,18.89,6.6,14.1,39.59,58.74,-19.15,62.5,100.0,0,SIMULATED
2026-08-28 17:15:00,standard,32.57,46.2,262.7,67,18.64,6.6,14.1,39.34,58.53,-19.19,62.5,100.0,0,SIMULATED
2026-08-28 17:30:00,standard,32.4,47.0,211.4,59,17.98,6.0,14.1,38.08,58.31,-20.23,62.5,100.0,0,SIMULATED
2026-08-28 17:45:00,standard,32.22,47.8,159.3,56,17.69,6.0,14.1,37.79,58.1,-20.31,62.5,100.0,0,SIMULATED
2026-08-28 18:00:00,standard,32.03,48.7,106.5,51,17.34,6.0,14.1,37.44,57.87,-20.43,62.5,100.0,0,SIMULATED
2026-08-28 18:15:00,standard,31.83,49.6,53.4,51,17.12,6.0,14.1,37.22,57.62,-20.4,75.0,100.0,0,SIMULATED
2026-08-28 18:30:00,standard,31.62,50.5,0.0,41,16.43,5.09,14.1,35.62,57.36,-21.74,87.5,100.0,0,SIMULATED
2026-08-28 18:45:00,standard,31.41,51.5,0.0,34,15.99,5.09,14.1,35.18,57.1,-21.92,87.5,100.0,0,SIMULATED
2026-08-28 19:00:00,standard,31.19,52.5,0.0,22,15.11,3.98,14.1,33.19,56.82,-23.63,87.5,100.0,0,SIMULATED
2026-08-28 19:15:00,standard,30.96,53.5,0.0,15,14.73,3.98,14.1,32.81,56.51,-23.7,87.5,100.0,0,SIMULATED
2026-08-28 19:30:00,standard,30.72,54.6,0.0,10,13.83,2.62,14.1,30.55,56.24,-25.69,87.5,100.0,0,SIMULATED
2026-08-28 19:45:00,standard,30.48,55.7,0.0,8,13.33,2.62,14.1,30.05,55.93,-25.88,87.5,100.0,0,SIMULATED
2026-08-28 20:00:00,standard,30.24,56.8,0.0,6,12.63,1.6,14.1,28.33,55.64,-27.31,87.5,100.0,0,SIMULATED
2026-08-28 20:15:00,standard,30.0,57.9,0.0,2,12.1,1.6,14.1,27.8,55.34,-27.54,87.5,100.0,0,SIMULATED
2026-08-28 20:30:00,standard,29.75,59.0,0.0,0,11.35,0.24,14.1,25.69,55.02,-29.33,87.5,100.0,0,SIMULATED
2026-08-28 20:45:00,standard,29.5,60.1,0.0,0,11.0,0.24,14.1,25.34,54.7,-29.36,87.5,100.0,0,SIMULATED
2026-08-28 21:00:00,standard,29.26,61.2,0.0,0,10.67,0.24,14.1,25.01,54.42,-29.41,87.5,100.0,0,SIMULATED
2026-08-28 21:15:00,standard,29.02,62.3,0.0,0,10.34,0.24,14.1,24.68,54.1,-29.42,87.5,100.0,0,SIMULATED
2026-08-28 21:30:00,standard,28.78,63.4,0.0,0,10.07,0.24,14.1,24.41,53.8,-29.39,87.5,100.0,0,SIMULATED
2026-08-28 21:45:00,standard,28.54,64.5,0.0,0,9.78,0.24,14.1,24.12,53.49,-29.37,87.5,100.0,0,SIMULATED
2026-08-28 22:00:00,standard,28.31,65.5,0.0,0,9.51,0.24,14.1,23.85,53.22,-29.37,87.5,100.0,0,SIMULATED
2026-08-28 22:15:00,standard,28.09,66.5,0.0,0,9.24,0.24,14.1,23.58,52.94,-29.36,87.5,100.0,0,SIMULATED
2026-08-28 22:30:00,standard,27.88,67.5,0.0,0,9.02,0.24,14.1,23.36,52.82,-29.46,87.5,100.0,0,SIMULATED
2026-08-28 22:45:00,standard,27.67,68.4,0.0,0,8.82,0.24,14.1,23.16,52.82,-29.66,87.5,100.0,0,SIMULATED
2026-08-28 23:00:00,standard,27.47,69.3,0.0,0,8.6,0.24,14.1,22.94,52.82,-29.88,87.5,100.0,0,SIMULATED
2026-08-28 23:15:00,standard,27.28,70.2,0.0,0,8.41,0.24,14.1,22.75,52.82,-30.07,87.5,100.0,0,SIMULATED
2026-08-28 23:30:00,standard,27.1,71.0,0.0,0,8.25,0.24,14.1,22.59,52.82,-30.23,87.5,100.0,0,SIMULATED
2026-08-28 23:45:00,standard,26.93,71.8,0.0,0,8.08,0.24,14.1,22.42,52.82,-30.4,87.5,100.0,0,SIMULATED
2026-08-29 00:00:00,standard,26.77,72.5,0.0,0,7.9,0.24,14.1,22.24,52.82,-30.58,87.5,100.0,0,SIMULATED
2026-08-29 00:15:00,standard,26.63,73.1,0.0,0,7.79,0.24,14.1,22.13,52.82,-30.69,87.5,100.0,0,SIMULATED
2026-08-29 00:30:00,standard,26.5,73.7,0.0,0,7.65,0.24,14.1,21.99,52.82,-30.83,87.5,100.0,0,SIMULATED
2026-08-29 00:45:00,standard,26.39,74.2,0.0,0,7.55,0.24,14.1,21.89,52.82,-30.93,87.5,100.0,0,SIMULATED
2026-08-29 01:00:00,standard,26.29,74.7,0.0,0,7.45,0.24,14.1,21.79,52.82,-31.03,87.5,100.0,0,SIMULATED
2026-08-29 01:15:00,standard,26.2,75.1,0.0,0,7.35,0.24,14.1,21.69,52.82,-31.13,87.5,100.0,0,SIMULATED
2026-08-29 01:30:00,standard,26.13,75.4,0.0,0,7.28,0.24,14.1,21.62,52.82,-31.2,87.5,100.0,0,SIMULATED
2026-08-29 01:45:00,standard,26.07,75.7,0.0,0,7.2,0.24,14.1,21.54,52.82,-31.28,87.5,100.0,0,SIMULATED
2026-08-29 02:00:00,standard,26.03,75.9,0.0,0,7.15,0.24,14.1,21.49,52.82,-31.33,87.5,100.0,0,SIMULATED
2026-08-29 02:15:00,standard,26.01,76.0,0.0,0,7.11,0.24,14.1,21.45,52.82,-31.37,87.5,100.0,0,SIMULATED
2026-08-29 02:30:00,standard,26.0,76.0,0.0,0,7.08,0.24,14.1,21.42,52.82,-31.4,87.5,100.0,0,SIMULATED
2026-08-29 02:45:00,standard,26.01,76.0,0.0,0,7.06,0.24,14.1,21.4,52.82,-31.42,87.5,100.0,0,SIMULATED
2026-08-29 03:00:00,standard,26.03,75.9,0.0,0,7.04,0.24,14.1,21.38,52.82,-31.44,87.5,100.0,0,SIMULATED
2026-08-29 03:15:00,standard,26.07,75.7,0.0,0,7.03,0.24,14.1,21.37,52.82,-31.45,87.5,100.0,0,SIMULATED
2026-08-29 03:30:00,standard,26.13,75.4,0.0,0,7.05,0.24,14.1,21.39,52.82,-31.43,87.5,100.0,0,SIMULATED
2026-08-29 03:45:00,standard,26.2,75.1,0.0,0,7.07,0.24,14.1,21.41,52.82,-31.41,87.5,100.0,0,SIMULATED
2026-08-29 04:00:00,standard,26.29,74.7,0.0,0,7.11,0.24,14.1,21.45,52.82,-31.37,87.5,100.0,0,SIMULATED
2026-08-29 04:15:00,standard,26.39,74.2,0.0,0,7.14,0.24,14.1,21.48,52.82,-31.34,87.5,100.0,0,SIMULATED
2026-08-29 04:30:00,standard,26.5,73.7,0.0,0,7.18,0.24,14.1,21.52,52.82,-31.3,87.5,100.0,0,SIMULATED
2026-08-29 04:45:00,standard,26.63,73.1,0.0,0,7.24,0.24,14.1,21.58,52.82,-31.24,87.5,100.0,0,SIMULATED
2026-08-29 05:00:00,standard,26.77,72.5,0.0,0,7.28,0.24,14.1,21.62,52.82,-31.2,87.5,100.0,0,SIMULATED
2026-08-29 05:15:00,standard,26.93,71.8,0.0,0,7.36,0.24,14.1,21.7,52.82,-31.12,87.5,100.0,0,SIMULATED
2026-08-29 05:30:00,standard,27.1,71.0,0.0,0,7.46,0.24,14.1,21.8,52.82,-31.02,87.5,100.0,0,SIMULATED
2026-08-29 05:45:00,standard,27.28,70.2,0.0,0,7.53,0.24,14.1,21.87,52.82,-30.95,87.5,100.0,0,SIMULATED
2026-08-29 06:00:00,standard,27.47,69.3,0.0,0,7.63,0.24,14.1,21.97,52.82,-30.85,87.5,100.0,0,SIMULATED
2026-08-29 06:15:00,standard,27.67,68.4,53.4,0,8.32,0.24,14.1,22.66,52.82,-30.16,87.5,100.0,0,SIMULATED
2026-08-29 06:30:00,standard,27.88,67.5,106.5,0,9.01,0.24,14.1,23.35,52.82,-29.47,87.5,100.0,0,SIMULATED
2026-08-29 06:45:00,standard,28.09,66.5,159.3,0,9.7,0.24,14.1,24.04,52.94,-28.9,87.5,100.0,0,SIMULATED
2026-08-29 07:00:00,standard,28.31,65.5,211.4,0,10.7,1.52,14.1,26.33,53.22,-26.89,87.5,100.0,0,SIMULATED
2026-08-29 07:15:00,standard,28.54,64.5,262.7,0,11.4,1.52,14.1,27.03,53.49,-26.46,87.5,100.0,0,SIMULATED
2026-08-29 07:30:00,standard,28.78,63.4,312.9,0,12.11,1.52,14.1,27.72,53.8,-26.08,87.5,100.0,0,SIMULATED
2026-08-29 07:45:00,standard,29.02,62.3,361.9,0,12.8,1.52,14.1,28.42,54.1,-25.68,87.5,100.0,0,SIMULATED
2026-08-29 08:00:00,standard,29.26,61.2,409.5,0,13.51,1.52,14.1,29.12,54.42,-25.3,87.5,100.0,0,SIMULATED
2026-08-29 08:15:00,standard,29.5,60.1,455.5,0,14.18,1.52,14.1,29.79,54.7,-24.91,87.5,100.0,0,SIMULATED
2026-08-29 08:30:00,standard,29.75,59.0,499.6,0,14.85,1.52,14.1,30.47,55.02,-24.55,87.5,100.0,0,SIMULATED
2026-08-29 08:45:00,standard,30.0,57.9,541.8,0,15.5,1.52,14.1,31.12,55.34,-24.22,87.5,100.0,0,SIMULATED
2026-08-29 09:00:00,standard,30.24,56.8,581.9,1,16.21,1.85,14.1,32.15,55.64,-23.49,87.5,100.0,0,SIMULATED
2026-08-29 09:15:00,standard,30.48,55.7,619.6,1,16.81,1.85,14.1,32.76,55.93,-23.17,87.5,100.0,0,SIMULATED
2026-08-29 09:30:00,standard,30.72,54.6,654.9,1,17.04,1.85,14.1,32.99,56.24,-23.25,87.5,100.0,0,SIMULATED
2026-08-29 09:45:00,standard,30.96,53.5,687.7,1,17.25,1.85,14.1,33.19,56.51,-23.32,87.5,100.0,0,SIMULATED
2026-08-29 10:00:00,standard,31.19,52.5,717.7,5,17.44,4.31,14.1,35.85,56.82,-20.97,87.5,100.0,0,SIMULATED
2026-08-29 10:15:00,standard,31.41,51.5,744.9,6,17.61,4.31,14.1,36.02,57.1,-21.08,87.5,100.0,0,SIMULATED
2026-08-29 10:30:00,standard,31.62,50.5,769.1,6,17.78,4.31,14.1,36.19,57.36,-21.17,87.5,100.0,0,SIMULATED
2026-08-29 10:45:00,standard,31.83,49.6,790.3,5,17.95,4.31,14.1,36.36,57.62,-21.26,87.5,100.0,0,SIMULATED
2026-08-29 11:00:00,standard,32.03,48.7,808.4,5,18.09,4.31,14.1,36.5,57.87,-21.37,87.5,100.0,0,SIMULATED
2026-08-29 11:15:00,standard,32.22,47.8,823.3,6,18.22,4.31,14.1,36.63,58.1,-21.47,87.5,100.0,0,SIMULATED
2026-08-29 11:30:00,standard,32.4,47.0,834.9,6,18.35,4.31,14.1,36.76,58.31,-21.55,87.5,100.0,0,SIMULATED
2026-08-29 11:45:00,standard,32.57,46.2,843.3,6,18.46,4.31,14.1,36.87,58.53,-21.66,87.5,100.0,0,SIMULATED
2026-08-29 12:00:00,standard,32.73,45.5,848.3,4,18.51,4.31,14.1,36.92,58.74,-21.82,87.5,100.0,0,SIMULATED
2026-08-29 12:15:00,standard,32.87,44.9,850.0,6,18.56,4.31,14.1,36.97,58.92,-21.95,87.5,100.0,0,SIMULATED
2026-08-29 12:30:00,standard,33.0,44.3,848.3,5,18.62,4.31,14.1,37.03,59.07,-22.04,87.5,100.0,0,SIMULATED
2026-08-29 12:45:00,standard,33.11,43.8,843.3,7,18.67,4.31,14.1,37.08,59.22,-22.14,87.5,100.0,0,SIMULATED
2026-08-29 13:00:00,standard,33.21,43.3,834.9,4,18.73,4.31,14.1,37.14,59.34,-22.2,87.5,100.0,0,SIMULATED
2026-08-29 13:15:00,standard,33.3,42.9,823.3,6,18.77,4.31,14.1,37.18,59.46,-22.28,87.5,100.0,0,SIMULATED
2026-08-29 13:30:00,standard,33.37,42.6,808.4,5,18.78,4.31,14.1,37.19,59.54,-22.35,87.5,100.0,0,SIMULATED
2026-08-29 13:45:00,standard,33.43,42.3,790.3,7,18.79,4.31,14.1,37.2,59.62,-22.42,87.5,100.0,0,SIMULATED
2026-08-29 14:00:00,standard,33.47,42.1,769.1,7,18.78,4.31,14.1,37.19,59.67,-22.48,87.5,100.0,0,SIMULATED
2026-08-29 14:15:00,standard,33.49,42.0,744.9,3,18.57,3.98,14.1,36.66,59.7,-23.04,87.5,100.0,0,SIMULATED
2026-08-29 14:30:00,standard,33.5,42.0,717.7,5,18.5,3.98,14.1,36.59,59.7,-23.11,87.5,100.0,0,SIMULATED
2026-08-29 14:45:00,standard,33.49,42.0,687.7,3,18.42,3.98,14.1,36.51,59.7,-23.19,87.5,100.0,0,SIMULATED
2026-08-29 15:00:00,standard,33.47,42.1,654.9,4,18.34,3.98,14.1,36.43,59.67,-23.24,87.5,100.0,0,SIMULATED
2026-08-29 15:15:00,standard,33.43,42.3,619.6,4,18.23,3.98,14.1,36.32,59.62,-23.3,87.5,100.0,0,SIMULATED
2026-08-29 15:30:00,standard,33.37,42.6,581.9,5,18.07,3.98,14.1,36.15,59.54,-23.39,87.5,100.0,0,SIMULATED
2026-08-29 15:45:00,standard,33.3,42.9,541.8,4,17.95,3.98,14.1,36.03,59.46,-23.43,87.5,100.0,0,SIMULATED
2026-08-29 16:00:00,standard,33.21,43.3,499.6,4,17.79,3.98,14.1,35.87,59.34,-23.47,87.5,100.0,0,SIMULATED
2026-08-29 16:15:00,standard,33.11,43.8,455.5,0,17.61,1.52,14.1,33.24,59.22,-25.98,87.5,100.0,0,SIMULATED
2026-08-29 16:30:00,standard,33.0,44.3,409.5,0,17.44,1.52,14.1,33.07,59.07,-26.0,87.5,100.0,0,SIMULATED
2026-08-29 16:45:00,standard,32.87,44.9,361.9,0,17.25,1.52,14.1,32.87,58.92,-26.05,87.5,100.0,0,SIMULATED
2026-08-29 17:00:00,standard,32.73,45.5,312.9,0,17.06,1.52,14.1,32.69,58.74,-26.05,87.5,100.0,0,SIMULATED
2026-08-29 17:15:00,standard,32.57,46.2,262.7,0,16.77,1.52,14.1,32.38,58.53,-26.15,87.5,100.0,0,SIMULATED
2026-08-29 17:30:00,standard,32.4,47.0,211.4,0,15.93,1.52,14.1,31.54,58.31,-26.77,87.5,100.0,0,SIMULATED
2026-08-29 17:45:00,standard,32.22,47.8,159.3,0,15.0,1.52,14.1,30.61,58.1,-27.49,87.5,100.0,0,SIMULATED
2026-08-29 18:00:00,standard,32.03,48.7,106.5,0,14.04,1.52,14.1,29.66,57.87,-28.21,87.5,100.0,0,SIMULATED
2026-08-29 18:15:00,standard,31.83,49.6,53.4,0,13.1,1.52,14.1,28.71,57.62,-28.91,87.5,100.0,0,SIMULATED
2026-08-29 18:30:00,standard,31.62,50.5,0.0,0,12.17,1.52,14.1,27.77,57.36,-29.59,87.5,100.0,0,SIMULATED
2026-08-29 18:45:00,standard,31.41,51.5,0.0,0,11.88,1.52,14.1,27.49,57.1,-29.61,87.5,100.0,0,SIMULATED
2026-08-29 19:00:00,standard,31.19,52.5,0.0,0,11.61,1.52,14.1,27.23,56.82,-29.59,87.5,100.0,0,SIMULATED
2026-08-29 19:15:00,standard,30.96,53.5,0.0,0,11.35,1.52,14.1,26.97,56.51,-29.54,87.5,100.0,0,SIMULATED
2026-08-29 19:30:00,standard,30.72,54.6,0.0,0,11.09,1.52,14.1,26.71,56.24,-29.53,87.5,100.0,0,SIMULATED
2026-08-29 19:45:00,standard,30.48,55.7,0.0,0,10.83,1.52,14.1,26.44,55.93,-29.49,87.5,100.0,0,SIMULATED
2026-08-29 20:00:00,standard,30.24,56.8,0.0,0,10.29,0.24,14.1,24.63,55.64,-31.01,87.5,100.0,0,SIMULATED
2026-08-29 20:15:00,standard,30.0,57.9,0.0,0,10.05,0.24,14.1,24.39,55.34,-30.95,87.5,100.0,0,SIMULATED
2026-08-29 20:30:00,standard,29.75,59.0,0.0,0,9.82,0.24,14.1,24.16,55.02,-30.86,87.5,100.0,0,SIMULATED
2026-08-29 20:45:00,standard,29.5,60.1,0.0,0,9.6,0.24,14.1,23.94,54.7,-30.76,87.5,100.0,0,SIMULATED
2026-08-29 21:00:00,standard,29.26,61.2,0.0,0,9.37,0.24,14.1,23.71,54.42,-30.71,87.5,100.0,0,SIMULATED
2026-08-29 21:15:00,standard,29.02,62.3,0.0,0,9.17,0.24,14.1,23.51,54.1,-30.59,87.5,100.0,0,SIMULATED
2026-08-29 21:30:00,standard,28.78,63.4,0.0,0,8.99,0.24,14.1,23.33,53.8,-30.47,87.5,100.0,0,SIMULATED
2026-08-29 21:45:00,standard,28.54,64.5,0.0,0,8.78,0.24,14.1,23.12,53.49,-30.37,87.5,100.0,0,SIMULATED
2026-08-29 22:00:00,standard,28.31,65.5,0.0,0,8.61,0.24,14.1,22.95,53.22,-30.27,87.5,100.0,0,SIMULATED
2026-08-29 22:15:00,standard,28.09,66.5,0.0,0,8.43,0.24,14.1,22.77,52.94,-30.17,87.5,100.0,0,SIMULATED
2026-08-29 22:30:00,standard,27.88,67.5,0.0,0,8.27,0.24,14.1,22.61,52.82,-30.21,87.5,100.0,0,SIMULATED
2026-08-29 22:45:00,standard,27.67,68.4,0.0,0,8.13,0.24,14.1,22.47,52.82,-30.35,87.5,100.0,0,SIMULATED
2026-08-29 23:00:00,standard,27.47,69.3,0.0,0,7.96,0.24,14.1,22.3,52.82,-30.52,87.5,100.0,0,SIMULATED
2026-08-29 23:15:00,standard,27.28,70.2,0.0,0,7.82,0.24,14.1,22.16,52.82,-30.66,87.5,100.0,0,SIMULATED
2026-08-29 23:30:00,standard,27.1,71.0,0.0,0,7.71,0.24,14.1,22.05,52.82,-30.77,87.5,100.0,0,SIMULATED
2026-08-29 23:45:00,standard,26.93,71.8,0.0,0,7.57,0.24,14.1,21.91,52.82,-30.91,87.5,100.0,0,SIMULATED
2026-08-30 00:00:00,standard,26.77,72.5,0.0,0,7.45,0.24,14.1,21.79,52.82,-31.03,87.5,100.0,0,SIMULATED
2026-08-30 00:15:00,standard,26.63,73.1,0.0,0,7.37,0.24,14.1,21.71,52.82,-31.11,87.5,100.0,0,SIMULATED
2026-08-30 00:30:00,standard,26.5,73.7,0.0,0,7.26,0.24,14.1,21.6,52.82,-31.22,87.5,100.0,0,SIMULATED
2026-08-30 00:45:00,standard,26.39,74.2,0.0,0,7.2,0.24,14.1,21.54,52.82,-31.28,87.5,100.0,0,SIMULATED
2026-08-30 01:00:00,standard,26.29,74.7,0.0,0,7.13,0.24,14.1,21.47,52.82,-31.35,87.5,100.0,0,SIMULATED
2026-08-30 01:15:00,standard,26.2,75.1,0.0,0,7.05,0.24,14.1,21.39,52.82,-31.43,87.5,100.0,0,SIMULATED
2026-08-30 01:30:00,standard,26.13,75.4,0.0,0,7.0,0.24,14.1,21.34,52.82,-31.48,87.5,100.0,0,SIMULATED
2026-08-30 01:45:00,standard,26.07,75.7,0.0,0,6.95,0.24,14.1,21.29,52.82,-31.53,87.5,100.0,0,SIMULATED
2026-08-30 02:00:00,standard,26.03,75.9,0.0,0,6.92,0.24,14.1,21.26,52.82,-31.56,87.5,100.0,0,SIMULATED
2026-08-30 02:15:00,standard,26.01,76.0,0.0,0,6.89,0.24,14.1,21.23,52.82,-31.59,87.5,100.0,0,SIMULATED
2026-08-30 02:30:00,standard,26.0,76.0,0.0,0,6.87,0.24,14.1,21.21,52.82,-31.61,87.5,100.0,0,SIMULATED
2026-08-30 02:45:00,standard,26.01,76.0,0.0,0,6.87,0.24,14.1,21.21,52.82,-31.61,87.5,100.0,0,SIMULATED
2026-08-30 03:00:00,standard,26.03,75.9,0.0,0,6.86,0.24,14.1,21.2,52.82,-31.62,87.5,100.0,0,SIMULATED
2026-08-30 03:15:00,standard,26.07,75.7,0.0,0,6.87,0.24,14.1,21.21,52.82,-31.61,87.5,100.0,0,SIMULATED
2026-08-30 03:30:00,standard,26.13,75.4,0.0,0,6.9,0.24,14.1,21.24,52.82,-31.58,87.5,100.0,0,SIMULATED
2026-08-30 03:45:00,standard,26.2,75.1,0.0,0,6.93,0.24,14.1,21.27,52.82,-31.55,87.5,100.0,0,SIMULATED
2026-08-30 04:00:00,standard,26.29,74.7,0.0,0,6.97,0.24,14.1,21.31,52.82,-31.51,87.5,100.0,0,SIMULATED
2026-08-30 04:15:00,standard,26.39,74.2,0.0,0,7.03,0.24,14.1,21.37,52.82,-31.45,87.5,100.0,0,SIMULATED
2026-08-30 04:30:00,standard,26.5,73.7,0.0,0,7.07,0.24,14.1,21.41,52.82,-31.41,87.5,100.0,0,SIMULATED
2026-08-30 04:45:00,standard,26.63,73.1,0.0,0,7.15,0.24,14.1,21.49,52.82,-31.33,87.5,100.0,0,SIMULATED
2026-08-30 05:00:00,standard,26.77,72.5,0.0,0,7.21,0.24,14.1,21.55,52.82,-31.27,87.5,100.0,0,SIMULATED
2026-08-30 05:15:00,standard,26.93,71.8,0.0,0,7.31,0.24,14.1,21.65,52.82,-31.17,87.5,100.0,0,SIMULATED
2026-08-30 05:30:00,standard,27.1,71.0,0.0,0,7.42,0.24,14.1,21.76,52.82,-31.06,87.5,100.0,0,SIMULATED
2026-08-30 05:45:00,standard,27.28,70.2,0.0,0,7.49,0.24,14.1,21.83,52.82,-30.99,87.5,100.0,0,SIMULATED
2026-08-30 06:00:00,standard,27.47,69.3,0.0,0,7.6,0.24,14.1,21.94,52.82,-30.88,87.5,100.0,0,SIMULATED
2026-08-30 06:15:00,standard,27.67,68.4,53.4,0,8.31,0.24,14.1,22.65,52.82,-30.17,87.5,100.0,0,SIMULATED
2026-08-30 06:30:00,standard,27.88,67.5,106.5,0,9.0,0.24,14.1,23.34,52.82,-29.48,87.5,100.0,0,SIMULATED
2026-08-30 06:45:00,standard,28.09,66.5,159.3,0,9.7,0.24,14.1,24.04,52.94,-28.9,87.5,100.0,0,SIMULATED
2026-08-30 07:00:00,standard,28.31,65.5,211.4,0,10.7,1.52,14.1,26.33,53.22,-26.89,87.5,100.0,0,SIMULATED
2026-08-30 07:15:00,standard,28.54,64.5,262.7,0,11.4,1.52,14.1,27.03,53.49,-26.46,87.5,100.0,0,SIMULATED
2026-08-30 07:30:00,standard,28.78,63.4,312.9,0,12.11,1.52,14.1,27.72,53.8,-26.08,87.5,100.0,0,SIMULATED
2026-08-30 07:45:00,standard,29.02,62.3,361.9,0,12.8,1.52,14.1,28.42,54.1,-25.68,87.5,100.0,0,SIMULATED
2026-08-30 08:00:00,standard,29.26,61.2,409.5,0,13.51,1.52,14.1,29.12,54.42,-25.3,87.5,100.0,0,SIMULATED
2026-08-30 08:15:00,standard,29.5,60.1,455.5,0,14.18,1.52,14.1,29.79,54.7,-24.91,87.5,100.0,0,SIMULATED
2026-08-30 08:30:00,standard,29.75,59.0,499.6,0,14.85,1.52,14.1,30.47,55.02,-24.55,87.5,100.0,0,SIMULATED
2026-08-30 08:45:00,standard,30.0,57.9,541.8,0,15.5,1.52,14.1,31.12,55.34,-24.22,87.5,100.0,0,SIMULATED
2026-08-30 09:00:00,standard,30.24,56.8,581.9,1,16.21,1.85,14.1,32.15,55.64,-23.49,87.5,100.0,0,SIMULATED
2026-08-30 09:15:00,standard,30.48,55.7,619.6,1,16.81,1.85,14.1,32.76,55.93,-23.17,87.5,100.0,0,SIMULATED
2026-08-30 09:30:00,standard,30.72,54.6,654.9,1,17.04,1.85,14.1,32.99,56.24,-23.25,87.5,100.0,0,SIMULATED
2026-08-30 09:45:00,standard,30.96,53.5,687.7,1,17.25,1.85,14.1,33.19,56.51,-23.32,87.5,100.0,0,SIMULATED
2026-08-30 10:00:00,standard,31.19,52.5,717.7,5,17.44,4.31,14.1,35.85,56.82,-20.97,87.5,100.0,0,SIMULATED
2026-08-30 10:15:00,standard,31.41,51.5,744.9,5,17.61,4.31,14.1,36.02,57.1,-21.08,87.5,100.0,0,SIMULATED
2026-08-30 10:30:00,standard,31.62,50.5,769.1,6,17.78,4.31,14.1,36.19,57.36,-21.17,87.5,100.0,0,SIMULATED
2026-08-30 10:45:00,standard,31.83,49.6,790.3,6,17.95,4.31,14.1,36.36,57.62,-21.26,87.5,100.0,0,SIMULATED
2026-08-30 11:00:00,standard,32.03,48.7,808.4,4,18.09,4.31,14.1,36.5,57.87,-21.37,87.5,100.0,0,SIMULATED
2026-08-30 11:15:00,standard,32.22,47.8,823.3,7,18.26,4.31,14.1,36.67,58.1,-21.43,87.5,100.0,0,SIMULATED
2026-08-30 11:30:00,standard,32.4,47.0,834.9,5,18.35,4.31,14.1,36.76,58.31,-21.55,87.5,100.0,0,SIMULATED
2026-08-30 11:45:00,standard,32.57,46.2,843.3,5,18.43,4.31,14.1,36.84,58.53,-21.69,87.5,100.0,0,SIMULATED
2026-08-30 12:00:00,standard,32.73,45.5,848.3,4,18.51,4.31,14.1,36.92,58.74,-21.82,87.5,100.0,0,SIMULATED
2026-08-30 12:15:00,standard,32.87,44.9,850.0,6,18.56,4.31,14.1,36.97,58.92,-21.95,87.5,100.0,0,SIMULATED
2026-08-30 12:30:00,standard,33.0,44.3,848.3,5,18.62,4.31,14.1,37.03,59.07,-22.04,87.5,100.0,0,SIMULATED
2026-08-30 12:45:00,standard,33.11,43.8,843.3,5,18.67,4.31,14.1,37.08,59.22,-22.14,87.5,100.0,0,SIMULATED
2026-08-30 13:00:00,standard,33.21,43.3,834.9,5,18.73,4.31,14.1,37.14,59.34,-22.2,87.5,100.0,0,SIMULATED
2026-08-30 13:15:00,standard,33.3,42.9,823.3,6,18.77,4.31,14.1,37.18,59.46,-22.28,87.5,100.0,0,SIMULATED
2026-08-30 13:30:00,standard,33.37,42.6,808.4,5,18.78,4.31,14.1,37.19,59.54,-22.35,87.5,100.0,0,SIMULATED
2026-08-30 13:45:00,standard,33.43,42.3,790.3,6,18.82,4.31,14.1,37.23,59.62,-22.39,87.5,100.0,0,SIMULATED
2026-08-30 14:00:00,standard,33.47,42.1,769.1,6,18.75,4.31,14.1,37.16,59.67,-22.51,87.5,100.0,0,SIMULATED
2026-08-30 14:15:00,standard,33.49,42.0,744.9,5,18.57,3.98,14.1,36.66,59.7,-23.04,87.5,100.0,0,SIMULATED
2026-08-30 14:30:00,standard,33.5,42.0,717.7,4,18.5,3.98,14.1,36.59,59.7,-23.11,87.5,100.0,0,SIMULATED
2026-08-30 14:45:00,standard,33.49,42.0,687.7,6,18.42,3.98,14.1,36.51,59.7,-23.19,87.5,100.0,0,SIMULATED
2026-08-30 15:00:00,standard,33.47,42.1,654.9,4,18.34,3.98,14.1,36.43,59.67,-23.24,87.5,100.0,0,SIMULATED
2026-08-30 15:15:00,standard,33.43,42.3,619.6,5,18.23,3.98,14.1,36.32,59.62,-23.3,87.5,100.0,0,SIMULATED
2026-08-30 15:30:00,standard,33.37,42.6,581.9,4,18.07,3.98,14.1,36.15,59.54,-23.39,87.5,100.0,0,SIMULATED
2026-08-30 15:45:00,standard,33.3,42.9,541.8,5,17.95,3.98,14.1,36.03,59.46,-23.43,87.5,100.0,0,SIMULATED
2026-08-30 16:00:00,standard,33.21,43.3,499.6,5,17.79,3.98,14.1,35.87,59.34,-23.47,87.5,100.0,0,SIMULATED
2026-08-30 16:15:00,standard,33.11,43.8,455.5,0,17.61,1.52,14.1,33.24,59.22,-25.98,87.5,100.0,0,SIMULATED
2026-08-30 16:30:00,standard,33.0,44.3,409.5,0,17.44,1.52,14.1,33.07,59.07,-26.0,87.5,100.0,0,SIMULATED
2026-08-30 16:45:00,standard,32.87,44.9,361.9,0,17.25,1.52,14.1,32.87,58.92,-26.05,87.5,100.0,0,SIMULATED
2026-08-30 17:00:00,standard,32.73,45.5,312.9,0,17.06,1.52,14.1,32.69,58.74,-26.05,87.5,100.0,0,SIMULATED
2026-08-30 17:15:00,standard,32.57,46.2,262.7,0,16.77,1.52,14.1,32.38,58.53,-26.15,87.5,100.0,0,SIMULATED
2026-08-30 17:30:00,standard,32.4,47.0,211.4,0,15.93,1.52,14.1,31.54,58.31,-26.77,87.5,100.0,0,SIMULATED
2026-08-30 17:45:00,standard,32.22,47.8,159.3,0,15.0,1.52,14.1,30.61,58.1,-27.49,87.5,100.0,0,SIMULATED
2026-08-30 18:00:00,standard,32.03,48.7,106.5,0,14.04,1.52,14.1,29.66,57.87,-28.21,87.5,100.0,0,SIMULATED
2026-08-30 18:15:00,standard,31.83,49.6,53.4,0,13.1,1.52,14.1,28.71,57.62,-28.91,87.5,100.0,0,SIMULATED
2026-08-30 18:30:00,standard,31.62,50.5,0.0,0,12.17,1.52,14.1,27.77,57.36,-29.59,87.5,100.0,0,SIMULATED
2026-08-30 18:45:00,standard,31.41,51.5,0.0,0,11.88,1.52,14.1,27.49,57.1,-29.61,87.5,100.0,0,SIMULATED
2026-08-30 19:00:00,standard,31.19,52.5,0.0,0,11.61,1.52,14.1,27.23,56.82,-29.59,87.5,100.0,0,SIMULATED
2026-08-30 19:15:00,standard,30.96,53.5,0.0,0,11.35,1.52,14.1,26.97,56.51,-29.54,87.5,100.0,0,SIMULATED
2026-08-30 19:30:00,standard,30.72,54.6,0.0,0,11.09,1.52,14.1,26.71,56.24,-29.53,87.5,100.0,0,SIMULATED
2026-08-30 19:45:00,standard,30.48,55.7,0.0,0,10.83,1.52,14.1,26.44,55.93,-29.49,87.5,100.0,0,SIMULATED
2026-08-30 20:00:00,standard,30.24,56.8,0.0,0,10.29,0.24,14.1,24.63,55.64,-31.01,87.5,100.0,0,SIMULATED
2026-08-30 20:15:00,standard,30.0,57.9,0.0,0,10.05,0.24,14.1,24.39,55.34,-30.95,87.5,100.0,0,SIMULATED
2026-08-30 20:30:00,standard,29.75,59.0,0.0,0,9.82,0.24,14.1,24.16,55.02,-30.86,87.5,100.0,0,SIMULATED
2026-08-30 20:45:00,standard,29.5,60.1,0.0,0,9.6,0.24,14.1,23.94,54.7,-30.76,87.5,100.0,0,SIMULATED
2026-08-30 21:00:00,standard,29.26,61.2,0.0,0,9.37,0.24,14.1,23.71,54.42,-30.71,87.5,100.0,0,SIMULATED
2026-08-30 21:15:00,standard,29.02,62.3,0.0,0,9.17,0.24,14.1,23.51,54.1,-30.59,87.5,100.0,0,SIMULATED
2026-08-30 21:30:00,standard,28.78,63.4,0.0,0,8.99,0.24,14.1,23.33,53.8,-30.47,87.5,100.0,0,SIMULATED
2026-08-30 21:45:00,standard,28.54,64.5,0.0,0,8.78,0.24,14.1,23.12,53.49,-30.37,87.5,100.0,0,SIMULATED
2026-08-30 22:00:00,standard,28.31,65.5,0.0,0,8.61,0.24,14.1,22.95,53.22,-30.27,87.5,100.0,0,SIMULATED
2026-08-30 22:15:00,standard,28.09,66.5,0.0,0,8.43,0.24,14.1,22.77,52.94,-30.17,87.5,100.0,0,SIMULATED
2026-08-30 22:30:00,standard,27.88,67.5,0.0,0,8.27,0.24,14.1,22.61,52.82,-30.21,87.5,100.0,0,SIMULATED
2026-08-30 22:45:00,standard,27.67,68.4,0.0,0,8.13,0.24,14.1,22.47,52.82,-30.35,87.5,100.0,0,SIMULATED
2026-08-30 23:00:00,standard,27.47,69.3,0.0,0,7.96,0.24,14.1,22.3,52.82,-30.52,87.5,100.0,0,SIMULATED
2026-08-30 23:15:00,standard,27.28,70.2,0.0,0,7.82,0.24,14.1,22.16,52.82,-30.66,87.5,100.0,0,SIMULATED
2026-08-30 23:30:00,standard,27.1,71.0,0.0,0,7.71,0.24,14.1,22.05,52.82,-30.77,87.5,100.0,0,SIMULATED
2026-08-30 23:45:00,standard,26.93,71.8,0.0,0,7.57,0.24,14.1,21.91,52.82,-30.91,87.5,100.0,0,SIMULATED
2026-08-31 00:00:00,standard,26.77,72.5,0.0,0,7.45,0.24,14.1,21.79,52.82,-31.03,87.5,100.0,0,SIMULATED
2026-08-31 00:15:00,standard,26.63,73.1,0.0,0,7.37,0.24,14.1,21.71,52.82,-31.11,87.5,100.0,0,SIMULATED
2026-08-31 00:30:00,standard,26.5,73.7,0.0,0,7.26,0.24,14.1,21.6,52.82,-31.22,87.5,100.0,0,SIMULATED
2026-08-31 00:45:00,standard,26.39,74.2,0.0,0,7.2,0.24,14.1,21.54,52.82,-31.28,87.5,100.0,0,SIMULATED
2026-08-31 01:00:00,standard,26.29,74.7,0.0,0,7.13,0.24,14.1,21.47,52.82,-31.35,87.5,100.0,0,SIMULATED
2026-08-31 01:15:00,standard,26.2,75.1,0.0,0,7.05,0.24,14.1,21.39,52.82,-31.43,87.5,100.0,0,SIMULATED
2026-08-31 01:30:00,standard,26.13,75.4,0.0,0,7.0,0.24,14.1,21.34,52.82,-31.48,87.5,100.0,0,SIMULATED
2026-08-31 01:45:00,standard,26.07,75.7,0.0,0,6.95,0.24,14.1,21.29,52.82,-31.53,87.5,100.0,0,SIMULATED
2026-08-31 02:00:00,standard,26.03,75.9,0.0,0,6.92,0.24,14.1,21.26,52.82,-31.56,87.5,100.0,0,SIMULATED
2026-08-31 02:15:00,standard,26.01,76.0,0.0,0,6.89,0.24,14.1,21.23,52.82,-31.59,87.5,100.0,0,SIMULATED
2026-08-31 02:30:00,standard,26.0,76.0,0.0,0,6.87,0.24,14.1,21.21,52.82,-31.61,87.5,100.0,0,SIMULATED
2026-08-31 02:45:00,standard,26.01,76.0,0.0,0,6.87,0.24,14.1,21.21,52.82,-31.61,87.5,100.0,0,SIMULATED
2026-08-31 03:00:00,standard,26.03,75.9,0.0,0,6.86,0.24,14.1,21.2,52.82,-31.62,87.5,100.0,0,SIMULATED
2026-08-31 03:15:00,standard,26.07,75.7,0.0,0,6.87,0.24,14.1,21.21,52.82,-31.61,87.5,100.0,0,SIMULATED
2026-08-31 03:30:00,standard,26.13,75.4,0.0,0,6.9,0.24,14.1,21.24,52.82,-31.58,87.5,100.0,0,SIMULATED
2026-08-31 03:45:00,standard,26.2,75.1,0.0,0,6.93,0.24,14.1,21.27,52.82,-31.55,87.5,100.0,0,SIMULATED
2026-08-31 04:00:00,standard,26.29,74.7,0.0,0,6.97,0.24,14.1,21.31,52.82,-31.51,87.5,100.0,0,SIMULATED
2026-08-31 04:15:00,standard,26.39,74.2,0.0,0,7.03,0.24,14.1,21.37,52.82,-31.45,87.5,100.0,0,SIMULATED
2026-08-31 04:30:00,standard,26.5,73.7,0.0,0,7.07,0.24,14.1,21.41,52.82,-31.41,87.5,100.0,0,SIMULATED
2026-08-31 04:45:00,standard,26.63,73.1,0.0,0,7.15,0.24,14.1,21.49,52.82,-31.33,87.5,100.0,0,SIMULATED
2026-08-31 05:00:00,standard,26.77,72.5,0.0,0,7.21,0.24,14.1,21.55,52.82,-31.27,87.5,100.0,0,SIMULATED
2026-08-31 05:15:00,standard,26.93,71.8,0.0,0,7.31,0.24,14.1,21.65,52.82,-31.17,87.5,100.0,0,SIMULATED
2026-08-31 05:30:00,standard,27.1,71.0,0.0,0,7.42,0.24,14.1,21.76,52.82,-31.06,87.5,100.0,0,SIMULATED
2026-08-31 05:45:00,standard,27.28,70.2,0.0,0,7.49,0.24,14.1,21.83,52.82,-30.99,87.5,100.0,0,SIMULATED
2026-08-31 06:00:00,standard,27.47,69.3,0.0,0,7.6,0.24,14.1,21.94,52.82,-30.88,87.5,100.0,0,SIMULATED
2026-08-31 06:15:00,standard,27.67,68.4,53.4,0,8.31,0.24,14.1,22.65,52.82,-30.17,87.5,100.0,0,SIMULATED
2026-08-31 06:30:00,standard,27.88,67.5,106.5,0,9.0,0.24,14.1,23.34,52.82,-29.48,87.5,100.0,0,SIMULATED
2026-08-31 06:45:00,standard,28.09,66.5,159.3,0,9.7,0.24,14.1,24.04,52.94,-28.9,87.5,100.0,0,SIMULATED
2026-08-31 07:00:00,standard,28.31,65.5,211.4,0,10.7,1.52,14.1,26.33,53.22,-26.89,87.5,100.0,0,SIMULATED
2026-08-31 07:15:00,standard,28.54,64.5,262.7,0,11.4,1.52,14.1,27.03,53.49,-26.46,87.5,100.0,0,SIMULATED
2026-08-31 07:30:00,standard,28.78,63.4,312.9,0,12.11,1.52,14.1,27.72,53.8,-26.08,87.5,100.0,0,SIMULATED
2026-08-31 07:45:00,standard,29.02,62.3,361.9,0,12.8,1.52,14.1,28.42,54.1,-25.68,87.5,100.0,0,SIMULATED
2026-08-31 08:00:00,standard,29.26,61.2,409.5,3,13.68,1.85,14.1,29.62,54.42,-24.8,87.5,100.0,0,SIMULATED
2026-08-31 08:15:00,standard,29.5,60.1,455.5,6,14.75,3.21,14.1,32.05,54.7,-22.65,87.5,100.0,0,SIMULATED
2026-08-31 08:30:00,standard,29.75,59.0,499.6,12,15.79,3.99,14.1,33.87,55.02,-21.15,87.5,100.0,0,SIMULATED
2026-08-31 08:45:00,standard,30.0,57.9,541.8,18,16.76,5.09,14.1,35.95,55.34,-19.39,87.5,100.0,0,SIMULATED
2026-08-31 09:00:00,standard,30.24,56.8,581.9,43,17.5,6.0,14.1,37.6,55.64,-18.04,87.5,100.0,0,SIMULATED
2026-08-31 09:15:00,standard,30.48,55.7,619.6,47,17.71,6.0,14.1,37.81,55.93,-18.12,87.5,100.0,0,SIMULATED
2026-08-31 09:30:00,standard,30.72,54.6,654.9,69,18.29,6.6,14.1,38.99,56.24,-17.25,87.5,100.0,0,SIMULATED
2026-08-31 09:45:00,standard,30.96,53.5,687.7,67,18.47,6.6,14.1,39.17,56.51,-17.34,87.5,100.0,0,SIMULATED
2026-08-31 10:00:00,standard,31.19,52.5,717.7,79,18.8,6.42,14.1,39.32,56.82,-17.5,87.5,100.0,0,SIMULATED
2026-08-31 10:15:00,standard,31.41,51.5,744.9,78,18.93,6.42,14.1,39.45,57.1,-17.65,87.5,100.0,0,SIMULATED
2026-08-31 10:30:00,standard,31.62,50.5,769.1,70,18.58,5.82,14.1,38.5,57.36,-18.86,87.5,100.0,0,SIMULATED
2026-08-31 10:45:00,standard,31.83,49.6,790.3,70,18.65,5.82,14.1,38.57,57.62,-19.05,87.5,100.0,0,SIMULATED
2026-08-31 11:00:00,standard,32.03,48.7,808.4,72,18.8,5.82,14.1,38.72,57.87,-19.15,87.5,100.0,0,SIMULATED
2026-08-31 11:15:00,standard,32.22,47.8,823.3,71,18.89,5.82,14.1,38.81,58.1,-19.29,87.5,100.0,0,SIMULATED
2026-08-31 11:30:00,standard,32.4,47.0,834.9,80,19.34,6.42,14.1,39.86,58.31,-18.45,87.5,100.0,0,SIMULATED
2026-08-31 11:45:00,standard,32.57,46.2,843.3,69,18.96,5.82,14.1,38.88,58.53,-19.65,87.5,100.0,0,SIMULATED
2026-08-31 12:00:00,standard,32.73,45.5,848.3,91,19.87,6.6,14.1,40.57,58.74,-18.17,87.5,100.0,0,SIMULATED
2026-08-31 12:15:00,standard,32.87,44.9,850.0,93,19.96,6.6,14.1,40.66,58.92,-18.26,87.5,100.0,0,SIMULATED
2026-08-31 12:30:00,standard,33.0,44.3,848.3,73,19.62,6.0,14.1,39.72,59.07,-19.35,87.5,100.0,0,SIMULATED
2026-08-31 12:45:00,standard,33.11,43.8,843.3,70,19.64,6.0,14.1,39.74,59.22,-19.48,87.5,100.0,0,SIMULATED
2026-08-31 13:00:00,standard,33.21,43.3,834.9,64,19.69,6.0,14.1,39.79,59.34,-19.55,87.5,100.0,0,SIMULATED
2026-08-31 13:15:00,standard,33.3,42.9,823.3,68,19.74,6.0,14.1,39.84,59.46,-19.62,87.5,100.0,0,SIMULATED
2026-08-31 13:30:00,standard,33.37,42.6,808.4,74,20.17,6.6,14.1,40.87,59.54,-18.67,87.5,100.0,0,SIMULATED
2026-08-31 13:45:00,standard,33.43,42.3,790.3,76,20.24,6.6,14.1,40.94,59.62,-18.68,87.5,100.0,0,SIMULATED
2026-08-31 14:00:00,standard,33.47,42.1,769.1,73,19.65,6.5,14.1,40.25,59.67,-19.42,75.0,100.0,1,SIMULATED
2026-08-31 14:15:00,standard,33.49,42.0,744.9,70,19.61,6.5,14.1,40.21,59.7,-19.49,75.0,100.0,1,SIMULATED
2026-08-31 14:30:00,standard,33.5,42.0,717.7,71,19.62,6.5,14.1,40.22,59.7,-19.48,62.5,100.0,1,SIMULATED
2026-08-31 14:45:00,standard,33.49,42.0,687.7,71,19.61,6.5,14.1,40.21,59.7,-19.49,62.5,100.0,1,SIMULATED
2026-08-31 15:00:00,standard,33.47,42.1,654.9,72,19.48,5.82,14.1,39.4,59.67,-20.27,62.5,100.0,0,SIMULATED
2026-08-31 15:15:00,standard,33.43,42.3,619.6,71,19.43,5.82,14.1,39.35,59.62,-20.27,62.5,100.0,0,SIMULATED
2026-08-31 15:30:00,standard,33.37,42.6,581.9,70,19.41,6.0,14.1,39.51,59.54,-20.03,62.5,100.0,0,SIMULATED
2026-08-31 15:45:00,standard,33.3,42.9,541.8,73,19.44,6.0,14.1,39.54,59.46,-19.92,62.5,100.0,0,SIMULATED
2026-08-31 16:00:00,standard,33.21,43.3,499.6,71,19.33,6.0,14.1,39.43,59.34,-19.91,62.5,100.0,0,SIMULATED
2026-08-31 16:15:00,standard,33.11,43.8,455.5,70,19.26,6.0,14.1,39.36,59.22,-19.86,62.5,100.0,0,SIMULATED
2026-08-31 16:30:00,standard,33.0,44.3,409.5,80,19.67,6.6,14.1,40.37,59.07,-18.7,62.5,100.0,0,SIMULATED
2026-08-31 16:45:00,standard,32.87,44.9,361.9,79,19.58,6.6,14.1,40.28,58.92,-18.64,62.5,100.0,0,SIMULATED
2026-08-31 17:00:00,standard,32.73,45.5,312.9,65,18.91,6.6,14.1,39.61,58.74,-19.13,62.5,100.0,0,SIMULATED
2026-08-31 17:15:00,standard,32.57,46.2,262.7,65,18.65,6.6,14.1,39.35,58.53,-19.18,62.5,100.0,0,SIMULATED
2026-08-31 17:30:00,standard,32.4,47.0,211.4,56,17.92,6.0,14.1,38.02,58.31,-20.29,62.5,100.0,0,SIMULATED
2026-08-31 17:45:00,standard,32.22,47.8,159.3,54,17.64,6.0,14.1,37.74,58.1,-20.36,62.5,100.0,0,SIMULATED
2026-08-31 18:00:00,standard,32.03,48.7,106.5,51,17.38,6.0,14.1,37.48,57.87,-20.39,62.5,100.0,0,SIMULATED
2026-08-31 18:15:00,standard,31.83,49.6,53.4,47,17.04,6.0,14.1,37.14,57.62,-20.48,75.0,100.0,0,SIMULATED
2026-08-31 18:30:00,standard,31.62,50.5,0.0,40,16.41,5.09,14.1,35.6,57.36,-21.76,87.5,100.0,0,SIMULATED
2026-08-31 18:45:00,standard,31.41,51.5,0.0,34,15.99,5.09,14.1,35.18,57.1,-21.92,87.5,100.0,0,SIMULATED
2026-08-31 19:00:00,standard,31.19,52.5,0.0,22,15.14,3.98,14.1,33.22,56.82,-23.6,87.5,100.0,0,SIMULATED
2026-08-31 19:15:00,standard,30.96,53.5,0.0,16,14.73,3.98,14.1,32.81,56.51,-23.7,87.5,100.0,0,SIMULATED
2026-08-31 19:30:00,standard,30.72,54.6,0.0,10,13.79,2.62,14.1,30.51,56.24,-25.73,87.5,100.0,0,SIMULATED
2026-08-31 19:45:00,standard,30.48,55.7,0.0,8,13.29,2.62,14.1,30.01,55.93,-25.92,87.5,100.0,0,SIMULATED
2026-08-31 20:00:00,standard,30.24,56.8,0.0,4,12.53,1.6,14.1,28.23,55.64,-27.41,87.5,100.0,0,SIMULATED
2026-08-31 20:15:00,standard,30.0,57.9,0.0,3,12.09,1.6,14.1,27.79,55.34,-27.55,87.5,100.0,0,SIMULATED
2026-08-31 20:30:00,standard,29.75,59.0,0.0,0,11.32,0.24,14.1,25.66,55.02,-29.36,87.5,100.0,0,SIMULATED
2026-08-31 20:45:00,standard,29.5,60.1,0.0,0,10.97,0.24,14.1,25.31,54.7,-29.39,87.5,100.0,0,SIMULATED
2026-08-31 21:00:00,standard,29.26,61.2,0.0,0,10.64,0.24,14.1,24.98,54.42,-29.44,87.5,100.0,0,SIMULATED
2026-08-31 21:15:00,standard,29.02,62.3,0.0,0,10.32,0.24,14.1,24.66,54.1,-29.44,87.5,100.0,0,SIMULATED
2026-08-31 21:30:00,standard,28.78,63.4,0.0,0,10.04,0.24,14.1,24.38,53.8,-29.42,87.5,100.0,0,SIMULATED
2026-08-31 21:45:00,standard,28.54,64.5,0.0,0,9.76,0.24,14.1,24.1,53.49,-29.39,87.5,100.0,0,SIMULATED
2026-08-31 22:00:00,standard,28.31,65.5,0.0,0,9.5,0.24,14.1,23.84,53.22,-29.38,87.5,100.0,0,SIMULATED
2026-08-31 22:15:00,standard,28.09,66.5,0.0,0,9.23,0.24,14.1,23.57,52.94,-29.37,87.5,100.0,0,SIMULATED
2026-08-31 22:30:00,standard,27.88,67.5,0.0,0,9.01,0.24,14.1,23.35,52.82,-29.47,87.5,100.0,0,SIMULATED
2026-08-31 22:45:00,standard,27.67,68.4,0.0,0,8.81,0.24,14.1,23.15,52.82,-29.67,87.5,100.0,0,SIMULATED
2026-08-31 23:00:00,standard,27.47,69.3,0.0,0,8.59,0.24,14.1,22.93,52.82,-29.89,87.5,100.0,0,SIMULATED
2026-08-31 23:15:00,standard,27.28,70.2,0.0,0,8.4,0.24,14.1,22.74,52.82,-30.08,87.5,100.0,0,SIMULATED
2026-08-31 23:30:00,standard,27.1,71.0,0.0,0,8.24,0.24,14.1,22.58,52.82,-30.24,87.5,100.0,0,SIMULATED
2026-08-31 23:45:00,standard,26.93,71.8,0.0,0,8.07,0.24,14.1,22.41,52.82,-30.41,87.5,100.0,0,SIMULATED
2026-09-01 00:00:00,standard,26.77,72.5,0.0,0,7.9,0.24,14.1,22.24,52.82,-30.58,87.5,100.0,0,SIMULATED
2026-09-01 00:15:00,standard,26.63,73.1,0.0,0,7.79,0.24,14.1,22.13,52.82,-30.69,87.5,100.0,0,SIMULATED
2026-09-01 00:30:00,standard,26.5,73.7,0.0,0,7.65,0.24,14.1,21.99,52.82,-30.83,87.5,100.0,0,SIMULATED
2026-09-01 00:45:00,standard,26.39,74.2,0.0,0,7.55,0.24,14.1,21.89,52.82,-30.93,87.5,100.0,0,SIMULATED
2026-09-01 01:00:00,standard,26.29,74.7,0.0,0,7.45,0.24,14.1,21.79,52.82,-31.03,87.5,100.0,0,SIMULATED
2026-09-01 01:15:00,standard,26.2,75.1,0.0,0,7.35,0.24,14.1,21.69,52.82,-31.13,87.5,100.0,0,SIMULATED
2026-09-01 01:30:00,standard,26.13,75.4,0.0,0,7.28,0.24,14.1,21.62,52.82,-31.2,87.5,100.0,0,SIMULATED
2026-09-01 01:45:00,standard,26.07,75.7,0.0,0,7.2,0.24,14.1,21.54,52.82,-31.28,87.5,100.0,0,SIMULATED
2026-09-01 02:00:00,standard,26.03,75.9,0.0,0,7.15,0.24,14.1,21.49,52.82,-31.33,87.5,100.0,0,SIMULATED
2026-09-01 02:15:00,standard,26.01,76.0,0.0,0,7.11,0.24,14.1,21.45,52.82,-31.37,87.5,100.0,0,SIMULATED
2026-09-01 02:30:00,standard,26.0,76.0,0.0,0,7.08,0.24,14.1,21.42,52.82,-31.4,87.5,100.0,0,SIMULATED
2026-09-01 02:45:00,standard,26.01,76.0,0.0,0,7.06,0.24,14.1,21.4,52.82,-31.42,87.5,100.0,0,SIMULATED
2026-09-01 03:00:00,standard,26.03,75.9,0.0,0,7.04,0.24,14.1,21.38,52.82,-31.44,87.5,100.0,0,SIMULATED
2026-09-01 03:15:00,standard,26.07,75.7,0.0,0,7.03,0.24,14.1,21.37,52.82,-31.45,87.5,100.0,0,SIMULATED
2026-09-01 03:30:00,standard,26.13,75.4,0.0,0,7.05,0.24,14.1,21.39,52.82,-31.43,87.5,100.0,0,SIMULATED
2026-09-01 03:45:00,standard,26.2,75.1,0.0,0,7.07,0.24,14.1,21.41,52.82,-31.41,87.5,100.0,0,SIMULATED
2026-09-01 04:00:00,standard,26.29,74.7,0.0,0,7.11,0.24,14.1,21.45,52.82,-31.37,87.5,100.0,0,SIMULATED
2026-09-01 04:15:00,standard,26.39,74.2,0.0,0,7.14,0.24,14.1,21.48,52.82,-31.34,87.5,100.0,0,SIMULATED
2026-09-01 04:30:00,standard,26.5,73.7,0.0,0,7.18,0.24,14.1,21.52,52.82,-31.3,87.5,100.0,0,SIMULATED
2026-09-01 04:45:00,standard,26.63,73.1,0.0,0,7.24,0.24,14.1,21.58,52.82,-31.24,87.5,100.0,0,SIMULATED
2026-09-01 05:00:00,standard,26.77,72.5,0.0,0,7.28,0.24,14.1,21.62,52.82,-31.2,87.5,100.0,0,SIMULATED
2026-09-01 05:15:00,standard,26.93,71.8,0.0,0,7.36,0.24,14.1,21.7,52.82,-31.12,87.5,100.0,0,SIMULATED
2026-09-01 05:30:00,standard,27.1,71.0,0.0,0,7.46,0.24,14.1,21.8,52.82,-31.02,87.5,100.0,0,SIMULATED
2026-09-01 05:45:00,standard,27.28,70.2,0.0,0,7.53,0.24,14.1,21.87,52.82,-30.95,87.5,100.0,0,SIMULATED
2026-09-01 06:00:00,standard,27.47,69.3,0.0,0,7.63,0.24,14.1,21.97,52.82,-30.85,87.5,100.0,0,SIMULATED
2026-09-01 06:15:00,standard,27.67,68.4,53.4,0,8.32,0.24,14.1,22.66,52.82,-30.16,87.5,100.0,0,SIMULATED
2026-09-01 06:30:00,standard,27.88,67.5,106.5,0,9.01,0.24,14.1,23.35,52.82,-29.47,87.5,100.0,0,SIMULATED
2026-09-01 06:45:00,standard,28.09,66.5,159.3,0,9.7,0.24,14.1,24.04,52.94,-28.9,87.5,100.0,0,SIMULATED
2026-09-01 07:00:00,standard,28.31,65.5,211.4,0,10.7,1.52,14.1,26.33,53.22,-26.89,87.5,100.0,0,SIMULATED
2026-09-01 07:15:00,standard,28.54,64.5,262.7,0,11.4,1.52,14.1,27.03,53.49,-26.46,87.5,100.0,0,SIMULATED
2026-09-01 07:30:00,standard,28.78,63.4,312.9,0,12.11,1.52,14.1,27.72,53.8,-26.08,87.5,100.0,0,SIMULATED
2026-09-01 07:45:00,standard,29.02,62.3,361.9,0,12.8,1.52,14.1,28.42,54.1,-25.68,87.5,100.0,0,SIMULATED
2026-09-01 08:00:00,standard,29.26,61.2,409.5,2,13.65,1.85,14.1,29.59,54.42,-24.83,87.5,100.0,0,SIMULATED
2026-09-01 08:15:00,standard,29.5,60.1,455.5,4,14.69,3.21,14.1,31.99,54.7,-22.71,87.5,100.0,0,SIMULATED
2026-09-01 08:30:00,standard,29.75,59.0,499.6,12,15.79,3.99,14.1,33.87,55.02,-21.15,87.5,100.0,0,SIMULATED
2026-09-01 08:45:00,standard,30.0,57.9,541.8,17,16.76,5.09,14.1,35.95,55.34,-19.39,87.5,100.0,0,SIMULATED
2026-09-01 09:00:00,standard,30.24,56.8,581.9,46,17.53,6.0,14.1,37.63,55.64,-18.01,87.5,100.0,0,SIMULATED
2026-09-01 09:15:00,standard,30.48,55.7,619.6,50,17.77,6.0,14.1,37.87,55.93,-18.06,87.5,100.0,0,SIMULATED
2026-09-01 09:30:00,standard,30.72,54.6,654.9,69,18.33,6.6,14.1,39.03,56.24,-17.21,87.5,100.0,0,SIMULATED
2026-09-01 09:45:00,standard,30.96,53.5,687.7,69,18.47,6.6,14.1,39.17,56.51,-17.34,87.5,100.0,0,SIMULATED
2026-09-01 10:00:00,standard,31.19,52.5,717.7,77,18.74,6.42,14.1,39.26,56.82,-17.56,87.5,100.0,0,SIMULATED
2026-09-01 10:15:00,standard,31.41,51.5,744.9,74,18.8,6.42,14.1,39.32,57.1,-17.78,87.5,100.0,0,SIMULATED
2026-09-01 10:30:00,standard,31.62,50.5,769.1,71,18.58,5.82,14.1,38.5,57.36,-18.86,87.5,100.0,0,SIMULATED
2026-09-01 10:45:00,standard,31.83,49.6,790.3,70,18.68,5.82,14.1,38.6,57.62,-19.02,87.5,100.0,0,SIMULATED
2026-09-01 11:00:00,standard,32.03,48.7,808.4,72,18.8,5.82,14.1,38.72,57.87,-19.15,87.5,100.0,0,SIMULATED
2026-09-01 11:15:00,standard,32.22,47.8,823.3,70,18.86,5.82,14.1,38.78,58.1,-19.32,87.5,100.0,0,SIMULATED
2026-09-01 11:30:00,standard,32.4,47.0,834.9,79,19.38,6.42,14.1,39.9,58.31,-18.41,87.5,100.0,0,SIMULATED
2026-09-01 11:45:00,standard,32.57,46.2,843.3,67,18.89,5.82,14.1,38.81,58.53,-19.72,87.5,100.0,0,SIMULATED
2026-09-01 12:00:00,standard,32.73,45.5,848.3,90,19.84,6.6,14.1,40.54,58.74,-18.2,87.5,100.0,0,SIMULATED
2026-09-01 12:15:00,standard,32.87,44.9,850.0,91,19.93,6.6,14.1,40.63,58.92,-18.29,87.5,100.0,0,SIMULATED
2026-09-01 12:30:00,standard,33.0,44.3,848.3,72,19.55,6.0,14.1,39.65,59.07,-19.42,87.5,100.0,0,SIMULATED
2026-09-01 12:45:00,standard,33.11,43.8,843.3,72,19.64,6.0,14.1,39.74,59.22,-19.48,87.5,100.0,0,SIMULATED
2026-09-01 13:00:00,standard,33.21,43.3,834.9,65,19.69,6.0,14.1,39.79,59.34,-19.55,87.5,100.0,0,SIMULATED
2026-09-01 13:15:00,standard,33.3,42.9,823.3,66,19.77,6.0,14.1,39.87,59.46,-19.59,87.5,100.0,0,SIMULATED
2026-09-01 13:30:00,standard,33.37,42.6,808.4,74,20.17,6.6,14.1,40.87,59.54,-18.67,87.5,100.0,0,SIMULATED
2026-09-01 13:45:00,standard,33.43,42.3,790.3,73,20.21,6.6,14.1,40.91,59.62,-18.71,87.5,100.0,0,SIMULATED
2026-09-01 14:00:00,standard,33.47,42.1,769.1,69,19.61,6.5,14.1,40.21,59.67,-19.46,75.0,100.0,1,SIMULATED
2026-09-01 14:15:00,standard,33.49,42.0,744.9,72,19.65,6.5,14.1,40.25,59.7,-19.45,75.0,100.0,1,SIMULATED
2026-09-01 14:30:00,standard,33.5,42.0,717.7,72,19.61,6.5,14.1,40.21,59.7,-19.49,62.5,100.0,1,SIMULATED
2026-09-01 14:45:00,standard,33.49,42.0,687.7,73,19.61,6.5,14.1,40.21,59.7,-19.49,62.5,100.0,1,SIMULATED
2026-09-01 15:00:00,standard,33.47,42.1,654.9,73,19.48,5.82,14.1,39.4,59.67,-20.27,62.5,100.0,0,SIMULATED
2026-09-01 15:15:00,standard,33.43,42.3,619.6,73,19.5,5.82,14.1,39.42,59.62,-20.2,62.5,100.0,0,SIMULATED
2026-09-01 15:30:00,standard,33.37,42.6,581.9,70,19.41,6.0,14.1,39.51,59.54,-20.03,62.5,100.0,0,SIMULATED
2026-09-01 15:45:00,standard,33.3,42.9,541.8,69,19.38,6.0,14.1,39.48,59.46,-19.98,62.5,100.0,0,SIMULATED
2026-09-01 16:00:00,standard,33.21,43.3,499.6,72,19.33,6.0,14.1,39.43,59.34,-19.91,62.5,100.0,0,SIMULATED
2026-09-01 16:15:00,standard,33.11,43.8,455.5,70,19.29,6.0,14.1,39.39,59.22,-19.83,62.5,100.0,0,SIMULATED
2026-09-01 16:30:00,standard,33.0,44.3,409.5,77,19.6,6.6,14.1,40.3,59.07,-18.77,62.5,100.0,0,SIMULATED
2026-09-01 16:45:00,standard,32.87,44.9,361.9,80,19.61,6.6,14.1,40.31,58.92,-18.61,62.5,100.0,0,SIMULATED
2026-09-01 17:00:00,standard,32.73,45.5,312.9,67,18.96,6.6,14.1,39.66,58.74,-19.08,62.5,100.0,0,SIMULATED
2026-09-01 17:15:00,standard,32.57,46.2,262.7,65,18.6,6.6,14.1,39.3,58.53,-19.23,62.5,100.0,0,SIMULATED
2026-09-01 17:30:00,standard,32.4,47.0,211.4,57,17.91,6.0,14.1,38.01,58.31,-20.3,62.5,100.0,0,SIMULATED
2026-09-01 17:45:00,standard,32.22,47.8,159.3,55,17.62,6.0,14.1,37.72,58.1,-20.38,62.5,100.0,0,SIMULATED
2026-09-01 18:00:00,standard,32.03,48.7,106.5,52,17.37,6.0,14.1,37.47,57.87,-20.4,62.5,100.0,0,SIMULATED
2026-09-01 18:15:00,standard,31.83,49.6,53.4,46,17.06,6.0,14.1,37.16,57.62,-20.46,75.0,100.0,0,SIMULATED
2026-09-01 18:30:00,standard,31.62,50.5,0.0,40,16.4,5.09,14.1,35.59,57.36,-21.77,87.5,100.0,0,SIMULATED
2026-09-01 18:45:00,standard,31.41,51.5,0.0,35,16.05,5.09,14.1,35.24,57.1,-21.86,87.5,100.0,0,SIMULATED
2026-09-01 19:00:00,standard,31.19,52.5,0.0,22,15.17,3.98,14.1,33.25,56.82,-23.57,87.5,100.0,0,SIMULATED
2026-09-01 19:15:00,standard,30.96,53.5,0.0,15,14.76,3.98,14.1,32.84,56.51,-23.67,87.5,100.0,0,SIMULATED
2026-09-01 19:30:00,standard,30.72,54.6,0.0,10,13.85,2.62,14.1,30.57,56.24,-25.67,87.5,100.0,0,SIMULATED
2026-09-01 19:45:00,standard,30.48,55.7,0.0,7,13.32,2.62,14.1,30.04,55.93,-25.89,87.5,100.0,0,SIMULATED
2026-09-01 20:00:00,standard,30.24,56.8,0.0,4,12.58,1.6,14.1,28.28,55.64,-27.36,87.5,100.0,0,SIMULATED
2026-09-01 20:15:00,standard,30.0,57.9,0.0,2,12.11,1.6,14.1,27.81,55.34,-27.53,87.5,100.0,0,SIMULATED
2026-09-01 20:30:00,standard,29.75,59.0,0.0,0,11.36,0.24,14.1,25.7,55.02,-29.32,87.5,100.0,0,SIMULATED
2026-09-01 20:45:00,standard,29.5,60.1,0.0,0,11.01,0.24,14.1,25.35,54.7,-29.35,87.5,100.0,0,SIMULATED
2026-09-01 21:00:00,standard,29.26,61.2,0.0,0,10.68,0.24,14.1,25.02,54.42,-29.4,87.5,100.0,0,SIMULATED
2026-09-01 21:15:00,standard,29.02,62.3,0.0,0,10.36,0.24,14.1,24.7,54.1,-29.4,87.5,100.0,0,SIMULATED
2026-09-01 21:30:00,standard,28.78,63.4,0.0,0,10.08,0.24,14.1,24.42,53.8,-29.38,87.5,100.0,0,SIMULATED
2026-09-01 21:45:00,standard,28.54,64.5,0.0,0,9.78,0.24,14.1,24.12,53.49,-29.37,87.5,100.0,0,SIMULATED
2026-09-01 22:00:00,standard,28.31,65.5,0.0,0,9.53,0.24,14.1,23.87,53.22,-29.35,87.5,100.0,0,SIMULATED
2026-09-01 22:15:00,standard,28.09,66.5,0.0,0,9.25,0.24,14.1,23.59,52.94,-29.35,87.5,100.0,0,SIMULATED
2026-09-01 22:30:00,standard,27.88,67.5,0.0,0,9.03,0.24,14.1,23.37,52.82,-29.45,87.5,100.0,0,SIMULATED
2026-09-01 22:45:00,standard,27.67,68.4,0.0,0,8.83,0.24,14.1,23.17,52.82,-29.65,87.5,100.0,0,SIMULATED
2026-09-01 23:00:00,standard,27.47,69.3,0.0,0,8.62,0.24,14.1,22.96,52.82,-29.86,87.5,100.0,0,SIMULATED
2026-09-01 23:15:00,standard,27.28,70.2,0.0,0,8.42,0.24,14.1,22.76,52.82,-30.06,87.5,100.0,0,SIMULATED
2026-09-01 23:30:00,standard,27.1,71.0,0.0,0,8.26,0.24,14.1,22.6,52.82,-30.22,87.5,100.0,0,SIMULATED
2026-09-01 23:45:00,standard,26.93,71.8,0.0,0,8.09,0.24,14.1,22.43,52.82,-30.39,87.5,100.0,0,SIMULATED
2026-09-02 00:00:00,standard,26.77,72.5,0.0,0,7.92,0.24,14.1,22.26,52.82,-30.56,87.5,100.0,0,SIMULATED
2026-09-02 00:15:00,standard,26.63,73.1,0.0,0,7.81,0.24,14.1,22.15,52.82,-30.67,87.5,100.0,0,SIMULATED
2026-09-02 00:30:00,standard,26.5,73.7,0.0,0,7.66,0.24,14.1,22.0,52.82,-30.82,87.5,100.0,0,SIMULATED
2026-09-02 00:45:00,standard,26.39,74.2,0.0,0,7.56,0.24,14.1,21.9,52.82,-30.92,87.5,100.0,0,SIMULATED
2026-09-02 01:00:00,standard,26.29,74.7,0.0,0,7.46,0.24,14.1,21.8,52.82,-31.02,87.5,100.0,0,SIMULATED
2026-09-02 01:15:00,standard,26.2,75.1,0.0,0,7.36,0.24,14.1,21.7,52.82,-31.12,87.5,100.0,0,SIMULATED
2026-09-02 01:30:00,standard,26.13,75.4,0.0,0,7.29,0.24,14.1,21.63,52.82,-31.19,87.5,100.0,0,SIMULATED
2026-09-02 01:45:00,standard,26.07,75.7,0.0,0,7.21,0.24,14.1,21.55,52.82,-31.27,87.5,100.0,0,SIMULATED
2026-09-02 02:00:00,standard,26.03,75.9,0.0,0,7.16,0.24,14.1,21.5,52.82,-31.32,87.5,100.0,0,SIMULATED
2026-09-02 02:15:00,standard,26.01,76.0,0.0,0,7.12,0.24,14.1,21.46,52.82,-31.36,87.5,100.0,0,SIMULATED
2026-09-02 02:30:00,standard,26.0,76.0,0.0,0,7.09,0.24,14.1,21.43,52.82,-31.39,87.5,100.0,0,SIMULATED
2026-09-02 02:45:00,standard,26.01,76.0,0.0,0,7.07,0.24,14.1,21.41,52.82,-31.41,87.5,100.0,0,SIMULATED
2026-09-02 03:00:00,standard,26.03,75.9,0.0,0,7.05,0.24,14.1,21.39,52.82,-31.43,87.5,100.0,0,SIMULATED
2026-09-02 03:15:00,standard,26.07,75.7,0.0,0,7.04,0.24,14.1,21.38,52.82,-31.44,87.5,100.0,0,SIMULATED
2026-09-02 03:30:00,standard,26.13,75.4,0.0,0,7.06,0.24,14.1,21.4,52.82,-31.42,87.5,100.0,0,SIMULATED
2026-09-02 03:45:00,standard,26.2,75.1,0.0,0,7.08,0.24,14.1,21.42,52.82,-31.4,87.5,100.0,0,SIMULATED
2026-09-02 04:00:00,standard,26.29,74.7,0.0,0,7.12,0.24,14.1,21.46,52.82,-31.36,87.5,100.0,0,SIMULATED
2026-09-02 04:15:00,standard,26.39,74.2,0.0,0,7.15,0.24,14.1,21.49,52.82,-31.33,87.5,100.0,0,SIMULATED
2026-09-02 04:30:00,standard,26.5,73.7,0.0,0,7.19,0.24,14.1,21.53,52.82,-31.29,87.5,100.0,0,SIMULATED
2026-09-02 04:45:00,standard,26.63,73.1,0.0,0,7.25,0.24,14.1,21.59,52.82,-31.23,87.5,100.0,0,SIMULATED
2026-09-02 05:00:00,standard,26.77,72.5,0.0,0,7.29,0.24,14.1,21.63,52.82,-31.19,87.5,100.0,0,SIMULATED
2026-09-02 05:15:00,standard,26.93,71.8,0.0,0,7.37,0.24,14.1,21.71,52.82,-31.11,87.5,100.0,0,SIMULATED
2026-09-02 05:30:00,standard,27.1,71.0,0.0,0,7.47,0.24,14.1,21.81,52.82,-31.01,87.5,100.0,0,SIMULATED
2026-09-02 05:45:00,standard,27.28,70.2,0.0,0,7.54,0.24,14.1,21.88,52.82,-30.94,87.5,100.0,0,SIMULATED
2026-09-02 06:00:00,standard,27.47,69.3,0.0,0,7.63,0.24,14.1,21.97,52.82,-30.85,87.5,100.0,0,SIMULATED
2026-09-02 06:15:00,standard,27.67,68.4,53.4,0,8.33,0.24,14.1,22.67,52.82,-30.15,87.5,100.0,0,SIMULATED
2026-09-02 06:30:00,standard,27.88,67.5,106.5,0,9.02,0.24,14.1,23.36,52.82,-29.46,87.5,100.0,0,SIMULATED
2026-09-02 06:45:00,standard,28.09,66.5,159.3,0,9.71,0.24,14.1,24.05,52.94,-28.89,87.5,100.0,0,SIMULATED
2026-09-02 07:00:00,standard,28.31,65.5,211.4,0,10.7,1.52,14.1,26.33,53.22,-26.89,87.5,100.0,0,SIMULATED
2026-09-02 07:15:00,standard,28.54,64.5,262.7,0,11.4,1.52,14.1,27.03,53.49,-26.46,87.5,100.0,0,SIMULATED
2026-09-02 07:30:00,standard,28.78,63.4,312.9,0,12.11,1.52,14.1,27.72,53.8,-26.08,87.5,100.0,0,SIMULATED
2026-09-02 07:45:00,standard,29.02,62.3,361.9,0,12.8,1.52,14.1,28.42,54.1,-25.68,87.5,100.0,0,SIMULATED
2026-09-02 08:00:00,standard,29.26,61.2,409.5,3,13.68,1.85,14.1,29.62,54.42,-24.8,87.5,100.0,0,SIMULATED
2026-09-02 08:15:00,standard,29.5,60.1,455.5,4,14.69,3.21,14.1,31.99,54.7,-22.71,87.5,100.0,0,SIMULATED
2026-09-02 08:30:00,standard,29.75,59.0,499.6,13,15.82,3.99,14.1,33.9,55.02,-21.12,87.5,100.0,0,SIMULATED
2026-09-02 08:45:00,standard,30.0,57.9,541.8,18,16.79,5.09,14.1,35.98,55.34,-19.36,87.5,100.0,0,SIMULATED
2026-09-02 09:00:00,standard,30.24,56.8,581.9,46,17.53,6.0,14.1,37.63,55.64,-18.01,87.5,100.0,0,SIMULATED
2026-09-02 09:15:00,standard,30.48,55.7,619.6,48,17.73,6.0,14.1,37.83,55.93,-18.1,87.5,100.0,0,SIMULATED
2026-09-02 09:30:00,standard,30.72,54.6,654.9,70,18.33,6.6,14.1,39.03,56.24,-17.21,87.5,100.0,0,SIMULATED
2026-09-02 09:45:00,standard,30.96,53.5,687.7,68,18.47,6.6,14.1,39.17,56.51,-17.34,87.5,100.0,0,SIMULATED
2026-09-02 10:00:00,standard,31.19,52.5,717.7,78,18.8,6.42,14.1,39.32,56.82,-17.5,87.5,100.0,0,SIMULATED
2026-09-02 10:15:00,standard,31.41,51.5,744.9,78,18.86,6.42,14.1,39.38,57.1,-17.72,87.5,100.0,0,SIMULATED
2026-09-02 10:30:00,standard,31.62,50.5,769.1,70,18.55,5.82,14.1,38.47,57.36,-18.89,87.5,100.0,0,SIMULATED
2026-09-02 10:45:00,standard,31.83,49.6,790.3,72,18.71,5.82,14.1,38.63,57.62,-18.99,87.5,100.0,0,SIMULATED
2026-09-02 11:00:00,standard,32.03,48.7,808.4,73,18.83,5.82,14.1,38.75,57.87,-19.12,87.5,100.0,0,SIMULATED
2026-09-02 11:15:00,standard,32.22,47.8,823.3,73,18.92,5.82,14.1,38.84,58.1,-19.26,87.5,100.0,0,SIMULATED
2026-09-02 11:30:00,standard,32.4,47.0,834.9,75,19.32,6.42,14.1,39.84,58.31,-18.47,87.5,100.0,0,SIMULATED
2026-09-02 11:45:00,standard,32.57,46.2,843.3,66,18.89,5.82,14.1,38.81,58.53,-19.72,87.5,100.0,0,SIMULATED
2026-09-02 12:00:00,standard,32.73,45.5,848.3,93,19.9,6.6,14.1,40.6,58.74,-18.14,87.5,100.0,0,SIMULATED
2026-09-02 12:15:00,standard,32.87,44.9,850.0,90,19.9,6.6,14.1,40.6,58.92,-18.32,87.5,100.0,0,SIMULATED
2026-09-02 12:30:00,standard,33.0,44.3,848.3,72,19.58,6.0,14.1,39.68,59.07,-19.39,87.5,100.0,0,SIMULATED
2026-09-02 12:45:00,standard,33.11,43.8,843.3,72,19.61,6.0,14.1,39.71,59.22,-19.51,87.5,100.0,0,SIMULATED
2026-09-02 13:00:00,standard,33.21,43.3,834.9,67,19.72,6.0,14.1,39.82,59.34,-19.52,87.5,100.0,0,SIMULATED
2026-09-02 13:15:00,standard,33.3,42.9,823.3,66,19.77,6.0,14.1,39.87,59.46,-19.59,87.5,100.0,0,SIMULATED
2026-09-02 13:30:00,standard,33.37,42.6,808.4,72,20.14,6.6,14.1,40.84,59.54,-18.7,87.5,100.0,0,SIMULATED
2026-09-02 13:45:00,standard,33.43,42.3,790.3,73,20.18,6.6,14.1,40.88,59.62,-18.74,87.5,100.0,0,SIMULATED
2026-09-02 14:00:00,standard,33.47,42.1,769.1,70,19.61,6.5,14.1,40.21,59.67,-19.46,75.0,100.0,1,SIMULATED
2026-09-02 14:15:00,standard,33.49,42.0,744.9,73,19.68,6.5,14.1,40.28,59.7,-19.42,62.5,100.0,1,SIMULATED
2026-09-02 14:30:00,standard,33.5,42.0,717.7,71,19.65,6.5,14.1,40.25,59.7,-19.45,62.5,100.0,1,SIMULATED
2026-09-02 14:45:00,standard,33.49,42.0,687.7,73,19.68,6.5,14.1,40.28,59.7,-19.42,62.5,100.0,1,SIMULATED
2026-09-02 15:00:00,standard,33.47,42.1,654.9,73,19.48,5.82,14.1,39.4,59.67,-20.27,62.5,100.0,0,SIMULATED
2026-09-02 15:15:00,standard,33.43,42.3,619.6,71,19.47,5.82,14.1,39.39,59.62,-20.23,62.5,100.0,0,SIMULATED
2026-09-02 15:30:00,standard,33.37,42.6,581.9,73,19.44,6.0,14.1,39.54,59.54,-20.0,62.5,100.0,0,SIMULATED
2026-09-02 15:45:00,standard,33.3,42.9,541.8,71,19.41,6.0,14.1,39.51,59.46,-19.95,62.5,100.0,0,SIMULATED
2026-09-02 16:00:00,standard,33.21,43.3,499.6,70,19.3,6.0,14.1,39.4,59.34,-19.94,62.5,100.0,0,SIMULATED
2026-09-02 16:15:00,standard,33.11,43.8,455.5,70,19.35,6.0,14.1,39.45,59.22,-19.77,62.5,100.0,0,SIMULATED
2026-09-02 16:30:00,standard,33.0,44.3,409.5,75,19.6,6.6,14.1,40.3,59.07,-18.77,62.5,100.0,0,SIMULATED
2026-09-02 16:45:00,standard,32.87,44.9,361.9,80,19.61,6.6,14.1,40.31,58.92,-18.61,62.5,100.0,0,SIMULATED
2026-09-02 17:00:00,standard,32.73,45.5,312.9,66,18.92,6.6,14.1,39.62,58.74,-19.12,62.5,100.0,0,SIMULATED
2026-09-02 17:15:00,standard,32.57,46.2,262.7,66,18.66,6.6,14.1,39.36,58.53,-19.17,62.5,100.0,0,SIMULATED
2026-09-02 17:30:00,standard,32.4,47.0,211.4,58,17.94,6.0,14.1,38.04,58.31,-20.27,62.5,100.0,0,SIMULATED
2026-09-02 17:45:00,standard,32.22,47.8,159.3,54,17.64,6.0,14.1,37.74,58.1,-20.36,62.5,100.0,0,SIMULATED
2026-09-02 18:00:00,standard,32.03,48.7,106.5,52,17.42,6.0,14.1,37.52,57.87,-20.35,62.5,100.0,0,SIMULATED
2026-09-02 18:15:00,standard,31.83,49.6,53.4,48,17.11,6.0,14.1,37.21,57.62,-20.41,75.0,100.0,0,SIMULATED
2026-09-02 18:30:00,standard,31.62,50.5,0.0,39,16.42,5.09,14.1,35.61,57.36,-21.75,87.5,100.0,0,SIMULATED
2026-09-02 18:45:00,standard,31.41,51.5,0.0,35,16.06,5.09,14.1,35.25,57.1,-21.85,87.5,100.0,0,SIMULATED
2026-09-02 19:00:00,standard,31.19,52.5,0.0,22,15.15,3.98,14.1,33.23,56.82,-23.59,87.5,100.0,0,SIMULATED
2026-09-02 19:15:00,standard,30.96,53.5,0.0,16,14.79,3.98,14.1,32.87,56.51,-23.64,87.5,100.0,0,SIMULATED
2026-09-02 19:30:00,standard,30.72,54.6,0.0,10,13.88,2.62,14.1,30.6,56.24,-25.64,87.5,100.0,0,SIMULATED
2026-09-02 19:45:00,standard,30.48,55.7,0.0,8,13.38,2.62,14.1,30.1,55.93,-25.83,87.5,100.0,0,SIMULATED
2026-09-02 20:00:00,standard,30.24,56.8,0.0,4,12.61,1.6,14.1,28.31,55.64,-27.33,87.5,100.0,0,SIMULATED
2026-09-02 20:15:00,standard,30.0,57.9,0.0,3,12.17,1.6,14.1,27.87,55.34,-27.47,87.5,100.0,0,SIMULATED
2026-09-02 20:30:00,standard,29.75,59.0,0.0,0,11.38,0.24,14.1,25.72,55.02,-29.3,87.5,100.0,0,SIMULATED
2026-09-02 20:45:00,standard,29.5,60.1,0.0,0,11.03,0.24,14.1,25.37,54.7,-29.33,87.5,100.0,0,SIMULATED
2026-09-02 21:00:00,standard,29.26,61.2,0.0,0,10.7,0.24,14.1,25.04,54.42,-29.38,87.5,100.0,0,SIMULATED
2026-09-02 21:15:00,standard,29.02,62.3,0.0,0,10.37,0.24,14.1,24.71,54.1,-29.39,87.5,100.0,0,SIMULATED
2026-09-02 21:30:00,standard,28.78,63.4,0.0,0,10.1,0.24,14.1,24.44,53.8,-29.36,87.5,100.0,0,SIMULATED
2026-09-02 21:45:00,standard,28.54,64.5,0.0,0,9.8,0.24,14.1,24.14,53.49,-29.35,87.5,100.0,0,SIMULATED
2026-09-02 22:00:00,standard,28.31,65.5,0.0,0,9.54,0.24,14.1,23.88,53.22,-29.34,87.5,100.0,0,SIMULATED
2026-09-02 22:15:00,standard,28.09,66.5,0.0,0,9.26,0.24,14.1,23.6,52.94,-29.34,87.5,100.0,0,SIMULATED
2026-09-02 22:30:00,standard,27.88,67.5,0.0,0,9.04,0.24,14.1,23.38,52.82,-29.44,87.5,100.0,0,SIMULATED
2026-09-02 22:45:00,standard,27.67,68.4,0.0,0,8.84,0.24,14.1,23.18,52.82,-29.64,87.5,100.0,0,SIMULATED
2026-09-02 23:00:00,standard,27.47,69.3,0.0,0,8.62,0.24,14.1,22.96,52.82,-29.86,87.5,100.0,0,SIMULATED
2026-09-02 23:15:00,standard,27.28,70.2,0.0,0,8.43,0.24,14.1,22.77,52.82,-30.05,87.5,100.0,0,SIMULATED
2026-09-02 23:30:00,standard,27.1,71.0,0.0,0,8.27,0.24,14.1,22.61,52.82,-30.21,87.5,100.0,0,SIMULATED
2026-09-02 23:45:00,standard,26.93,71.8,0.0,0,8.1,0.24,14.1,22.44,52.82,-30.38,87.5,100.0,0,SIMULATED
2026-09-03 00:00:00,standard,26.77,72.5,0.0,0,7.92,0.24,14.1,22.26,52.82,-30.56,87.5,100.0,0,SIMULATED
2026-09-03 00:15:00,standard,26.63,73.1,0.0,0,7.81,0.24,14.1,22.15,52.82,-30.67,87.5,100.0,0,SIMULATED
2026-09-03 00:30:00,standard,26.5,73.7,0.0,0,7.66,0.24,14.1,22.0,52.82,-30.82,87.5,100.0,0,SIMULATED
2026-09-03 00:45:00,standard,26.39,74.2,0.0,0,7.56,0.24,14.1,21.9,52.82,-30.92,87.5,100.0,0,SIMULATED
2026-09-03 01:00:00,standard,26.29,74.7,0.0,0,7.46,0.24,14.1,21.8,52.82,-31.02,87.5,100.0,0,SIMULATED
2026-09-03 01:15:00,standard,26.2,75.1,0.0,0,7.36,0.24,14.1,21.7,52.82,-31.12,87.5,100.0,0,SIMULATED
2026-09-03 01:30:00,standard,26.13,75.4,0.0,0,7.29,0.24,14.1,21.63,52.82,-31.19,87.5,100.0,0,SIMULATED
2026-09-03 01:45:00,standard,26.07,75.7,0.0,0,7.21,0.24,14.1,21.55,52.82,-31.27,87.5,100.0,0,SIMULATED
2026-09-03 02:00:00,standard,26.03,75.9,0.0,0,7.16,0.24,14.1,21.5,52.82,-31.32,87.5,100.0,0,SIMULATED
2026-09-03 02:15:00,standard,26.01,76.0,0.0,0,7.12,0.24,14.1,21.46,52.82,-31.36,87.5,100.0,0,SIMULATED
2026-09-03 02:30:00,standard,26.0,76.0,0.0,0,7.09,0.24,14.1,21.43,52.82,-31.39,87.5,100.0,0,SIMULATED
2026-09-03 02:45:00,standard,26.01,76.0,0.0,0,7.07,0.24,14.1,21.41,52.82,-31.41,87.5,100.0,0,SIMULATED
2026-09-03 03:00:00,standard,26.03,75.9,0.0,0,7.05,0.24,14.1,21.39,52.82,-31.43,87.5,100.0,0,SIMULATED
2026-09-03 03:15:00,standard,26.07,75.7,0.0,0,7.04,0.24,14.1,21.38,52.82,-31.44,87.5,100.0,0,SIMULATED
2026-09-03 03:30:00,standard,26.13,75.4,0.0,0,7.06,0.24,14.1,21.4,52.82,-31.42,87.5,100.0,0,SIMULATED
2026-09-03 03:45:00,standard,26.2,75.1,0.0,0,7.08,0.24,14.1,21.42,52.82,-31.4,87.5,100.0,0,SIMULATED
2026-09-03 04:00:00,standard,26.29,74.7,0.0,0,7.12,0.24,14.1,21.46,52.82,-31.36,87.5,100.0,0,SIMULATED
2026-09-03 04:15:00,standard,26.39,74.2,0.0,0,7.15,0.24,14.1,21.49,52.82,-31.33,87.5,100.0,0,SIMULATED
2026-09-03 04:30:00,standard,26.5,73.7,0.0,0,7.19,0.24,14.1,21.53,52.82,-31.29,87.5,100.0,0,SIMULATED
2026-09-03 04:45:00,standard,26.63,73.1,0.0,0,7.25,0.24,14.1,21.59,52.82,-31.23,87.5,100.0,0,SIMULATED
2026-09-03 05:00:00,standard,26.77,72.5,0.0,0,7.29,0.24,14.1,21.63,52.82,-31.19,87.5,100.0,0,SIMULATED
2026-09-03 05:15:00,standard,26.93,71.8,0.0,0,7.37,0.24,14.1,21.71,52.82,-31.11,87.5,100.0,0,SIMULATED
2026-09-03 05:30:00,standard,27.1,71.0,0.0,0,7.47,0.24,14.1,21.81,52.82,-31.01,87.5,100.0,0,SIMULATED
2026-09-03 05:45:00,standard,27.28,70.2,0.0,0,7.54,0.24,14.1,21.88,52.82,-30.94,87.5,100.0,0,SIMULATED
2026-09-03 06:00:00,standard,27.47,69.3,0.0,0,7.63,0.24,14.1,21.97,52.82,-30.85,87.5,100.0,0,SIMULATED
2026-09-03 06:15:00,standard,27.67,68.4,53.4,0,8.33,0.24,14.1,22.67,52.82,-30.15,87.5,100.0,0,SIMULATED
2026-09-03 06:30:00,standard,27.88,67.5,106.5,0,9.02,0.24,14.1,23.36,52.82,-29.46,87.5,100.0,0,SIMULATED
2026-09-03 06:45:00,standard,28.09,66.5,159.3,0,9.71,0.24,14.1,24.05,52.94,-28.89,87.5,100.0,0,SIMULATED
2026-09-03 07:00:00,standard,28.31,65.5,211.4,0,10.7,1.52,14.1,26.33,53.22,-26.89,87.5,100.0,0,SIMULATED
2026-09-03 07:15:00,standard,28.54,64.5,262.7,0,11.4,1.52,14.1,27.03,53.49,-26.46,87.5,100.0,0,SIMULATED
2026-09-03 07:30:00,standard,28.78,63.4,312.9,0,12.11,1.52,14.1,27.72,53.8,-26.08,87.5,100.0,0,SIMULATED
2026-09-03 07:45:00,standard,29.02,62.3,361.9,0,12.8,1.52,14.1,28.42,54.1,-25.68,87.5,100.0,0,SIMULATED
2026-09-03 08:00:00,standard,29.26,61.2,409.5,3,13.68,1.85,14.1,29.62,54.42,-24.8,87.5,100.0,0,SIMULATED
2026-09-03 08:15:00,standard,29.5,60.1,455.5,5,14.72,3.21,14.1,32.02,54.7,-22.68,87.5,100.0,0,SIMULATED
2026-09-03 08:30:00,standard,29.75,59.0,499.6,11,15.75,3.99,14.1,33.83,55.02,-21.19,87.5,100.0,0,SIMULATED
2026-09-03 08:45:00,standard,30.0,57.9,541.8,18,16.79,5.09,14.1,35.98,55.34,-19.36,87.5,100.0,0,SIMULATED
2026-09-03 09:00:00,standard,30.24,56.8,581.9,46,17.53,6.0,14.1,37.63,55.64,-18.01,87.5,100.0,0,SIMULATED
2026-09-03 09:15:00,standard,30.48,55.7,619.6,48,17.77,6.0,14.1,37.87,55.93,-18.06,87.5,100.0,0,SIMULATED
2026-09-03 09:30:00,standard,30.72,54.6,654.9,70,18.36,6.6,14.1,39.06,56.24,-17.18,87.5,100.0,0,SIMULATED
2026-09-03 09:45:00,standard,30.96,53.5,687.7,70,18.54,6.6,14.1,39.24,56.51,-17.27,87.5,100.0,0,SIMULATED
2026-09-03 10:00:00,standard,31.19,52.5,717.7,75,18.73,6.42,14.1,39.25,56.82,-17.57,87.5,100.0,0,SIMULATED
2026-09-03 10:15:00,standard,31.41,51.5,744.9,77,18.82,6.42,14.1,39.34,57.1,-17.76,87.5,100.0,0,SIMULATED
2026-09-03 10:30:00,standard,31.62,50.5,769.1,68,18.55,5.82,14.1,38.47,57.36,-18.89,87.5,100.0,0,SIMULATED
2026-09-03 10:45:00,standard,31.83,49.6,790.3,70,18.68,5.82,14.1,38.6,57.62,-19.02,87.5,100.0,0,SIMULATED
2026-09-03 11:00:00,standard,32.03,48.7,808.4,71,18.81,5.82,14.1,38.73,57.87,-19.14,87.5,100.0,0,SIMULATED
2026-09-03 11:15:00,standard,32.22,47.8,823.3,74,18.92,5.82,14.1,38.84,58.1,-19.26,87.5,100.0,0,SIMULATED
2026-09-03 11:30:00,standard,32.4,47.0,834.9,77,19.31,6.42,14.1,39.83,58.31,-18.48,87.5,100.0,0,SIMULATED
2026-09-03 11:45:00,standard,32.57,46.2,843.3,66,18.89,5.82,14.1,38.81,58.53,-19.72,87.5,100.0,0,SIMULATED
2026-09-03 12:00:00,standard,32.73,45.5,848.3,92,19.87,6.6,14.1,40.57,58.74,-18.17,87.5,100.0,0,SIMULATED
2026-09-03 12:15:00,standard,32.87,44.9,850.0,92,19.96,6.6,14.1,40.66,58.92,-18.26,87.5,100.0,0,SIMULATED
2026-09-03 12:30:00,standard,33.0,44.3,848.3,70,19.59,6.0,14.1,39.69,59.07,-19.38,87.5,100.0,0,SIMULATED
2026-09-03 12:45:00,standard,33.11,43.8,843.3,71,19.64,6.0,14.1,39.74,59.22,-19.48,87.5,100.0,0,SIMULATED
2026-09-03 13:00:00,standard,33.21,43.3,834.9,64,19.69,6.0,14.1,39.79,59.34,-19.55,87.5,100.0,0,SIMULATED
2026-09-03 13:15:00,standard,33.3,42.9,823.3,66,19.74,6.0,14.1,39.84,59.46,-19.62,87.5,100.0,0,SIMULATED
2026-09-03 13:30:00,standard,33.37,42.6,808.4,74,20.14,6.6,14.1,40.84,59.54,-18.7,87.5,100.0,0,SIMULATED
2026-09-03 13:45:00,standard,33.43,42.3,790.3,73,20.21,6.6,14.1,40.91,59.62,-18.71,87.5,100.0,0,SIMULATED
2026-09-03 14:00:00,standard,33.47,42.1,769.1,70,19.61,6.5,14.1,40.21,59.67,-19.46,75.0,100.0,1,SIMULATED
2026-09-03 14:15:00,standard,33.49,42.0,744.9,73,19.61,6.5,14.1,40.21,59.7,-19.49,75.0,100.0,1,SIMULATED
2026-09-03 14:30:00,standard,33.5,42.0,717.7,73,19.62,6.5,14.1,40.22,59.7,-19.48,62.5,100.0,1,SIMULATED
2026-09-03 14:45:00,standard,33.49,42.0,687.7,72,19.64,6.5,14.1,40.24,59.7,-19.46,62.5,100.0,1,SIMULATED
2026-09-03 15:00:00,standard,33.47,42.1,654.9,72,19.48,5.82,14.1,39.4,59.67,-20.27,62.5,100.0,0,SIMULATED
2026-09-03 15:15:00,standard,33.43,42.3,619.6,71,19.47,5.82,14.1,39.39,59.62,-20.23,62.5,100.0,0,SIMULATED
2026-09-03 15:30:00,standard,33.37,42.6,581.9,69,19.38,6.0,14.1,39.48,59.54,-20.06,62.5,100.0,0,SIMULATED
2026-09-03 15:45:00,standard,33.3,42.9,541.8,71,19.38,6.0,14.1,39.48,59.46,-19.98,62.5,100.0,0,SIMULATED
2026-09-03 16:00:00,standard,33.21,43.3,499.6,69,19.33,6.0,14.1,39.43,59.34,-19.91,62.5,100.0,0,SIMULATED
2026-09-03 16:15:00,standard,33.11,43.8,455.5,72,19.32,6.0,14.1,39.42,59.22,-19.8,62.5,100.0,0,SIMULATED
2026-09-03 16:30:00,standard,33.0,44.3,409.5,78,19.67,6.6,14.1,40.37,59.07,-18.7,62.5,100.0,0,SIMULATED
2026-09-03 16:45:00,standard,32.87,44.9,361.9,78,19.58,6.6,14.1,40.28,58.92,-18.64,62.5,100.0,0,SIMULATED
2026-09-03 17:00:00,standard,32.73,45.5,312.9,66,18.95,6.6,14.1,39.65,58.74,-19.09,62.5,100.0,0,SIMULATED
2026-09-03 17:15:00,standard,32.57,46.2,262.7,65,18.6,6.6,14.1,39.3,58.53,-19.23,62.5,100.0,0,SIMULATED
2026-09-03 17:30:00,standard,32.4,47.0,211.4,59,17.95,6.0,14.1,38.05,58.31,-20.26,62.5,100.0,0,SIMULATED
2026-09-03 17:45:00,standard,32.22,47.8,159.3,55,17.69,6.0,14.1,37.79,58.1,-20.31,62.5,100.0,0,SIMULATED
2026-09-03 18:00:00,standard,32.03,48.7,106.5,51,17.34,6.0,14.1,37.44,57.87,-20.43,62.5,100.0,0,SIMULATED
2026-09-03 18:15:00,standard,31.83,49.6,53.4,48,17.06,6.0,14.1,37.16,57.62,-20.46,75.0,100.0,0,SIMULATED
2026-09-03 18:30:00,standard,31.62,50.5,0.0,39,16.41,5.09,14.1,35.6,57.36,-21.76,87.5,100.0,0,SIMULATED
2026-09-03 18:45:00,standard,31.41,51.5,0.0,34,16.03,5.09,14.1,35.22,57.1,-21.88,87.5,100.0,0,SIMULATED
2026-09-03 19:00:00,standard,31.19,52.5,0.0,22,15.15,3.98,14.1,33.23,56.82,-23.59,87.5,100.0,0,SIMULATED
2026-09-03 19:15:00,standard,30.96,53.5,0.0,15,14.74,3.98,14.1,32.82,56.51,-23.69,87.5,100.0,0,SIMULATED
2026-09-03 19:30:00,standard,30.72,54.6,0.0,9,13.79,2.62,14.1,30.51,56.24,-25.73,87.5,100.0,0,SIMULATED
2026-09-03 19:45:00,standard,30.48,55.7,0.0,7,13.29,2.62,14.1,30.01,55.93,-25.92,87.5,100.0,0,SIMULATED
2026-09-03 20:00:00,standard,30.24,56.8,0.0,5,12.58,1.6,14.1,28.28,55.64,-27.36,87.5,100.0,0,SIMULATED
2026-09-03 20:15:00,standard,30.0,57.9,0.0,3,12.11,1.6,14.1,27.81,55.34,-27.53,87.5,100.0,0,SIMULATED
2026-09-03 20:30:00,standard,29.75,59.0,0.0,0,11.33,0.24,14.1,25.67,55.02,-29.35,87.5,100.0,0,SIMULATED
2026-09-03 20:45:00,standard,29.5,60.1,0.0,0,10.98,0.24,14.1,25.32,54.7,-29.38,87.5,100.0,0,SIMULATED
2026-09-03 21:00:00,standard,29.26,61.2,0.0,0,10.65,0.24,14.1,24.99,54.42,-29.43,87.5,100.0,0,SIMULATED
2026-09-03 21:15:00,standard,29.02,62.3,0.0,0,10.33,0.24,14.1,24.67,54.1,-29.43,87.5,100.0,0,SIMULATED
2026-09-03 21:30:00,standard,28.78,63.4,0.0,0,10.05,0.24,14.1,24.39,53.8,-29.41,87.5,100.0,0,SIMULATED
2026-09-03 21:45:00,standard,28.54,64.5,0.0,0,9.76,0.24,14.1,24.1,53.49,-29.39,87.5,100.0,0,SIMULATED
2026-09-03 22:00:00,standard,28.31,65.5,0.0,0,9.5,0.24,14.1,23.84,53.22,-29.38,87.5,100.0,0,SIMULATED
2026-09-03 22:15:00,standard,28.09,66.5,0.0,0,9.23,0.24,14.1,23.57,52.94,-29.37,87.5,100.0,0,SIMULATED
2026-09-03 22:30:00,standard,27.88,67.5,0.0,0,9.01,0.24,14.1,23.35,52.82,-29.47,87.5,100.0,0,SIMULATED
2026-09-03 22:45:00,standard,27.67,68.4,0.0,0,8.81,0.24,14.1,23.15,52.82,-29.67,87.5,100.0,0,SIMULATED
2026-09-03 23:00:00,standard,27.47,69.3,0.0,0,8.59,0.24,14.1,22.93,52.82,-29.89,87.5,100.0,0,SIMULATED
2026-09-03 23:15:00,standard,27.28,70.2,0.0,0,8.4,0.24,14.1,22.74,52.82,-30.08,87.5,100.0,0,SIMULATED
2026-09-03 23:30:00,standard,27.1,71.0,0.0,0,8.24,0.24,14.1,22.58,52.82,-30.24,87.5,100.0,0,SIMULATED
2026-09-03 23:45:00,standard,26.93,71.8,0.0,0,8.07,0.24,14.1,22.41,52.82,-30.41,87.5,100.0,0,SIMULATED
2026-09-04 00:00:00,standard,26.77,72.5,0.0,0,7.9,0.24,14.1,22.24,52.82,-30.58,87.5,100.0,0,SIMULATED
2026-09-04 00:15:00,standard,26.63,73.1,0.0,0,7.79,0.24,14.1,22.13,52.82,-30.69,87.5,100.0,0,SIMULATED
2026-09-04 00:30:00,standard,26.5,73.7,0.0,0,7.65,0.24,14.1,21.99,52.82,-30.83,87.5,100.0,0,SIMULATED
2026-09-04 00:45:00,standard,26.39,74.2,0.0,0,7.55,0.24,14.1,21.89,52.82,-30.93,87.5,100.0,0,SIMULATED
2026-09-04 01:00:00,standard,26.29,74.7,0.0,0,7.45,0.24,14.1,21.79,52.82,-31.03,87.5,100.0,0,SIMULATED
2026-09-04 01:15:00,standard,26.2,75.1,0.0,0,7.35,0.24,14.1,21.69,52.82,-31.13,87.5,100.0,0,SIMULATED
2026-09-04 01:30:00,standard,26.13,75.4,0.0,0,7.28,0.24,14.1,21.62,52.82,-31.2,87.5,100.0,0,SIMULATED
2026-09-04 01:45:00,standard,26.07,75.7,0.0,0,7.2,0.24,14.1,21.54,52.82,-31.28,87.5,100.0,0,SIMULATED
2026-09-04 02:00:00,standard,26.03,75.9,0.0,0,7.15,0.24,14.1,21.49,52.82,-31.33,87.5,100.0,0,SIMULATED
2026-09-04 02:15:00,standard,26.01,76.0,0.0,0,7.11,0.24,14.1,21.45,52.82,-31.37,87.5,100.0,0,SIMULATED
2026-09-04 02:30:00,standard,26.0,76.0,0.0,0,7.08,0.24,14.1,21.42,52.82,-31.4,87.5,100.0,0,SIMULATED
2026-09-04 02:45:00,standard,26.01,76.0,0.0,0,7.06,0.24,14.1,21.4,52.82,-31.42,87.5,100.0,0,SIMULATED
2026-09-04 03:00:00,standard,26.03,75.9,0.0,0,7.04,0.24,14.1,21.38,52.82,-31.44,87.5,100.0,0,SIMULATED
2026-09-04 03:15:00,standard,26.07,75.7,0.0,0,7.03,0.24,14.1,21.37,52.82,-31.45,87.5,100.0,0,SIMULATED
2026-09-04 03:30:00,standard,26.13,75.4,0.0,0,7.05,0.24,14.1,21.39,52.82,-31.43,87.5,100.0,0,SIMULATED
2026-09-04 03:45:00,standard,26.2,75.1,0.0,0,7.07,0.24,14.1,21.41,52.82,-31.41,87.5,100.0,0,SIMULATED
2026-09-04 04:00:00,standard,26.29,74.7,0.0,0,7.11,0.24,14.1,21.45,52.82,-31.37,87.5,100.0,0,SIMULATED
2026-09-04 04:15:00,standard,26.39,74.2,0.0,0,7.14,0.24,14.1,21.48,52.82,-31.34,87.5,100.0,0,SIMULATED
2026-09-04 04:30:00,standard,26.5,73.7,0.0,0,7.18,0.24,14.1,21.52,52.82,-31.3,87.5,100.0,0,SIMULATED
2026-09-04 04:45:00,standard,26.63,73.1,0.0,0,7.24,0.24,14.1,21.58,52.82,-31.24,87.5,100.0,0,SIMULATED
2026-09-04 05:00:00,standard,26.77,72.5,0.0,0,7.28,0.24,14.1,21.62,52.82,-31.2,87.5,100.0,0,SIMULATED
2026-09-04 05:15:00,standard,26.93,71.8,0.0,0,7.36,0.24,14.1,21.7,52.82,-31.12,87.5,100.0,0,SIMULATED
2026-09-04 05:30:00,standard,27.1,71.0,0.0,0,7.46,0.24,14.1,21.8,52.82,-31.02,87.5,100.0,0,SIMULATED
2026-09-04 05:45:00,standard,27.28,70.2,0.0,0,7.53,0.24,14.1,21.87,52.82,-30.95,87.5,100.0,0,SIMULATED
2026-09-04 06:00:00,standard,27.47,69.3,0.0,0,7.63,0.24,14.1,21.97,52.82,-30.85,87.5,100.0,0,SIMULATED
2026-09-04 06:15:00,standard,27.67,68.4,53.4,0,8.32,0.24,14.1,22.66,52.82,-30.16,87.5,100.0,0,SIMULATED
2026-09-04 06:30:00,standard,27.88,67.5,106.5,0,9.01,0.24,14.1,23.35,52.82,-29.47,87.5,100.0,0,SIMULATED
2026-09-04 06:45:00,standard,28.09,66.5,159.3,0,9.7,0.24,14.1,24.04,52.94,-28.9,87.5,100.0,0,SIMULATED
2026-09-04 07:00:00,standard,28.31,65.5,211.4,0,10.7,1.52,14.1,26.33,53.22,-26.89,87.5,100.0,0,SIMULATED
2026-09-04 07:15:00,standard,28.54,64.5,262.7,0,11.4,1.52,14.1,27.03,53.49,-26.46,87.5,100.0,0,SIMULATED
2026-09-04 07:30:00,standard,28.78,63.4,312.9,0,12.11,1.52,14.1,27.72,53.8,-26.08,87.5,100.0,0,SIMULATED
2026-09-04 07:45:00,standard,29.02,62.3,361.9,0,12.8,1.52,14.1,28.42,54.1,-25.68,87.5,100.0,0,SIMULATED
2026-09-04 08:00:00,standard,29.26,61.2,409.5,3,13.68,1.85,14.1,29.62,54.42,-24.8,87.5,100.0,0,SIMULATED
2026-09-04 08:15:00,standard,29.5,60.1,455.5,6,14.76,3.21,14.1,32.06,54.7,-22.64,87.5,100.0,0,SIMULATED
2026-09-04 08:30:00,standard,29.75,59.0,499.6,14,15.85,3.99,14.1,33.93,55.02,-21.09,87.5,100.0,0,SIMULATED
2026-09-04 08:45:00,standard,30.0,57.9,541.8,17,16.76,5.09,14.1,35.95,55.34,-19.39,87.5,100.0,0,SIMULATED
2026-09-04 09:00:00,standard,30.24,56.8,581.9,44,17.53,6.0,14.1,37.63,55.64,-18.01,87.5,100.0,0,SIMULATED
2026-09-04 09:15:00,standard,30.48,55.7,619.6,47,17.74,6.0,14.1,37.84,55.93,-18.09,87.5,100.0,0,SIMULATED
2026-09-04 09:30:00,standard,30.72,54.6,654.9,70,18.29,6.6,14.1,38.99,56.24,-17.25,87.5,100.0,0,SIMULATED
2026-09-04 09:45:00,standard,30.96,53.5,687.7,71,18.47,6.6,14.1,39.17,56.51,-17.34,87.5,100.0,0,SIMULATED
2026-09-04 10:00:00,standard,31.19,52.5,717.7,76,18.77,6.42,14.1,39.29,56.82,-17.53,87.5,100.0,0,SIMULATED
2026-09-04 10:15:00,standard,31.41,51.5,744.9,79,18.89,6.42,14.1,39.41,57.1,-17.69,87.5,100.0,0,SIMULATED
2026-09-04 10:30:00,standard,31.62,50.5,769.1,71,18.58,5.82,14.1,38.5,57.36,-18.86,87.5,100.0,0,SIMULATED
2026-09-04 10:45:00,standard,31.83,49.6,790.3,71,18.68,5.82,14.1,38.6,57.62,-19.02,87.5,100.0,0,SIMULATED
2026-09-04 11:00:00,standard,32.03,48.7,808.4,73,18.83,5.82,14.1,38.75,57.87,-19.12,87.5,100.0,0,SIMULATED
2026-09-04 11:15:00,standard,32.22,47.8,823.3,72,18.89,5.82,14.1,38.81,58.1,-19.29,87.5,100.0,0,SIMULATED
2026-09-04 11:30:00,standard,32.4,47.0,834.9,78,19.35,6.42,14.1,39.87,58.31,-18.44,87.5,100.0,0,SIMULATED
2026-09-04 11:45:00,standard,32.57,46.2,843.3,66,18.89,5.82,14.1,38.81,58.53,-19.72,87.5,100.0,0,SIMULATED
2026-09-04 12:00:00,standard,32.73,45.5,848.3,92,19.84,6.6,14.1,40.54,58.74,-18.2,87.5,100.0,0,SIMULATED
2026-09-04 12:15:00,standard,32.87,44.9,850.0,91,19.96,6.6,14.1,40.66,58.92,-18.26,87.5,100.0,0,SIMULATED
2026-09-04 12:30:00,standard,33.0,44.3,848.3,70,19.55,6.0,14.1,39.65,59.07,-19.42,87.5,100.0,0,SIMULATED
2026-09-04 12:45:00,standard,33.11,43.8,843.3,74,19.71,6.0,14.1,39.81,59.22,-19.41,87.5,100.0,0,SIMULATED
2026-09-04 13:00:00,standard,33.21,43.3,834.9,64,19.66,6.0,14.1,39.76,59.34,-19.58,87.5,100.0,0,SIMULATED
2026-09-04 13:15:00,standard,33.3,42.9,823.3,67,19.74,6.0,14.1,39.84,59.46,-19.62,87.5,100.0,0,SIMULATED
2026-09-04 13:30:00,standard,33.37,42.6,808.4,72,20.14,6.6,14.1,40.84,59.54,-18.7,87.5,100.0,0,SIMULATED
2026-09-04 13:45:00,standard,33.43,42.3,790.3,76,20.25,6.6,14.1,40.95,59.62,-18.67,87.5,100.0,0,SIMULATED
2026-09-04 14:00:00,standard,33.47,42.1,769.1,71,19.61,6.5,14.1,40.21,59.67,-19.46,75.0,100.0,1,SIMULATED
2026-09-04 14:15:00,standard,33.49,42.0,744.9,72,19.64,6.5,14.1,40.24,59.7,-19.46,62.5,100.0,1,SIMULATED
2026-09-04 14:30:00,standard,33.5,42.0,717.7,72,19.68,6.5,14.1,40.28,59.7,-19.42,62.5,100.0,1,SIMULATED
2026-09-04 14:45:00,standard,33.49,42.0,687.7,73,19.64,6.5,14.1,40.24,59.7,-19.46,62.5,100.0,1,SIMULATED
2026-09-04 15:00:00,standard,33.47,42.1,654.9,75,19.55,5.82,14.1,39.47,59.67,-20.2,62.5,100.0,0,SIMULATED
2026-09-04 15:15:00,standard,33.43,42.3,619.6,72,19.5,5.82,14.1,39.42,59.62,-20.2,62.5,100.0,0,SIMULATED
2026-09-04 15:30:00,standard,33.37,42.6,581.9,72,19.44,6.0,14.1,39.54,59.54,-20.0,62.5,100.0,0,SIMULATED
2026-09-04 15:45:00,standard,33.3,42.9,541.8,71,19.41,6.0,14.1,39.51,59.46,-19.95,62.5,100.0,0,SIMULATED
2026-09-04 16:00:00,standard,33.21,43.3,499.6,71,19.4,6.0,14.1,39.5,59.34,-19.84,62.5,100.0,0,SIMULATED
2026-09-04 16:15:00,standard,33.11,43.8,455.5,71,19.32,6.0,14.1,39.42,59.22,-19.8,62.5,100.0,0,SIMULATED
2026-09-04 16:30:00,standard,33.0,44.3,409.5,80,19.71,6.6,14.1,40.41,59.07,-18.66,62.5,100.0,0,SIMULATED
2026-09-04 16:45:00,standard,32.87,44.9,361.9,80,19.61,6.6,14.1,40.31,58.92,-18.61,62.5,100.0,0,SIMULATED
2026-09-04 17:00:00,standard,32.73,45.5,312.9,67,18.95,6.6,14.1,39.65,58.74,-19.09,62.5,100.0,0,SIMULATED
2026-09-04 17:15:00,standard,32.57,46.2,262.7,68,18.69,6.6,14.1,39.39,58.53,-19.14,62.5,100.0,0,SIMULATED
2026-09-04 17:30:00,standard,32.4,47.0,211.4,58,17.93,6.0,14.1,38.03,58.31,-20.28,62.5,100.0,0,SIMULATED
2026-09-04 17:45:00,standard,32.22,47.8,159.3,54,17.65,6.0,14.1,37.75,58.1,-20.35,62.5,100.0,0,SIMULATED
2026-09-04 18:00:00,standard,32.03,48.7,106.5,50,17.33,6.0,14.1,37.43,57.87,-20.44,62.5,100.0,0,SIMULATED
2026-09-04 18:15:00,standard,31.83,49.6,53.4,51,17.17,6.0,14.1,37.27,57.62,-20.35,75.0,100.0,0,SIMULATED
2026-09-04 18:30:00,standard,31.62,50.5,0.0,40,16.42,5.09,14.1,35.61,57.36,-21.75,87.5,100.0,0,SIMULATED
2026-09-04 18:45:00,standard,31.41,51.5,0.0,35,16.08,5.09,14.1,35.27,57.1,-21.83,87.5,100.0,0,SIMULATED
2026-09-04 19:00:00,standard,31.19,52.5,0.0,22,15.16,3.98,14.1,33.24,56.82,-23.58,87.5,100.0,0,SIMULATED
2026-09-04 19:15:00,standard,30.96,53.5,0.0,15,14.74,3.98,14.1,32.82,56.51,-23.69,87.5,100.0,0,SIMULATED
2026-09-04 19:30:00,standard,30.72,54.6,0.0,11,13.91,2.62,14.1,30.63,56.24,-25.61,87.5,100.0,0,SIMULATED
2026-09-04 19:45:00,standard,30.48,55.7,0.0,8,13.37,2.62,14.1,30.09,55.93,-25.84,87.5,100.0,0,SIMULATED
2026-09-04 20:00:00,standard,30.24,56.8,0.0,6,12.66,1.6,14.1,28.36,55.64,-27.28,87.5,100.0,0,SIMULATED
2026-09-04 20:15:00,standard,30.0,57.9,0.0,2,12.13,1.6,14.1,27.83,55.34,-27.51,87.5,100.0,0,SIMULATED
2026-09-04 20:30:00,standard,29.75,59.0,0.0,0,11.37,0.24,14.1,25.71,55.02,-29.31,87.5,100.0,0,SIMULATED
2026-09-04 20:45:00,standard,29.5,60.1,0.0,0,11.02,0.24,14.1,25.36,54.7,-29.34,87.5,100.0,0,SIMULATED
2026-09-04 21:00:00,standard,29.26,61.2,0.0,0,10.69,0.24,14.1,25.03,54.42,-29.39,87.5,100.0,0,SIMULATED
2026-09-04 21:15:00,standard,29.02,62.3,0.0,0,10.36,0.24,14.1,24.7,54.1,-29.4,87.5,100.0,0,SIMULATED
2026-09-04 21:30:00,standard,28.78,63.4,0.0,0,10.08,0.24,14.1,24.42,53.8,-29.38,87.5,100.0,0,SIMULATED
2026-09-04 21:45:00,standard,28.54,64.5,0.0,0,9.79,0.24,14.1,24.13,53.49,-29.36,87.5,100.0,0,SIMULATED
2026-09-04 22:00:00,standard,28.31,65.5,0.0,0,9.52,0.24,14.1,23.86,53.22,-29.36,87.5,100.0,0,SIMULATED
2026-09-04 22:15:00,standard,28.09,66.5,0.0,0,9.24,0.24,14.1,23.58,52.94,-29.36,87.5,100.0,0,SIMULATED
2026-09-04 22:30:00,standard,27.88,67.5,0.0,0,9.02,0.24,14.1,23.36,52.82,-29.46,87.5,100.0,0,SIMULATED
2026-09-04 22:45:00,standard,27.67,68.4,0.0,0,8.82,0.24,14.1,23.16,52.82,-29.66,87.5,100.0,0,SIMULATED
2026-09-04 23:00:00,standard,27.47,69.3,0.0,0,8.6,0.24,14.1,22.94,52.82,-29.88,87.5,100.0,0,SIMULATED
2026-09-04 23:15:00,standard,27.28,70.2,0.0,0,8.41,0.24,14.1,22.75,52.82,-30.07,87.5,100.0,0,SIMULATED
2026-09-04 23:30:00,standard,27.1,71.0,0.0,0,8.25,0.24,14.1,22.59,52.82,-30.23,87.5,100.0,0,SIMULATED
2026-09-04 23:45:00,standard,26.93,71.8,0.0,0,8.08,0.24,14.1,22.42,52.82,-30.4,87.5,100.0,0,SIMULATED
2026-09-05 00:00:00,standard,26.77,72.5,0.0,0,7.9,0.24,14.1,22.24,52.82,-30.58,87.5,100.0,0,SIMULATED
2026-09-05 00:15:00,standard,26.63,73.1,0.0,0,7.79,0.24,14.1,22.13,52.82,-30.69,87.5,100.0,0,SIMULATED
2026-09-05 00:30:00,standard,26.5,73.7,0.0,0,7.65,0.24,14.1,21.99,52.82,-30.83,87.5,100.0,0,SIMULATED
2026-09-05 00:45:00,standard,26.39,74.2,0.0,0,7.55,0.24,14.1,21.89,52.82,-30.93,87.5,100.0,0,SIMULATED
2026-09-05 01:00:00,standard,26.29,74.7,0.0,0,7.45,0.24,14.1,21.79,52.82,-31.03,87.5,100.0,0,SIMULATED
2026-09-05 01:15:00,standard,26.2,75.1,0.0,0,7.35,0.24,14.1,21.69,52.82,-31.13,87.5,100.0,0,SIMULATED
2026-09-05 01:30:00,standard,26.13,75.4,0.0,0,7.28,0.24,14.1,21.62,52.82,-31.2,87.5,100.0,0,SIMULATED
2026-09-05 01:45:00,standard,26.07,75.7,0.0,0,7.2,0.24,14.1,21.54,52.82,-31.28,87.5,100.0,0,SIMULATED
2026-09-05 02:00:00,standard,26.03,75.9,0.0,0,7.15,0.24,14.1,21.49,52.82,-31.33,87.5,100.0,0,SIMULATED
2026-09-05 02:15:00,standard,26.01,76.0,0.0,0,7.11,0.24,14.1,21.45,52.82,-31.37,87.5,100.0,0,SIMULATED
2026-09-05 02:30:00,standard,26.0,76.0,0.0,0,7.08,0.24,14.1,21.42,52.82,-31.4,87.5,100.0,0,SIMULATED
2026-09-05 02:45:00,standard,26.01,76.0,0.0,0,7.06,0.24,14.1,21.4,52.82,-31.42,87.5,100.0,0,SIMULATED
2026-09-05 03:00:00,standard,26.03,75.9,0.0,0,7.04,0.24,14.1,21.38,52.82,-31.44,87.5,100.0,0,SIMULATED
2026-09-05 03:15:00,standard,26.07,75.7,0.0,0,7.03,0.24,14.1,21.37,52.82,-31.45,87.5,100.0,0,SIMULATED
2026-09-05 03:30:00,standard,26.13,75.4,0.0,0,7.05,0.24,14.1,21.39,52.82,-31.43,87.5,100.0,0,SIMULATED
2026-09-05 03:45:00,standard,26.2,75.1,0.0,0,7.07,0.24,14.1,21.41,52.82,-31.41,87.5,100.0,0,SIMULATED
2026-09-05 04:00:00,standard,26.29,74.7,0.0,0,7.11,0.24,14.1,21.45,52.82,-31.37,87.5,100.0,0,SIMULATED
2026-09-05 04:15:00,standard,26.39,74.2,0.0,0,7.14,0.24,14.1,21.48,52.82,-31.34,87.5,100.0,0,SIMULATED
2026-09-05 04:30:00,standard,26.5,73.7,0.0,0,7.18,0.24,14.1,21.52,52.82,-31.3,87.5,100.0,0,SIMULATED
2026-09-05 04:45:00,standard,26.63,73.1,0.0,0,7.24,0.24,14.1,21.58,52.82,-31.24,87.5,100.0,0,SIMULATED
2026-09-05 05:00:00,standard,26.77,72.5,0.0,0,7.28,0.24,14.1,21.62,52.82,-31.2,87.5,100.0,0,SIMULATED
2026-09-05 05:15:00,standard,26.93,71.8,0.0,0,7.36,0.24,14.1,21.7,52.82,-31.12,87.5,100.0,0,SIMULATED
2026-09-05 05:30:00,standard,27.1,71.0,0.0,0,7.46,0.24,14.1,21.8,52.82,-31.02,87.5,100.0,0,SIMULATED
2026-09-05 05:45:00,standard,27.28,70.2,0.0,0,7.53,0.24,14.1,21.87,52.82,-30.95,87.5,100.0,0,SIMULATED
2026-09-05 06:00:00,standard,27.47,69.3,0.0,0,7.63,0.24,14.1,21.97,52.82,-30.85,87.5,100.0,0,SIMULATED
2026-09-05 06:15:00,standard,27.67,68.4,53.4,0,8.32,0.24,14.1,22.66,52.82,-30.16,87.5,100.0,0,SIMULATED
2026-09-05 06:30:00,standard,27.88,67.5,106.5,0,9.01,0.24,14.1,23.35,52.82,-29.47,87.5,100.0,0,SIMULATED
2026-09-05 06:45:00,standard,28.09,66.5,159.3,0,9.7,0.24,14.1,24.04,52.94,-28.9,87.5,100.0,0,SIMULATED
2026-09-05 07:00:00,standard,28.31,65.5,211.4,0,10.7,1.52,14.1,26.33,53.22,-26.89,87.5,100.0,0,SIMULATED
2026-09-05 07:15:00,standard,28.54,64.5,262.7,0,11.4,1.52,14.1,27.03,53.49,-26.46,87.5,100.0,0,SIMULATED
2026-09-05 07:30:00,standard,28.78,63.4,312.9,0,12.11,1.52,14.1,27.72,53.8,-26.08,87.5,100.0,0,SIMULATED
2026-09-05 07:45:00,standard,29.02,62.3,361.9,0,12.8,1.52,14.1,28.42,54.1,-25.68,87.5,100.0,0,SIMULATED
2026-09-05 08:00:00,standard,29.26,61.2,409.5,0,13.51,1.52,14.1,29.12,54.42,-25.3,87.5,100.0,0,SIMULATED
2026-09-05 08:15:00,standard,29.5,60.1,455.5,0,14.18,1.52,14.1,29.79,54.7,-24.91,87.5,100.0,0,SIMULATED
2026-09-05 08:30:00,standard,29.75,59.0,499.6,0,14.85,1.52,14.1,30.47,55.02,-24.55,87.5,100.0,0,SIMULATED
2026-09-05 08:45:00,standard,30.0,57.9,541.8,0,15.5,1.52,14.1,31.12,55.34,-24.22,87.5,100.0,0,SIMULATED
2026-09-05 09:00:00,standard,30.24,56.8,581.9,2,16.24,1.85,14.1,32.18,55.64,-23.46,87.5,100.0,0,SIMULATED
2026-09-05 09:15:00,standard,30.48,55.7,619.6,2,16.84,1.85,14.1,32.79,55.93,-23.14,87.5,100.0,0,SIMULATED
2026-09-05 09:30:00,standard,30.72,54.6,654.9,1,17.04,1.85,14.1,32.99,56.24,-23.25,87.5,100.0,0,SIMULATED
2026-09-05 09:45:00,standard,30.96,53.5,687.7,1,17.25,1.85,14.1,33.19,56.51,-23.32,87.5,100.0,0,SIMULATED
2026-09-05 10:00:00,standard,31.19,52.5,717.7,7,17.44,4.31,14.1,35.85,56.82,-20.97,87.5,100.0,0,SIMULATED
2026-09-05 10:15:00,standard,31.41,51.5,744.9,5,17.61,4.31,14.1,36.02,57.1,-21.08,87.5,100.0,0,SIMULATED
2026-09-05 10:30:00,standard,31.62,50.5,769.1,5,17.78,4.31,14.1,36.19,57.36,-21.17,87.5,100.0,0,SIMULATED
2026-09-05 10:45:00,standard,31.83,49.6,790.3,6,17.95,4.31,14.1,36.36,57.62,-21.26,87.5,100.0,0,SIMULATED
2026-09-05 11:00:00,standard,32.03,48.7,808.4,7,18.12,4.31,14.1,36.53,57.87,-21.34,87.5,100.0,0,SIMULATED
2026-09-05 11:15:00,standard,32.22,47.8,823.3,5,18.22,4.31,14.1,36.63,58.1,-21.47,87.5,100.0,0,SIMULATED
2026-09-05 11:30:00,standard,32.4,47.0,834.9,5,18.35,4.31,14.1,36.76,58.31,-21.55,87.5,100.0,0,SIMULATED
2026-09-05 11:45:00,standard,32.57,46.2,843.3,6,18.43,4.31,14.1,36.84,58.53,-21.69,87.5,100.0,0,SIMULATED
2026-09-05 12:00:00,standard,32.73,45.5,848.3,5,18.51,4.31,14.1,36.92,58.74,-21.82,87.5,100.0,0,SIMULATED
2026-09-05 12:15:00,standard,32.87,44.9,850.0,6,18.56,4.31,14.1,36.97,58.92,-21.95,87.5,100.0,0,SIMULATED
2026-09-05 12:30:00,standard,33.0,44.3,848.3,5,18.62,4.31,14.1,37.03,59.07,-22.04,87.5,100.0,0,SIMULATED
2026-09-05 12:45:00,standard,33.11,43.8,843.3,5,18.67,4.31,14.1,37.08,59.22,-22.14,87.5,100.0,0,SIMULATED
2026-09-05 13:00:00,standard,33.21,43.3,834.9,6,18.73,4.31,14.1,37.14,59.34,-22.2,87.5,100.0,0,SIMULATED
2026-09-05 13:15:00,standard,33.3,42.9,823.3,4,18.77,4.31,14.1,37.18,59.46,-22.28,87.5,100.0,0,SIMULATED
2026-09-05 13:30:00,standard,33.37,42.6,808.4,5,18.78,4.31,14.1,37.19,59.54,-22.35,87.5,100.0,0,SIMULATED
2026-09-05 13:45:00,standard,33.43,42.3,790.3,6,18.79,4.31,14.1,37.2,59.62,-22.42,87.5,100.0,0,SIMULATED
2026-09-05 14:00:00,standard,33.47,42.1,769.1,4,18.75,4.31,14.1,37.16,59.67,-22.51,87.5,100.0,0,SIMULATED
2026-09-05 14:15:00,standard,33.49,42.0,744.9,3,18.57,3.98,14.1,36.66,59.7,-23.04,87.5,100.0,0,SIMULATED
2026-09-05 14:30:00,standard,33.5,42.0,717.7,6,18.5,3.98,14.1,36.59,59.7,-23.11,87.5,100.0,0,SIMULATED
2026-09-05 14:45:00,standard,33.49,42.0,687.7,6,18.42,3.98,14.1,36.51,59.7,-23.19,87.5,100.0,0,SIMULATED
2026-09-05 15:00:00,standard,33.47,42.1,654.9,5,18.34,3.98,14.1,36.43,59.67,-23.24,87.5,100.0,0,SIMULATED
2026-09-05 15:15:00,standard,33.43,42.3,619.6,4,18.23,3.98,14.1,36.32,59.62,-23.3,87.5,100.0,0,SIMULATED
2026-09-05 15:30:00,standard,33.37,42.6,581.9,5,18.07,3.98,14.1,36.15,59.54,-23.39,87.5,100.0,0,SIMULATED
2026-09-05 15:45:00,standard,33.3,42.9,541.8,4,17.95,3.98,14.1,36.03,59.46,-23.43,87.5,100.0,0,SIMULATED
2026-09-05 16:00:00,standard,33.21,43.3,499.6,5,17.79,3.98,14.1,35.87,59.34,-23.47,87.5,100.0,0,SIMULATED
2026-09-05 16:15:00,standard,33.11,43.8,455.5,0,17.61,1.52,14.1,33.24,59.22,-25.98,87.5,100.0,0,SIMULATED
2026-09-05 16:30:00,standard,33.0,44.3,409.5,0,17.44,1.52,14.1,33.07,59.07,-26.0,87.5,100.0,0,SIMULATED
2026-09-05 16:45:00,standard,32.87,44.9,361.9,0,17.25,1.52,14.1,32.87,58.92,-26.05,87.5,100.0,0,SIMULATED
2026-09-05 17:00:00,standard,32.73,45.5,312.9,0,17.06,1.52,14.1,32.69,58.74,-26.05,87.5,100.0,0,SIMULATED
2026-09-05 17:15:00,standard,32.57,46.2,262.7,0,16.77,1.52,14.1,32.38,58.53,-26.15,87.5,100.0,0,SIMULATED
2026-09-05 17:30:00,standard,32.4,47.0,211.4,0,15.94,1.52,14.1,31.55,58.31,-26.76,87.5,100.0,0,SIMULATED
2026-09-05 17:45:00,standard,32.22,47.8,159.3,0,15.01,1.52,14.1,30.62,58.1,-27.48,87.5,100.0,0,SIMULATED
2026-09-05 18:00:00,standard,32.03,48.7,106.5,0,14.04,1.52,14.1,29.66,57.87,-28.21,87.5,100.0,0,SIMULATED
2026-09-05 18:15:00,standard,31.83,49.6,53.4,0,13.11,1.52,14.1,28.72,57.62,-28.9,87.5,100.0,0,SIMULATED
2026-09-05 18:30:00,standard,31.62,50.5,0.0,0,12.18,1.52,14.1,27.79,57.36,-29.57,87.5,100.0,0,SIMULATED
2026-09-05 18:45:00,standard,31.41,51.5,0.0,0,11.89,1.52,14.1,27.49,57.1,-29.61,87.5,100.0,0,SIMULATED
2026-09-05 19:00:00,standard,31.19,52.5,0.0,0,11.62,1.52,14.1,27.24,56.82,-29.58,87.5,100.0,0,SIMULATED
2026-09-05 19:15:00,standard,30.96,53.5,0.0,0,11.36,1.52,14.1,26.98,56.51,-29.53,87.5,100.0,0,SIMULATED
2026-09-05 19:30:00,standard,30.72,54.6,0.0,0,11.09,1.52,14.1,26.71,56.24,-29.53,87.5,100.0,0,SIMULATED
2026-09-05 19:45:00,standard,30.48,55.7,0.0,0,10.83,1.52,14.1,26.44,55.93,-29.49,87.5,100.0,0,SIMULATED
2026-09-05 20:00:00,standard,30.24,56.8,0.0,0,10.29,0.24,14.1,24.63,55.64,-31.01,87.5,100.0,0,SIMULATED
2026-09-05 20:15:00,standard,30.0,57.9,0.0,0,10.05,0.24,14.1,24.39,55.34,-30.95,87.5,100.0,0,SIMULATED
2026-09-05 20:30:00,standard,29.75,59.0,0.0,0,9.82,0.24,14.1,24.16,55.02,-30.86,87.5,100.0,0,SIMULATED
2026-09-05 20:45:00,standard,29.5,60.1,0.0,0,9.6,0.24,14.1,23.94,54.7,-30.76,87.5,100.0,0,SIMULATED
2026-09-05 21:00:00,standard,29.26,61.2,0.0,0,9.37,0.24,14.1,23.71,54.42,-30.71,87.5,100.0,0,SIMULATED
2026-09-05 21:15:00,standard,29.02,62.3,0.0,0,9.17,0.24,14.1,23.51,54.1,-30.59,87.5,100.0,0,SIMULATED
2026-09-05 21:30:00,standard,28.78,63.4,0.0,0,8.99,0.24,14.1,23.33,53.8,-30.47,87.5,100.0,0,SIMULATED
2026-09-05 21:45:00,standard,28.54,64.5,0.0,0,8.78,0.24,14.1,23.12,53.49,-30.37,87.5,100.0,0,SIMULATED
2026-09-05 22:00:00,standard,28.31,65.5,0.0,0,8.61,0.24,14.1,22.95,53.22,-30.27,87.5,100.0,0,SIMULATED
2026-09-05 22:15:00,standard,28.09,66.5,0.0,0,8.43,0.24,14.1,22.77,52.94,-30.17,87.5,100.0,0,SIMULATED
2026-09-05 22:30:00,standard,27.88,67.5,0.0,0,8.27,0.24,14.1,22.61,52.82,-30.21,87.5,100.0,0,SIMULATED
2026-09-05 22:45:00,standard,27.67,68.4,0.0,0,8.13,0.24,14.1,22.47,52.82,-30.35,87.5,100.0,0,SIMULATED
2026-09-05 23:00:00,standard,27.47,69.3,0.0,0,7.96,0.24,14.1,22.3,52.82,-30.52,87.5,100.0,0,SIMULATED
2026-09-05 23:15:00,standard,27.28,70.2,0.0,0,7.82,0.24,14.1,22.16,52.82,-30.66,87.5,100.0,0,SIMULATED
2026-09-05 23:30:00,standard,27.1,71.0,0.0,0,7.71,0.24,14.1,22.05,52.82,-30.77,87.5,100.0,0,SIMULATED
2026-09-05 23:45:00,standard,26.93,71.8,0.0,0,7.57,0.24,14.1,21.91,52.82,-30.91,87.5,100.0,0,SIMULATED
2026-09-06 00:00:00,standard,26.77,72.5,0.0,0,7.45,0.24,14.1,21.79,52.82,-31.03,87.5,100.0,0,SIMULATED
2026-09-06 00:15:00,standard,26.63,73.1,0.0,0,7.37,0.24,14.1,21.71,52.82,-31.11,87.5,100.0,0,SIMULATED
2026-09-06 00:30:00,standard,26.5,73.7,0.0,0,7.26,0.24,14.1,21.6,52.82,-31.22,87.5,100.0,0,SIMULATED
2026-09-06 00:45:00,standard,26.39,74.2,0.0,0,7.2,0.24,14.1,21.54,52.82,-31.28,87.5,100.0,0,SIMULATED
2026-09-06 01:00:00,standard,26.29,74.7,0.0,0,7.13,0.24,14.1,21.47,52.82,-31.35,87.5,100.0,0,SIMULATED
2026-09-06 01:15:00,standard,26.2,75.1,0.0,0,7.05,0.24,14.1,21.39,52.82,-31.43,87.5,100.0,0,SIMULATED
2026-09-06 01:30:00,standard,26.13,75.4,0.0,0,7.0,0.24,14.1,21.34,52.82,-31.48,87.5,100.0,0,SIMULATED
2026-09-06 01:45:00,standard,26.07,75.7,0.0,0,6.95,0.24,14.1,21.29,52.82,-31.53,87.5,100.0,0,SIMULATED
2026-09-06 02:00:00,standard,26.03,75.9,0.0,0,6.92,0.24,14.1,21.26,52.82,-31.56,87.5,100.0,0,SIMULATED
2026-09-06 02:15:00,standard,26.01,76.0,0.0,0,6.89,0.24,14.1,21.23,52.82,-31.59,87.5,100.0,0,SIMULATED
2026-09-06 02:30:00,standard,26.0,76.0,0.0,0,6.87,0.24,14.1,21.21,52.82,-31.61,87.5,100.0,0,SIMULATED
2026-09-06 02:45:00,standard,26.01,76.0,0.0,0,6.87,0.24,14.1,21.21,52.82,-31.61,87.5,100.0,0,SIMULATED
2026-09-06 03:00:00,standard,26.03,75.9,0.0,0,6.86,0.24,14.1,21.2,52.82,-31.62,87.5,100.0,0,SIMULATED
2026-09-06 03:15:00,standard,26.07,75.7,0.0,0,6.87,0.24,14.1,21.21,52.82,-31.61,87.5,100.0,0,SIMULATED
2026-09-06 03:30:00,standard,26.13,75.4,0.0,0,6.9,0.24,14.1,21.24,52.82,-31.58,87.5,100.0,0,SIMULATED
2026-09-06 03:45:00,standard,26.2,75.1,0.0,0,6.93,0.24,14.1,21.27,52.82,-31.55,87.5,100.0,0,SIMULATED
2026-09-06 04:00:00,standard,26.29,74.7,0.0,0,6.97,0.24,14.1,21.31,52.82,-31.51,87.5,100.0,0,SIMULATED
2026-09-06 04:15:00,standard,26.39,74.2,0.0,0,7.03,0.24,14.1,21.37,52.82,-31.45,87.5,100.0,0,SIMULATED
2026-09-06 04:30:00,standard,26.5,73.7,0.0,0,7.07,0.24,14.1,21.41,52.82,-31.41,87.5,100.0,0,SIMULATED
2026-09-06 04:45:00,standard,26.63,73.1,0.0,0,7.15,0.24,14.1,21.49,52.82,-31.33,87.5,100.0,0,SIMULATED
2026-09-06 05:00:00,standard,26.77,72.5,0.0,0,7.21,0.24,14.1,21.55,52.82,-31.27,87.5,100.0,0,SIMULATED
2026-09-06 05:15:00,standard,26.93,71.8,0.0,0,7.31,0.24,14.1,21.65,52.82,-31.17,87.5,100.0,0,SIMULATED
2026-09-06 05:30:00,standard,27.1,71.0,0.0,0,7.42,0.24,14.1,21.76,52.82,-31.06,87.5,100.0,0,SIMULATED
2026-09-06 05:45:00,standard,27.28,70.2,0.0,0,7.49,0.24,14.1,21.83,52.82,-30.99,87.5,100.0,0,SIMULATED
2026-09-06 06:00:00,standard,27.47,69.3,0.0,0,7.6,0.24,14.1,21.94,52.82,-30.88,87.5,100.0,0,SIMULATED
2026-09-06 06:15:00,standard,27.67,68.4,53.4,0,8.31,0.24,14.1,22.65,52.82,-30.17,87.5,100.0,0,SIMULATED
2026-09-06 06:30:00,standard,27.88,67.5,106.5,0,9.0,0.24,14.1,23.34,52.82,-29.48,87.5,100.0,0,SIMULATED
2026-09-06 06:45:00,standard,28.09,66.5,159.3,0,9.7,0.24,14.1,24.04,52.94,-28.9,87.5,100.0,0,SIMULATED
2026-09-06 07:00:00,standard,28.31,65.5,211.4,0,10.7,1.52,14.1,26.33,53.22,-26.89,87.5,100.0,0,SIMULATED
2026-09-06 07:15:00,standard,28.54,64.5,262.7,0,11.4,1.52,14.1,27.03,53.49,-26.46,87.5,100.0,0,SIMULATED
2026-09-06 07:30:00,standard,28.78,63.4,312.9,0,12.11,1.52,14.1,27.72,53.8,-26.08,87.5,100.0,0,SIMULATED
2026-09-06 07:45:00,standard,29.02,62.3,361.9,0,12.8,1.52,14.1,28.42,54.1,-25.68,87.5,100.0,0,SIMULATED
2026-09-06 08:00:00,standard,29.26,61.2,409.5,0,13.51,1.52,14.1,29.12,54.42,-25.3,87.5,100.0,0,SIMULATED
2026-09-06 08:15:00,standard,29.5,60.1,455.5,0,14.18,1.52,14.1,29.79,54.7,-24.91,87.5,100.0,0,SIMULATED
2026-09-06 08:30:00,standard,29.75,59.0,499.6,0,14.85,1.52,14.1,30.47,55.02,-24.55,87.5,100.0,0,SIMULATED
2026-09-06 08:45:00,standard,30.0,57.9,541.8,0,15.5,1.52,14.1,31.12,55.34,-24.22,87.5,100.0,0,SIMULATED
2026-09-06 09:00:00,standard,30.24,56.8,581.9,1,16.21,1.85,14.1,32.15,55.64,-23.49,87.5,100.0,0,SIMULATED
2026-09-06 09:15:00,standard,30.48,55.7,619.6,1,16.81,1.85,14.1,32.76,55.93,-23.17,87.5,100.0,0,SIMULATED
2026-09-06 09:30:00,standard,30.72,54.6,654.9,1,17.04,1.85,14.1,32.99,56.24,-23.25,87.5,100.0,0,SIMULATED
2026-09-06 09:45:00,standard,30.96,53.5,687.7,2,17.28,1.85,14.1,33.22,56.51,-23.29,87.5,100.0,0,SIMULATED
2026-09-06 10:00:00,standard,31.19,52.5,717.7,5,17.44,4.31,14.1,35.85,56.82,-20.97,87.5,100.0,0,SIMULATED
2026-09-06 10:15:00,standard,31.41,51.5,744.9,5,17.61,4.31,14.1,36.02,57.1,-21.08,87.5,100.0,0,SIMULATED
2026-09-06 10:30:00,standard,31.62,50.5,769.1,4,17.78,4.31,14.1,36.19,57.36,-21.17,87.5,100.0,0,SIMULATED
2026-09-06 10:45:00,standard,31.83,49.6,790.3,7,17.98,4.31,14.1,36.39,57.62,-21.23,87.5,100.0,0,SIMULATED
2026-09-06 11:00:00,standard,32.03,48.7,808.4,6,18.09,4.31,14.1,36.5,57.87,-21.37,87.5,100.0,0,SIMULATED
2026-09-06 11:15:00,standard,32.22,47.8,823.3,6,18.22,4.31,14.1,36.63,58.1,-21.47,87.5,100.0,0,SIMULATED
2026-09-06 11:30:00,standard,32.4,47.0,834.9,7,18.38,4.31,14.1,36.79,58.31,-21.52,87.5,100.0,0,SIMULATED
2026-09-06 11:45:00,standard,32.57,46.2,843.3,5,18.43,4.31,14.1,36.84,58.53,-21.69,87.5,100.0,0,SIMULATED
2026-09-06 12:00:00,standard,32.73,45.5,848.3,6,18.51,4.31,14.1,36.92,58.74,-21.82,87.5,100.0,0,SIMULATED
2026-09-06 12:15:00,standard,32.87,44.9,850.0,4,18.56,4.31,14.1,36.97,58.92,-21.95,87.5,100.0,0,SIMULATED
2026-09-06 12:30:00,standard,33.0,44.3,848.3,5,18.62,4.31,14.1,37.03,59.07,-22.04,87.5,100.0,0,SIMULATED
2026-09-06 12:45:00,standard,33.11,43.8,843.3,7,18.67,4.31,14.1,37.08,59.22,-22.14,87.5,100.0,0,SIMULATED
2026-09-06 13:00:00,standard,33.21,43.3,834.9,5,18.73,4.31,14.1,37.14,59.34,-22.2,87.5,100.0,0,SIMULATED
2026-09-06 13:15:00,standard,33.3,42.9,823.3,6,18.77,4.31,14.1,37.18,59.46,-22.28,87.5,100.0,0,SIMULATED
2026-09-06 13:30:00,standard,33.37,42.6,808.4,4,18.78,4.31,14.1,37.19,59.54,-22.35,87.5,100.0,0,SIMULATED
2026-09-06 13:45:00,standard,33.43,42.3,790.3,4,18.79,4.31,14.1,37.2,59.62,-22.42,87.5,100.0,0,SIMULATED
2026-09-06 14:00:00,standard,33.47,42.1,769.1,6,18.75,4.31,14.1,37.16,59.67,-22.51,87.5,100.0,0,SIMULATED
2026-09-06 14:15:00,standard,33.49,42.0,744.9,6,18.57,3.98,14.1,36.66,59.7,-23.04,87.5,100.0,0,SIMULATED
2026-09-06 14:30:00,standard,33.5,42.0,717.7,5,18.5,3.98,14.1,36.59,59.7,-23.11,87.5,100.0,0,SIMULATED
2026-09-06 14:45:00,standard,33.49,42.0,687.7,3,18.42,3.98,14.1,36.51,59.7,-23.19,87.5,100.0,0,SIMULATED
2026-09-06 15:00:00,standard,33.47,42.1,654.9,5,18.34,3.98,14.1,36.43,59.67,-23.24,87.5,100.0,0,SIMULATED
2026-09-06 15:15:00,standard,33.43,42.3,619.6,4,18.23,3.98,14.1,36.32,59.62,-23.3,87.5,100.0,0,SIMULATED
2026-09-06 15:30:00,standard,33.37,42.6,581.9,5,18.07,3.98,14.1,36.15,59.54,-23.39,87.5,100.0,0,SIMULATED
2026-09-06 15:45:00,standard,33.3,42.9,541.8,4,17.95,3.98,14.1,36.03,59.46,-23.43,87.5,100.0,0,SIMULATED
2026-09-06 16:00:00,standard,33.21,43.3,499.6,5,17.79,3.98,14.1,35.87,59.34,-23.47,87.5,100.0,0,SIMULATED
2026-09-06 16:15:00,standard,33.11,43.8,455.5,0,17.61,1.52,14.1,33.24,59.22,-25.98,87.5,100.0,0,SIMULATED
2026-09-06 16:30:00,standard,33.0,44.3,409.5,0,17.44,1.52,14.1,33.07,59.07,-26.0,87.5,100.0,0,SIMULATED
2026-09-06 16:45:00,standard,32.87,44.9,361.9,0,17.25,1.52,14.1,32.87,58.92,-26.05,87.5,100.0,0,SIMULATED
2026-09-06 17:00:00,standard,32.73,45.5,312.9,0,17.06,1.52,14.1,32.69,58.74,-26.05,87.5,100.0,0,SIMULATED
2026-09-06 17:15:00,standard,32.57,46.2,262.7,0,16.77,1.52,14.1,32.38,58.53,-26.15,87.5,100.0,0,SIMULATED
2026-09-06 17:30:00,standard,32.4,47.0,211.4,0,15.94,1.52,14.1,31.55,58.31,-26.76,87.5,100.0,0,SIMULATED
2026-09-06 17:45:00,standard,32.22,47.8,159.3,0,15.01,1.52,14.1,30.62,58.1,-27.48,87.5,100.0,0,SIMULATED
2026-09-06 18:00:00,standard,32.03,48.7,106.5,0,14.04,1.52,14.1,29.66,57.87,-28.21,87.5,100.0,0,SIMULATED
2026-09-06 18:15:00,standard,31.83,49.6,53.4,0,13.11,1.52,14.1,28.72,57.62,-28.9,87.5,100.0,0,SIMULATED
2026-09-06 18:30:00,standard,31.62,50.5,0.0,0,12.18,1.52,14.1,27.79,57.36,-29.57,87.5,100.0,0,SIMULATED
2026-09-06 18:45:00,standard,31.41,51.5,0.0,0,11.89,1.52,14.1,27.49,57.1,-29.61,87.5,100.0,0,SIMULATED
2026-09-06 19:00:00,standard,31.19,52.5,0.0,0,11.62,1.52,14.1,27.24,56.82,-29.58,87.5,100.0,0,SIMULATED
2026-09-06 19:15:00,standard,30.96,53.5,0.0,0,11.36,1.52,14.1,26.98,56.51,-29.53,87.5,100.0,0,SIMULATED
2026-09-06 19:30:00,standard,30.72,54.6,0.0,0,11.09,1.52,14.1,26.71,56.24,-29.53,87.5,100.0,0,SIMULATED
2026-09-06 19:45:00,standard,30.48,55.7,0.0,0,10.83,1.52,14.1,26.44,55.93,-29.49,87.5,100.0,0,SIMULATED
2026-09-06 20:00:00,standard,30.24,56.8,0.0,0,10.29,0.24,14.1,24.63,55.64,-31.01,87.5,100.0,0,SIMULATED
2026-09-06 20:15:00,standard,30.0,57.9,0.0,0,10.05,0.24,14.1,24.39,55.34,-30.95,87.5,100.0,0,SIMULATED
2026-09-06 20:30:00,standard,29.75,59.0,0.0,0,9.82,0.24,14.1,24.16,55.02,-30.86,87.5,100.0,0,SIMULATED
2026-09-06 20:45:00,standard,29.5,60.1,0.0,0,9.6,0.24,14.1,23.94,54.7,-30.76,87.5,100.0,0,SIMULATED
2026-09-06 21:00:00,standard,29.26,61.2,0.0,0,9.37,0.24,14.1,23.71,54.42,-30.71,87.5,100.0,0,SIMULATED
2026-09-06 21:15:00,standard,29.02,62.3,0.0,0,9.17,0.24,14.1,23.51,54.1,-30.59,87.5,100.0,0,SIMULATED
2026-09-06 21:30:00,standard,28.78,63.4,0.0,0,8.99,0.24,14.1,23.33,53.8,-30.47,87.5,100.0,0,SIMULATED
2026-09-06 21:45:00,standard,28.54,64.5,0.0,0,8.78,0.24,14.1,23.12,53.49,-30.37,87.5,100.0,0,SIMULATED
2026-09-06 22:00:00,standard,28.31,65.5,0.0,0,8.61,0.24,14.1,22.95,53.22,-30.27,87.5,100.0,0,SIMULATED
2026-09-06 22:15:00,standard,28.09,66.5,0.0,0,8.43,0.24,14.1,22.77,52.94,-30.17,87.5,100.0,0,SIMULATED
2026-09-06 22:30:00,standard,27.88,67.5,0.0,0,8.27,0.24,14.1,22.61,52.82,-30.21,87.5,100.0,0,SIMULATED
2026-09-06 22:45:00,standard,27.67,68.4,0.0,0,8.13,0.24,14.1,22.47,52.82,-30.35,87.5,100.0,0,SIMULATED
2026-09-06 23:00:00,standard,27.47,69.3,0.0,0,7.96,0.24,14.1,22.3,52.82,-30.52,87.5,100.0,0,SIMULATED
2026-09-06 23:15:00,standard,27.28,70.2,0.0,0,7.82,0.24,14.1,22.16,52.82,-30.66,87.5,100.0,0,SIMULATED
2026-09-06 23:30:00,standard,27.1,71.0,0.0,0,7.71,0.24,14.1,22.05,52.82,-30.77,87.5,100.0,0,SIMULATED
2026-09-06 23:45:00,standard,26.93,71.8,0.0,0,7.57,0.24,14.1,21.91,52.82,-30.91,87.5,100.0,0,SIMULATED
2026-09-07 00:00:00,standard,26.77,72.5,0.0,0,7.45,0.24,14.1,21.79,52.82,-31.03,87.5,100.0,0,SIMULATED
2026-09-07 00:15:00,standard,26.63,73.1,0.0,0,7.37,0.24,14.1,21.71,52.82,-31.11,87.5,100.0,0,SIMULATED
2026-09-07 00:30:00,standard,26.5,73.7,0.0,0,7.26,0.24,14.1,21.6,52.82,-31.22,87.5,100.0,0,SIMULATED
2026-09-07 00:45:00,standard,26.39,74.2,0.0,0,7.2,0.24,14.1,21.54,52.82,-31.28,87.5,100.0,0,SIMULATED
2026-09-07 01:00:00,standard,26.29,74.7,0.0,0,7.13,0.24,14.1,21.47,52.82,-31.35,87.5,100.0,0,SIMULATED
2026-09-07 01:15:00,standard,26.2,75.1,0.0,0,7.05,0.24,14.1,21.39,52.82,-31.43,87.5,100.0,0,SIMULATED
2026-09-07 01:30:00,standard,26.13,75.4,0.0,0,7.0,0.24,14.1,21.34,52.82,-31.48,87.5,100.0,0,SIMULATED
2026-09-07 01:45:00,standard,26.07,75.7,0.0,0,6.95,0.24,14.1,21.29,52.82,-31.53,87.5,100.0,0,SIMULATED
2026-09-07 02:00:00,standard,26.03,75.9,0.0,0,6.92,0.24,14.1,21.26,52.82,-31.56,87.5,100.0,0,SIMULATED
2026-09-07 02:15:00,standard,26.01,76.0,0.0,0,6.89,0.24,14.1,21.23,52.82,-31.59,87.5,100.0,0,SIMULATED
2026-09-07 02:30:00,standard,26.0,76.0,0.0,0,6.87,0.24,14.1,21.21,52.82,-31.61,87.5,100.0,0,SIMULATED
2026-09-07 02:45:00,standard,26.01,76.0,0.0,0,6.87,0.24,14.1,21.21,52.82,-31.61,87.5,100.0,0,SIMULATED
2026-09-07 03:00:00,standard,26.03,75.9,0.0,0,6.86,0.24,14.1,21.2,52.82,-31.62,87.5,100.0,0,SIMULATED
2026-09-07 03:15:00,standard,26.07,75.7,0.0,0,6.87,0.24,14.1,21.21,52.82,-31.61,87.5,100.0,0,SIMULATED
2026-09-07 03:30:00,standard,26.13,75.4,0.0,0,6.9,0.24,14.1,21.24,52.82,-31.58,87.5,100.0,0,SIMULATED
2026-09-07 03:45:00,standard,26.2,75.1,0.0,0,6.93,0.24,14.1,21.27,52.82,-31.55,87.5,100.0,0,SIMULATED
2026-09-07 04:00:00,standard,26.29,74.7,0.0,0,6.97,0.24,14.1,21.31,52.82,-31.51,87.5,100.0,0,SIMULATED
2026-09-07 04:15:00,standard,26.39,74.2,0.0,0,7.03,0.24,14.1,21.37,52.82,-31.45,87.5,100.0,0,SIMULATED
2026-09-07 04:30:00,standard,26.5,73.7,0.0,0,7.07,0.24,14.1,21.41,52.82,-31.41,87.5,100.0,0,SIMULATED
2026-09-07 04:45:00,standard,26.63,73.1,0.0,0,7.15,0.24,14.1,21.49,52.82,-31.33,87.5,100.0,0,SIMULATED
2026-09-07 05:00:00,standard,26.77,72.5,0.0,0,7.21,0.24,14.1,21.55,52.82,-31.27,87.5,100.0,0,SIMULATED
2026-09-07 05:15:00,standard,26.93,71.8,0.0,0,7.31,0.24,14.1,21.65,52.82,-31.17,87.5,100.0,0,SIMULATED
2026-09-07 05:30:00,standard,27.1,71.0,0.0,0,7.42,0.24,14.1,21.76,52.82,-31.06,87.5,100.0,0,SIMULATED
2026-09-07 05:45:00,standard,27.28,70.2,0.0,0,7.49,0.24,14.1,21.83,52.82,-30.99,87.5,100.0,0,SIMULATED
2026-09-07 06:00:00,standard,27.47,69.3,0.0,0,7.6,0.24,14.1,21.94,52.82,-30.88,87.5,100.0,0,SIMULATED
2026-09-07 06:15:00,standard,27.67,68.4,53.4,0,8.31,0.24,14.1,22.65,52.82,-30.17,87.5,100.0,0,SIMULATED
2026-09-07 06:30:00,standard,27.88,67.5,106.5,0,9.0,0.24,14.1,23.34,52.82,-29.48,87.5,100.0,0,SIMULATED
2026-09-07 06:45:00,standard,28.09,66.5,159.3,0,9.7,0.24,14.1,24.04,52.94,-28.9,87.5,100.0,0,SIMULATED
2026-09-07 07:00:00,standard,28.31,65.5,211.4,0,10.7,1.52,14.1,26.33,53.22,-26.89,87.5,100.0,0,SIMULATED
2026-09-07 07:15:00,standard,28.54,64.5,262.7,0,11.4,1.52,14.1,27.03,53.49,-26.46,87.5,100.0,0,SIMULATED
2026-09-07 07:30:00,standard,28.78,63.4,312.9,0,12.11,1.52,14.1,27.72,53.8,-26.08,87.5,100.0,0,SIMULATED
2026-09-07 07:45:00,standard,29.02,62.3,361.9,0,12.8,1.52,14.1,28.42,54.1,-25.68,87.5,100.0,0,SIMULATED
2026-09-07 08:00:00,standard,29.26,61.2,409.5,2,13.65,1.85,14.1,29.59,54.42,-24.83,87.5,100.0,0,SIMULATED
2026-09-07 08:15:00,standard,29.5,60.1,455.5,6,14.75,3.21,14.1,32.05,54.7,-22.65,87.5,100.0,0,SIMULATED
2026-09-07 08:30:00,standard,29.75,59.0,499.6,14,15.85,3.99,14.1,33.93,55.02,-21.09,87.5,100.0,0,SIMULATED
2026-09-07 08:45:00,standard,30.0,57.9,541.8,17,16.76,5.09,14.1,35.95,55.34,-19.39,87.5,100.0,0,SIMULATED
2026-09-07 09:00:00,standard,30.24,56.8,581.9,47,17.56,6.0,14.1,37.66,55.64,-17.98,87.5,100.0,0,SIMULATED
2026-09-07 09:15:00,standard,30.48,55.7,619.6,47,17.71,6.0,14.1,37.81,55.93,-18.12,87.5,100.0,0,SIMULATED
2026-09-07 09:30:00,standard,30.72,54.6,654.9,68,18.29,6.6,14.1,38.99,56.24,-17.25,87.5,100.0,0,SIMULATED
2026-09-07 09:45:00,standard,30.96,53.5,687.7,71,18.44,6.6,14.1,39.14,56.51,-17.37,87.5,100.0,0,SIMULATED
2026-09-07 10:00:00,standard,31.19,52.5,717.7,77,18.77,6.42,14.1,39.29,56.82,-17.53,87.5,100.0,0,SIMULATED
2026-09-07 10:15:00,standard,31.41,51.5,744.9,78,18.9,6.42,14.1,39.42,57.1,-17.68,87.5,100.0,0,SIMULATED
2026-09-07 10:30:00,standard,31.62,50.5,769.1,72,18.61,5.82,14.1,38.53,57.36,-18.83,87.5,100.0,0,SIMULATED
2026-09-07 10:45:00,standard,31.83,49.6,790.3,71,18.68,5.82,14.1,38.6,57.62,-19.02,87.5,100.0,0,SIMULATED
2026-09-07 11:00:00,standard,32.03,48.7,808.4,71,18.8,5.82,14.1,38.72,57.87,-19.15,87.5,100.0,0,SIMULATED
2026-09-07 11:15:00,standard,32.22,47.8,823.3,72,18.89,5.82,14.1,38.81,58.1,-19.29,87.5,100.0,0,SIMULATED
2026-09-07 11:30:00,standard,32.4,47.0,834.9,81,19.35,6.42,14.1,39.87,58.31,-18.44,87.5,100.0,0,SIMULATED
2026-09-07 11:45:00,standard,32.57,46.2,843.3,64,18.86,5.82,14.1,38.78,58.53,-19.75,87.5,100.0,0,SIMULATED
2026-09-07 12:00:00,standard,32.73,45.5,848.3,92,19.87,6.6,14.1,40.57,58.74,-18.17,87.5,100.0,0,SIMULATED
2026-09-07 12:15:00,standard,32.87,44.9,850.0,88,19.89,6.6,14.1,40.59,58.92,-18.33,87.5,100.0,0,SIMULATED
2026-09-07 12:30:00,standard,33.0,44.3,848.3,72,19.62,6.0,14.1,39.72,59.07,-19.35,87.5,100.0,0,SIMULATED
2026-09-07 12:45:00,standard,33.11,43.8,843.3,73,19.64,6.0,14.1,39.74,59.22,-19.48,87.5,100.0,0,SIMULATED
2026-09-07 13:00:00,standard,33.21,43.3,834.9,65,19.66,6.0,14.1,39.76,59.34,-19.58,87.5,100.0,0,SIMULATED
2026-09-07 13:15:00,standard,33.3,42.9,823.3,65,19.7,6.0,14.1,39.8,59.46,-19.66,87.5,100.0,0,SIMULATED
2026-09-07 13:30:00,standard,33.37,42.6,808.4,75,20.24,6.6,14.1,40.94,59.54,-18.6,87.5,100.0,0,SIMULATED
2026-09-07 13:45:00,standard,33.43,42.3,790.3,75,20.21,6.6,14.1,40.91,59.62,-18.71,87.5,100.0,0,SIMULATED
2026-09-07 14:00:00,standard,33.47,42.1,769.1,69,19.58,6.5,14.1,40.18,59.67,-19.49,75.0,100.0,1,SIMULATED
2026-09-07 14:15:00,standard,33.49,42.0,744.9,73,19.67,6.5,14.1,40.27,59.7,-19.43,75.0,100.0,1,SIMULATED
2026-09-07 14:30:00,standard,33.5,42.0,717.7,73,19.65,6.5,14.1,40.25,59.7,-19.45,62.5,100.0,1,SIMULATED
2026-09-07 14:45:00,standard,33.49,42.0,687.7,70,19.61,6.5,14.1,40.21,59.7,-19.49,62.5,100.0,1,SIMULATED
2026-09-07 15:00:00,standard,33.47,42.1,654.9,72,19.48,5.82,14.1,39.4,59.67,-20.27,62.5,100.0,0,SIMULATED
2026-09-07 15:15:00,standard,33.43,42.3,619.6,73,19.46,5.82,14.1,39.38,59.62,-20.24,62.5,100.0,0,SIMULATED
2026-09-07 15:30:00,standard,33.37,42.6,581.9,71,19.47,6.0,14.1,39.57,59.54,-19.97,62.5,100.0,0,SIMULATED
2026-09-07 15:45:00,standard,33.3,42.9,541.8,71,19.38,6.0,14.1,39.48,59.46,-19.98,62.5,100.0,0,SIMULATED
2026-09-07 16:00:00,standard,33.21,43.3,499.6,70,19.33,6.0,14.1,39.43,59.34,-19.91,62.5,100.0,0,SIMULATED
2026-09-07 16:15:00,standard,33.11,43.8,455.5,70,19.29,6.0,14.1,39.39,59.22,-19.83,62.5,100.0,0,SIMULATED
2026-09-07 16:30:00,standard,33.0,44.3,409.5,78,19.67,6.6,14.1,40.37,59.07,-18.7,62.5,100.0,0,SIMULATED
2026-09-07 16:45:00,standard,32.87,44.9,361.9,77,19.58,6.6,14.1,40.28,58.92,-18.64,62.5,100.0,0,SIMULATED
2026-09-07 17:00:00,standard,32.73,45.5,312.9,65,18.93,6.6,14.1,39.63,58.74,-19.11,62.5,100.0,0,SIMULATED
2026-09-07 17:15:00,standard,32.57,46.2,262.7,67,18.65,6.6,14.1,39.35,58.53,-19.18,62.5,100.0,0,SIMULATED
2026-09-07 17:30:00,standard,32.4,47.0,211.4,59,17.95,6.0,14.1,38.05,58.31,-20.26,62.5,100.0,0,SIMULATED
2026-09-07 17:45:00,standard,32.22,47.8,159.3,56,17.66,6.0,14.1,37.76,58.1,-20.34,62.5,100.0,0,SIMULATED
2026-09-07 18:00:00,standard,32.03,48.7,106.5,50,17.34,6.0,14.1,37.44,57.87,-20.43,62.5,100.0,0,SIMULATED
2026-09-07 18:15:00,standard,31.83,49.6,53.4,47,17.03,6.0,14.1,37.13,57.62,-20.49,75.0,100.0,0,SIMULATED
2026-09-07 18:30:00,standard,31.62,50.5,0.0,40,16.43,5.09,14.1,35.62,57.36,-21.74,87.5,100.0,0,SIMULATED
2026-09-07 18:45:00,standard,31.41,51.5,0.0,33,16.01,5.09,14.1,35.2,57.1,-21.9,87.5,100.0,0,SIMULATED
2026-09-07 19:00:00,standard,31.19,52.5,0.0,22,15.16,3.98,14.1,33.24,56.82,-23.58,87.5,100.0,0,SIMULATED
2026-09-07 19:15:00,standard,30.96,53.5,0.0,15,14.75,3.98,14.1,32.83,56.51,-23.68,87.5,100.0,0,SIMULATED
2026-09-07 19:30:00,standard,30.72,54.6,0.0,10,13.83,2.62,14.1,30.55,56.24,-25.69,87.5,100.0,0,SIMULATED
2026-09-07 19:45:00,standard,30.48,55.7,0.0,7,13.3,2.62,14.1,30.02,55.93,-25.91,87.5,100.0,0,SIMULATED
2026-09-07 20:00:00,standard,30.24,56.8,0.0,4,12.56,1.6,14.1,28.26,55.64,-27.38,87.5,100.0,0,SIMULATED
2026-09-07 20:15:00,standard,30.0,57.9,0.0,3,12.12,1.6,14.1,27.82,55.34,-27.52,87.5,100.0,0,SIMULATED
2026-09-07 20:30:00,standard,29.75,59.0,0.0,0,11.34,0.24,14.1,25.68,55.02,-29.34,87.5,100.0,0,SIMULATED
2026-09-07 20:45:00,standard,29.5,60.1,0.0,0,10.99,0.24,14.1,25.33,54.7,-29.37,87.5,100.0,0,SIMULATED
2026-09-07 21:00:00,standard,29.26,61.2,0.0,0,10.66,0.24,14.1,25.0,54.42,-29.42,87.5,100.0,0,SIMULATED
2026-09-07 21:15:00,standard,29.02,62.3,0.0,0,10.34,0.24,14.1,24.68,54.1,-29.42,87.5,100.0,0,SIMULATED
2026-09-07 21:30:00,standard,28.78,63.4,0.0,0,10.06,0.24,14.1,24.4,53.8,-29.4,87.5,100.0,0,SIMULATED
2026-09-07 21:45:00,standard,28.54,64.5,0.0,0,9.76,0.24,14.1,24.1,53.49,-29.39,87.5,100.0,0,SIMULATED
2026-09-07 22:00:00,standard,28.31,65.5,0.0,0,9.51,0.24,14.1,23.85,53.22,-29.37,87.5,100.0,0,SIMULATED
2026-09-07 22:15:00,standard,28.09,66.5,0.0,0,9.24,0.24,14.1,23.58,52.94,-29.36,87.5,100.0,0,SIMULATED
2026-09-07 22:30:00,standard,27.88,67.5,0.0,0,9.02,0.24,14.1,23.36,52.82,-29.46,87.5,100.0,0,SIMULATED
2026-09-07 22:45:00,standard,27.67,68.4,0.0,0,8.82,0.24,14.1,23.16,52.82,-29.66,87.5,100.0,0,SIMULATED
2026-09-07 23:00:00,standard,27.47,69.3,0.0,0,8.6,0.24,14.1,22.94,52.82,-29.88,87.5,100.0,0,SIMULATED
2026-09-07 23:15:00,standard,27.28,70.2,0.0,0,8.41,0.24,14.1,22.75,52.82,-30.07,87.5,100.0,0,SIMULATED
2026-09-07 23:30:00,standard,27.1,71.0,0.0,0,8.25,0.24,14.1,22.59,52.82,-30.23,87.5,100.0,0,SIMULATED
2026-09-07 23:45:00,standard,26.93,71.8,0.0,0,8.08,0.24,14.1,22.42,52.82,-30.4,87.5,100.0,0,SIMULATED
2026-09-08 00:00:00,standard,26.77,72.5,0.0,0,7.91,0.24,14.1,22.25,52.82,-30.57,87.5,100.0,0,SIMULATED
2026-09-08 00:15:00,standard,26.63,73.1,0.0,0,7.8,0.24,14.1,22.14,52.82,-30.68,87.5,100.0,0,SIMULATED
2026-09-08 00:30:00,standard,26.5,73.7,0.0,0,7.66,0.24,14.1,22.0,52.82,-30.82,87.5,100.0,0,SIMULATED
2026-09-08 00:45:00,standard,26.39,74.2,0.0,0,7.56,0.24,14.1,21.9,52.82,-30.92,87.5,100.0,0,SIMULATED
2026-09-08 01:00:00,standard,26.29,74.7,0.0,0,7.46,0.24,14.1,21.8,52.82,-31.02,87.5,100.0,0,SIMULATED
2026-09-08 01:15:00,standard,26.2,75.1,0.0,0,7.36,0.24,14.1,21.7,52.82,-31.12,87.5,100.0,0,SIMULATED
2026-09-08 01:30:00,standard,26.13,75.4,0.0,0,7.29,0.24,14.1,21.63,52.82,-31.19,87.5,100.0,0,SIMULATED
2026-09-08 01:45:00,standard,26.07,75.7,0.0,0,7.21,0.24,14.1,21.55,52.82,-31.27,87.5,100.0,0,SIMULATED
2026-09-08 02:00:00,standard,26.03,75.9,0.0,0,7.16,0.24,14.1,21.5,52.82,-31.32,87.5,100.0,0,SIMULATED
2026-09-08 02:15:00,standard,26.01,76.0,0.0,0,7.12,0.24,14.1,21.46,52.82,-31.36,87.5,100.0,0,SIMULATED
2026-09-08 02:30:00,standard,26.0,76.0,0.0,0,7.09,0.24,14.1,21.43,52.82,-31.39,87.5,100.0,0,SIMULATED
2026-09-08 02:45:00,standard,26.01,76.0,0.0,0,7.07,0.24,14.1,21.41,52.82,-31.41,87.5,100.0,0,SIMULATED
2026-09-08 03:00:00,standard,26.03,75.9,0.0,0,7.05,0.24,14.1,21.39,52.82,-31.43,87.5,100.0,0,SIMULATED
2026-09-08 03:15:00,standard,26.07,75.7,0.0,0,7.04,0.24,14.1,21.38,52.82,-31.44,87.5,100.0,0,SIMULATED
2026-09-08 03:30:00,standard,26.13,75.4,0.0,0,7.06,0.24,14.1,21.4,52.82,-31.42,87.5,100.0,0,SIMULATED
2026-09-08 03:45:00,standard,26.2,75.1,0.0,0,7.08,0.24,14.1,21.42,52.82,-31.4,87.5,100.0,0,SIMULATED
2026-09-08 04:00:00,standard,26.29,74.7,0.0,0,7.12,0.24,14.1,21.46,52.82,-31.36,87.5,100.0,0,SIMULATED
2026-09-08 04:15:00,standard,26.39,74.2,0.0,0,7.15,0.24,14.1,21.49,52.82,-31.33,87.5,100.0,0,SIMULATED
2026-09-08 04:30:00,standard,26.5,73.7,0.0,0,7.19,0.24,14.1,21.53,52.82,-31.29,87.5,100.0,0,SIMULATED
2026-09-08 04:45:00,standard,26.63,73.1,0.0,0,7.25,0.24,14.1,21.59,52.82,-31.23,87.5,100.0,0,SIMULATED
2026-09-08 05:00:00,standard,26.77,72.5,0.0,0,7.29,0.24,14.1,21.63,52.82,-31.19,87.5,100.0,0,SIMULATED
2026-09-08 05:15:00,standard,26.93,71.8,0.0,0,7.37,0.24,14.1,21.71,52.82,-31.11,87.5,100.0,0,SIMULATED
2026-09-08 05:30:00,standard,27.1,71.0,0.0,0,7.47,0.24,14.1,21.81,52.82,-31.01,87.5,100.0,0,SIMULATED
2026-09-08 05:45:00,standard,27.28,70.2,0.0,0,7.54,0.24,14.1,21.88,52.82,-30.94,87.5,100.0,0,SIMULATED
2026-09-08 06:00:00,standard,27.47,69.3,0.0,0,7.63,0.24,14.1,21.97,52.82,-30.85,87.5,100.0,0,SIMULATED
2026-09-08 06:15:00,standard,27.67,68.4,53.4,0,8.33,0.24,14.1,22.67,52.82,-30.15,87.5,100.0,0,SIMULATED
2026-09-08 06:30:00,standard,27.88,67.5,106.5,0,9.02,0.24,14.1,23.36,52.82,-29.46,87.5,100.0,0,SIMULATED
2026-09-08 06:45:00,standard,28.09,66.5,159.3,0,9.71,0.24,14.1,24.05,52.94,-28.89,87.5,100.0,0,SIMULATED
2026-09-08 07:00:00,standard,28.31,65.5,211.4,0,10.7,1.52,14.1,26.33,53.22,-26.89,87.5,100.0,0,SIMULATED
2026-09-08 07:15:00,standard,28.54,64.5,262.7,0,11.4,1.52,14.1,27.03,53.49,-26.46,87.5,100.0,0,SIMULATED
2026-09-08 07:30:00,standard,28.78,63.4,312.9,0,12.11,1.52,14.1,27.72,53.8,-26.08,87.5,100.0,0,SIMULATED
2026-09-08 07:45:00,standard,29.02,62.3,361.9,0,12.8,1.52,14.1,28.42,54.1,-25.68,87.5,100.0,0,SIMULATED
2026-09-08 08:00:00,standard,29.26,61.2,409.5,3,13.68,1.85,14.1,29.62,54.42,-24.8,87.5,100.0,0,SIMULATED
2026-09-08 08:15:00,standard,29.5,60.1,455.5,5,14.72,3.21,14.1,32.02,54.7,-22.68,87.5,100.0,0,SIMULATED
2026-09-08 08:30:00,standard,29.75,59.0,499.6,13,15.82,3.99,14.1,33.9,55.02,-21.12,87.5,100.0,0,SIMULATED
2026-09-08 08:45:00,standard,30.0,57.9,541.8,19,16.79,5.09,14.1,35.98,55.34,-19.36,87.5,100.0,0,SIMULATED
2026-09-08 09:00:00,standard,30.24,56.8,581.9,45,17.56,6.0,14.1,37.66,55.64,-17.98,87.5,100.0,0,SIMULATED
2026-09-08 09:15:00,standard,30.48,55.7,619.6,48,17.74,6.0,14.1,37.84,55.93,-18.09,87.5,100.0,0,SIMULATED
2026-09-08 09:30:00,standard,30.72,54.6,654.9,69,18.3,6.6,14.1,39.0,56.24,-17.24,87.5,100.0,0,SIMULATED
2026-09-08 09:45:00,standard,30.96,53.5,687.7,69,18.51,6.6,14.1,39.21,56.51,-17.3,87.5,100.0,0,SIMULATED
2026-09-08 10:00:00,standard,31.19,52.5,717.7,78,18.8,6.42,14.1,39.32,56.82,-17.5,87.5,100.0,0,SIMULATED
2026-09-08 10:15:00,standard,31.41,51.5,744.9,75,18.83,6.42,14.1,39.35,57.1,-17.75,87.5,100.0,0,SIMULATED
2026-09-08 10:30:00,standard,31.62,50.5,769.1,71,18.58,5.82,14.1,38.5,57.36,-18.86,87.5,100.0,0,SIMULATED
2026-09-08 10:45:00,standard,31.83,49.6,790.3,72,18.71,5.82,14.1,38.63,57.62,-18.99,87.5,100.0,0,SIMULATED
2026-09-08 11:00:00,standard,32.03,48.7,808.4,69,18.77,5.82,14.1,38.69,57.87,-19.18,87.5,100.0,0,SIMULATED
2026-09-08 11:15:00,standard,32.22,47.8,823.3,70,18.85,5.82,14.1,38.77,58.1,-19.33,87.5,100.0,0,SIMULATED
2026-09-08 11:30:00,standard,32.4,47.0,834.9,79,19.35,6.42,14.1,39.87,58.31,-18.44,87.5,100.0,0,SIMULATED
2026-09-08 11:45:00,standard,32.57,46.2,843.3,66,18.89,5.82,14.1,38.81,58.53,-19.72,87.5,100.0,0,SIMULATED
2026-09-08 12:00:00,standard,32.73,45.5,848.3,92,19.9,6.6,14.1,40.6,58.74,-18.14,87.5,100.0,0,SIMULATED
2026-09-08 12:15:00,standard,32.87,44.9,850.0,92,19.93,6.6,14.1,40.63,58.92,-18.29,87.5,100.0,0,SIMULATED
2026-09-08 12:30:00,standard,33.0,44.3,848.3,74,19.58,6.0,14.1,39.68,59.07,-19.39,87.5,100.0,0,SIMULATED
2026-09-08 12:45:00,standard,33.11,43.8,843.3,70,19.64,6.0,14.1,39.74,59.22,-19.48,87.5,100.0,0,SIMULATED
2026-09-08 13:00:00,standard,33.21,43.3,834.9,66,19.66,6.0,14.1,39.76,59.34,-19.58,87.5,100.0,0,SIMULATED
2026-09-08 13:15:00,standard,33.3,42.9,823.3,63,19.67,6.0,14.1,39.77,59.46,-19.69,87.5,100.0,0,SIMULATED
2026-09-08 13:30:00,standard,33.37,42.6,808.4,74,20.17,6.6,14.1,40.87,59.54,-18.67,87.5,100.0,0,SIMULATED
2026-09-08 13:45:00,standard,33.43,42.3,790.3,71,20.18,6.6,14.1,40.88,59.62,-18.74,87.5,100.0,0,SIMULATED
2026-09-08 14:00:00,standard,33.47,42.1,769.1,71,19.61,6.5,14.1,40.21,59.67,-19.46,75.0,100.0,1,SIMULATED
2026-09-08 14:15:00,standard,33.49,42.0,744.9,75,19.71,6.5,14.1,40.31,59.7,-19.39,75.0,100.0,1,SIMULATED
2026-09-08 14:30:00,standard,33.5,42.0,717.7,72,19.65,6.5,14.1,40.25,59.7,-19.45,62.5,100.0,1,SIMULATED
2026-09-08 14:45:00,standard,33.49,42.0,687.7,73,19.64,6.5,14.1,40.24,59.7,-19.46,62.5,100.0,1,SIMULATED
2026-09-08 15:00:00,standard,33.47,42.1,654.9,72,19.48,5.82,14.1,39.4,59.67,-20.27,62.5,100.0,0,SIMULATED
2026-09-08 15:15:00,standard,33.43,42.3,619.6,70,19.44,5.82,14.1,39.36,59.62,-20.26,62.5,100.0,0,SIMULATED
2026-09-08 15:30:00,standard,33.37,42.6,581.9,70,19.41,6.0,14.1,39.51,59.54,-20.03,62.5,100.0,0,SIMULATED
2026-09-08 15:45:00,standard,33.3,42.9,541.8,70,19.38,6.0,14.1,39.48,59.46,-19.98,62.5,100.0,0,SIMULATED
2026-09-08 16:00:00,standard,33.21,43.3,499.6,71,19.36,6.0,14.1,39.46,59.34,-19.88,62.5,100.0,0,SIMULATED
2026-09-08 16:15:00,standard,33.11,43.8,455.5,69,19.29,6.0,14.1,39.39,59.22,-19.83,62.5,100.0,0,SIMULATED
2026-09-08 16:30:00,standard,33.0,44.3,409.5,78,19.6,6.6,14.1,40.3,59.07,-18.77,62.5,100.0,0,SIMULATED
2026-09-08 16:45:00,standard,32.87,44.9,361.9,78,19.57,6.6,14.1,40.27,58.92,-18.65,62.5,100.0,0,SIMULATED
2026-09-08 17:00:00,standard,32.73,45.5,312.9,66,18.93,6.6,14.1,39.63,58.74,-19.11,62.5,100.0,0,SIMULATED
2026-09-08 17:15:00,standard,32.57,46.2,262.7,66,18.61,6.6,14.1,39.31,58.53,-19.22,62.5,100.0,0,SIMULATED
2026-09-08 17:30:00,standard,32.4,47.0,211.4,58,17.94,6.0,14.1,38.04,58.31,-20.27,62.5,100.0,0,SIMULATED
2026-09-08 17:45:00,standard,32.22,47.8,159.3,55,17.66,6.0,14.1,37.76,58.1,-20.34,62.5,100.0,0,SIMULATED
2026-09-08 18:00:00,standard,32.03,48.7,106.5,53,17.37,6.0,14.1,37.47,57.87,-20.4,62.5,100.0,0,SIMULATED
2026-09-08 18:15:00,standard,31.83,49.6,53.4,48,17.09,6.0,14.1,37.19,57.62,-20.43,75.0,100.0,0,SIMULATED
2026-09-08 18:30:00,standard,31.62,50.5,0.0,40,16.43,5.09,14.1,35.62,57.36,-21.74,87.5,100.0,0,SIMULATED
2026-09-08 18:45:00,standard,31.41,51.5,0.0,33,16.01,5.09,14.1,35.2,57.1,-21.9,87.5,100.0,0,SIMULATED
2026-09-08 19:00:00,standard,31.19,52.5,0.0,23,15.16,3.98,14.1,33.24,56.82,-23.58,87.5,100.0,0,SIMULATED
2026-09-08 19:15:00,standard,30.96,53.5,0.0,17,14.78,3.98,14.1,32.86,56.51,-23.65,87.5,100.0,0,SIMULATED
2026-09-08 19:30:00,standard,30.72,54.6,0.0,11,13.88,2.62,14.1,30.6,56.24,-25.64,87.5,100.0,0,SIMULATED
2026-09-08 19:45:00,standard,30.48,55.7,0.0,8,13.35,2.62,14.1,30.07,55.93,-25.86,87.5,100.0,0,SIMULATED
2026-09-08 20:00:00,standard,30.24,56.8,0.0,5,12.61,1.6,14.1,28.31,55.64,-27.33,87.5,100.0,0,SIMULATED
2026-09-08 20:15:00,standard,30.0,57.9,0.0,3,12.14,1.6,14.1,27.84,55.34,-27.5,87.5,100.0,0,SIMULATED
2026-09-08 20:30:00,standard,29.75,59.0,0.0,0,11.36,0.24,14.1,25.7,55.02,-29.32,87.5,100.0,0,SIMULATED
2026-09-08 20:45:00,standard,29.5,60.1,0.0,0,11.01,0.24,14.1,25.35,54.7,-29.35,87.5,100.0,0,SIMULATED
2026-09-08 21:00:00,standard,29.26,61.2,0.0,0,10.68,0.24,14.1,25.02,54.42,-29.4,87.5,100.0,0,SIMULATED
2026-09-08 21:15:00,standard,29.02,62.3,0.0,0,10.35,0.24,14.1,24.69,54.1,-29.41,87.5,100.0,0,SIMULATED
2026-09-08 21:30:00,standard,28.78,63.4,0.0,0,10.08,0.24,14.1,24.42,53.8,-29.38,87.5,100.0,0,SIMULATED
2026-09-08 21:45:00,standard,28.54,64.5,0.0,0,9.78,0.24,14.1,24.12,53.49,-29.37,87.5,100.0,0,SIMULATED
2026-09-08 22:00:00,standard,28.31,65.5,0.0,0,9.52,0.24,14.1,23.86,53.22,-29.36,87.5,100.0,0,SIMULATED
2026-09-08 22:15:00,standard,28.09,66.5,0.0,0,9.25,0.24,14.1,23.59,52.94,-29.35,87.5,100.0,0,SIMULATED
2026-09-08 22:30:00,standard,27.88,67.5,0.0,0,9.03,0.24,14.1,23.37,52.82,-29.45,87.5,100.0,0,SIMULATED
2026-09-08 22:45:00,standard,27.67,68.4,0.0,0,8.83,0.24,14.1,23.17,52.82,-29.65,87.5,100.0,0,SIMULATED
2026-09-08 23:00:00,standard,27.47,69.3,0.0,0,8.61,0.24,14.1,22.95,52.82,-29.87,87.5,100.0,0,SIMULATED
2026-09-08 23:15:00,standard,27.28,70.2,0.0,0,8.42,0.24,14.1,22.76,52.82,-30.06,87.5,100.0,0,SIMULATED
2026-09-08 23:30:00,standard,27.1,71.0,0.0,0,8.26,0.24,14.1,22.6,52.82,-30.22,87.5,100.0,0,SIMULATED
2026-09-08 23:45:00,standard,26.93,71.8,0.0,0,8.09,0.24,14.1,22.43,52.82,-30.39,87.5,100.0,0,SIMULATED
2026-09-09 00:00:00,standard,26.77,72.5,0.0,0,7.91,0.24,14.1,22.25,52.82,-30.57,87.5,100.0,0,SIMULATED
2026-09-09 00:15:00,standard,26.63,73.1,0.0,0,7.8,0.24,14.1,22.14,52.82,-30.68,87.5,100.0,0,SIMULATED
2026-09-09 00:30:00,standard,26.5,73.7,0.0,0,7.66,0.24,14.1,22.0,52.82,-30.82,87.5,100.0,0,SIMULATED
2026-09-09 00:45:00,standard,26.39,74.2,0.0,0,7.56,0.24,14.1,21.9,52.82,-30.92,87.5,100.0,0,SIMULATED
2026-09-09 01:00:00,standard,26.29,74.7,0.0,0,7.46,0.24,14.1,21.8,52.82,-31.02,87.5,100.0,0,SIMULATED
2026-09-09 01:15:00,standard,26.2,75.1,0.0,0,7.36,0.24,14.1,21.7,52.82,-31.12,87.5,100.0,0,SIMULATED
2026-09-09 01:30:00,standard,26.13,75.4,0.0,0,7.29,0.24,14.1,21.63,52.82,-31.19,87.5,100.0,0,SIMULATED
2026-09-09 01:45:00,standard,26.07,75.7,0.0,0,7.21,0.24,14.1,21.55,52.82,-31.27,87.5,100.0,0,SIMULATED
2026-09-09 02:00:00,standard,26.03,75.9,0.0,0,7.16,0.24,14.1,21.5,52.82,-31.32,87.5,100.0,0,SIMULATED
2026-09-09 02:15:00,standard,26.01,76.0,0.0,0,7.12,0.24,14.1,21.46,52.82,-31.36,87.5,100.0,0,SIMULATED
2026-09-09 02:30:00,standard,26.0,76.0,0.0,0,7.09,0.24,14.1,21.43,52.82,-31.39,87.5,100.0,0,SIMULATED
2026-09-09 02:45:00,standard,26.01,76.0,0.0,0,7.07,0.24,14.1,21.41,52.82,-31.41,87.5,100.0,0,SIMULATED
2026-09-09 03:00:00,standard,26.03,75.9,0.0,0,7.05,0.24,14.1,21.39,52.82,-31.43,87.5,100.0,0,SIMULATED
2026-09-09 03:15:00,standard,26.07,75.7,0.0,0,7.04,0.24,14.1,21.38,52.82,-31.44,87.5,100.0,0,SIMULATED
2026-09-09 03:30:00,standard,26.13,75.4,0.0,0,7.06,0.24,14.1,21.4,52.82,-31.42,87.5,100.0,0,SIMULATED
2026-09-09 03:45:00,standard,26.2,75.1,0.0,0,7.08,0.24,14.1,21.42,52.82,-31.4,87.5,100.0,0,SIMULATED
2026-09-09 04:00:00,standard,26.29,74.7,0.0,0,7.12,0.24,14.1,21.46,52.82,-31.36,87.5,100.0,0,SIMULATED
2026-09-09 04:15:00,standard,26.39,74.2,0.0,0,7.15,0.24,14.1,21.49,52.82,-31.33,87.5,100.0,0,SIMULATED
2026-09-09 04:30:00,standard,26.5,73.7,0.0,0,7.19,0.24,14.1,21.53,52.82,-31.29,87.5,100.0,0,SIMULATED
2026-09-09 04:45:00,standard,26.63,73.1,0.0,0,7.25,0.24,14.1,21.59,52.82,-31.23,87.5,100.0,0,SIMULATED
2026-09-09 05:00:00,standard,26.77,72.5,0.0,0,7.29,0.24,14.1,21.63,52.82,-31.19,87.5,100.0,0,SIMULATED
2026-09-09 05:15:00,standard,26.93,71.8,0.0,0,7.37,0.24,14.1,21.71,52.82,-31.11,87.5,100.0,0,SIMULATED
2026-09-09 05:30:00,standard,27.1,71.0,0.0,0,7.47,0.24,14.1,21.81,52.82,-31.01,87.5,100.0,0,SIMULATED
2026-09-09 05:45:00,standard,27.28,70.2,0.0,0,7.54,0.24,14.1,21.88,52.82,-30.94,87.5,100.0,0,SIMULATED
2026-09-09 06:00:00,standard,27.47,69.3,0.0,0,7.63,0.24,14.1,21.97,52.82,-30.85,87.5,100.0,0,SIMULATED
2026-09-09 06:15:00,standard,27.67,68.4,53.4,0,8.33,0.24,14.1,22.67,52.82,-30.15,87.5,100.0,0,SIMULATED
2026-09-09 06:30:00,standard,27.88,67.5,106.5,0,9.02,0.24,14.1,23.36,52.82,-29.46,87.5,100.0,0,SIMULATED
2026-09-09 06:45:00,standard,28.09,66.5,159.3,0,9.71,0.24,14.1,24.05,52.94,-28.89,87.5,100.0,0,SIMULATED
2026-09-09 07:00:00,standard,28.31,65.5,211.4,0,10.7,1.52,14.1,26.33,53.22,-26.89,87.5,100.0,0,SIMULATED
2026-09-09 07:15:00,standard,28.54,64.5,262.7,0,11.4,1.52,14.1,27.03,53.49,-26.46,87.5,100.0,0,SIMULATED
2026-09-09 07:30:00,standard,28.78,63.4,312.9,0,12.11,1.52,14.1,27.72,53.8,-26.08,87.5,100.0,0,SIMULATED
2026-09-09 07:45:00,standard,29.02,62.3,361.9,0,12.8,1.52,14.1,28.42,54.1,-25.68,87.5,100.0,0,SIMULATED
2026-09-09 08:00:00,standard,29.26,61.2,409.5,3,13.68,1.85,14.1,29.62,54.42,-24.8,87.5,100.0,0,SIMULATED
2026-09-09 08:15:00,standard,29.5,60.1,455.5,4,14.69,3.21,14.1,31.99,54.7,-22.71,87.5,100.0,0,SIMULATED
2026-09-09 08:30:00,standard,29.75,59.0,499.6,13,15.82,3.99,14.1,33.9,55.02,-21.12,87.5,100.0,0,SIMULATED
2026-09-09 08:45:00,standard,30.0,57.9,541.8,16,16.73,5.09,14.1,35.92,55.34,-19.42,87.5,100.0,0,SIMULATED
2026-09-09 09:00:00,standard,30.24,56.8,581.9,45,17.49,6.0,14.1,37.59,55.64,-18.05,87.5,100.0,0,SIMULATED
2026-09-09 09:15:00,standard,30.48,55.7,619.6,49,17.77,6.0,14.1,37.87,55.93,-18.06,87.5,100.0,0,SIMULATED
2026-09-09 09:30:00,standard,30.72,54.6,654.9,69,18.3,6.6,14.1,39.0,56.24,-17.24,87.5,100.0,0,SIMULATED
2026-09-09 09:45:00,standard,30.96,53.5,687.7,70,18.47,6.6,14.1,39.17,56.51,-17.34,87.5,100.0,0,SIMULATED
2026-09-09 10:00:00,standard,31.19,52.5,717.7,74,18.7,6.42,14.1,39.22,56.82,-17.6,87.5,100.0,0,SIMULATED
2026-09-09 10:15:00,standard,31.41,51.5,744.9,75,18.79,6.42,14.1,39.31,57.1,-17.79,87.5,100.0,0,SIMULATED
2026-09-09 10:30:00,standard,31.62,50.5,769.1,70,18.58,5.82,14.1,38.5,57.36,-18.86,87.5,100.0,0,SIMULATED
2026-09-09 10:45:00,standard,31.83,49.6,790.3,70,18.65,5.82,14.1,38.57,57.62,-19.05,87.5,100.0,0,SIMULATED
2026-09-09 11:00:00,standard,32.03,48.7,808.4,71,18.77,5.82,14.1,38.69,57.87,-19.18,87.5,100.0,0,SIMULATED
2026-09-09 11:15:00,standard,32.22,47.8,823.3,73,18.92,5.82,14.1,38.84,58.1,-19.26,87.5,100.0,0,SIMULATED
2026-09-09 11:30:00,standard,32.4,47.0,834.9,79,19.35,6.42,14.1,39.87,58.31,-18.44,87.5,100.0,0,SIMULATED
2026-09-09 11:45:00,standard,32.57,46.2,843.3,66,18.89,5.82,14.1,38.81,58.53,-19.72,87.5,100.0,0,SIMULATED
2026-09-09 12:00:00,standard,32.73,45.5,848.3,93,19.9,6.6,14.1,40.6,58.74,-18.14,87.5,100.0,0,SIMULATED
2026-09-09 12:15:00,standard,32.87,44.9,850.0,93,19.97,6.6,14.1,40.67,58.92,-18.25,87.5,100.0,0,SIMULATED
2026-09-09 12:30:00,standard,33.0,44.3,848.3,73,19.58,6.0,14.1,39.68,59.07,-19.39,87.5,100.0,0,SIMULATED
2026-09-09 12:45:00,standard,33.11,43.8,843.3,72,19.64,6.0,14.1,39.74,59.22,-19.48,87.5,100.0,0,SIMULATED
2026-09-09 13:00:00,standard,33.21,43.3,834.9,64,19.69,6.0,14.1,39.79,59.34,-19.55,87.5,100.0,0,SIMULATED
2026-09-09 13:15:00,standard,33.3,42.9,823.3,64,19.74,6.0,14.1,39.84,59.46,-19.62,87.5,100.0,0,SIMULATED
2026-09-09 13:30:00,standard,33.37,42.6,808.4,74,20.21,6.6,14.1,40.91,59.54,-18.63,87.5,100.0,0,SIMULATED
2026-09-09 13:45:00,standard,33.43,42.3,790.3,75,20.25,6.6,14.1,40.95,59.62,-18.67,87.5,100.0,0,SIMULATED
2026-09-09 14:00:00,standard,33.47,42.1,769.1,72,19.61,6.5,14.1,40.21,59.67,-19.46,75.0,100.0,1,SIMULATED
2026-09-09 14:15:00,standard,33.49,42.0,744.9,71,19.64,6.5,14.1,40.24,59.7,-19.46,62.5,100.0,1,SIMULATED
2026-09-09 14:30:00,standard,33.5,42.0,717.7,73,19.65,6.5,14.1,40.25,59.7,-19.45,62.5,100.0,1,SIMULATED
2026-09-09 14:45:00,standard,33.49,42.0,687.7,72,19.61,6.5,14.1,40.21,59.7,-19.49,62.5,100.0,1,SIMULATED
2026-09-09 15:00:00,standard,33.47,42.1,654.9,73,19.48,5.82,14.1,39.4,59.67,-20.27,62.5,100.0,0,SIMULATED
2026-09-09 15:15:00,standard,33.43,42.3,619.6,71,19.47,5.82,14.1,39.39,59.62,-20.23,62.5,100.0,0,SIMULATED
2026-09-09 15:30:00,standard,33.37,42.6,581.9,69,19.38,6.0,14.1,39.48,59.54,-20.06,62.5,100.0,0,SIMULATED
2026-09-09 15:45:00,standard,33.3,42.9,541.8,69,19.38,6.0,14.1,39.48,59.46,-19.98,62.5,100.0,0,SIMULATED
2026-09-09 16:00:00,standard,33.21,43.3,499.6,70,19.33,6.0,14.1,39.43,59.34,-19.91,62.5,100.0,0,SIMULATED
2026-09-09 16:15:00,standard,33.11,43.8,455.5,72,19.32,6.0,14.1,39.42,59.22,-19.8,62.5,100.0,0,SIMULATED
2026-09-09 16:30:00,standard,33.0,44.3,409.5,78,19.64,6.6,14.1,40.34,59.07,-18.73,62.5,100.0,0,SIMULATED
2026-09-09 16:45:00,standard,32.87,44.9,361.9,77,19.54,6.6,14.1,40.24,58.92,-18.68,62.5,100.0,0,SIMULATED
2026-09-09 17:00:00,standard,32.73,45.5,312.9,66,18.94,6.6,14.1,39.64,58.74,-19.1,62.5,100.0,0,SIMULATED
2026-09-09 17:15:00,standard,32.57,46.2,262.7,66,18.61,6.6,14.1,39.31,58.53,-19.22,62.5,100.0,0,SIMULATED
2026-09-09 17:30:00,standard,32.4,47.0,211.4,58,17.92,6.0,14.1,38.02,58.31,-20.29,62.5,100.0,0,SIMULATED
2026-09-09 17:45:00,standard,32.22,47.8,159.3,55,17.67,6.0,14.1,37.77,58.1,-20.33,62.5,100.0,0,SIMULATED
2026-09-09 18:00:00,standard,32.03,48.7,106.5,51,17.38,6.0,14.1,37.48,57.87,-20.39,62.5,100.0,0,SIMULATED
2026-09-09 18:15:00,standard,31.83,49.6,53.4,47,17.07,6.0,14.1,37.17,57.62,-20.45,75.0,100.0,0,SIMULATED
2026-09-09 18:30:00,standard,31.62,50.5,0.0,39,16.39,5.09,14.1,35.58,57.36,-21.78,87.5,100.0,0,SIMULATED
2026-09-09 18:45:00,standard,31.41,51.5,0.0,34,16.0,5.09,14.1,35.19,57.1,-21.91,87.5,100.0,0,SIMULATED
2026-09-09 19:00:00,standard,31.19,52.5,0.0,21,15.12,3.98,14.1,33.2,56.82,-23.62,87.5,100.0,0,SIMULATED
2026-09-09 19:15:00,standard,30.96,53.5,0.0,15,14.74,3.98,14.1,32.82,56.51,-23.69,87.5,100.0,0,SIMULATED
2026-09-09 19:30:00,standard,30.72,54.6,0.0,10,13.85,2.62,14.1,30.57,56.24,-25.67,87.5,100.0,0,SIMULATED
2026-09-09 19:45:00,standard,30.48,55.7,0.0,8,13.35,2.62,14.1,30.07,55.93,-25.86,87.5,100.0,0,SIMULATED
2026-09-09 20:00:00,standard,30.24,56.8,0.0,5,12.61,1.6,14.1,28.31,55.64,-27.33,87.5,100.0,0,SIMULATED
2026-09-09 20:15:00,standard,30.0,57.9,0.0,3,12.14,1.6,14.1,27.84,55.34,-27.5,87.5,100.0,0,SIMULATED
2026-09-09 20:30:00,standard,29.75,59.0,0.0,0,11.36,0.24,14.1,25.7,55.02,-29.32,87.5,100.0,0,SIMULATED
2026-09-09 20:45:00,standard,29.5,60.1,0.0,0,11.01,0.24,14.1,25.35,54.7,-29.35,87.5,100.0,0,SIMULATED
2026-09-09 21:00:00,standard,29.26,61.2,0.0,0,10.68,0.24,14.1,25.02,54.42,-29.4,87.5,100.0,0,SIMULATED
2026-09-09 21:15:00,standard,29.02,62.3,0.0,0,10.35,0.24,14.1,24.69,54.1,-29.41,87.5,100.0,0,SIMULATED
2026-09-09 21:30:00,standard,28.78,63.4,0.0,0,10.08,0.24,14.1,24.42,53.8,-29.38,87.5,100.0,0,SIMULATED
2026-09-09 21:45:00,standard,28.54,64.5,0.0,0,9.79,0.24,14.1,24.13,53.49,-29.36,87.5,100.0,0,SIMULATED
2026-09-09 22:00:00,standard,28.31,65.5,0.0,0,9.52,0.24,14.1,23.86,53.22,-29.36,87.5,100.0,0,SIMULATED
2026-09-09 22:15:00,standard,28.09,66.5,0.0,0,9.24,0.24,14.1,23.58,52.94,-29.36,87.5,100.0,0,SIMULATED
2026-09-09 22:30:00,standard,27.88,67.5,0.0,0,9.02,0.24,14.1,23.36,52.82,-29.46,87.5,100.0,0,SIMULATED
2026-09-09 22:45:00,standard,27.67,68.4,0.0,0,8.82,0.24,14.1,23.16,52.82,-29.66,87.5,100.0,0,SIMULATED
2026-09-09 23:00:00,standard,27.47,69.3,0.0,0,8.6,0.24,14.1,22.94,52.82,-29.88,87.5,100.0,0,SIMULATED
2026-09-09 23:15:00,standard,27.28,70.2,0.0,0,8.41,0.24,14.1,22.75,52.82,-30.07,87.5,100.0,0,SIMULATED
2026-09-09 23:30:00,standard,27.1,71.0,0.0,0,8.25,0.24,14.1,22.59,52.82,-30.23,87.5,100.0,0,SIMULATED
2026-09-09 23:45:00,standard,26.93,71.8,0.0,0,8.08,0.24,14.1,22.42,52.82,-30.4,87.5,100.0,0,SIMULATED
2026-09-10 00:00:00,standard,26.77,72.5,0.0,0,7.9,0.24,14.1,22.24,52.82,-30.58,87.5,100.0,0,SIMULATED
2026-09-10 00:15:00,standard,26.63,73.1,0.0,0,7.79,0.24,14.1,22.13,52.82,-30.69,87.5,100.0,0,SIMULATED
2026-09-10 00:30:00,standard,26.5,73.7,0.0,0,7.65,0.24,14.1,21.99,52.82,-30.83,87.5,100.0,0,SIMULATED
2026-09-10 00:45:00,standard,26.39,74.2,0.0,0,7.55,0.24,14.1,21.89,52.82,-30.93,87.5,100.0,0,SIMULATED
2026-09-10 01:00:00,standard,26.29,74.7,0.0,0,7.45,0.24,14.1,21.79,52.82,-31.03,87.5,100.0,0,SIMULATED
2026-09-10 01:15:00,standard,26.2,75.1,0.0,0,7.35,0.24,14.1,21.69,52.82,-31.13,87.5,100.0,0,SIMULATED
2026-09-10 01:30:00,standard,26.13,75.4,0.0,0,7.28,0.24,14.1,21.62,52.82,-31.2,87.5,100.0,0,SIMULATED
2026-09-10 01:45:00,standard,26.07,75.7,0.0,0,7.2,0.24,14.1,21.54,52.82,-31.28,87.5,100.0,0,SIMULATED
2026-09-10 02:00:00,standard,26.03,75.9,0.0,0,7.15,0.24,14.1,21.49,52.82,-31.33,87.5,100.0,0,SIMULATED
2026-09-10 02:15:00,standard,26.01,76.0,0.0,0,7.11,0.24,14.1,21.45,52.82,-31.37,87.5,100.0,0,SIMULATED
2026-09-10 02:30:00,standard,26.0,76.0,0.0,0,7.08,0.24,14.1,21.42,52.82,-31.4,87.5,100.0,0,SIMULATED
2026-09-10 02:45:00,standard,26.01,76.0,0.0,0,7.06,0.24,14.1,21.4,52.82,-31.42,87.5,100.0,0,SIMULATED
2026-09-10 03:00:00,standard,26.03,75.9,0.0,0,7.04,0.24,14.1,21.38,52.82,-31.44,87.5,100.0,0,SIMULATED
2026-09-10 03:15:00,standard,26.07,75.7,0.0,0,7.03,0.24,14.1,21.37,52.82,-31.45,87.5,100.0,0,SIMULATED
2026-09-10 03:30:00,standard,26.13,75.4,0.0,0,7.05,0.24,14.1,21.39,52.82,-31.43,87.5,100.0,0,SIMULATED
2026-09-10 03:45:00,standard,26.2,75.1,0.0,0,7.07,0.24,14.1,21.41,52.82,-31.41,87.5,100.0,0,SIMULATED
2026-09-10 04:00:00,standard,26.29,74.7,0.0,0,7.11,0.24,14.1,21.45,52.82,-31.37,87.5,100.0,0,SIMULATED
2026-09-10 04:15:00,standard,26.39,74.2,0.0,0,7.14,0.24,14.1,21.48,52.82,-31.34,87.5,100.0,0,SIMULATED
2026-09-10 04:30:00,standard,26.5,73.7,0.0,0,7.18,0.24,14.1,21.52,52.82,-31.3,87.5,100.0,0,SIMULATED
2026-09-10 04:45:00,standard,26.63,73.1,0.0,0,7.24,0.24,14.1,21.58,52.82,-31.24,87.5,100.0,0,SIMULATED
2026-09-10 05:00:00,standard,26.77,72.5,0.0,0,7.28,0.24,14.1,21.62,52.82,-31.2,87.5,100.0,0,SIMULATED
2026-09-10 05:15:00,standard,26.93,71.8,0.0,0,7.36,0.24,14.1,21.7,52.82,-31.12,87.5,100.0,0,SIMULATED
2026-09-10 05:30:00,standard,27.1,71.0,0.0,0,7.46,0.24,14.1,21.8,52.82,-31.02,87.5,100.0,0,SIMULATED
2026-09-10 05:45:00,standard,27.28,70.2,0.0,0,7.53,0.24,14.1,21.87,52.82,-30.95,87.5,100.0,0,SIMULATED
2026-09-10 06:00:00,standard,27.47,69.3,0.0,0,7.63,0.24,14.1,21.97,52.82,-30.85,87.5,100.0,0,SIMULATED
2026-09-10 06:15:00,standard,27.67,68.4,53.4,0,8.32,0.24,14.1,22.66,52.82,-30.16,87.5,100.0,0,SIMULATED
2026-09-10 06:30:00,standard,27.88,67.5,106.5,0,9.01,0.24,14.1,23.35,52.82,-29.47,87.5,100.0,0,SIMULATED
2026-09-10 06:45:00,standard,28.09,66.5,159.3,0,9.7,0.24,14.1,24.04,52.94,-28.9,87.5,100.0,0,SIMULATED
2026-09-10 07:00:00,standard,28.31,65.5,211.4,0,10.7,1.52,14.1,26.33,53.22,-26.89,87.5,100.0,0,SIMULATED
2026-09-10 07:15:00,standard,28.54,64.5,262.7,0,11.4,1.52,14.1,27.03,53.49,-26.46,87.5,100.0,0,SIMULATED
2026-09-10 07:30:00,standard,28.78,63.4,312.9,0,12.11,1.52,14.1,27.72,53.8,-26.08,87.5,100.0,0,SIMULATED
2026-09-10 07:45:00,standard,29.02,62.3,361.9,0,12.8,1.52,14.1,28.42,54.1,-25.68,87.5,100.0,0,SIMULATED
2026-09-10 08:00:00,standard,29.26,61.2,409.5,3,13.68,1.85,14.1,29.62,54.42,-24.8,87.5,100.0,0,SIMULATED
2026-09-10 08:15:00,standard,29.5,60.1,455.5,4,14.69,3.21,14.1,31.99,54.7,-22.71,87.5,100.0,0,SIMULATED
2026-09-10 08:30:00,standard,29.75,59.0,499.6,11,15.76,3.99,14.1,33.84,55.02,-21.18,87.5,100.0,0,SIMULATED
2026-09-10 08:45:00,standard,30.0,57.9,541.8,19,16.83,5.09,14.1,36.02,55.34,-19.32,87.5,100.0,0,SIMULATED
2026-09-10 09:00:00,standard,30.24,56.8,581.9,45,17.49,6.0,14.1,37.59,55.64,-18.05,87.5,100.0,0,SIMULATED
2026-09-10 09:15:00,standard,30.48,55.7,619.6,47,17.73,6.0,14.1,37.83,55.93,-18.1,87.5,100.0,0,SIMULATED
2026-09-10 09:30:00,standard,30.72,54.6,654.9,68,18.26,6.6,14.1,38.96,56.24,-17.28,87.5,100.0,0,SIMULATED
2026-09-10 09:45:00,standard,30.96,53.5,687.7,69,18.44,6.6,14.1,39.14,56.51,-17.37,87.5,100.0,0,SIMULATED
2026-09-10 10:00:00,standard,31.19,52.5,717.7,76,18.73,6.42,14.1,39.25,56.82,-17.57,87.5,100.0,0,SIMULATED
2026-09-10 10:15:00,standard,31.41,51.5,744.9,79,18.89,6.42,14.1,39.41,57.1,-17.69,87.5,100.0,0,SIMULATED
2026-09-10 10:30:00,standard,31.62,50.5,769.1,68,18.52,5.82,14.1,38.44,57.36,-18.92,87.5,100.0,0,SIMULATED
2026-09-10 10:45:00,standard,31.83,49.6,790.3,71,18.68,5.82,14.1,38.6,57.62,-19.02,87.5,100.0,0,SIMULATED
2026-09-10 11:00:00,standard,32.03,48.7,808.4,71,18.77,5.82,14.1,38.69,57.87,-19.18,87.5,100.0,0,SIMULATED
2026-09-10 11:15:00,standard,32.22,47.8,823.3,74,18.95,5.82,14.1,38.87,58.1,-19.23,87.5,100.0,0,SIMULATED
2026-09-10 11:30:00,standard,32.4,47.0,834.9,77,19.31,6.42,14.1,39.83,58.31,-18.48,87.5,100.0,0,SIMULATED
2026-09-10 11:45:00,standard,32.57,46.2,843.3,68,18.93,5.82,14.1,38.85,58.53,-19.68,87.5,100.0,0,SIMULATED
2026-09-10 12:00:00,standard,32.73,45.5,848.3,94,19.9,6.6,14.1,40.6,58.74,-18.14,87.5,100.0,0,SIMULATED
2026-09-10 12:15:00,standard,32.87,44.9,850.0,93,19.96,6.6,14.1,40.66,58.92,-18.26,87.5,100.0,0,SIMULATED
2026-09-10 12:30:00,standard,33.0,44.3,848.3,72,19.55,6.0,14.1,39.65,59.07,-19.42,87.5,100.0,0,SIMULATED
2026-09-10 12:45:00,standard,33.11,43.8,843.3,70,19.61,6.0,14.1,39.71,59.22,-19.51,87.5,100.0,0,SIMULATED
2026-09-10 13:00:00,standard,33.21,43.3,834.9,65,19.69,6.0,14.1,39.79,59.34,-19.55,87.5,100.0,0,SIMULATED
2026-09-10 13:15:00,standard,33.3,42.9,823.3,65,19.7,6.0,14.1,39.8,59.46,-19.66,87.5,100.0,0,SIMULATED
2026-09-10 13:30:00,standard,33.37,42.6,808.4,71,20.1,6.6,14.1,40.8,59.54,-18.74,87.5,100.0,0,SIMULATED
2026-09-10 13:45:00,standard,33.43,42.3,790.3,71,20.18,6.6,14.1,40.88,59.62,-18.74,87.5,100.0,0,SIMULATED
2026-09-10 14:00:00,standard,33.47,42.1,769.1,72,19.64,6.5,14.1,40.24,59.67,-19.43,75.0,100.0,1,SIMULATED
2026-09-10 14:15:00,standard,33.49,42.0,744.9,71,19.61,6.5,14.1,40.21,59.7,-19.49,75.0,100.0,1,SIMULATED
2026-09-10 14:30:00,standard,33.5,42.0,717.7,72,19.68,6.5,14.1,40.28,59.7,-19.42,62.5,100.0,1,SIMULATED
2026-09-10 14:45:00,standard,33.49,42.0,687.7,72,19.68,6.5,14.1,40.28,59.7,-19.42,62.5,100.0,1,SIMULATED
2026-09-10 15:00:00,standard,33.47,42.1,654.9,73,19.45,5.82,14.1,39.37,59.67,-20.3,62.5,100.0,0,SIMULATED
2026-09-10 15:15:00,standard,33.43,42.3,619.6,72,19.47,5.82,14.1,39.39,59.62,-20.23,62.5,100.0,0,SIMULATED
2026-09-10 15:30:00,standard,33.37,42.6,581.9,70,19.38,6.0,14.1,39.48,59.54,-20.06,62.5,100.0,0,SIMULATED
2026-09-10 15:45:00,standard,33.3,42.9,541.8,71,19.41,6.0,14.1,39.51,59.46,-19.95,62.5,100.0,0,SIMULATED
2026-09-10 16:00:00,standard,33.21,43.3,499.6,73,19.4,6.0,14.1,39.5,59.34,-19.84,62.5,100.0,0,SIMULATED
2026-09-10 16:15:00,standard,33.11,43.8,455.5,69,19.29,6.0,14.1,39.39,59.22,-19.83,62.5,100.0,0,SIMULATED
2026-09-10 16:30:00,standard,33.0,44.3,409.5,77,19.64,6.6,14.1,40.34,59.07,-18.73,62.5,100.0,0,SIMULATED
2026-09-10 16:45:00,standard,32.87,44.9,361.9,79,19.61,6.6,14.1,40.31,58.92,-18.61,62.5,100.0,0,SIMULATED
2026-09-10 17:00:00,standard,32.73,45.5,312.9,65,18.94,6.6,14.1,39.64,58.74,-19.1,62.5,100.0,0,SIMULATED
2026-09-10 17:15:00,standard,32.57,46.2,262.7,66,18.65,6.6,14.1,39.35,58.53,-19.18,62.5,100.0,0,SIMULATED
2026-09-10 17:30:00,standard,32.4,47.0,211.4,56,17.89,6.0,14.1,37.99,58.31,-20.32,62.5,100.0,0,SIMULATED
2026-09-10 17:45:00,standard,32.22,47.8,159.3,54,17.67,6.0,14.1,37.77,58.1,-20.33,62.5,100.0,0,SIMULATED
2026-09-10 18:00:00,standard,32.03,48.7,106.5,51,17.38,6.0,14.1,37.48,57.87,-20.39,62.5,100.0,0,SIMULATED
2026-09-10 18:15:00,standard,31.83,49.6,53.4,48,17.1,6.0,14.1,37.2,57.62,-20.42,75.0,100.0,0,SIMULATED
2026-09-10 18:30:00,standard,31.62,50.5,0.0,40,16.42,5.09,14.1,35.61,57.36,-21.75,87.5,100.0,0,SIMULATED
2026-09-10 18:45:00,standard,31.41,51.5,0.0,34,15.97,5.09,14.1,35.16,57.1,-21.94,87.5,100.0,0,SIMULATED
2026-09-10 19:00:00,standard,31.19,52.5,0.0,21,15.12,3.98,14.1,33.2,56.82,-23.62,87.5,100.0,0,SIMULATED
2026-09-10 19:15:00,standard,30.96,53.5,0.0,15,14.74,3.98,14.1,32.82,56.51,-23.69,87.5,100.0,0,SIMULATED
2026-09-10 19:30:00,standard,30.72,54.6,0.0,10,13.84,2.62,14.1,30.56,56.24,-25.68,87.5,100.0,0,SIMULATED
2026-09-10 19:45:00,standard,30.48,55.7,0.0,8,13.34,2.62,14.1,30.06,55.93,-25.87,87.5,100.0,0,SIMULATED
2026-09-10 20:00:00,standard,30.24,56.8,0.0,5,12.6,1.6,14.1,28.3,55.64,-27.34,87.5,100.0,0,SIMULATED
2026-09-10 20:15:00,standard,30.0,57.9,0.0,2,12.1,1.6,14.1,27.8,55.34,-27.54,87.5,100.0,0,SIMULATED
2026-09-10 20:30:00,standard,29.75,59.0,0.0,0,11.35,0.24,14.1,25.69,55.02,-29.33,87.5,100.0,0,SIMULATED
2026-09-10 20:45:00,standard,29.5,60.1,0.0,0,11.0,0.24,14.1,25.34,54.7,-29.36,87.5,100.0,0,SIMULATED
2026-09-10 21:00:00,standard,29.26,61.2,0.0,0,10.67,0.24,14.1,25.01,54.42,-29.41,87.5,100.0,0,SIMULATED
2026-09-10 21:15:00,standard,29.02,62.3,0.0,0,10.34,0.24,14.1,24.68,54.1,-29.42,87.5,100.0,0,SIMULATED
2026-09-10 21:30:00,standard,28.78,63.4,0.0,0,10.07,0.24,14.1,24.41,53.8,-29.39,87.5,100.0,0,SIMULATED
2026-09-10 21:45:00,standard,28.54,64.5,0.0,0,9.78,0.24,14.1,24.12,53.49,-29.37,87.5,100.0,0,SIMULATED
2026-09-10 22:00:00,standard,28.31,65.5,0.0,0,9.51,0.24,14.1,23.85,53.22,-29.37,87.5,100.0,0,SIMULATED
2026-09-10 22:15:00,standard,28.09,66.5,0.0,0,9.24,0.24,14.1,23.58,52.94,-29.36,87.5,100.0,0,SIMULATED
2026-09-10 22:30:00,standard,27.88,67.5,0.0,0,9.02,0.24,14.1,23.36,52.82,-29.46,87.5,100.0,0,SIMULATED
2026-09-10 22:45:00,standard,27.67,68.4,0.0,0,8.82,0.24,14.1,23.16,52.82,-29.66,87.5,100.0,0,SIMULATED
2026-09-10 23:00:00,standard,27.47,69.3,0.0,0,8.6,0.24,14.1,22.94,52.82,-29.88,87.5,100.0,0,SIMULATED
2026-09-10 23:15:00,standard,27.28,70.2,0.0,0,8.41,0.24,14.1,22.75,52.82,-30.07,87.5,100.0,0,SIMULATED
2026-09-10 23:30:00,standard,27.1,71.0,0.0,0,8.25,0.24,14.1,22.59,52.82,-30.23,87.5,100.0,0,SIMULATED
2026-09-10 23:45:00,standard,26.93,71.8,0.0,0,8.08,0.24,14.1,22.42,52.82,-30.4,87.5,100.0,0,SIMULATED
2026-09-11 00:00:00,standard,26.77,72.5,0.0,0,7.9,0.24,14.1,22.24,52.82,-30.58,87.5,100.0,0,SIMULATED
2026-09-11 00:15:00,standard,26.63,73.1,0.0,0,7.79,0.24,14.1,22.13,52.82,-30.69,87.5,100.0,0,SIMULATED
2026-09-11 00:30:00,standard,26.5,73.7,0.0,0,7.65,0.24,14.1,21.99,52.82,-30.83,87.5,100.0,0,SIMULATED
2026-09-11 00:45:00,standard,26.39,74.2,0.0,0,7.55,0.24,14.1,21.89,52.82,-30.93,87.5,100.0,0,SIMULATED
2026-09-11 01:00:00,standard,26.29,74.7,0.0,0,7.45,0.24,14.1,21.79,52.82,-31.03,87.5,100.0,0,SIMULATED
2026-09-11 01:15:00,standard,26.2,75.1,0.0,0,7.35,0.24,14.1,21.69,52.82,-31.13,87.5,100.0,0,SIMULATED
2026-09-11 01:30:00,standard,26.13,75.4,0.0,0,7.28,0.24,14.1,21.62,52.82,-31.2,87.5,100.0,0,SIMULATED
2026-09-11 01:45:00,standard,26.07,75.7,0.0,0,7.2,0.24,14.1,21.54,52.82,-31.28,87.5,100.0,0,SIMULATED
2026-09-11 02:00:00,standard,26.03,75.9,0.0,0,7.15,0.24,14.1,21.49,52.82,-31.33,87.5,100.0,0,SIMULATED
2026-09-11 02:15:00,standard,26.01,76.0,0.0,0,7.11,0.24,14.1,21.45,52.82,-31.37,87.5,100.0,0,SIMULATED
2026-09-11 02:30:00,standard,26.0,76.0,0.0,0,7.08,0.24,14.1,21.42,52.82,-31.4,87.5,100.0,0,SIMULATED
2026-09-11 02:45:00,standard,26.01,76.0,0.0,0,7.06,0.24,14.1,21.4,52.82,-31.42,87.5,100.0,0,SIMULATED
2026-09-11 03:00:00,standard,26.03,75.9,0.0,0,7.04,0.24,14.1,21.38,52.82,-31.44,87.5,100.0,0,SIMULATED
2026-09-11 03:15:00,standard,26.07,75.7,0.0,0,7.03,0.24,14.1,21.37,52.82,-31.45,87.5,100.0,0,SIMULATED
2026-09-11 03:30:00,standard,26.13,75.4,0.0,0,7.05,0.24,14.1,21.39,52.82,-31.43,87.5,100.0,0,SIMULATED
2026-09-11 03:45:00,standard,26.2,75.1,0.0,0,7.07,0.24,14.1,21.41,52.82,-31.41,87.5,100.0,0,SIMULATED
2026-09-11 04:00:00,standard,26.29,74.7,0.0,0,7.11,0.24,14.1,21.45,52.82,-31.37,87.5,100.0,0,SIMULATED
2026-09-11 04:15:00,standard,26.39,74.2,0.0,0,7.14,0.24,14.1,21.48,52.82,-31.34,87.5,100.0,0,SIMULATED
2026-09-11 04:30:00,standard,26.5,73.7,0.0,0,7.18,0.24,14.1,21.52,52.82,-31.3,87.5,100.0,0,SIMULATED
2026-09-11 04:45:00,standard,26.63,73.1,0.0,0,7.24,0.24,14.1,21.58,52.82,-31.24,87.5,100.0,0,SIMULATED
2026-09-11 05:00:00,standard,26.77,72.5,0.0,0,7.28,0.24,14.1,21.62,52.82,-31.2,87.5,100.0,0,SIMULATED
2026-09-11 05:15:00,standard,26.93,71.8,0.0,0,7.36,0.24,14.1,21.7,52.82,-31.12,87.5,100.0,0,SIMULATED
2026-09-11 05:30:00,standard,27.1,71.0,0.0,0,7.46,0.24,14.1,21.8,52.82,-31.02,87.5,100.0,0,SIMULATED
2026-09-11 05:45:00,standard,27.28,70.2,0.0,0,7.53,0.24,14.1,21.87,52.82,-30.95,87.5,100.0,0,SIMULATED
2026-09-11 06:00:00,standard,27.47,69.3,0.0,0,7.63,0.24,14.1,21.97,52.82,-30.85,87.5,100.0,0,SIMULATED
2026-09-11 06:15:00,standard,27.67,68.4,53.4,0,8.32,0.24,14.1,22.66,52.82,-30.16,87.5,100.0,0,SIMULATED
2026-09-11 06:30:00,standard,27.88,67.5,106.5,0,9.01,0.24,14.1,23.35,52.82,-29.47,87.5,100.0,0,SIMULATED
2026-09-11 06:45:00,standard,28.09,66.5,159.3,0,9.7,0.24,14.1,24.04,52.94,-28.9,87.5,100.0,0,SIMULATED
2026-09-11 07:00:00,standard,28.31,65.5,211.4,0,10.7,1.52,14.1,26.33,53.22,-26.89,87.5,100.0,0,SIMULATED
2026-09-11 07:15:00,standard,28.54,64.5,262.7,0,11.4,1.52,14.1,27.03,53.49,-26.46,87.5,100.0,0,SIMULATED
2026-09-11 07:30:00,standard,28.78,63.4,312.9,0,12.11,1.52,14.1,27.72,53.8,-26.08,87.5,100.0,0,SIMULATED
2026-09-11 07:45:00,standard,29.02,62.3,361.9,0,12.8,1.52,14.1,28.42,54.1,-25.68,87.5,100.0,0,SIMULATED
2026-09-11 08:00:00,standard,29.26,61.2,409.5,3,13.68,1.85,14.1,29.62,54.42,-24.8,87.5,100.0,0,SIMULATED
2026-09-11 08:15:00,standard,29.5,60.1,455.5,7,14.79,3.21,14.1,32.09,54.7,-22.61,87.5,100.0,0,SIMULATED
2026-09-11 08:30:00,standard,29.75,59.0,499.6,14,15.85,3.99,14.1,33.93,55.02,-21.09,87.5,100.0,0,SIMULATED
2026-09-11 08:45:00,standard,30.0,57.9,541.8,17,16.79,5.09,14.1,35.98,55.34,-19.36,87.5,100.0,0,SIMULATED
2026-09-11 09:00:00,standard,30.24,56.8,581.9,45,17.53,6.0,14.1,37.63,55.64,-18.01,87.5,100.0,0,SIMULATED
2026-09-11 09:15:00,standard,30.48,55.7,619.6,48,17.71,6.0,14.1,37.81,55.93,-18.12,87.5,100.0,0,SIMULATED
2026-09-11 09:30:00,standard,30.72,54.6,654.9,70,18.3,6.6,14.1,39.0,56.24,-17.24,87.5,100.0,0,SIMULATED
2026-09-11 09:45:00,standard,30.96,53.5,687.7,70,18.47,6.6,14.1,39.17,56.51,-17.34,87.5,100.0,0,SIMULATED
2026-09-11 10:00:00,standard,31.19,52.5,717.7,76,18.73,6.42,14.1,39.25,56.82,-17.57,87.5,100.0,0,SIMULATED
2026-09-11 10:15:00,standard,31.41,51.5,744.9,78,18.89,6.42,14.1,39.41,57.1,-17.69,87.5,100.0,0,SIMULATED
2026-09-11 10:30:00,standard,31.62,50.5,769.1,71,18.58,5.82,14.1,38.5,57.36,-18.86,87.5,100.0,0,SIMULATED
2026-09-11 10:45:00,standard,31.83,49.6,790.3,71,18.74,5.82,14.1,38.66,57.62,-18.96,87.5,100.0,0,SIMULATED
2026-09-11 11:00:00,standard,32.03,48.7,808.4,74,18.86,5.82,14.1,38.78,57.87,-19.09,87.5,100.0,0,SIMULATED
2026-09-11 11:15:00,standard,32.22,47.8,823.3,72,18.89,5.82,14.1,38.81,58.1,-19.29,87.5,100.0,0,SIMULATED
2026-09-11 11:30:00,standard,32.4,47.0,834.9,77,19.28,6.42,14.1,39.8,58.31,-18.51,87.5,100.0,0,SIMULATED
2026-09-11 11:45:00,standard,32.57,46.2,843.3,67,18.93,5.82,14.1,38.85,58.53,-19.68,87.5,100.0,0,SIMULATED
2026-09-11 12:00:00,standard,32.73,45.5,848.3,90,19.87,6.6,14.1,40.57,58.74,-18.17,87.5,100.0,0,SIMULATED
2026-09-11 12:15:00,standard,32.87,44.9,850.0,89,19.9,6.6,14.1,40.6,58.92,-18.32,87.5,100.0,0,SIMULATED
2026-09-11 12:30:00,standard,33.0,44.3,848.3,72,19.59,6.0,14.1,39.69,59.07,-19.38,87.5,100.0,0,SIMULATED
2026-09-11 12:45:00,standard,33.11,43.8,843.3,72,19.64,6.0,14.1,39.74,59.22,-19.48,87.5,100.0,0,SIMULATED
2026-09-11 13:00:00,standard,33.21,43.3,834.9,66,19.69,6.0,14.1,39.79,59.34,-19.55,87.5,100.0,0,SIMULATED
2026-09-11 13:15:00,standard,33.3,42.9,823.3,64,19.74,6.0,14.1,39.84,59.46,-19.62,87.5,100.0,0,SIMULATED
2026-09-11 13:30:00,standard,33.37,42.6,808.4,74,20.18,6.6,14.1,40.88,59.54,-18.66,87.5,100.0,0,SIMULATED
2026-09-11 13:45:00,standard,33.43,42.3,790.3,74,20.21,6.6,14.1,40.91,59.62,-18.71,87.5,100.0,0,SIMULATED
2026-09-11 14:00:00,standard,33.47,42.1,769.1,73,19.65,6.5,14.1,40.25,59.67,-19.42,75.0,100.0,1,SIMULATED
2026-09-11 14:15:00,standard,33.49,42.0,744.9,71,19.64,6.5,14.1,40.24,59.7,-19.46,75.0,100.0,1,SIMULATED
2026-09-11 14:30:00,standard,33.5,42.0,717.7,72,19.62,6.5,14.1,40.22,59.7,-19.48,62.5,100.0,1,SIMULATED
2026-09-11 14:45:00,standard,33.49,42.0,687.7,72,19.64,6.5,14.1,40.24,59.7,-19.46,62.5,100.0,1,SIMULATED
2026-09-11 15:00:00,standard,33.47,42.1,654.9,73,19.55,5.82,14.1,39.47,59.67,-20.2,62.5,100.0,0,SIMULATED
2026-09-11 15:15:00,standard,33.43,42.3,619.6,71,19.47,5.82,14.1,39.39,59.62,-20.23,62.5,100.0,0,SIMULATED
2026-09-11 15:30:00,standard,33.37,42.6,581.9,69,19.41,6.0,14.1,39.51,59.54,-20.03,62.5,100.0,0,SIMULATED
2026-09-11 15:45:00,standard,33.3,42.9,541.8,71,19.41,6.0,14.1,39.51,59.46,-19.95,62.5,100.0,0,SIMULATED
2026-09-11 16:00:00,standard,33.21,43.3,499.6,70,19.33,6.0,14.1,39.43,59.34,-19.91,62.5,100.0,0,SIMULATED
2026-09-11 16:15:00,standard,33.11,43.8,455.5,71,19.32,6.0,14.1,39.42,59.22,-19.8,62.5,100.0,0,SIMULATED
2026-09-11 16:30:00,standard,33.0,44.3,409.5,76,19.6,6.6,14.1,40.3,59.07,-18.77,62.5,100.0,0,SIMULATED
2026-09-11 16:45:00,standard,32.87,44.9,361.9,77,19.61,6.6,14.1,40.31,58.92,-18.61,62.5,100.0,0,SIMULATED
2026-09-11 17:00:00,standard,32.73,45.5,312.9,64,18.9,6.6,14.1,39.6,58.74,-19.14,62.5,100.0,0,SIMULATED
2026-09-11 17:15:00,standard,32.57,46.2,262.7,68,18.68,6.6,14.1,39.38,58.53,-19.15,62.5,100.0,0,SIMULATED
2026-09-11 17:30:00,standard,32.4,47.0,211.4,55,17.89,6.0,14.1,37.99,58.31,-20.32,62.5,100.0,0,SIMULATED
2026-09-11 17:45:00,standard,32.22,47.8,159.3,54,17.6,6.0,14.1,37.7,58.1,-20.4,62.5,100.0,0,SIMULATED
2026-09-11 18:00:00,standard,32.03,48.7,106.5,51,17.34,6.0,14.1,37.44,57.87,-20.43,62.5,100.0,0,SIMULATED
2026-09-11 18:15:00,standard,31.83,49.6,53.4,48,17.06,6.0,14.1,37.16,57.62,-20.46,75.0,100.0,0,SIMULATED
2026-09-11 18:30:00,standard,31.62,50.5,0.0,38,16.36,5.09,14.1,35.55,57.36,-21.81,87.5,100.0,0,SIMULATED
2026-09-11 18:45:00,standard,31.41,51.5,0.0,33,15.98,5.09,14.1,35.17,57.1,-21.93,87.5,100.0,0,SIMULATED
2026-09-11 19:00:00,standard,31.19,52.5,0.0,22,15.13,3.98,14.1,33.21,56.82,-23.61,87.5,100.0,0,SIMULATED
2026-09-11 19:15:00,standard,30.96,53.5,0.0,16,14.72,3.98,14.1,32.8,56.51,-23.71,87.5,100.0,0,SIMULATED
2026-09-11 19:30:00,standard,30.72,54.6,0.0,10,13.82,2.62,14.1,30.54,56.24,-25.7,87.5,100.0,0,SIMULATED
2026-09-11 19:45:00,standard,30.48,55.7,0.0,7,13.29,2.62,14.1,30.01,55.93,-25.92,87.5,100.0,0,SIMULATED
2026-09-11 20:00:00,standard,30.24,56.8,0.0,5,12.59,1.6,14.1,28.29,55.64,-27.35,87.5,100.0,0,SIMULATED
2026-09-11 20:15:00,standard,30.0,57.9,0.0,2,12.1,1.6,14.1,27.8,55.34,-27.54,87.5,100.0,0,SIMULATED
2026-09-11 20:30:00,standard,29.75,59.0,0.0,0,11.34,0.24,14.1,25.68,55.02,-29.34,87.5,100.0,0,SIMULATED
2026-09-11 20:45:00,standard,29.5,60.1,0.0,0,10.99,0.24,14.1,25.33,54.7,-29.37,87.5,100.0,0,SIMULATED
2026-09-11 21:00:00,standard,29.26,61.2,0.0,0,10.66,0.24,14.1,25.0,54.42,-29.42,87.5,100.0,0,SIMULATED
2026-09-11 21:15:00,standard,29.02,62.3,0.0,0,10.33,0.24,14.1,24.67,54.1,-29.43,87.5,100.0,0,SIMULATED
2026-09-11 21:30:00,standard,28.78,63.4,0.0,0,10.07,0.24,14.1,24.41,53.8,-29.39,87.5,100.0,0,SIMULATED
2026-09-11 21:45:00,standard,28.54,64.5,0.0,0,9.78,0.24,14.1,24.12,53.49,-29.37,87.5,100.0,0,SIMULATED
2026-09-11 22:00:00,standard,28.31,65.5,0.0,0,9.51,0.24,14.1,23.85,53.22,-29.37,87.5,100.0,0,SIMULATED
2026-09-11 22:15:00,standard,28.09,66.5,0.0,0,9.24,0.24,14.1,23.58,52.94,-29.36,87.5,100.0,0,SIMULATED
2026-09-11 22:30:00,standard,27.88,67.5,0.0,0,9.02,0.24,14.1,23.36,52.82,-29.46,87.5,100.0,0,SIMULATED
2026-09-11 22:45:00,standard,27.67,68.4,0.0,0,8.82,0.24,14.1,23.16,52.82,-29.66,87.5,100.0,0,SIMULATED
2026-09-11 23:00:00,standard,27.47,69.3,0.0,0,8.6,0.24,14.1,22.94,52.82,-29.88,87.5,100.0,0,SIMULATED
2026-09-11 23:15:00,standard,27.28,70.2,0.0,0,8.41,0.24,14.1,22.75,52.82,-30.07,87.5,100.0,0,SIMULATED
2026-09-11 23:30:00,standard,27.1,71.0,0.0,0,8.25,0.24,14.1,22.59,52.82,-30.23,87.5,100.0,0,SIMULATED
2026-09-11 23:45:00,standard,26.93,71.8,0.0,0,8.08,0.24,14.1,22.42,52.82,-30.4,87.5,100.0,0,SIMULATED
2026-09-12 00:00:00,standard,26.77,72.5,0.0,0,7.9,0.24,14.1,22.24,52.82,-30.58,87.5,100.0,0,SIMULATED
2026-09-12 00:15:00,standard,26.63,73.1,0.0,0,7.79,0.24,14.1,22.13,52.82,-30.69,87.5,100.0,0,SIMULATED
2026-09-12 00:30:00,standard,26.5,73.7,0.0,0,7.65,0.24,14.1,21.99,52.82,-30.83,87.5,100.0,0,SIMULATED
2026-09-12 00:45:00,standard,26.39,74.2,0.0,0,7.55,0.24,14.1,21.89,52.82,-30.93,87.5,100.0,0,SIMULATED
2026-09-12 01:00:00,standard,26.29,74.7,0.0,0,7.45,0.24,14.1,21.79,52.82,-31.03,87.5,100.0,0,SIMULATED
2026-09-12 01:15:00,standard,26.2,75.1,0.0,0,7.35,0.24,14.1,21.69,52.82,-31.13,87.5,100.0,0,SIMULATED
2026-09-12 01:30:00,standard,26.13,75.4,0.0,0,7.28,0.24,14.1,21.62,52.82,-31.2,87.5,100.0,0,SIMULATED
2026-09-12 01:45:00,standard,26.07,75.7,0.0,0,7.2,0.24,14.1,21.54,52.82,-31.28,87.5,100.0,0,SIMULATED
2026-09-12 02:00:00,standard,26.03,75.9,0.0,0,7.15,0.24,14.1,21.49,52.82,-31.33,87.5,100.0,0,SIMULATED
2026-09-12 02:15:00,standard,26.01,76.0,0.0,0,7.11,0.24,14.1,21.45,52.82,-31.37,87.5,100.0,0,SIMULATED
2026-09-12 02:30:00,standard,26.0,76.0,0.0,0,7.08,0.24,14.1,21.42,52.82,-31.4,87.5,100.0,0,SIMULATED
2026-09-12 02:45:00,standard,26.01,76.0,0.0,0,7.06,0.24,14.1,21.4,52.82,-31.42,87.5,100.0,0,SIMULATED
2026-09-12 03:00:00,standard,26.03,75.9,0.0,0,7.04,0.24,14.1,21.38,52.82,-31.44,87.5,100.0,0,SIMULATED
2026-09-12 03:15:00,standard,26.07,75.7,0.0,0,7.03,0.24,14.1,21.37,52.82,-31.45,87.5,100.0,0,SIMULATED
2026-09-12 03:30:00,standard,26.13,75.4,0.0,0,7.05,0.24,14.1,21.39,52.82,-31.43,87.5,100.0,0,SIMULATED
2026-09-12 03:45:00,standard,26.2,75.1,0.0,0,7.07,0.24,14.1,21.41,52.82,-31.41,87.5,100.0,0,SIMULATED
2026-09-12 04:00:00,standard,26.29,74.7,0.0,0,7.11,0.24,14.1,21.45,52.82,-31.37,87.5,100.0,0,SIMULATED
2026-09-12 04:15:00,standard,26.39,74.2,0.0,0,7.14,0.24,14.1,21.48,52.82,-31.34,87.5,100.0,0,SIMULATED
2026-09-12 04:30:00,standard,26.5,73.7,0.0,0,7.18,0.24,14.1,21.52,52.82,-31.3,87.5,100.0,0,SIMULATED
2026-09-12 04:45:00,standard,26.63,73.1,0.0,0,7.24,0.24,14.1,21.58,52.82,-31.24,87.5,100.0,0,SIMULATED
2026-09-12 05:00:00,standard,26.77,72.5,0.0,0,7.28,0.24,14.1,21.62,52.82,-31.2,87.5,100.0,0,SIMULATED
2026-09-12 05:15:00,standard,26.93,71.8,0.0,0,7.36,0.24,14.1,21.7,52.82,-31.12,87.5,100.0,0,SIMULATED
2026-09-12 05:30:00,standard,27.1,71.0,0.0,0,7.46,0.24,14.1,21.8,52.82,-31.02,87.5,100.0,0,SIMULATED
2026-09-12 05:45:00,standard,27.28,70.2,0.0,0,7.53,0.24,14.1,21.87,52.82,-30.95,87.5,100.0,0,SIMULATED
2026-09-12 06:00:00,standard,27.47,69.3,0.0,0,7.63,0.24,14.1,21.97,52.82,-30.85,87.5,100.0,0,SIMULATED
2026-09-12 06:15:00,standard,27.67,68.4,53.4,0,8.32,0.24,14.1,22.66,52.82,-30.16,87.5,100.0,0,SIMULATED
2026-09-12 06:30:00,standard,27.88,67.5,106.5,0,9.01,0.24,14.1,23.35,52.82,-29.47,87.5,100.0,0,SIMULATED
2026-09-12 06:45:00,standard,28.09,66.5,159.3,0,9.7,0.24,14.1,24.04,52.94,-28.9,87.5,100.0,0,SIMULATED
2026-09-12 07:00:00,standard,28.31,65.5,211.4,0,10.7,1.52,14.1,26.33,53.22,-26.89,87.5,100.0,0,SIMULATED
2026-09-12 07:15:00,standard,28.54,64.5,262.7,0,11.4,1.52,14.1,27.03,53.49,-26.46,87.5,100.0,0,SIMULATED
2026-09-12 07:30:00,standard,28.78,63.4,312.9,0,12.11,1.52,14.1,27.72,53.8,-26.08,87.5,100.0,0,SIMULATED
2026-09-12 07:45:00,standard,29.02,62.3,361.9,0,12.8,1.52,14.1,28.42,54.1,-25.68,87.5,100.0,0,SIMULATED
2026-09-12 08:00:00,standard,29.26,61.2,409.5,0,13.51,1.52,14.1,29.12,54.42,-25.3,87.5,100.0,0,SIMULATED
2026-09-12 08:15:00,standard,29.5,60.1,455.5,0,14.18,1.52,14.1,29.79,54.7,-24.91,87.5,100.0,0,SIMULATED
2026-09-12 08:30:00,standard,29.75,59.0,499.6,0,14.85,1.52,14.1,30.47,55.02,-24.55,87.5,100.0,0,SIMULATED
2026-09-12 08:45:00,standard,30.0,57.9,541.8,0,15.5,1.52,14.1,31.12,55.34,-24.22,87.5,100.0,0,SIMULATED
2026-09-12 09:00:00,standard,30.24,56.8,581.9,1,16.21,1.85,14.1,32.15,55.64,-23.49,87.5,100.0,0,SIMULATED
2026-09-12 09:15:00,standard,30.48,55.7,619.6,1,16.81,1.85,14.1,32.76,55.93,-23.17,87.5,100.0,0,SIMULATED
2026-09-12 09:30:00,standard,30.72,54.6,654.9,1,17.04,1.85,14.1,32.99,56.24,-23.25,87.5,100.0,0,SIMULATED
2026-09-12 09:45:00,standard,30.96,53.5,687.7,1,17.25,1.85,14.1,33.19,56.51,-23.32,87.5,100.0,0,SIMULATED
2026-09-12 10:00:00,standard,31.19,52.5,717.7,4,17.44,4.31,14.1,35.85,56.82,-20.97,87.5,100.0,0,SIMULATED
2026-09-12 10:15:00,standard,31.41,51.5,744.9,6,17.64,4.31,14.1,36.05,57.1,-21.05,87.5,100.0,0,SIMULATED
2026-09-12 10:30:00,standard,31.62,50.5,769.1,6,17.81,4.31,14.1,36.22,57.36,-21.14,87.5,100.0,0,SIMULATED
2026-09-12 10:45:00,standard,31.83,49.6,790.3,6,17.98,4.31,14.1,36.39,57.62,-21.23,87.5,100.0,0,SIMULATED
2026-09-12 11:00:00,standard,32.03,48.7,808.4,7,18.09,4.31,14.1,36.5,57.87,-21.37,87.5,100.0,0,SIMULATED
2026-09-12 11:15:00,standard,32.22,47.8,823.3,7,18.22,4.31,14.1,36.63,58.1,-21.47,87.5,100.0,0,SIMULATED
2026-09-12 11:30:00,standard,32.4,47.0,834.9,6,18.38,4.31,14.1,36.79,58.31,-21.52,87.5,100.0,0,SIMULATED
2026-09-12 11:45:00,standard,32.57,46.2,843.3,5,18.43,4.31,14.1,36.84,58.53,-21.69,87.5,100.0,0,SIMULATED
2026-09-12 12:00:00,standard,32.73,45.5,848.3,5,18.51,4.31,14.1,36.92,58.74,-21.82,87.5,100.0,0,SIMULATED
2026-09-12 12:15:00,standard,32.87,44.9,850.0,5,18.56,4.31,14.1,36.97,58.92,-21.95,87.5,100.0,0,SIMULATED
2026-09-12 12:30:00,standard,33.0,44.3,848.3,7,18.62,4.31,14.1,37.03,59.07,-22.04,87.5,100.0,0,SIMULATED
2026-09-12 12:45:00,standard,33.11,43.8,843.3,7,18.67,4.31,14.1,37.08,59.22,-22.14,87.5,100.0,0,SIMULATED
2026-09-12 13:00:00,standard,33.21,43.3,834.9,6,18.73,4.31,14.1,37.14,59.34,-22.2,87.5,100.0,0,SIMULATED
2026-09-12 13:15:00,standard,33.3,42.9,823.3,5,18.77,4.31,14.1,37.18,59.46,-22.28,87.5,100.0,0,SIMULATED
2026-09-12 13:30:00,standard,33.37,42.6,808.4,4,18.78,4.31,14.1,37.19,59.54,-22.35,87.5,100.0,0,SIMULATED
2026-09-12 13:45:00,standard,33.43,42.3,790.3,7,18.82,4.31,14.1,37.23,59.62,-22.39,87.5,100.0,0,SIMULATED
2026-09-12 14:00:00,standard,33.47,42.1,769.1,6,18.75,4.31,14.1,37.16,59.67,-22.51,87.5,100.0,0,SIMULATED
2026-09-12 14:15:00,standard,33.49,42.0,744.9,5,18.57,3.98,14.1,36.66,59.7,-23.04,87.5,100.0,0,SIMULATED
2026-09-12 14:30:00,standard,33.5,42.0,717.7,6,18.5,3.98,14.1,36.59,59.7,-23.11,87.5,100.0,0,SIMULATED
2026-09-12 14:45:00,standard,33.49,42.0,687.7,5,18.42,3.98,14.1,36.51,59.7,-23.19,87.5,100.0,0,SIMULATED
2026-09-12 15:00:00,standard,33.47,42.1,654.9,4,18.34,3.98,14.1,36.43,59.67,-23.24,87.5,100.0,0,SIMULATED
2026-09-12 15:15:00,standard,33.43,42.3,619.6,4,18.23,3.98,14.1,36.32,59.62,-23.3,87.5,100.0,0,SIMULATED
2026-09-12 15:30:00,standard,33.37,42.6,581.9,6,18.07,3.98,14.1,36.15,59.54,-23.39,87.5,100.0,0,SIMULATED
2026-09-12 15:45:00,standard,33.3,42.9,541.8,5,17.95,3.98,14.1,36.03,59.46,-23.43,87.5,100.0,0,SIMULATED
2026-09-12 16:00:00,standard,33.21,43.3,499.6,5,17.79,3.98,14.1,35.87,59.34,-23.47,87.5,100.0,0,SIMULATED
2026-09-12 16:15:00,standard,33.11,43.8,455.5,0,17.61,1.52,14.1,33.24,59.22,-25.98,87.5,100.0,0,SIMULATED
2026-09-12 16:30:00,standard,33.0,44.3,409.5,0,17.44,1.52,14.1,33.07,59.07,-26.0,87.5,100.0,0,SIMULATED
2026-09-12 16:45:00,standard,32.87,44.9,361.9,0,17.25,1.52,14.1,32.87,58.92,-26.05,87.5,100.0,0,SIMULATED
2026-09-12 17:00:00,standard,32.73,45.5,312.9,0,17.06,1.52,14.1,32.69,58.74,-26.05,87.5,100.0,0,SIMULATED
2026-09-12 17:15:00,standard,32.57,46.2,262.7,0,16.77,1.52,14.1,32.38,58.53,-26.15,87.5,100.0,0,SIMULATED
2026-09-12 17:30:00,standard,32.4,47.0,211.4,0,15.98,1.52,14.1,31.59,58.31,-26.72,87.5,100.0,0,SIMULATED
2026-09-12 17:45:00,standard,32.22,47.8,159.3,0,15.04,1.52,14.1,30.66,58.1,-27.44,87.5,100.0,0,SIMULATED
2026-09-12 18:00:00,standard,32.03,48.7,106.5,0,14.07,1.52,14.1,29.69,57.87,-28.18,87.5,100.0,0,SIMULATED
2026-09-12 18:15:00,standard,31.83,49.6,53.4,0,13.14,1.52,14.1,28.75,57.62,-28.87,87.5,100.0,0,SIMULATED
2026-09-12 18:30:00,standard,31.62,50.5,0.0,0,12.21,1.52,14.1,27.83,57.36,-29.53,87.5,100.0,0,SIMULATED
2026-09-12 18:45:00,standard,31.41,51.5,0.0,0,11.92,1.52,14.1,27.52,57.1,-29.58,87.5,100.0,0,SIMULATED
2026-09-12 19:00:00,standard,31.19,52.5,0.0,0,11.64,1.52,14.1,27.25,56.82,-29.57,87.5,100.0,0,SIMULATED
2026-09-12 19:15:00,standard,30.96,53.5,0.0,0,11.37,1.52,14.1,26.98,56.51,-29.53,87.5,100.0,0,SIMULATED
2026-09-12 19:30:00,standard,30.72,54.6,0.0,0,11.11,1.52,14.1,26.72,56.24,-29.52,87.5,100.0,0,SIMULATED
2026-09-12 19:45:00,standard,30.48,55.7,0.0,0,10.85,1.52,14.1,26.46,55.93,-29.47,87.5,100.0,0,SIMULATED
2026-09-12 20:00:00,standard,30.24,56.8,0.0,0,10.31,0.24,14.1,24.65,55.64,-30.99,87.5,100.0,0,SIMULATED
2026-09-12 20:15:00,standard,30.0,57.9,0.0,0,10.06,0.24,14.1,24.4,55.34,-30.94,87.5,100.0,0,SIMULATED
2026-09-12 20:30:00,standard,29.75,59.0,0.0,0,9.83,0.24,14.1,24.17,55.02,-30.85,87.5,100.0,0,SIMULATED
2026-09-12 20:45:00,standard,29.5,60.1,0.0,0,9.61,0.24,14.1,23.95,54.7,-30.75,87.5,100.0,0,SIMULATED
2026-09-12 21:00:00,standard,29.26,61.2,0.0,0,9.38,0.24,14.1,23.72,54.42,-30.7,87.5,100.0,0,SIMULATED
2026-09-12 21:15:00,standard,29.02,62.3,0.0,0,9.17,0.24,14.1,23.51,54.1,-30.59,87.5,100.0,0,SIMULATED
2026-09-12 21:30:00,standard,28.78,63.4,0.0,0,8.99,0.24,14.1,23.33,53.8,-30.47,87.5,100.0,0,SIMULATED
2026-09-12 21:45:00,standard,28.54,64.5,0.0,0,8.78,0.24,14.1,23.12,53.49,-30.37,87.5,100.0,0,SIMULATED
2026-09-12 22:00:00,standard,28.31,65.5,0.0,0,8.61,0.24,14.1,22.95,53.22,-30.27,87.5,100.0,0,SIMULATED
2026-09-12 22:15:00,standard,28.09,66.5,0.0,0,8.43,0.24,14.1,22.77,52.94,-30.17,87.5,100.0,0,SIMULATED
2026-09-12 22:30:00,standard,27.88,67.5,0.0,0,8.27,0.24,14.1,22.61,52.82,-30.21,87.5,100.0,0,SIMULATED
2026-09-12 22:45:00,standard,27.67,68.4,0.0,0,8.13,0.24,14.1,22.47,52.82,-30.35,87.5,100.0,0,SIMULATED
2026-09-12 23:00:00,standard,27.47,69.3,0.0,0,7.96,0.24,14.1,22.3,52.82,-30.52,87.5,100.0,0,SIMULATED
2026-09-12 23:15:00,standard,27.28,70.2,0.0,0,7.82,0.24,14.1,22.16,52.82,-30.66,87.5,100.0,0,SIMULATED
2026-09-12 23:30:00,standard,27.1,71.0,0.0,0,7.71,0.24,14.1,22.05,52.82,-30.77,87.5,100.0,0,SIMULATED
2026-09-12 23:45:00,standard,26.93,71.8,0.0,0,7.57,0.24,14.1,21.91,52.82,-30.91,87.5,100.0,0,SIMULATED
2026-09-13 00:00:00,standard,26.77,72.5,0.0,0,7.45,0.24,14.1,21.79,52.82,-31.03,87.5,100.0,0,SIMULATED
2026-09-13 00:15:00,standard,26.63,73.1,0.0,0,7.37,0.24,14.1,21.71,52.82,-31.11,87.5,100.0,0,SIMULATED
2026-09-13 00:30:00,standard,26.5,73.7,0.0,0,7.26,0.24,14.1,21.6,52.82,-31.22,87.5,100.0,0,SIMULATED
2026-09-13 00:45:00,standard,26.39,74.2,0.0,0,7.2,0.24,14.1,21.54,52.82,-31.28,87.5,100.0,0,SIMULATED
2026-09-13 01:00:00,standard,26.29,74.7,0.0,0,7.13,0.24,14.1,21.47,52.82,-31.35,87.5,100.0,0,SIMULATED
2026-09-13 01:15:00,standard,26.2,75.1,0.0,0,7.05,0.24,14.1,21.39,52.82,-31.43,87.5,100.0,0,SIMULATED
2026-09-13 01:30:00,standard,26.13,75.4,0.0,0,7.0,0.24,14.1,21.34,52.82,-31.48,87.5,100.0,0,SIMULATED
2026-09-13 01:45:00,standard,26.07,75.7,0.0,0,6.95,0.24,14.1,21.29,52.82,-31.53,87.5,100.0,0,SIMULATED
2026-09-13 02:00:00,standard,26.03,75.9,0.0,0,6.92,0.24,14.1,21.26,52.82,-31.56,87.5,100.0,0,SIMULATED
2026-09-13 02:15:00,standard,26.01,76.0,0.0,0,6.89,0.24,14.1,21.23,52.82,-31.59,87.5,100.0,0,SIMULATED
2026-09-13 02:30:00,standard,26.0,76.0,0.0,0,6.87,0.24,14.1,21.21,52.82,-31.61,87.5,100.0,0,SIMULATED
2026-09-13 02:45:00,standard,26.01,76.0,0.0,0,6.87,0.24,14.1,21.21,52.82,-31.61,87.5,100.0,0,SIMULATED
2026-09-13 03:00:00,standard,26.03,75.9,0.0,0,6.86,0.24,14.1,21.2,52.82,-31.62,87.5,100.0,0,SIMULATED
2026-09-13 03:15:00,standard,26.07,75.7,0.0,0,6.87,0.24,14.1,21.21,52.82,-31.61,87.5,100.0,0,SIMULATED
2026-09-13 03:30:00,standard,26.13,75.4,0.0,0,6.9,0.24,14.1,21.24,52.82,-31.58,87.5,100.0,0,SIMULATED
2026-09-13 03:45:00,standard,26.2,75.1,0.0,0,6.93,0.24,14.1,21.27,52.82,-31.55,87.5,100.0,0,SIMULATED
2026-09-13 04:00:00,standard,26.29,74.7,0.0,0,6.97,0.24,14.1,21.31,52.82,-31.51,87.5,100.0,0,SIMULATED
2026-09-13 04:15:00,standard,26.39,74.2,0.0,0,7.03,0.24,14.1,21.37,52.82,-31.45,87.5,100.0,0,SIMULATED
2026-09-13 04:30:00,standard,26.5,73.7,0.0,0,7.07,0.24,14.1,21.41,52.82,-31.41,87.5,100.0,0,SIMULATED
2026-09-13 04:45:00,standard,26.63,73.1,0.0,0,7.15,0.24,14.1,21.49,52.82,-31.33,87.5,100.0,0,SIMULATED
2026-09-13 05:00:00,standard,26.77,72.5,0.0,0,7.21,0.24,14.1,21.55,52.82,-31.27,87.5,100.0,0,SIMULATED
2026-09-13 05:15:00,standard,26.93,71.8,0.0,0,7.31,0.24,14.1,21.65,52.82,-31.17,87.5,100.0,0,SIMULATED
2026-09-13 05:30:00,standard,27.1,71.0,0.0,0,7.42,0.24,14.1,21.76,52.82,-31.06,87.5,100.0,0,SIMULATED
2026-09-13 05:45:00,standard,27.28,70.2,0.0,0,7.49,0.24,14.1,21.83,52.82,-30.99,87.5,100.0,0,SIMULATED
2026-09-13 06:00:00,standard,27.47,69.3,0.0,0,7.6,0.24,14.1,21.94,52.82,-30.88,87.5,100.0,0,SIMULATED
2026-09-13 06:15:00,standard,27.67,68.4,53.4,0,8.31,0.24,14.1,22.65,52.82,-30.17,87.5,100.0,0,SIMULATED
2026-09-13 06:30:00,standard,27.88,67.5,106.5,0,9.0,0.24,14.1,23.34,52.82,-29.48,87.5,100.0,0,SIMULATED
2026-09-13 06:45:00,standard,28.09,66.5,159.3,0,9.7,0.24,14.1,24.04,52.94,-28.9,87.5,100.0,0,SIMULATED
2026-09-13 07:00:00,standard,28.31,65.5,211.4,0,10.7,1.52,14.1,26.33,53.22,-26.89,87.5,100.0,0,SIMULATED
2026-09-13 07:15:00,standard,28.54,64.5,262.7,0,11.4,1.52,14.1,27.03,53.49,-26.46,87.5,100.0,0,SIMULATED
2026-09-13 07:30:00,standard,28.78,63.4,312.9,0,12.11,1.52,14.1,27.72,53.8,-26.08,87.5,100.0,0,SIMULATED
2026-09-13 07:45:00,standard,29.02,62.3,361.9,0,12.8,1.52,14.1,28.42,54.1,-25.68,87.5,100.0,0,SIMULATED
2026-09-13 08:00:00,standard,29.26,61.2,409.5,0,13.51,1.52,14.1,29.12,54.42,-25.3,87.5,100.0,0,SIMULATED
2026-09-13 08:15:00,standard,29.5,60.1,455.5,0,14.18,1.52,14.1,29.79,54.7,-24.91,87.5,100.0,0,SIMULATED
2026-09-13 08:30:00,standard,29.75,59.0,499.6,0,14.85,1.52,14.1,30.47,55.02,-24.55,87.5,100.0,0,SIMULATED
2026-09-13 08:45:00,standard,30.0,57.9,541.8,0,15.5,1.52,14.1,31.12,55.34,-24.22,87.5,100.0,0,SIMULATED
2026-09-13 09:00:00,standard,30.24,56.8,581.9,1,16.21,1.85,14.1,32.15,55.64,-23.49,87.5,100.0,0,SIMULATED
2026-09-13 09:15:00,standard,30.48,55.7,619.6,1,16.81,1.85,14.1,32.76,55.93,-23.17,87.5,100.0,0,SIMULATED
2026-09-13 09:30:00,standard,30.72,54.6,654.9,1,17.04,1.85,14.1,32.99,56.24,-23.25,87.5,100.0,0,SIMULATED
2026-09-13 09:45:00,standard,30.96,53.5,687.7,1,17.25,1.85,14.1,33.19,56.51,-23.32,87.5,100.0,0,SIMULATED
2026-09-13 10:00:00,standard,31.19,52.5,717.7,6,17.44,4.31,14.1,35.85,56.82,-20.97,87.5,100.0,0,SIMULATED
2026-09-13 10:15:00,standard,31.41,51.5,744.9,5,17.61,4.31,14.1,36.02,57.1,-21.08,87.5,100.0,0,SIMULATED
2026-09-13 10:30:00,standard,31.62,50.5,769.1,4,17.78,4.31,14.1,36.19,57.36,-21.17,87.5,100.0,0,SIMULATED
2026-09-13 10:45:00,standard,31.83,49.6,790.3,7,17.95,4.31,14.1,36.36,57.62,-21.26,87.5,100.0,0,SIMULATED
2026-09-13 11:00:00,standard,32.03,48.7,808.4,5,18.09,4.31,14.1,36.5,57.87,-21.37,87.5,100.0,0,SIMULATED
2026-09-13 11:15:00,standard,32.22,47.8,823.3,6,18.22,4.31,14.1,36.63,58.1,-21.47,87.5,100.0,0,SIMULATED
2026-09-13 11:30:00,standard,32.4,47.0,834.9,5,18.35,4.31,14.1,36.76,58.31,-21.55,87.5,100.0,0,SIMULATED
2026-09-13 11:45:00,standard,32.57,46.2,843.3,6,18.43,4.31,14.1,36.84,58.53,-21.69,87.5,100.0,0,SIMULATED
2026-09-13 12:00:00,standard,32.73,45.5,848.3,6,18.51,4.31,14.1,36.92,58.74,-21.82,87.5,100.0,0,SIMULATED
2026-09-13 12:15:00,standard,32.87,44.9,850.0,5,18.56,4.31,14.1,36.97,58.92,-21.95,87.5,100.0,0,SIMULATED
2026-09-13 12:30:00,standard,33.0,44.3,848.3,6,18.62,4.31,14.1,37.03,59.07,-22.04,87.5,100.0,0,SIMULATED
2026-09-13 12:45:00,standard,33.11,43.8,843.3,5,18.67,4.31,14.1,37.08,59.22,-22.14,87.5,100.0,0,SIMULATED
2026-09-13 13:00:00,standard,33.21,43.3,834.9,7,18.76,4.31,14.1,37.17,59.34,-22.17,87.5,100.0,0,SIMULATED
2026-09-13 13:15:00,standard,33.3,42.9,823.3,5,18.77,4.31,14.1,37.18,59.46,-22.28,87.5,100.0,0,SIMULATED
2026-09-13 13:30:00,standard,33.37,42.6,808.4,5,18.78,4.31,14.1,37.19,59.54,-22.35,87.5,100.0,0,SIMULATED
2026-09-13 13:45:00,standard,33.43,42.3,790.3,5,18.79,4.31,14.1,37.2,59.62,-22.42,87.5,100.0,0,SIMULATED
2026-09-13 14:00:00,standard,33.47,42.1,769.1,5,18.75,4.31,14.1,37.16,59.67,-22.51,87.5,100.0,0,SIMULATED
2026-09-13 14:15:00,standard,33.49,42.0,744.9,3,18.57,3.98,14.1,36.66,59.7,-23.04,87.5,100.0,0,SIMULATED
2026-09-13 14:30:00,standard,33.5,42.0,717.7,5,18.5,3.98,14.1,36.59,59.7,-23.11,87.5,100.0,0,SIMULATED
2026-09-13 14:45:00,standard,33.49,42.0,687.7,6,18.42,3.98,14.1,36.51,59.7,-23.19,87.5,100.0,0,SIMULATED
2026-09-13 15:00:00,standard,33.47,42.1,654.9,6,18.34,3.98,14.1,36.43,59.67,-23.24,87.5,100.0,0,SIMULATED
2026-09-13 15:15:00,standard,33.43,42.3,619.6,4,18.23,3.98,14.1,36.32,59.62,-23.3,87.5,100.0,0,SIMULATED
2026-09-13 15:30:00,standard,33.37,42.6,581.9,5,18.07,3.98,14.1,36.15,59.54,-23.39,87.5,100.0,0,SIMULATED
2026-09-13 15:45:00,standard,33.3,42.9,541.8,3,17.95,3.98,14.1,36.03,59.46,-23.43,87.5,100.0,0,SIMULATED
2026-09-13 16:00:00,standard,33.21,43.3,499.6,5,17.79,3.98,14.1,35.87,59.34,-23.47,87.5,100.0,0,SIMULATED
2026-09-13 16:15:00,standard,33.11,43.8,455.5,0,17.61,1.52,14.1,33.24,59.22,-25.98,87.5,100.0,0,SIMULATED
2026-09-13 16:30:00,standard,33.0,44.3,409.5,0,17.44,1.52,14.1,33.07,59.07,-26.0,87.5,100.0,0,SIMULATED
2026-09-13 16:45:00,standard,32.87,44.9,361.9,0,17.25,1.52,14.1,32.87,58.92,-26.05,87.5,100.0,0,SIMULATED
2026-09-13 17:00:00,standard,32.73,45.5,312.9,0,17.06,1.52,14.1,32.69,58.74,-26.05,87.5,100.0,0,SIMULATED
2026-09-13 17:15:00,standard,32.57,46.2,262.7,0,16.77,1.52,14.1,32.38,58.53,-26.15,87.5,100.0,0,SIMULATED
2026-09-13 17:30:00,standard,32.4,47.0,211.4,0,15.96,1.52,14.1,31.57,58.31,-26.74,87.5,100.0,0,SIMULATED
2026-09-13 17:45:00,standard,32.22,47.8,159.3,0,15.02,1.52,14.1,30.63,58.1,-27.47,87.5,100.0,0,SIMULATED
2026-09-13 18:00:00,standard,32.03,48.7,106.5,0,14.05,1.52,14.1,29.66,57.87,-28.21,87.5,100.0,0,SIMULATED
2026-09-13 18:15:00,standard,31.83,49.6,53.4,0,13.12,1.52,14.1,28.74,57.62,-28.88,87.5,100.0,0,SIMULATED
2026-09-13 18:30:00,standard,31.62,50.5,0.0,0,12.19,1.52,14.1,27.81,57.36,-29.55,87.5,100.0,0,SIMULATED
2026-09-13 18:45:00,standard,31.41,51.5,0.0,0,11.9,1.52,14.1,27.5,57.1,-29.6,87.5,100.0,0,SIMULATED
2026-09-13 19:00:00,standard,31.19,52.5,0.0,0,11.62,1.52,14.1,27.24,56.82,-29.58,87.5,100.0,0,SIMULATED
2026-09-13 19:15:00,standard,30.96,53.5,0.0,0,11.36,1.52,14.1,26.98,56.51,-29.53,87.5,100.0,0,SIMULATED
2026-09-13 19:30:00,standard,30.72,54.6,0.0,0,11.09,1.52,14.1,26.71,56.24,-29.53,87.5,100.0,0,SIMULATED
2026-09-13 19:45:00,standard,30.48,55.7,0.0,0,10.83,1.52,14.1,26.44,55.93,-29.49,87.5,100.0,0,SIMULATED
2026-09-13 20:00:00,standard,30.24,56.8,0.0,0,10.29,0.24,14.1,24.63,55.64,-31.01,87.5,100.0,0,SIMULATED
2026-09-13 20:15:00,standard,30.0,57.9,0.0,0,10.05,0.24,14.1,24.39,55.34,-30.95,87.5,100.0,0,SIMULATED
2026-09-13 20:30:00,standard,29.75,59.0,0.0,0,9.82,0.24,14.1,24.16,55.02,-30.86,87.5,100.0,0,SIMULATED
2026-09-13 20:45:00,standard,29.5,60.1,0.0,0,9.6,0.24,14.1,23.94,54.7,-30.76,87.5,100.0,0,SIMULATED
2026-09-13 21:00:00,standard,29.26,61.2,0.0,0,9.37,0.24,14.1,23.71,54.42,-30.71,87.5,100.0,0,SIMULATED
2026-09-13 21:15:00,standard,29.02,62.3,0.0,0,9.17,0.24,14.1,23.51,54.1,-30.59,87.5,100.0,0,SIMULATED
2026-09-13 21:30:00,standard,28.78,63.4,0.0,0,8.99,0.24,14.1,23.33,53.8,-30.47,87.5,100.0,0,SIMULATED
2026-09-13 21:45:00,standard,28.54,64.5,0.0,0,8.78,0.24,14.1,23.12,53.49,-30.37,87.5,100.0,0,SIMULATED
2026-09-13 22:00:00,standard,28.31,65.5,0.0,0,8.61,0.24,14.1,22.95,53.22,-30.27,87.5,100.0,0,SIMULATED
2026-09-13 22:15:00,standard,28.09,66.5,0.0,0,8.43,0.24,14.1,22.77,52.94,-30.17,87.5,100.0,0,SIMULATED
2026-09-13 22:30:00,standard,27.88,67.5,0.0,0,8.27,0.24,14.1,22.61,52.82,-30.21,87.5,100.0,0,SIMULATED
2026-09-13 22:45:00,standard,27.67,68.4,0.0,0,8.13,0.24,14.1,22.47,52.82,-30.35,87.5,100.0,0,SIMULATED
2026-09-13 23:00:00,standard,27.47,69.3,0.0,0,7.96,0.24,14.1,22.3,52.82,-30.52,87.5,100.0,0,SIMULATED
2026-09-13 23:15:00,standard,27.28,70.2,0.0,0,7.82,0.24,14.1,22.16,52.82,-30.66,87.5,100.0,0,SIMULATED
2026-09-13 23:30:00,standard,27.1,71.0,0.0,0,7.71,0.24,14.1,22.05,52.82,-30.77,87.5,100.0,0,SIMULATED
2026-09-13 23:45:00,standard,26.93,71.8,0.0,0,7.57,0.24,14.1,21.91,52.82,-30.91,87.5,100.0,0,SIMULATED
2026-09-14 00:00:00,standard,26.77,72.5,0.0,0,7.45,0.24,14.1,21.79,52.82,-31.03,87.5,100.0,0,SIMULATED
2026-09-14 00:15:00,standard,26.63,73.1,0.0,0,7.37,0.24,14.1,21.71,52.82,-31.11,87.5,100.0,0,SIMULATED
2026-09-14 00:30:00,standard,26.5,73.7,0.0,0,7.26,0.24,14.1,21.6,52.82,-31.22,87.5,100.0,0,SIMULATED
2026-09-14 00:45:00,standard,26.39,74.2,0.0,0,7.2,0.24,14.1,21.54,52.82,-31.28,87.5,100.0,0,SIMULATED
2026-09-14 01:00:00,standard,26.29,74.7,0.0,0,7.13,0.24,14.1,21.47,52.82,-31.35,87.5,100.0,0,SIMULATED
2026-09-14 01:15:00,standard,26.2,75.1,0.0,0,7.05,0.24,14.1,21.39,52.82,-31.43,87.5,100.0,0,SIMULATED
2026-09-14 01:30:00,standard,26.13,75.4,0.0,0,7.0,0.24,14.1,21.34,52.82,-31.48,87.5,100.0,0,SIMULATED
2026-09-14 01:45:00,standard,26.07,75.7,0.0,0,6.95,0.24,14.1,21.29,52.82,-31.53,87.5,100.0,0,SIMULATED
2026-09-14 02:00:00,standard,26.03,75.9,0.0,0,6.92,0.24,14.1,21.26,52.82,-31.56,87.5,100.0,0,SIMULATED
2026-09-14 02:15:00,standard,26.01,76.0,0.0,0,6.89,0.24,14.1,21.23,52.82,-31.59,87.5,100.0,0,SIMULATED
2026-09-14 02:30:00,standard,26.0,76.0,0.0,0,6.87,0.24,14.1,21.21,52.82,-31.61,87.5,100.0,0,SIMULATED
2026-09-14 02:45:00,standard,26.01,76.0,0.0,0,6.87,0.24,14.1,21.21,52.82,-31.61,87.5,100.0,0,SIMULATED
2026-09-14 03:00:00,standard,26.03,75.9,0.0,0,6.86,0.24,14.1,21.2,52.82,-31.62,87.5,100.0,0,SIMULATED
2026-09-14 03:15:00,standard,26.07,75.7,0.0,0,6.87,0.24,14.1,21.21,52.82,-31.61,87.5,100.0,0,SIMULATED
2026-09-14 03:30:00,standard,26.13,75.4,0.0,0,6.9,0.24,14.1,21.24,52.82,-31.58,87.5,100.0,0,SIMULATED
2026-09-14 03:45:00,standard,26.2,75.1,0.0,0,6.93,0.24,14.1,21.27,52.82,-31.55,87.5,100.0,0,SIMULATED
2026-09-14 04:00:00,standard,26.29,74.7,0.0,0,6.97,0.24,14.1,21.31,52.82,-31.51,87.5,100.0,0,SIMULATED
2026-09-14 04:15:00,standard,26.39,74.2,0.0,0,7.03,0.24,14.1,21.37,52.82,-31.45,87.5,100.0,0,SIMULATED
2026-09-14 04:30:00,standard,26.5,73.7,0.0,0,7.07,0.24,14.1,21.41,52.82,-31.41,87.5,100.0,0,SIMULATED
2026-09-14 04:45:00,standard,26.63,73.1,0.0,0,7.15,0.24,14.1,21.49,52.82,-31.33,87.5,100.0,0,SIMULATED
2026-09-14 05:00:00,standard,26.77,72.5,0.0,0,7.21,0.24,14.1,21.55,52.82,-31.27,87.5,100.0,0,SIMULATED
2026-09-14 05:15:00,standard,26.93,71.8,0.0,0,7.31,0.24,14.1,21.65,52.82,-31.17,87.5,100.0,0,SIMULATED
2026-09-14 05:30:00,standard,27.1,71.0,0.0,0,7.42,0.24,14.1,21.76,52.82,-31.06,87.5,100.0,0,SIMULATED
2026-09-14 05:45:00,standard,27.28,70.2,0.0,0,7.49,0.24,14.1,21.83,52.82,-30.99,87.5,100.0,0,SIMULATED
2026-09-14 06:00:00,standard,27.47,69.3,0.0,0,7.6,0.24,14.1,21.94,52.82,-30.88,87.5,100.0,0,SIMULATED
2026-09-14 06:15:00,standard,27.67,68.4,53.4,0,8.31,0.24,14.1,22.65,52.82,-30.17,87.5,100.0,0,SIMULATED
2026-09-14 06:30:00,standard,27.88,67.5,106.5,0,9.0,0.24,14.1,23.34,52.82,-29.48,87.5,100.0,0,SIMULATED
2026-09-14 06:45:00,standard,28.09,66.5,159.3,0,9.7,0.24,14.1,24.04,52.94,-28.9,87.5,100.0,0,SIMULATED
2026-09-14 07:00:00,standard,28.31,65.5,211.4,0,10.7,1.52,14.1,26.33,53.22,-26.89,87.5,100.0,0,SIMULATED
2026-09-14 07:15:00,standard,28.54,64.5,262.7,0,11.4,1.52,14.1,27.03,53.49,-26.46,87.5,100.0,0,SIMULATED
2026-09-14 07:30:00,standard,28.78,63.4,312.9,0,12.11,1.52,14.1,27.72,53.8,-26.08,87.5,100.0,0,SIMULATED
2026-09-14 07:45:00,standard,29.02,62.3,361.9,0,12.8,1.52,14.1,28.42,54.1,-25.68,87.5,100.0,0,SIMULATED
2026-09-14 08:00:00,standard,29.26,61.2,409.5,3,13.68,1.85,14.1,29.62,54.42,-24.8,87.5,100.0,0,SIMULATED
2026-09-14 08:15:00,standard,29.5,60.1,455.5,5,14.72,3.21,14.1,32.02,54.7,-22.68,87.5,100.0,0,SIMULATED
2026-09-14 08:30:00,standard,29.75,59.0,499.6,13,15.82,3.99,14.1,33.9,55.02,-21.12,87.5,100.0,0,SIMULATED
2026-09-14 08:45:00,standard,30.0,57.9,541.8,17,16.76,5.09,14.1,35.95,55.34,-19.39,87.5,100.0,0,SIMULATED
2026-09-14 09:00:00,standard,30.24,56.8,581.9,45,17.49,6.0,14.1,37.59,55.64,-18.05,87.5,100.0,0,SIMULATED
2026-09-14 09:15:00,standard,30.48,55.7,619.6,49,17.74,6.0,14.1,37.84,55.93,-18.09,87.5,100.0,0,SIMULATED
2026-09-14 09:30:00,standard,30.72,54.6,654.9,70,18.33,6.6,14.1,39.03,56.24,-17.21,87.5,100.0,0,SIMULATED
2026-09-14 09:45:00,standard,30.96,53.5,687.7,71,18.54,6.6,14.1,39.24,56.51,-17.27,87.5,100.0,0,SIMULATED
2026-09-14 10:00:00,standard,31.19,52.5,717.7,78,18.8,6.42,14.1,39.32,56.82,-17.5,87.5,100.0,0,SIMULATED
2026-09-14 10:15:00,standard,31.41,51.5,744.9,77,18.89,6.42,14.1,39.41,57.1,-17.69,87.5,100.0,0,SIMULATED
2026-09-14 10:30:00,standard,31.62,50.5,769.1,70,18.58,5.82,14.1,38.5,57.36,-18.86,87.5,100.0,0,SIMULATED
2026-09-14 10:45:00,standard,31.83,49.6,790.3,71,18.68,5.82,14.1,38.6,57.62,-19.02,87.5,100.0,0,SIMULATED
2026-09-14 11:00:00,standard,32.03,48.7,808.4,72,18.81,5.82,14.1,38.73,57.87,-19.14,87.5,100.0,0,SIMULATED
2026-09-14 11:15:00,standard,32.22,47.8,823.3,72,18.89,5.82,14.1,38.81,58.1,-19.29,87.5,100.0,0,SIMULATED
2026-09-14 11:30:00,standard,32.4,47.0,834.9,79,19.38,6.42,14.1,39.9,58.31,-18.41,87.5,100.0,0,SIMULATED
2026-09-14 11:45:00,standard,32.57,46.2,843.3,65,18.89,5.82,14.1,38.81,58.53,-19.72,87.5,100.0,0,SIMULATED
2026-09-14 12:00:00,standard,32.73,45.5,848.3,94,19.9,6.6,14.1,40.6,58.74,-18.14,87.5,100.0,0,SIMULATED
2026-09-14 12:15:00,standard,32.87,44.9,850.0,90,19.93,6.6,14.1,40.63,58.92,-18.29,87.5,100.0,0,SIMULATED
2026-09-14 12:30:00,standard,33.0,44.3,848.3,70,19.55,6.0,14.1,39.65,59.07,-19.42,87.5,100.0,0,SIMULATED
2026-09-14 12:45:00,standard,33.11,43.8,843.3,71,19.61,6.0,14.1,39.71,59.22,-19.51,87.5,100.0,0,SIMULATED
2026-09-14 13:00:00,standard,33.21,43.3,834.9,68,19.73,6.0,14.1,39.83,59.34,-19.51,87.5,100.0,0,SIMULATED
2026-09-14 13:15:00,standard,33.3,42.9,823.3,67,19.8,6.0,14.1,39.9,59.46,-19.56,87.5,100.0,0,SIMULATED
2026-09-14 13:30:00,standard,33.37,42.6,808.4,74,20.14,6.6,14.1,40.84,59.54,-18.7,87.5,100.0,0,SIMULATED
2026-09-14 13:45:00,standard,33.43,42.3,790.3,74,20.24,6.6,14.1,40.94,59.62,-18.68,87.5,100.0,0,SIMULATED
2026-09-14 14:00:00,standard,33.47,42.1,769.1,72,19.64,6.5,14.1,40.24,59.67,-19.43,75.0,100.0,1,SIMULATED
2026-09-14 14:15:00,standard,33.49,42.0,744.9,72,19.64,6.5,14.1,40.24,59.7,-19.46,75.0,100.0,1,SIMULATED
2026-09-14 14:30:00,standard,33.5,42.0,717.7,74,19.71,6.5,14.1,40.31,59.7,-19.39,62.5,100.0,1,SIMULATED
2026-09-14 14:45:00,standard,33.49,42.0,687.7,70,19.61,6.5,14.1,40.21,59.7,-19.49,62.5,100.0,1,SIMULATED
2026-09-14 15:00:00,standard,33.47,42.1,654.9,72,19.45,5.82,14.1,39.37,59.67,-20.3,62.5,100.0,0,SIMULATED
2026-09-14 15:15:00,standard,33.43,42.3,619.6,74,19.5,5.82,14.1,39.42,59.62,-20.2,62.5,100.0,0,SIMULATED
2026-09-14 15:30:00,standard,33.37,42.6,581.9,70,19.38,6.0,14.1,39.48,59.54,-20.06,62.5,100.0,0,SIMULATED
2026-09-14 15:45:00,standard,33.3,42.9,541.8,71,19.34,6.0,14.1,39.44,59.46,-20.02,62.5,100.0,0,SIMULATED
2026-09-14 16:00:00,standard,33.21,43.3,499.6,71,19.36,6.0,14.1,39.46,59.34,-19.88,62.5,100.0,0,SIMULATED
2026-09-14 16:15:00,standard,33.11,43.8,455.5,69,19.32,6.0,14.1,39.42,59.22,-19.8,62.5,100.0,0,SIMULATED
2026-09-14 16:30:00,standard,33.0,44.3,409.5,77,19.64,6.6,14.1,40.34,59.07,-18.73,62.5,100.0,0,SIMULATED
2026-09-14 16:45:00,standard,32.87,44.9,361.9,79,19.61,6.6,14.1,40.31,58.92,-18.61,62.5,100.0,0,SIMULATED
2026-09-14 17:00:00,standard,32.73,45.5,312.9,65,18.88,6.6,14.1,39.58,58.74,-19.16,62.5,100.0,0,SIMULATED
2026-09-14 17:15:00,standard,32.57,46.2,262.7,68,18.71,6.6,14.1,39.41,58.53,-19.12,62.5,100.0,0,SIMULATED
2026-09-14 17:30:00,standard,32.4,47.0,211.4,58,17.96,6.0,14.1,38.06,58.31,-20.25,62.5,100.0,0,SIMULATED
2026-09-14 17:45:00,standard,32.22,47.8,159.3,56,17.7,6.0,14.1,37.8,58.1,-20.3,62.5,100.0,0,SIMULATED
2026-09-14 18:00:00,standard,32.03,48.7,106.5,51,17.38,6.0,14.1,37.48,57.87,-20.39,62.5,100.0,0,SIMULATED
2026-09-14 18:15:00,standard,31.83,49.6,53.4,49,17.13,6.0,14.1,37.23,57.62,-20.39,75.0,100.0,0,SIMULATED
2026-09-14 18:30:00,standard,31.62,50.5,0.0,39,16.41,5.09,14.1,35.6,57.36,-21.76,87.5,100.0,0,SIMULATED
2026-09-14 18:45:00,standard,31.41,51.5,0.0,35,16.01,5.09,14.1,35.2,57.1,-21.9,87.5,100.0,0,SIMULATED
2026-09-14 19:00:00,standard,31.19,52.5,0.0,23,15.16,3.98,14.1,33.24,56.82,-23.58,87.5,100.0,0,SIMULATED
2026-09-14 19:15:00,standard,30.96,53.5,0.0,16,14.75,3.98,14.1,32.83,56.51,-23.68,87.5,100.0,0,SIMULATED
2026-09-14 19:30:00,standard,30.72,54.6,0.0,10,13.85,2.62,14.1,30.57,56.24,-25.67,87.5,100.0,0,SIMULATED
2026-09-14 19:45:00,standard,30.48,55.7,0.0,7,13.32,2.62,14.1,30.04,55.93,-25.89,87.5,100.0,0,SIMULATED
2026-09-14 20:00:00,standard,30.24,56.8,0.0,5,12.61,1.6,14.1,28.31,55.64,-27.33,87.5,100.0,0,SIMULATED
2026-09-14 20:15:00,standard,30.0,57.9,0.0,2,12.11,1.6,14.1,27.81,55.34,-27.53,87.5,100.0,0,SIMULATED
2026-09-14 20:30:00,standard,29.75,59.0,0.0,0,11.36,0.24,14.1,25.7,55.02,-29.32,87.5,100.0,0,SIMULATED
2026-09-14 20:45:00,standard,29.5,60.1,0.0,0,11.01,0.24,14.1,25.35,54.7,-29.35,87.5,100.0,0,SIMULATED
2026-09-14 21:00:00,standard,29.26,61.2,0.0,0,10.68,0.24,14.1,25.02,54.42,-29.4,87.5,100.0,0,SIMULATED
2026-09-14 21:15:00,standard,29.02,62.3,0.0,0,10.35,0.24,14.1,24.69,54.1,-29.41,87.5,100.0,0,SIMULATED
2026-09-14 21:30:00,standard,28.78,63.4,0.0,0,10.08,0.24,14.1,24.42,53.8,-29.38,87.5,100.0,0,SIMULATED
2026-09-14 21:45:00,standard,28.54,64.5,0.0,0,9.78,0.24,14.1,24.12,53.49,-29.37,87.5,100.0,0,SIMULATED
2026-09-14 22:00:00,standard,28.31,65.5,0.0,0,9.52,0.24,14.1,23.86,53.22,-29.36,87.5,100.0,0,SIMULATED
2026-09-14 22:15:00,standard,28.09,66.5,0.0,0,9.25,0.24,14.1,23.59,52.94,-29.35,87.5,100.0,0,SIMULATED
2026-09-14 22:30:00,standard,27.88,67.5,0.0,0,9.03,0.24,14.1,23.37,52.82,-29.45,87.5,100.0,0,SIMULATED
2026-09-14 22:45:00,standard,27.67,68.4,0.0,0,8.83,0.24,14.1,23.17,52.82,-29.65,87.5,100.0,0,SIMULATED
2026-09-14 23:00:00,standard,27.47,69.3,0.0,0,8.61,0.24,14.1,22.95,52.82,-29.87,87.5,100.0,0,SIMULATED
2026-09-14 23:15:00,standard,27.28,70.2,0.0,0,8.42,0.24,14.1,22.76,52.82,-30.06,87.5,100.0,0,SIMULATED
2026-09-14 23:30:00,standard,27.1,71.0,0.0,0,8.26,0.24,14.1,22.6,52.82,-30.22,87.5,100.0,0,SIMULATED
2026-09-14 23:45:00,standard,26.93,71.8,0.0,0,8.09,0.24,14.1,22.43,52.82,-30.39,87.5,100.0,0,SIMULATED
2026-09-15 00:00:00,standard,26.77,72.5,0.0,0,7.91,0.24,14.1,22.25,52.82,-30.57,87.5,100.0,0,SIMULATED
2026-09-15 00:15:00,standard,26.63,73.1,0.0,0,7.8,0.24,14.1,22.14,52.82,-30.68,87.5,100.0,0,SIMULATED
2026-09-15 00:30:00,standard,26.5,73.7,0.0,0,7.66,0.24,14.1,22.0,52.82,-30.82,87.5,100.0,0,SIMULATED
2026-09-15 00:45:00,standard,26.39,74.2,0.0,0,7.56,0.24,14.1,21.9,52.82,-30.92,87.5,100.0,0,SIMULATED
2026-09-15 01:00:00,standard,26.29,74.7,0.0,0,7.46,0.24,14.1,21.8,52.82,-31.02,87.5,100.0,0,SIMULATED
2026-09-15 01:15:00,standard,26.2,75.1,0.0,0,7.36,0.24,14.1,21.7,52.82,-31.12,87.5,100.0,0,SIMULATED
2026-09-15 01:30:00,standard,26.13,75.4,0.0,0,7.29,0.24,14.1,21.63,52.82,-31.19,87.5,100.0,0,SIMULATED
2026-09-15 01:45:00,standard,26.07,75.7,0.0,0,7.21,0.24,14.1,21.55,52.82,-31.27,87.5,100.0,0,SIMULATED
2026-09-15 02:00:00,standard,26.03,75.9,0.0,0,7.16,0.24,14.1,21.5,52.82,-31.32,87.5,100.0,0,SIMULATED
2026-09-15 02:15:00,standard,26.01,76.0,0.0,0,7.12,0.24,14.1,21.46,52.82,-31.36,87.5,100.0,0,SIMULATED
2026-09-15 02:30:00,standard,26.0,76.0,0.0,0,7.09,0.24,14.1,21.43,52.82,-31.39,87.5,100.0,0,SIMULATED
2026-09-15 02:45:00,standard,26.01,76.0,0.0,0,7.07,0.24,14.1,21.41,52.82,-31.41,87.5,100.0,0,SIMULATED
2026-09-15 03:00:00,standard,26.03,75.9,0.0,0,7.05,0.24,14.1,21.39,52.82,-31.43,87.5,100.0,0,SIMULATED
2026-09-15 03:15:00,standard,26.07,75.7,0.0,0,7.04,0.24,14.1,21.38,52.82,-31.44,87.5,100.0,0,SIMULATED
2026-09-15 03:30:00,standard,26.13,75.4,0.0,0,7.06,0.24,14.1,21.4,52.82,-31.42,87.5,100.0,0,SIMULATED
2026-09-15 03:45:00,standard,26.2,75.1,0.0,0,7.08,0.24,14.1,21.42,52.82,-31.4,87.5,100.0,0,SIMULATED
2026-09-15 04:00:00,standard,26.29,74.7,0.0,0,7.12,0.24,14.1,21.46,52.82,-31.36,87.5,100.0,0,SIMULATED
2026-09-15 04:15:00,standard,26.39,74.2,0.0,0,7.15,0.24,14.1,21.49,52.82,-31.33,87.5,100.0,0,SIMULATED
2026-09-15 04:30:00,standard,26.5,73.7,0.0,0,7.19,0.24,14.1,21.53,52.82,-31.29,87.5,100.0,0,SIMULATED
2026-09-15 04:45:00,standard,26.63,73.1,0.0,0,7.25,0.24,14.1,21.59,52.82,-31.23,87.5,100.0,0,SIMULATED
2026-09-15 05:00:00,standard,26.77,72.5,0.0,0,7.29,0.24,14.1,21.63,52.82,-31.19,87.5,100.0,0,SIMULATED
2026-09-15 05:15:00,standard,26.93,71.8,0.0,0,7.37,0.24,14.1,21.71,52.82,-31.11,87.5,100.0,0,SIMULATED
2026-09-15 05:30:00,standard,27.1,71.0,0.0,0,7.47,0.24,14.1,21.81,52.82,-31.01,87.5,100.0,0,SIMULATED
2026-09-15 05:45:00,standard,27.28,70.2,0.0,0,7.54,0.24,14.1,21.88,52.82,-30.94,87.5,100.0,0,SIMULATED
2026-09-15 06:00:00,standard,27.47,69.3,0.0,0,7.63,0.24,14.1,21.97,52.82,-30.85,87.5,100.0,0,SIMULATED
2026-09-15 06:15:00,standard,27.67,68.4,53.4,0,8.33,0.24,14.1,22.67,52.82,-30.15,87.5,100.0,0,SIMULATED
2026-09-15 06:30:00,standard,27.88,67.5,106.5,0,9.02,0.24,14.1,23.36,52.82,-29.46,87.5,100.0,0,SIMULATED
2026-09-15 06:45:00,standard,28.09,66.5,159.3,0,9.71,0.24,14.1,24.05,52.94,-28.89,87.5,100.0,0,SIMULATED
2026-09-15 07:00:00,standard,28.31,65.5,211.4,0,10.7,1.52,14.1,26.33,53.22,-26.89,87.5,100.0,0,SIMULATED
2026-09-15 07:15:00,standard,28.54,64.5,262.7,0,11.4,1.52,14.1,27.03,53.49,-26.46,87.5,100.0,0,SIMULATED
2026-09-15 07:30:00,standard,28.78,63.4,312.9,0,12.11,1.52,14.1,27.72,53.8,-26.08,87.5,100.0,0,SIMULATED
2026-09-15 07:45:00,standard,29.02,62.3,361.9,0,12.8,1.52,14.1,28.42,54.1,-25.68,87.5,100.0,0,SIMULATED
2026-09-15 08:00:00,standard,29.26,61.2,409.5,2,13.65,1.85,14.1,29.59,54.42,-24.83,87.5,100.0,0,SIMULATED
2026-09-15 08:15:00,standard,29.5,60.1,455.5,7,14.79,3.21,14.1,32.09,54.7,-22.61,87.5,100.0,0,SIMULATED
2026-09-15 08:30:00,standard,29.75,59.0,499.6,13,15.82,3.99,14.1,33.9,55.02,-21.12,87.5,100.0,0,SIMULATED
2026-09-15 08:45:00,standard,30.0,57.9,541.8,17,16.76,5.09,14.1,35.95,55.34,-19.39,87.5,100.0,0,SIMULATED
2026-09-15 09:00:00,standard,30.24,56.8,581.9,46,17.56,6.0,14.1,37.66,55.64,-17.98,87.5,100.0,0,SIMULATED
2026-09-15 09:15:00,standard,30.48,55.7,619.6,49,17.77,6.0,14.1,37.87,55.93,-18.06,87.5,100.0,0,SIMULATED
2026-09-15 09:30:00,standard,30.72,54.6,654.9,70,18.33,6.6,14.1,39.03,56.24,-17.21,87.5,100.0,0,SIMULATED
2026-09-15 09:45:00,standard,30.96,53.5,687.7,69,18.41,6.6,14.1,39.11,56.51,-17.4,87.5,100.0,0,SIMULATED
2026-09-15 10:00:00,standard,31.19,52.5,717.7,79,18.8,6.42,14.1,39.32,56.82,-17.5,87.5,100.0,0,SIMULATED
2026-09-15 10:15:00,standard,31.41,51.5,744.9,79,18.92,6.42,14.1,39.44,57.1,-17.66,87.5,100.0,0,SIMULATED
2026-09-15 10:30:00,standard,31.62,50.5,769.1,72,18.58,5.82,14.1,38.5,57.36,-18.86,87.5,100.0,0,SIMULATED
2026-09-15 10:45:00,standard,31.83,49.6,790.3,72,18.71,5.82,14.1,38.63,57.62,-18.99,87.5,100.0,0,SIMULATED
2026-09-15 11:00:00,standard,32.03,48.7,808.4,71,18.77,5.82,14.1,38.69,57.87,-19.18,87.5,100.0,0,SIMULATED
2026-09-15 11:15:00,standard,32.22,47.8,823.3,71,18.89,5.82,14.1,38.81,58.1,-19.29,87.5,100.0,0,SIMULATED
2026-09-15 11:30:00,standard,32.4,47.0,834.9,81,19.38,6.42,14.1,39.9,58.31,-18.41,87.5,100.0,0,SIMULATED
2026-09-15 11:45:00,standard,32.57,46.2,843.3,67,18.86,5.82,14.1,38.78,58.53,-19.75,87.5,100.0,0,SIMULATED
2026-09-15 12:00:00,standard,32.73,45.5,848.3,93,19.93,6.6,14.1,40.63,58.74,-18.11,87.5,100.0,0,SIMULATED
2026-09-15 12:15:00,standard,32.87,44.9,850.0,91,19.96,6.6,14.1,40.66,58.92,-18.26,87.5,100.0,0,SIMULATED
2026-09-15 12:30:00,standard,33.0,44.3,848.3,72,19.58,6.0,14.1,39.68,59.07,-19.39,87.5,100.0,0,SIMULATED
2026-09-15 12:45:00,standard,33.11,43.8,843.3,73,19.64,6.0,14.1,39.74,59.22,-19.48,87.5,100.0,0,SIMULATED
2026-09-15 13:00:00,standard,33.21,43.3,834.9,64,19.69,6.0,14.1,39.79,59.34,-19.55,87.5,100.0,0,SIMULATED
2026-09-15 13:15:00,standard,33.3,42.9,823.3,64,19.74,6.0,14.1,39.84,59.46,-19.62,87.5,100.0,0,SIMULATED
2026-09-15 13:30:00,standard,33.37,42.6,808.4,74,20.14,6.6,14.1,40.84,59.54,-18.7,87.5,100.0,0,SIMULATED
2026-09-15 13:45:00,standard,33.43,42.3,790.3,73,20.15,6.6,14.1,40.85,59.62,-18.77,87.5,100.0,0,SIMULATED
2026-09-15 14:00:00,standard,33.47,42.1,769.1,72,19.64,6.5,14.1,40.24,59.67,-19.43,75.0,100.0,1,SIMULATED
2026-09-15 14:15:00,standard,33.49,42.0,744.9,72,19.64,6.5,14.1,40.24,59.7,-19.46,75.0,100.0,1,SIMULATED
2026-09-15 14:30:00,standard,33.5,42.0,717.7,73,19.64,6.5,14.1,40.24,59.7,-19.46,62.5,100.0,1,SIMULATED
2026-09-15 14:45:00,standard,33.49,42.0,687.7,71,19.61,6.5,14.1,40.21,59.7,-19.49,62.5,100.0,1,SIMULATED
2026-09-15 15:00:00,standard,33.47,42.1,654.9,71,19.49,5.82,14.1,39.41,59.67,-20.26,62.5,100.0,0,SIMULATED
2026-09-15 15:15:00,standard,33.43,42.3,619.6,72,19.47,5.82,14.1,39.39,59.62,-20.23,62.5,100.0,0,SIMULATED
2026-09-15 15:30:00,standard,33.37,42.6,581.9,70,19.44,6.0,14.1,39.54,59.54,-20.0,62.5,100.0,0,SIMULATED
2026-09-15 15:45:00,standard,33.3,42.9,541.8,71,19.38,6.0,14.1,39.48,59.46,-19.98,62.5,100.0,0,SIMULATED
2026-09-15 16:00:00,standard,33.21,43.3,499.6,71,19.33,6.0,14.1,39.43,59.34,-19.91,62.5,100.0,0,SIMULATED
2026-09-15 16:15:00,standard,33.11,43.8,455.5,70,19.29,6.0,14.1,39.39,59.22,-19.83,62.5,100.0,0,SIMULATED
2026-09-15 16:30:00,standard,33.0,44.3,409.5,79,19.67,6.6,14.1,40.37,59.07,-18.7,62.5,100.0,0,SIMULATED
2026-09-15 16:45:00,standard,32.87,44.9,361.9,78,19.58,6.6,14.1,40.28,58.92,-18.64,62.5,100.0,0,SIMULATED
2026-09-15 17:00:00,standard,32.73,45.5,312.9,65,18.95,6.6,14.1,39.65,58.74,-19.09,62.5,100.0,0,SIMULATED
2026-09-15 17:15:00,standard,32.57,46.2,262.7,66,18.65,6.6,14.1,39.35,58.53,-19.18,62.5,100.0,0,SIMULATED
2026-09-15 17:30:00,standard,32.4,47.0,211.4,58,17.93,6.0,14.1,38.03,58.31,-20.28,62.5,100.0,0,SIMULATED
2026-09-15 17:45:00,standard,32.22,47.8,159.3,53,17.61,6.0,14.1,37.71,58.1,-20.39,62.5,100.0,0,SIMULATED
2026-09-15 18:00:00,standard,32.03,48.7,106.5,50,17.36,6.0,14.1,37.46,57.87,-20.41,62.5,100.0,0,SIMULATED
2026-09-15 18:15:00,standard,31.83,49.6,53.4,48,17.11,6.0,14.1,37.21,57.62,-20.41,75.0,100.0,0,SIMULATED
2026-09-15 18:30:00,standard,31.62,50.5,0.0,40,16.46,5.09,14.1,35.65,57.36,-21.71,87.5,100.0,0,SIMULATED
2026-09-15 18:45:00,standard,31.41,51.5,0.0,34,15.98,5.09,14.1,35.17,57.1,-21.93,87.5,100.0,0,SIMULATED
2026-09-15 19:00:00,standard,31.19,52.5,0.0,22,15.13,3.98,14.1,33.21,56.82,-23.61,87.5,100.0,0,SIMULATED
2026-09-15 19:15:00,standard,30.96,53.5,0.0,16,14.74,3.98,14.1,32.82,56.51,-23.69,87.5,100.0,0,SIMULATED
2026-09-15 19:30:00,standard,30.72,54.6,0.0,11,13.89,2.62,14.1,30.61,56.24,-25.63,87.5,100.0,0,SIMULATED
2026-09-15 19:45:00,standard,30.48,55.7,0.0,8,13.36,2.62,14.1,30.08,55.93,-25.85,87.5,100.0,0,SIMULATED
2026-09-15 20:00:00,standard,30.24,56.8,0.0,5,12.62,1.6,14.1,28.32,55.64,-27.32,87.5,100.0,0,SIMULATED
2026-09-15 20:15:00,standard,30.0,57.9,0.0,3,12.15,1.6,14.1,27.85,55.34,-27.49,87.5,100.0,0,SIMULATED
2026-09-15 20:30:00,standard,29.75,59.0,0.0,0,11.36,0.24,14.1,25.7,55.02,-29.32,87.5,100.0,0,SIMULATED
2026-09-15 20:45:00,standard,29.5,60.1,0.0,0,11.01,0.24,14.1,25.35,54.7,-29.35,87.5,100.0,0,SIMULATED
2026-09-15 21:00:00,standard,29.26,61.2,0.0,0,10.68,0.24,14.1,25.02,54.42,-29.4,87.5,100.0,0,SIMULATED
2026-09-15 21:15:00,standard,29.02,62.3,0.0,0,10.35,0.24,14.1,24.69,54.1,-29.41,87.5,100.0,0,SIMULATED
2026-09-15 21:30:00,standard,28.78,63.4,0.0,0,10.08,0.24,14.1,24.42,53.8,-29.38,87.5,100.0,0,SIMULATED
2026-09-15 21:45:00,standard,28.54,64.5,0.0,0,9.79,0.24,14.1,24.13,53.49,-29.36,87.5,100.0,0,SIMULATED
2026-09-15 22:00:00,standard,28.31,65.5,0.0,0,9.52,0.24,14.1,23.86,53.22,-29.36,87.5,100.0,0,SIMULATED
2026-09-15 22:15:00,standard,28.09,66.5,0.0,0,9.24,0.24,14.1,23.58,52.94,-29.36,87.5,100.0,0,SIMULATED
2026-09-15 22:30:00,standard,27.88,67.5,0.0,0,9.02,0.24,14.1,23.36,52.82,-29.46,87.5,100.0,0,SIMULATED
2026-09-15 22:45:00,standard,27.67,68.4,0.0,0,8.82,0.24,14.1,23.16,52.82,-29.66,87.5,100.0,0,SIMULATED
2026-09-15 23:00:00,standard,27.47,69.3,0.0,0,8.6,0.24,14.1,22.94,52.82,-29.88,87.5,100.0,0,SIMULATED
2026-09-15 23:15:00,standard,27.28,70.2,0.0,0,8.41,0.24,14.1,22.75,52.82,-30.07,87.5,100.0,0,SIMULATED
2026-09-15 23:30:00,standard,27.1,71.0,0.0,0,8.25,0.24,14.1,22.59,52.82,-30.23,87.5,100.0,0,SIMULATED
2026-09-15 23:45:00,standard,26.93,71.8,0.0,0,8.08,0.24,14.1,22.42,52.82,-30.4,87.5,100.0,0,SIMULATED
2026-09-16 00:00:00,standard,26.77,72.5,0.0,0,7.9,0.24,14.1,22.24,52.82,-30.58,87.5,100.0,0,SIMULATED
2026-09-16 00:15:00,standard,26.63,73.1,0.0,0,7.79,0.24,14.1,22.13,52.82,-30.69,87.5,100.0,0,SIMULATED
2026-09-16 00:30:00,standard,26.5,73.7,0.0,0,7.65,0.24,14.1,21.99,52.82,-30.83,87.5,100.0,0,SIMULATED
2026-09-16 00:45:00,standard,26.39,74.2,0.0,0,7.55,0.24,14.1,21.89,52.82,-30.93,87.5,100.0,0,SIMULATED
2026-09-16 01:00:00,standard,26.29,74.7,0.0,0,7.45,0.24,14.1,21.79,52.82,-31.03,87.5,100.0,0,SIMULATED
2026-09-16 01:15:00,standard,26.2,75.1,0.0,0,7.35,0.24,14.1,21.69,52.82,-31.13,87.5,100.0,0,SIMULATED
2026-09-16 01:30:00,standard,26.13,75.4,0.0,0,7.28,0.24,14.1,21.62,52.82,-31.2,87.5,100.0,0,SIMULATED
2026-09-16 01:45:00,standard,26.07,75.7,0.0,0,7.2,0.24,14.1,21.54,52.82,-31.28,87.5,100.0,0,SIMULATED
2026-09-16 02:00:00,standard,26.03,75.9,0.0,0,7.15,0.24,14.1,21.49,52.82,-31.33,87.5,100.0,0,SIMULATED
2026-09-16 02:15:00,standard,26.01,76.0,0.0,0,7.11,0.24,14.1,21.45,52.82,-31.37,87.5,100.0,0,SIMULATED
2026-09-16 02:30:00,standard,26.0,76.0,0.0,0,7.08,0.24,14.1,21.42,52.82,-31.4,87.5,100.0,0,SIMULATED
2026-09-16 02:45:00,standard,26.01,76.0,0.0,0,7.06,0.24,14.1,21.4,52.82,-31.42,87.5,100.0,0,SIMULATED
2026-09-16 03:00:00,standard,26.03,75.9,0.0,0,7.04,0.24,14.1,21.38,52.82,-31.44,87.5,100.0,0,SIMULATED
2026-09-16 03:15:00,standard,26.07,75.7,0.0,0,7.03,0.24,14.1,21.37,52.82,-31.45,87.5,100.0,0,SIMULATED
2026-09-16 03:30:00,standard,26.13,75.4,0.0,0,7.05,0.24,14.1,21.39,52.82,-31.43,87.5,100.0,0,SIMULATED
2026-09-16 03:45:00,standard,26.2,75.1,0.0,0,7.07,0.24,14.1,21.41,52.82,-31.41,87.5,100.0,0,SIMULATED
2026-09-16 04:00:00,standard,26.29,74.7,0.0,0,7.11,0.24,14.1,21.45,52.82,-31.37,87.5,100.0,0,SIMULATED
2026-09-16 04:15:00,standard,26.39,74.2,0.0,0,7.14,0.24,14.1,21.48,52.82,-31.34,87.5,100.0,0,SIMULATED
2026-09-16 04:30:00,standard,26.5,73.7,0.0,0,7.18,0.24,14.1,21.52,52.82,-31.3,87.5,100.0,0,SIMULATED
2026-09-16 04:45:00,standard,26.63,73.1,0.0,0,7.24,0.24,14.1,21.58,52.82,-31.24,87.5,100.0,0,SIMULATED
2026-09-16 05:00:00,standard,26.77,72.5,0.0,0,7.28,0.24,14.1,21.62,52.82,-31.2,87.5,100.0,0,SIMULATED
2026-09-16 05:15:00,standard,26.93,71.8,0.0,0,7.36,0.24,14.1,21.7,52.82,-31.12,87.5,100.0,0,SIMULATED
2026-09-16 05:30:00,standard,27.1,71.0,0.0,0,7.46,0.24,14.1,21.8,52.82,-31.02,87.5,100.0,0,SIMULATED
2026-09-16 05:45:00,standard,27.28,70.2,0.0,0,7.53,0.24,14.1,21.87,52.82,-30.95,87.5,100.0,0,SIMULATED
2026-09-16 06:00:00,standard,27.47,69.3,0.0,0,7.63,0.24,14.1,21.97,52.82,-30.85,87.5,100.0,0,SIMULATED
2026-09-16 06:15:00,standard,27.67,68.4,53.4,0,8.32,0.24,14.1,22.66,52.82,-30.16,87.5,100.0,0,SIMULATED
2026-09-16 06:30:00,standard,27.88,67.5,106.5,0,9.01,0.24,14.1,23.35,52.82,-29.47,87.5,100.0,0,SIMULATED
2026-09-16 06:45:00,standard,28.09,66.5,159.3,0,9.7,0.24,14.1,24.04,52.94,-28.9,87.5,100.0,0,SIMULATED
2026-09-16 07:00:00,standard,28.31,65.5,211.4,0,10.7,1.52,14.1,26.33,53.22,-26.89,87.5,100.0,0,SIMULATED
2026-09-16 07:15:00,standard,28.54,64.5,262.7,0,11.4,1.52,14.1,27.03,53.49,-26.46,87.5,100.0,0,SIMULATED
2026-09-16 07:30:00,standard,28.78,63.4,312.9,0,12.11,1.52,14.1,27.72,53.8,-26.08,87.5,100.0,0,SIMULATED
2026-09-16 07:45:00,standard,29.02,62.3,361.9,0,12.8,1.52,14.1,28.42,54.1,-25.68,87.5,100.0,0,SIMULATED
2026-09-16 08:00:00,standard,29.26,61.2,409.5,4,13.71,1.85,14.1,29.65,54.42,-24.77,87.5,100.0,0,SIMULATED
2026-09-16 08:15:00,standard,29.5,60.1,455.5,6,14.75,3.21,14.1,32.05,54.7,-22.65,87.5,100.0,0,SIMULATED
2026-09-16 08:30:00,standard,29.75,59.0,499.6,13,15.82,3.99,14.1,33.9,55.02,-21.12,87.5,100.0,0,SIMULATED
2026-09-16 08:45:00,standard,30.0,57.9,541.8,19,16.79,5.09,14.1,35.98,55.34,-19.36,87.5,100.0,0,SIMULATED
2026-09-16 09:00:00,standard,30.24,56.8,581.9,43,17.46,6.0,14.1,37.56,55.64,-18.08,87.5,100.0,0,SIMULATED
2026-09-16 09:15:00,standard,30.48,55.7,619.6,46,17.71,6.0,14.1,37.81,55.93,-18.12,87.5,100.0,0,SIMULATED
2026-09-16 09:30:00,standard,30.72,54.6,654.9,69,18.26,6.6,14.1,38.96,56.24,-17.28,87.5,100.0,0,SIMULATED
2026-09-16 09:45:00,standard,30.96,53.5,687.7,72,18.5,6.6,14.1,39.2,56.51,-17.31,87.5,100.0,0,SIMULATED
2026-09-16 10:00:00,standard,31.19,52.5,717.7,80,18.8,6.42,14.1,39.32,56.82,-17.5,87.5,100.0,0,SIMULATED
2026-09-16 10:15:00,standard,31.41,51.5,744.9,76,18.82,6.42,14.1,39.34,57.1,-17.76,87.5,100.0,0,SIMULATED
2026-09-16 10:30:00,standard,31.62,50.5,769.1,71,18.61,5.82,14.1,38.53,57.36,-18.83,87.5,100.0,0,SIMULATED
2026-09-16 10:45:00,standard,31.83,49.6,790.3,72,18.68,5.82,14.1,38.6,57.62,-19.02,87.5,100.0,0,SIMULATED
2026-09-16 11:00:00,standard,32.03,48.7,808.4,73,18.84,5.82,14.1,38.76,57.87,-19.11,87.5,100.0,0,SIMULATED
2026-09-16 11:15:00,standard,32.22,47.8,823.3,73,18.89,5.82,14.1,38.81,58.1,-19.29,87.5,100.0,0,SIMULATED
2026-09-16 11:30:00,standard,32.4,47.0,834.9,81,19.41,6.42,14.1,39.93,58.31,-18.38,87.5,100.0,0,SIMULATED
2026-09-16 11:45:00,standard,32.57,46.2,843.3,69,18.92,5.82,14.1,38.84,58.53,-19.69,87.5,100.0,0,SIMULATED
2026-09-16 12:00:00,standard,32.73,45.5,848.3,93,19.93,6.6,14.1,40.63,58.74,-18.11,87.5,100.0,0,SIMULATED
2026-09-16 12:15:00,standard,32.87,44.9,850.0,91,19.93,6.6,14.1,40.63,58.92,-18.29,87.5,100.0,0,SIMULATED
2026-09-16 12:30:00,standard,33.0,44.3,848.3,72,19.58,6.0,14.1,39.68,59.07,-19.39,87.5,100.0,0,SIMULATED
2026-09-16 12:45:00,standard,33.11,43.8,843.3,74,19.67,6.0,14.1,39.77,59.22,-19.45,87.5,100.0,0,SIMULATED
2026-09-16 13:00:00,standard,33.21,43.3,834.9,66,19.69,6.0,14.1,39.79,59.34,-19.55,87.5,100.0,0,SIMULATED
2026-09-16 13:15:00,standard,33.3,42.9,823.3,65,19.74,6.0,14.1,39.84,59.46,-19.62,87.5,100.0,0,SIMULATED
2026-09-16 13:30:00,standard,33.37,42.6,808.4,72,20.1,6.6,14.1,40.8,59.54,-18.74,87.5,100.0,0,SIMULATED
2026-09-16 13:45:00,standard,33.43,42.3,790.3,70,20.15,6.6,14.1,40.85,59.62,-18.77,87.5,100.0,0,SIMULATED
2026-09-16 14:00:00,standard,33.47,42.1,769.1,72,19.64,6.5,14.1,40.24,59.67,-19.43,75.0,100.0,1,SIMULATED
2026-09-16 14:15:00,standard,33.49,42.0,744.9,72,19.65,6.5,14.1,40.25,59.7,-19.45,75.0,100.0,1,SIMULATED
2026-09-16 14:30:00,standard,33.5,42.0,717.7,72,19.68,6.5,14.1,40.28,59.7,-19.42,62.5,100.0,1,SIMULATED
2026-09-16 14:45:00,standard,33.49,42.0,687.7,70,19.61,6.5,14.1,40.21,59.7,-19.49,62.5,100.0,1,SIMULATED
2026-09-16 15:00:00,standard,33.47,42.1,654.9,71,19.45,5.82,14.1,39.37,59.67,-20.3,62.5,100.0,0,SIMULATED
2026-09-16 15:15:00,standard,33.43,42.3,619.6,71,19.47,5.82,14.1,39.39,59.62,-20.23,62.5,100.0,0,SIMULATED
2026-09-16 15:30:00,standard,33.37,42.6,581.9,72,19.44,6.0,14.1,39.54,59.54,-20.0,62.5,100.0,0,SIMULATED
2026-09-16 15:45:00,standard,33.3,42.9,541.8,68,19.34,6.0,14.1,39.44,59.46,-20.02,62.5,100.0,0,SIMULATED
2026-09-16 16:00:00,standard,33.21,43.3,499.6,69,19.33,6.0,14.1,39.43,59.34,-19.91,62.5,100.0,0,SIMULATED
2026-09-16 16:15:00,standard,33.11,43.8,455.5,70,19.29,6.0,14.1,39.39,59.22,-19.83,62.5,100.0,0,SIMULATED
2026-09-16 16:30:00,standard,33.0,44.3,409.5,78,19.64,6.6,14.1,40.34,59.07,-18.73,62.5,100.0,0,SIMULATED
2026-09-16 16:45:00,standard,32.87,44.9,361.9,81,19.64,6.6,14.1,40.34,58.92,-18.58,62.5,100.0,0,SIMULATED
2026-09-16 17:00:00,standard,32.73,45.5,312.9,67,18.93,6.6,14.1,39.63,58.74,-19.11,62.5,100.0,0,SIMULATED
2026-09-16 17:15:00,standard,32.57,46.2,262.7,66,18.6,6.6,14.1,39.3,58.53,-19.23,62.5,100.0,0,SIMULATED
2026-09-16 17:30:00,standard,32.4,47.0,211.4,56,17.88,6.0,14.1,37.98,58.31,-20.33,62.5,100.0,0,SIMULATED
2026-09-16 17:45:00,standard,32.22,47.8,159.3,53,17.63,6.0,14.1,37.73,58.1,-20.37,62.5,100.0,0,SIMULATED
2026-09-16 18:00:00,standard,32.03,48.7,106.5,50,17.34,6.0,14.1,37.44,57.87,-20.43,62.5,100.0,0,SIMULATED
2026-09-16 18:15:00,standard,31.83,49.6,53.4,46,17.03,6.0,14.1,37.13,57.62,-20.49,75.0,100.0,0,SIMULATED
2026-09-16 18:30:00,standard,31.62,50.5,0.0,39,16.4,5.09,14.1,35.59,57.36,-21.77,87.5,100.0,0,SIMULATED
2026-09-16 18:45:00,standard,31.41,51.5,0.0,34,15.96,5.09,14.1,35.15,57.1,-21.95,87.5,100.0,0,SIMULATED
2026-09-16 19:00:00,standard,31.19,52.5,0.0,22,15.14,3.98,14.1,33.22,56.82,-23.6,87.5,100.0,0,SIMULATED
2026-09-16 19:15:00,standard,30.96,53.5,0.0,15,14.73,3.98,14.1,32.81,56.51,-23.7,87.5,100.0,0,SIMULATED
2026-09-16 19:30:00,standard,30.72,54.6,0.0,9,13.79,2.62,14.1,30.51,56.24,-25.73,87.5,100.0,0,SIMULATED
2026-09-16 19:45:00,standard,30.48,55.7,0.0,8,13.32,2.62,14.1,30.04,55.93,-25.89,87.5,100.0,0,SIMULATED
2026-09-16 20:00:00,standard,30.24,56.8,0.0,6,12.62,1.6,14.1,28.32,55.64,-27.32,87.5,100.0,0,SIMULATED
2026-09-16 20:15:00,standard,30.0,57.9,0.0,2,12.09,1.6,14.1,27.79,55.34,-27.55,87.5,100.0,0,SIMULATED
2026-09-16 20:30:00,standard,29.75,59.0,0.0,0,11.34,0.24,14.1,25.68,55.02,-29.34,87.5,100.0,0,SIMULATED
2026-09-16 20:45:00,standard,29.5,60.1,0.0,0,10.99,0.24,14.1,25.33,54.7,-29.37,87.5,100.0,0,SIMULATED
2026-09-16 21:00:00,standard,29.26,61.2,0.0,0,10.66,0.24,14.1,25.0,54.42,-29.42,87.5,100.0,0,SIMULATED
2026-09-16 21:15:00,standard,29.02,62.3,0.0,0,10.34,0.24,14.1,24.68,54.1,-29.42,87.5,100.0,0,SIMULATED
2026-09-16 21:30:00,standard,28.78,63.4,0.0,0,10.06,0.24,14.1,24.4,53.8,-29.4,87.5,100.0,0,SIMULATED
2026-09-16 21:45:00,standard,28.54,64.5,0.0,0,9.77,0.24,14.1,24.11,53.49,-29.38,87.5,100.0,0,SIMULATED
2026-09-16 22:00:00,standard,28.31,65.5,0.0,0,9.51,0.24,14.1,23.85,53.22,-29.37,87.5,100.0,0,SIMULATED
2026-09-16 22:15:00,standard,28.09,66.5,0.0,0,9.23,0.24,14.1,23.57,52.94,-29.37,87.5,100.0,0,SIMULATED
2026-09-16 22:30:00,standard,27.88,67.5,0.0,0,9.01,0.24,14.1,23.35,52.82,-29.47,87.5,100.0,0,SIMULATED
2026-09-16 22:45:00,standard,27.67,68.4,0.0,0,8.81,0.24,14.1,23.15,52.82,-29.67,87.5,100.0,0,SIMULATED
2026-09-16 23:00:00,standard,27.47,69.3,0.0,0,8.6,0.24,14.1,22.94,52.82,-29.88,87.5,100.0,0,SIMULATED
2026-09-16 23:15:00,standard,27.28,70.2,0.0,0,8.4,0.24,14.1,22.74,52.82,-30.08,87.5,100.0,0,SIMULATED
2026-09-16 23:30:00,standard,27.1,71.0,0.0,0,8.24,0.24,14.1,22.58,52.82,-30.24,87.5,100.0,0,SIMULATED
2026-09-16 23:45:00,standard,26.93,71.8,0.0,0,8.07,0.24,14.1,22.41,52.82,-30.41,87.5,100.0,0,SIMULATED
2026-09-17 00:00:00,standard,26.77,72.5,0.0,0,7.9,0.24,14.1,22.24,52.82,-30.58,87.5,100.0,0,SIMULATED
2026-09-17 00:15:00,standard,26.63,73.1,0.0,0,7.79,0.24,14.1,22.13,52.82,-30.69,87.5,100.0,0,SIMULATED
2026-09-17 00:30:00,standard,26.5,73.7,0.0,0,7.65,0.24,14.1,21.99,52.82,-30.83,87.5,100.0,0,SIMULATED
2026-09-17 00:45:00,standard,26.39,74.2,0.0,0,7.55,0.24,14.1,21.89,52.82,-30.93,87.5,100.0,0,SIMULATED
2026-09-17 01:00:00,standard,26.29,74.7,0.0,0,7.45,0.24,14.1,21.79,52.82,-31.03,87.5,100.0,0,SIMULATED
2026-09-17 01:15:00,standard,26.2,75.1,0.0,0,7.35,0.24,14.1,21.69,52.82,-31.13,87.5,100.0,0,SIMULATED
2026-09-17 01:30:00,standard,26.13,75.4,0.0,0,7.28,0.24,14.1,21.62,52.82,-31.2,87.5,100.0,0,SIMULATED
2026-09-17 01:45:00,standard,26.07,75.7,0.0,0,7.2,0.24,14.1,21.54,52.82,-31.28,87.5,100.0,0,SIMULATED
2026-09-17 02:00:00,standard,26.03,75.9,0.0,0,7.15,0.24,14.1,21.49,52.82,-31.33,87.5,100.0,0,SIMULATED
2026-09-17 02:15:00,standard,26.01,76.0,0.0,0,7.11,0.24,14.1,21.45,52.82,-31.37,87.5,100.0,0,SIMULATED
2026-09-17 02:30:00,standard,26.0,76.0,0.0,0,7.08,0.24,14.1,21.42,52.82,-31.4,87.5,100.0,0,SIMULATED
2026-09-17 02:45:00,standard,26.01,76.0,0.0,0,7.06,0.24,14.1,21.4,52.82,-31.42,87.5,100.0,0,SIMULATED
2026-09-17 03:00:00,standard,26.03,75.9,0.0,0,7.04,0.24,14.1,21.38,52.82,-31.44,87.5,100.0,0,SIMULATED
2026-09-17 03:15:00,standard,26.07,75.7,0.0,0,7.03,0.24,14.1,21.37,52.82,-31.45,87.5,100.0,0,SIMULATED
2026-09-17 03:30:00,standard,26.13,75.4,0.0,0,7.05,0.24,14.1,21.39,52.82,-31.43,87.5,100.0,0,SIMULATED
2026-09-17 03:45:00,standard,26.2,75.1,0.0,0,7.07,0.24,14.1,21.41,52.82,-31.41,87.5,100.0,0,SIMULATED
2026-09-17 04:00:00,standard,26.29,74.7,0.0,0,7.11,0.24,14.1,21.45,52.82,-31.37,87.5,100.0,0,SIMULATED
2026-09-17 04:15:00,standard,26.39,74.2,0.0,0,7.14,0.24,14.1,21.48,52.82,-31.34,87.5,100.0,0,SIMULATED
2026-09-17 04:30:00,standard,26.5,73.7,0.0,0,7.18,0.24,14.1,21.52,52.82,-31.3,87.5,100.0,0,SIMULATED
2026-09-17 04:45:00,standard,26.63,73.1,0.0,0,7.24,0.24,14.1,21.58,52.82,-31.24,87.5,100.0,0,SIMULATED
2026-09-17 05:00:00,standard,26.77,72.5,0.0,0,7.28,0.24,14.1,21.62,52.82,-31.2,87.5,100.0,0,SIMULATED
2026-09-17 05:15:00,standard,26.93,71.8,0.0,0,7.36,0.24,14.1,21.7,52.82,-31.12,87.5,100.0,0,SIMULATED
2026-09-17 05:30:00,standard,27.1,71.0,0.0,0,7.46,0.24,14.1,21.8,52.82,-31.02,87.5,100.0,0,SIMULATED
2026-09-17 05:45:00,standard,27.28,70.2,0.0,0,7.53,0.24,14.1,21.87,52.82,-30.95,87.5,100.0,0,SIMULATED
2026-09-17 06:00:00,standard,27.47,69.3,0.0,0,7.63,0.24,14.1,21.97,52.82,-30.85,87.5,100.0,0,SIMULATED
2026-09-17 06:15:00,standard,27.67,68.4,53.4,0,8.32,0.24,14.1,22.66,52.82,-30.16,87.5,100.0,0,SIMULATED
2026-09-17 06:30:00,standard,27.88,67.5,106.5,0,9.01,0.24,14.1,23.35,52.82,-29.47,87.5,100.0,0,SIMULATED
2026-09-17 06:45:00,standard,28.09,66.5,159.3,0,9.7,0.24,14.1,24.04,52.94,-28.9,87.5,100.0,0,SIMULATED
2026-09-17 07:00:00,standard,28.31,65.5,211.4,0,10.7,1.52,14.1,26.33,53.22,-26.89,87.5,100.0,0,SIMULATED
2026-09-17 07:15:00,standard,28.54,64.5,262.7,0,11.4,1.52,14.1,27.03,53.49,-26.46,87.5,100.0,0,SIMULATED
2026-09-17 07:30:00,standard,28.78,63.4,312.9,0,12.11,1.52,14.1,27.72,53.8,-26.08,87.5,100.0,0,SIMULATED
2026-09-17 07:45:00,standard,29.02,62.3,361.9,0,12.8,1.52,14.1,28.42,54.1,-25.68,87.5,100.0,0,SIMULATED
2026-09-17 08:00:00,standard,29.26,61.2,409.5,3,13.68,1.85,14.1,29.62,54.42,-24.8,87.5,100.0,0,SIMULATED
2026-09-17 08:15:00,standard,29.5,60.1,455.5,5,14.72,3.21,14.1,32.02,54.7,-22.68,87.5,100.0,0,SIMULATED
2026-09-17 08:30:00,standard,29.75,59.0,499.6,13,15.82,3.99,14.1,33.9,55.02,-21.12,87.5,100.0,0,SIMULATED
2026-09-17 08:45:00,standard,30.0,57.9,541.8,17,16.76,5.09,14.1,35.95,55.34,-19.39,87.5,100.0,0,SIMULATED
2026-09-17 09:00:00,standard,30.24,56.8,581.9,46,17.56,6.0,14.1,37.66,55.64,-17.98,87.5,100.0,0,SIMULATED
2026-09-17 09:15:00,standard,30.48,55.7,619.6,48,17.74,6.0,14.1,37.84,55.93,-18.09,87.5,100.0,0,SIMULATED
2026-09-17 09:30:00,standard,30.72,54.6,654.9,69,18.29,6.6,14.1,38.99,56.24,-17.25,87.5,100.0,0,SIMULATED
2026-09-17 09:45:00,standard,30.96,53.5,687.7,72,18.54,6.6,14.1,39.24,56.51,-17.27,87.5,100.0,0,SIMULATED
2026-09-17 10:00:00,standard,31.19,52.5,717.7,79,18.76,6.42,14.1,39.28,56.82,-17.54,87.5,100.0,0,SIMULATED
2026-09-17 10:15:00,standard,31.41,51.5,744.9,77,18.83,6.42,14.1,39.35,57.1,-17.75,87.5,100.0,0,SIMULATED
2026-09-17 10:30:00,standard,31.62,50.5,769.1,69,18.58,5.82,14.1,38.5,57.36,-18.86,87.5,100.0,0,SIMULATED
2026-09-17 10:45:00,standard,31.83,49.6,790.3,74,18.71,5.82,14.1,38.63,57.62,-18.99,87.5,100.0,0,SIMULATED
2026-09-17 11:00:00,standard,32.03,48.7,808.4,72,18.8,5.82,14.1,38.72,57.87,-19.15,87.5,100.0,0,SIMULATED
2026-09-17 11:15:00,standard,32.22,47.8,823.3,72,18.92,5.82,14.1,38.84,58.1,-19.26,87.5,100.0,0,SIMULATED
2026-09-17 11:30:00,standard,32.4,47.0,834.9,79,19.35,6.42,14.1,39.87,58.31,-18.44,87.5,100.0,0,SIMULATED
2026-09-17 11:45:00,standard,32.57,46.2,843.3,65,18.86,5.82,14.1,38.78,58.53,-19.75,87.5,100.0,0,SIMULATED
2026-09-17 12:00:00,standard,32.73,45.5,848.3,93,19.9,6.6,14.1,40.6,58.74,-18.14,87.5,100.0,0,SIMULATED
2026-09-17 12:15:00,standard,32.87,44.9,850.0,90,19.93,6.6,14.1,40.63,58.92,-18.29,87.5,100.0,0,SIMULATED
2026-09-17 12:30:00,standard,33.0,44.3,848.3,71,19.58,6.0,14.1,39.68,59.07,-19.39,87.5,100.0,0,SIMULATED
2026-09-17 12:45:00,standard,33.11,43.8,843.3,72,19.64,6.0,14.1,39.74,59.22,-19.48,87.5,100.0,0,SIMULATED
2026-09-17 13:00:00,standard,33.21,43.3,834.9,67,19.69,6.0,14.1,39.79,59.34,-19.55,87.5,100.0,0,SIMULATED
2026-09-17 13:15:00,standard,33.3,42.9,823.3,65,19.7,6.0,14.1,39.8,59.46,-19.66,87.5,100.0,0,SIMULATED
2026-09-17 13:30:00,standard,33.37,42.6,808.4,75,20.18,6.6,14.1,40.88,59.54,-18.66,87.5,100.0,0,SIMULATED
2026-09-17 13:45:00,standard,33.43,42.3,790.3,73,20.18,6.6,14.1,40.88,59.62,-18.74,87.5,100.0,0,SIMULATED
2026-09-17 14:00:00,standard,33.47,42.1,769.1,72,19.68,6.5,14.1,40.28,59.67,-19.39,75.0,100.0,1,SIMULATED
2026-09-17 14:15:00,standard,33.49,42.0,744.9,71,19.61,6.5,14.1,40.21,59.7,-19.49,75.0,100.0,1,SIMULATED
2026-09-17 14:30:00,standard,33.5,42.0,717.7,71,19.61,6.5,14.1,40.21,59.7,-19.49,62.5,100.0,1,SIMULATED
2026-09-17 14:45:00,standard,33.49,42.0,687.7,69,19.61,6.5,14.1,40.21,59.7,-19.49,62.5,100.0,1,SIMULATED
2026-09-17 15:00:00,standard,33.47,42.1,654.9,72,19.51,5.82,14.1,39.43,59.67,-20.24,62.5,100.0,0,SIMULATED
2026-09-17 15:15:00,standard,33.43,42.3,619.6,72,19.44,5.82,14.1,39.36,59.62,-20.26,62.5,100.0,0,SIMULATED
2026-09-17 15:30:00,standard,33.37,42.6,581.9,71,19.41,6.0,14.1,39.51,59.54,-20.03,62.5,100.0,0,SIMULATED
2026-09-17 15:45:00,standard,33.3,42.9,541.8,69,19.38,6.0,14.1,39.48,59.46,-19.98,62.5,100.0,0,SIMULATED
2026-09-17 16:00:00,standard,33.21,43.3,499.6,70,19.33,6.0,14.1,39.43,59.34,-19.91,62.5,100.0,0,SIMULATED
2026-09-17 16:15:00,standard,33.11,43.8,455.5,68,19.26,6.0,14.1,39.36,59.22,-19.86,62.5,100.0,0,SIMULATED
2026-09-17 16:30:00,standard,33.0,44.3,409.5,75,19.57,6.6,14.1,40.27,59.07,-18.8,62.5,100.0,0,SIMULATED
2026-09-17 16:45:00,standard,32.87,44.9,361.9,78,19.57,6.6,14.1,40.27,58.92,-18.65,62.5,100.0,0,SIMULATED
2026-09-17 17:00:00,standard,32.73,45.5,312.9,65,18.9,6.6,14.1,39.6,58.74,-19.14,62.5,100.0,0,SIMULATED
2026-09-17 17:15:00,standard,32.57,46.2,262.7,66,18.63,6.6,14.1,39.33,58.53,-19.2,62.5,100.0,0,SIMULATED
2026-09-17 17:30:00,standard,32.4,47.0,211.4,58,17.98,6.0,14.1,38.08,58.31,-20.23,62.5,100.0,0,SIMULATED
2026-09-17 17:45:00,standard,32.22,47.8,159.3,56,17.69,6.0,14.1,37.79,58.1,-20.31,62.5,100.0,0,SIMULATED
2026-09-17 18:00:00,standard,32.03,48.7,106.5,50,17.34,6.0,14.1,37.44,57.87,-20.43,62.5,100.0,0,SIMULATED
2026-09-17 18:15:00,standard,31.83,49.6,53.4,48,17.09,6.0,14.1,37.19,57.62,-20.43,75.0,100.0,0,SIMULATED
2026-09-17 18:30:00,standard,31.62,50.5,0.0,41,16.43,5.09,14.1,35.62,57.36,-21.74,87.5,100.0,0,SIMULATED
2026-09-17 18:45:00,standard,31.41,51.5,0.0,34,16.04,5.09,14.1,35.23,57.1,-21.87,87.5,100.0,0,SIMULATED
2026-09-17 19:00:00,standard,31.19,52.5,0.0,22,15.12,3.98,14.1,33.2,56.82,-23.62,87.5,100.0,0,SIMULATED
2026-09-17 19:15:00,standard,30.96,53.5,0.0,16,14.74,3.98,14.1,32.82,56.51,-23.69,87.5,100.0,0,SIMULATED
2026-09-17 19:30:00,standard,30.72,54.6,0.0,11,13.86,2.62,14.1,30.58,56.24,-25.66,87.5,100.0,0,SIMULATED
2026-09-17 19:45:00,standard,30.48,55.7,0.0,8,13.33,2.62,14.1,30.05,55.93,-25.88,87.5,100.0,0,SIMULATED
2026-09-17 20:00:00,standard,30.24,56.8,0.0,5,12.59,1.6,14.1,28.29,55.64,-27.35,87.5,100.0,0,SIMULATED
2026-09-17 20:15:00,standard,30.0,57.9,0.0,2,12.09,1.6,14.1,27.79,55.34,-27.55,87.5,100.0,0,SIMULATED
2026-09-17 20:30:00,standard,29.75,59.0,0.0,0,11.34,0.24,14.1,25.68,55.02,-29.34,87.5,100.0,0,SIMULATED
2026-09-17 20:45:00,standard,29.5,60.1,0.0,0,10.99,0.24,14.1,25.33,54.7,-29.37,87.5,100.0,0,SIMULATED
2026-09-17 21:00:00,standard,29.26,61.2,0.0,0,10.66,0.24,14.1,25.0,54.42,-29.42,87.5,100.0,0,SIMULATED
2026-09-17 21:15:00,standard,29.02,62.3,0.0,0,10.34,0.24,14.1,24.68,54.1,-29.42,87.5,100.0,0,SIMULATED
2026-09-17 21:30:00,standard,28.78,63.4,0.0,0,10.06,0.24,14.1,24.4,53.8,-29.4,87.5,100.0,0,SIMULATED
2026-09-17 21:45:00,standard,28.54,64.5,0.0,0,9.77,0.24,14.1,24.11,53.49,-29.38,87.5,100.0,0,SIMULATED
2026-09-17 22:00:00,standard,28.31,65.5,0.0,0,9.51,0.24,14.1,23.85,53.22,-29.37,87.5,100.0,0,SIMULATED
2026-09-17 22:15:00,standard,28.09,66.5,0.0,0,9.23,0.24,14.1,23.57,52.94,-29.37,87.5,100.0,0,SIMULATED
2026-09-17 22:30:00,standard,27.88,67.5,0.0,0,9.01,0.24,14.1,23.35,52.82,-29.47,87.5,100.0,0,SIMULATED
2026-09-17 22:45:00,standard,27.67,68.4,0.0,0,8.81,0.24,14.1,23.15,52.82,-29.67,87.5,100.0,0,SIMULATED
2026-09-17 23:00:00,standard,27.47,69.3,0.0,0,8.6,0.24,14.1,22.94,52.82,-29.88,87.5,100.0,0,SIMULATED
2026-09-17 23:15:00,standard,27.28,70.2,0.0,0,8.4,0.24,14.1,22.74,52.82,-30.08,87.5,100.0,0,SIMULATED
2026-09-17 23:30:00,standard,27.1,71.0,0.0,0,8.24,0.24,14.1,22.58,52.82,-30.24,87.5,100.0,0,SIMULATED
2026-09-17 23:45:00,standard,26.93,71.8,0.0,0,8.07,0.24,14.1,22.41,52.82,-30.41,87.5,100.0,0,SIMULATED
2026-09-18 00:00:00,standard,26.77,72.5,0.0,0,7.9,0.24,14.1,22.24,52.82,-30.58,87.5,100.0,0,SIMULATED
2026-09-18 00:15:00,standard,26.63,73.1,0.0,0,7.79,0.24,14.1,22.13,52.82,-30.69,87.5,100.0,0,SIMULATED
2026-09-18 00:30:00,standard,26.5,73.7,0.0,0,7.65,0.24,14.1,21.99,52.82,-30.83,87.5,100.0,0,SIMULATED
2026-09-18 00:45:00,standard,26.39,74.2,0.0,0,7.55,0.24,14.1,21.89,52.82,-30.93,87.5,100.0,0,SIMULATED
2026-09-18 01:00:00,standard,26.29,74.7,0.0,0,7.45,0.24,14.1,21.79,52.82,-31.03,87.5,100.0,0,SIMULATED
2026-09-18 01:15:00,standard,26.2,75.1,0.0,0,7.35,0.24,14.1,21.69,52.82,-31.13,87.5,100.0,0,SIMULATED
2026-09-18 01:30:00,standard,26.13,75.4,0.0,0,7.28,0.24,14.1,21.62,52.82,-31.2,87.5,100.0,0,SIMULATED
2026-09-18 01:45:00,standard,26.07,75.7,0.0,0,7.2,0.24,14.1,21.54,52.82,-31.28,87.5,100.0,0,SIMULATED
2026-09-18 02:00:00,standard,26.03,75.9,0.0,0,7.15,0.24,14.1,21.49,52.82,-31.33,87.5,100.0,0,SIMULATED
2026-09-18 02:15:00,standard,26.01,76.0,0.0,0,7.11,0.24,14.1,21.45,52.82,-31.37,87.5,100.0,0,SIMULATED
2026-09-18 02:30:00,standard,26.0,76.0,0.0,0,7.08,0.24,14.1,21.42,52.82,-31.4,87.5,100.0,0,SIMULATED
2026-09-18 02:45:00,standard,26.01,76.0,0.0,0,7.06,0.24,14.1,21.4,52.82,-31.42,87.5,100.0,0,SIMULATED
2026-09-18 03:00:00,standard,26.03,75.9,0.0,0,7.04,0.24,14.1,21.38,52.82,-31.44,87.5,100.0,0,SIMULATED
2026-09-18 03:15:00,standard,26.07,75.7,0.0,0,7.03,0.24,14.1,21.37,52.82,-31.45,87.5,100.0,0,SIMULATED
2026-09-18 03:30:00,standard,26.13,75.4,0.0,0,7.05,0.24,14.1,21.39,52.82,-31.43,87.5,100.0,0,SIMULATED
2026-09-18 03:45:00,standard,26.2,75.1,0.0,0,7.07,0.24,14.1,21.41,52.82,-31.41,87.5,100.0,0,SIMULATED
2026-09-18 04:00:00,standard,26.29,74.7,0.0,0,7.11,0.24,14.1,21.45,52.82,-31.37,87.5,100.0,0,SIMULATED
2026-09-18 04:15:00,standard,26.39,74.2,0.0,0,7.14,0.24,14.1,21.48,52.82,-31.34,87.5,100.0,0,SIMULATED
2026-09-18 04:30:00,standard,26.5,73.7,0.0,0,7.18,0.24,14.1,21.52,52.82,-31.3,87.5,100.0,0,SIMULATED
2026-09-18 04:45:00,standard,26.63,73.1,0.0,0,7.24,0.24,14.1,21.58,52.82,-31.24,87.5,100.0,0,SIMULATED
2026-09-18 05:00:00,standard,26.77,72.5,0.0,0,7.28,0.24,14.1,21.62,52.82,-31.2,87.5,100.0,0,SIMULATED
2026-09-18 05:15:00,standard,26.93,71.8,0.0,0,7.36,0.24,14.1,21.7,52.82,-31.12,87.5,100.0,0,SIMULATED
2026-09-18 05:30:00,standard,27.1,71.0,0.0,0,7.46,0.24,14.1,21.8,52.82,-31.02,87.5,100.0,0,SIMULATED
2026-09-18 05:45:00,standard,27.28,70.2,0.0,0,7.53,0.24,14.1,21.87,52.82,-30.95,87.5,100.0,0,SIMULATED
2026-09-18 06:00:00,standard,27.47,69.3,0.0,0,7.63,0.24,14.1,21.97,52.82,-30.85,87.5,100.0,0,SIMULATED
2026-09-18 06:15:00,standard,27.67,68.4,53.4,0,8.32,0.24,14.1,22.66,52.82,-30.16,87.5,100.0,0,SIMULATED
2026-09-18 06:30:00,standard,27.88,67.5,106.5,0,9.01,0.24,14.1,23.35,52.82,-29.47,87.5,100.0,0,SIMULATED
2026-09-18 06:45:00,standard,28.09,66.5,159.3,0,9.7,0.24,14.1,24.04,52.94,-28.9,87.5,100.0,0,SIMULATED
2026-09-18 07:00:00,standard,28.31,65.5,211.4,0,10.7,1.52,14.1,26.33,53.22,-26.89,87.5,100.0,0,SIMULATED
2026-09-18 07:15:00,standard,28.54,64.5,262.7,0,11.4,1.52,14.1,27.03,53.49,-26.46,87.5,100.0,0,SIMULATED
2026-09-18 07:30:00,standard,28.78,63.4,312.9,0,12.11,1.52,14.1,27.72,53.8,-26.08,87.5,100.0,0,SIMULATED
2026-09-18 07:45:00,standard,29.02,62.3,361.9,0,12.8,1.52,14.1,28.42,54.1,-25.68,87.5,100.0,0,SIMULATED
2026-09-18 08:00:00,standard,29.26,61.2,409.5,3,13.68,1.85,14.1,29.62,54.42,-24.8,87.5,100.0,0,SIMULATED
2026-09-18 08:15:00,standard,29.5,60.1,455.5,6,14.76,3.21,14.1,32.06,54.7,-22.64,87.5,100.0,0,SIMULATED
2026-09-18 08:30:00,standard,29.75,59.0,499.6,12,15.79,3.99,14.1,33.87,55.02,-21.15,87.5,100.0,0,SIMULATED
2026-09-18 08:45:00,standard,30.0,57.9,541.8,17,16.76,5.09,14.1,35.95,55.34,-19.39,87.5,100.0,0,SIMULATED
2026-09-18 09:00:00,standard,30.24,56.8,581.9,46,17.53,6.0,14.1,37.63,55.64,-18.01,87.5,100.0,0,SIMULATED
2026-09-18 09:15:00,standard,30.48,55.7,619.6,47,17.74,6.0,14.1,37.84,55.93,-18.09,87.5,100.0,0,SIMULATED
2026-09-18 09:30:00,standard,30.72,54.6,654.9,69,18.3,6.6,14.1,39.0,56.24,-17.24,87.5,100.0,0,SIMULATED
2026-09-18 09:45:00,standard,30.96,53.5,687.7,69,18.47,6.6,14.1,39.17,56.51,-17.34,87.5,100.0,0,SIMULATED
2026-09-18 10:00:00,standard,31.19,52.5,717.7,78,18.79,6.42,14.1,39.31,56.82,-17.51,87.5,100.0,0,SIMULATED
2026-09-18 10:15:00,standard,31.41,51.5,744.9,80,18.9,6.42,14.1,39.42,57.1,-17.68,87.5,100.0,0,SIMULATED
2026-09-18 10:30:00,standard,31.62,50.5,769.1,70,18.58,5.82,14.1,38.5,57.36,-18.86,87.5,100.0,0,SIMULATED
2026-09-18 10:45:00,standard,31.83,49.6,790.3,72,18.71,5.82,14.1,38.63,57.62,-18.99,87.5,100.0,0,SIMULATED
2026-09-18 11:00:00,standard,32.03,48.7,808.4,73,18.86,5.82,14.1,38.78,57.87,-19.09,87.5,100.0,0,SIMULATED
2026-09-18 11:15:00,standard,32.22,47.8,823.3,69,18.88,5.82,14.1,38.8,58.1,-19.3,87.5,100.0,0,SIMULATED
2026-09-18 11:30:00,standard,32.4,47.0,834.9,78,19.38,6.42,14.1,39.9,58.31,-18.41,87.5,100.0,0,SIMULATED
2026-09-18 11:45:00,standard,32.57,46.2,843.3,66,18.92,5.82,14.1,38.84,58.53,-19.69,87.5,100.0,0,SIMULATED
2026-09-18 12:00:00,standard,32.73,45.5,848.3,91,19.84,6.6,14.1,40.54,58.74,-18.2,87.5,100.0,0,SIMULATED
2026-09-18 12:15:00,standard,32.87,44.9,850.0,95,20.03,6.6,14.1,40.73,58.92,-18.19,87.5,100.0,0,SIMULATED
2026-09-18 12:30:00,standard,33.0,44.3,848.3,72,19.59,6.0,14.1,39.69,59.07,-19.38,87.5,100.0,0,SIMULATED
2026-09-18 12:45:00,standard,33.11,43.8,843.3,71,19.64,6.0,14.1,39.74,59.22,-19.48,87.5,100.0,0,SIMULATED
2026-09-18 13:00:00,standard,33.21,43.3,834.9,66,19.72,6.0,14.1,39.82,59.34,-19.52,87.5,100.0,0,SIMULATED
2026-09-18 13:15:00,standard,33.3,42.9,823.3,67,19.77,6.0,14.1,39.87,59.46,-19.59,87.5,100.0,0,SIMULATED
2026-09-18 13:30:00,standard,33.37,42.6,808.4,72,20.11,6.6,14.1,40.81,59.54,-18.73,87.5,100.0,0,SIMULATED
2026-09-18 13:45:00,standard,33.43,42.3,790.3,73,20.15,6.6,14.1,40.85,59.62,-18.77,87.5,100.0,0,SIMULATED
2026-09-18 14:00:00,standard,33.47,42.1,769.1,72,19.61,6.5,14.1,40.21,59.67,-19.46,75.0,100.0,1,SIMULATED
2026-09-18 14:15:00,standard,33.49,42.0,744.9,72,19.67,6.5,14.1,40.27,59.7,-19.43,75.0,100.0,1,SIMULATED
2026-09-18 14:30:00,standard,33.5,42.0,717.7,72,19.61,6.5,14.1,40.21,59.7,-19.49,62.5,100.0,1,SIMULATED
2026-09-18 14:45:00,standard,33.49,42.0,687.7,71,19.64,6.5,14.1,40.24,59.7,-19.46,62.5,100.0,1,SIMULATED
2026-09-18 15:00:00,standard,33.47,42.1,654.9,72,19.48,5.82,14.1,39.4,59.67,-20.27,62.5,100.0,0,SIMULATED
2026-09-18 15:15:00,standard,33.43,42.3,619.6,71,19.47,5.82,14.1,39.39,59.62,-20.23,62.5,100.0,0,SIMULATED
2026-09-18 15:30:00,standard,33.37,42.6,581.9,70,19.38,6.0,14.1,39.48,59.54,-20.06,62.5,100.0,0,SIMULATED
2026-09-18 15:45:00,standard,33.3,42.9,541.8,72,19.44,6.0,14.1,39.54,59.46,-19.92,62.5,100.0,0,SIMULATED
2026-09-18 16:00:00,standard,33.21,43.3,499.6,72,19.36,6.0,14.1,39.46,59.34,-19.88,62.5,100.0,0,SIMULATED
2026-09-18 16:15:00,standard,33.11,43.8,455.5,72,19.32,6.0,14.1,39.42,59.22,-19.8,62.5,100.0,0,SIMULATED
2026-09-18 16:30:00,standard,33.0,44.3,409.5,80,19.68,6.6,14.1,40.38,59.07,-18.69,62.5,100.0,0,SIMULATED
2026-09-18 16:45:00,standard,32.87,44.9,361.9,77,19.54,6.6,14.1,40.24,58.92,-18.68,62.5,100.0,0,SIMULATED
2026-09-18 17:00:00,standard,32.73,45.5,312.9,65,18.9,6.6,14.1,39.6,58.74,-19.14,62.5,100.0,0,SIMULATED
2026-09-18 17:15:00,standard,32.57,46.2,262.7,65,18.57,6.6,14.1,39.27,58.53,-19.26,62.5,100.0,0,SIMULATED
2026-09-18 17:30:00,standard,32.4,47.0,211.4,55,17.88,6.0,14.1,37.98,58.31,-20.33,62.5,100.0,0,SIMULATED
2026-09-18 17:45:00,standard,32.22,47.8,159.3,55,17.66,6.0,14.1,37.76,58.1,-20.34,62.5,100.0,0,SIMULATED
2026-09-18 18:00:00,standard,32.03,48.7,106.5,49,17.31,6.0,14.1,37.41,57.87,-20.46,62.5,100.0,0,SIMULATED
2026-09-18 18:15:00,standard,31.83,49.6,53.4,49,17.09,6.0,14.1,37.19,57.62,-20.43,75.0,100.0,0,SIMULATED
2026-09-18 18:30:00,standard,31.62,50.5,0.0,41,16.43,5.09,14.1,35.62,57.36,-21.74,87.5,100.0,0,SIMULATED
2026-09-18 18:45:00,standard,31.41,51.5,0.0,35,16.03,5.09,14.1,35.22,57.1,-21.88,87.5,100.0,0,SIMULATED
2026-09-18 19:00:00,standard,31.19,52.5,0.0,22,15.14,3.98,14.1,33.22,56.82,-23.6,87.5,100.0,0,SIMULATED
2026-09-18 19:15:00,standard,30.96,53.5,0.0,16,14.73,3.98,14.1,32.81,56.51,-23.7,87.5,100.0,0,SIMULATED
2026-09-18 19:30:00,standard,30.72,54.6,0.0,10,13.81,2.62,14.1,30.53,56.24,-25.71,87.5,100.0,0,SIMULATED
2026-09-18 19:45:00,standard,30.48,55.7,0.0,8,13.31,2.62,14.1,30.03,55.93,-25.9,87.5,100.0,0,SIMULATED
2026-09-18 20:00:00,standard,30.24,56.8,0.0,4,12.55,1.6,14.1,28.25,55.64,-27.39,87.5,100.0,0,SIMULATED
2026-09-18 20:15:00,standard,30.0,57.9,0.0,3,12.11,1.6,14.1,27.81,55.34,-27.53,87.5,100.0,0,SIMULATED
2026-09-18 20:30:00,standard,29.75,59.0,0.0,0,11.33,0.24,14.1,25.67,55.02,-29.35,87.5,100.0,0,SIMULATED
2026-09-18 20:45:00,standard,29.5,60.1,0.0,0,10.98,0.24,14.1,25.32,54.7,-29.38,87.5,100.0,0,SIMULATED
2026-09-18 21:00:00,standard,29.26,61.2,0.0,0,10.65,0.24,14.1,24.99,54.42,-29.43,87.5,100.0,0,SIMULATED
2026-09-18 21:15:00,standard,29.02,62.3,0.0,0,10.33,0.24,14.1,24.67,54.1,-29.43,87.5,100.0,0,SIMULATED
2026-09-18 21:30:00,standard,28.78,63.4,0.0,0,10.05,0.24,14.1,24.39,53.8,-29.41,87.5,100.0,0,SIMULATED
2026-09-18 21:45:00,standard,28.54,64.5,0.0,0,9.76,0.24,14.1,24.1,53.49,-29.39,87.5,100.0,0,SIMULATED
2026-09-18 22:00:00,standard,28.31,65.5,0.0,0,9.5,0.24,14.1,23.84,53.22,-29.38,87.5,100.0,0,SIMULATED
2026-09-18 22:15:00,standard,28.09,66.5,0.0,0,9.23,0.24,14.1,23.57,52.94,-29.37,87.5,100.0,0,SIMULATED
2026-09-18 22:30:00,standard,27.88,67.5,0.0,0,9.01,0.24,14.1,23.35,52.82,-29.47,87.5,100.0,0,SIMULATED
2026-09-18 22:45:00,standard,27.67,68.4,0.0,0,8.81,0.24,14.1,23.15,52.82,-29.67,87.5,100.0,0,SIMULATED
2026-09-18 23:00:00,standard,27.47,69.3,0.0,0,8.59,0.24,14.1,22.93,52.82,-29.89,87.5,100.0,0,SIMULATED
2026-09-18 23:15:00,standard,27.28,70.2,0.0,0,8.4,0.24,14.1,22.74,52.82,-30.08,87.5,100.0,0,SIMULATED
2026-09-18 23:30:00,standard,27.1,71.0,0.0,0,8.24,0.24,14.1,22.58,52.82,-30.24,87.5,100.0,0,SIMULATED
2026-09-18 23:45:00,standard,26.93,71.8,0.0,0,8.07,0.24,14.1,22.41,52.82,-30.41,87.5,100.0,0,SIMULATED
2026-09-19 00:00:00,standard,26.77,72.5,0.0,0,7.9,0.24,14.1,22.24,52.82,-30.58,87.5,100.0,0,SIMULATED
2026-09-19 00:15:00,standard,26.63,73.1,0.0,0,7.79,0.24,14.1,22.13,52.82,-30.69,87.5,100.0,0,SIMULATED
2026-09-19 00:30:00,standard,26.5,73.7,0.0,0,7.65,0.24,14.1,21.99,52.82,-30.83,87.5,100.0,0,SIMULATED
2026-09-19 00:45:00,standard,26.39,74.2,0.0,0,7.55,0.24,14.1,21.89,52.82,-30.93,87.5,100.0,0,SIMULATED
2026-09-19 01:00:00,standard,26.29,74.7,0.0,0,7.45,0.24,14.1,21.79,52.82,-31.03,87.5,100.0,0,SIMULATED
2026-09-19 01:15:00,standard,26.2,75.1,0.0,0,7.35,0.24,14.1,21.69,52.82,-31.13,87.5,100.0,0,SIMULATED
2026-09-19 01:30:00,standard,26.13,75.4,0.0,0,7.28,0.24,14.1,21.62,52.82,-31.2,87.5,100.0,0,SIMULATED
2026-09-19 01:45:00,standard,26.07,75.7,0.0,0,7.2,0.24,14.1,21.54,52.82,-31.28,87.5,100.0,0,SIMULATED
2026-09-19 02:00:00,standard,26.03,75.9,0.0,0,7.15,0.24,14.1,21.49,52.82,-31.33,87.5,100.0,0,SIMULATED
2026-09-19 02:15:00,standard,26.01,76.0,0.0,0,7.11,0.24,14.1,21.45,52.82,-31.37,87.5,100.0,0,SIMULATED
2026-09-19 02:30:00,standard,26.0,76.0,0.0,0,7.08,0.24,14.1,21.42,52.82,-31.4,87.5,100.0,0,SIMULATED
2026-09-19 02:45:00,standard,26.01,76.0,0.0,0,7.06,0.24,14.1,21.4,52.82,-31.42,87.5,100.0,0,SIMULATED
2026-09-19 03:00:00,standard,26.03,75.9,0.0,0,7.04,0.24,14.1,21.38,52.82,-31.44,87.5,100.0,0,SIMULATED
2026-09-19 03:15:00,standard,26.07,75.7,0.0,0,7.03,0.24,14.1,21.37,52.82,-31.45,87.5,100.0,0,SIMULATED
2026-09-19 03:30:00,standard,26.13,75.4,0.0,0,7.05,0.24,14.1,21.39,52.82,-31.43,87.5,100.0,0,SIMULATED
2026-09-19 03:45:00,standard,26.2,75.1,0.0,0,7.07,0.24,14.1,21.41,52.82,-31.41,87.5,100.0,0,SIMULATED
2026-09-19 04:00:00,standard,26.29,74.7,0.0,0,7.11,0.24,14.1,21.45,52.82,-31.37,87.5,100.0,0,SIMULATED
2026-09-19 04:15:00,standard,26.39,74.2,0.0,0,7.14,0.24,14.1,21.48,52.82,-31.34,87.5,100.0,0,SIMULATED
2026-09-19 04:30:00,standard,26.5,73.7,0.0,0,7.18,0.24,14.1,21.52,52.82,-31.3,87.5,100.0,0,SIMULATED
2026-09-19 04:45:00,standard,26.63,73.1,0.0,0,7.24,0.24,14.1,21.58,52.82,-31.24,87.5,100.0,0,SIMULATED
2026-09-19 05:00:00,standard,26.77,72.5,0.0,0,7.28,0.24,14.1,21.62,52.82,-31.2,87.5,100.0,0,SIMULATED
2026-09-19 05:15:00,standard,26.93,71.8,0.0,0,7.36,0.24,14.1,21.7,52.82,-31.12,87.5,100.0,0,SIMULATED
2026-09-19 05:30:00,standard,27.1,71.0,0.0,0,7.46,0.24,14.1,21.8,52.82,-31.02,87.5,100.0,0,SIMULATED
2026-09-19 05:45:00,standard,27.28,70.2,0.0,0,7.53,0.24,14.1,21.87,52.82,-30.95,87.5,100.0,0,SIMULATED
2026-09-19 06:00:00,standard,27.47,69.3,0.0,0,7.63,0.24,14.1,21.97,52.82,-30.85,87.5,100.0,0,SIMULATED
2026-09-19 06:15:00,standard,27.67,68.4,53.4,0,8.32,0.24,14.1,22.66,52.82,-30.16,87.5,100.0,0,SIMULATED
2026-09-19 06:30:00,standard,27.88,67.5,106.5,0,9.01,0.24,14.1,23.35,52.82,-29.47,87.5,100.0,0,SIMULATED
2026-09-19 06:45:00,standard,28.09,66.5,159.3,0,9.7,0.24,14.1,24.04,52.94,-28.9,87.5,100.0,0,SIMULATED
2026-09-19 07:00:00,standard,28.31,65.5,211.4,0,10.7,1.52,14.1,26.33,53.22,-26.89,87.5,100.0,0,SIMULATED
2026-09-19 07:15:00,standard,28.54,64.5,262.7,0,11.4,1.52,14.1,27.03,53.49,-26.46,87.5,100.0,0,SIMULATED
2026-09-19 07:30:00,standard,28.78,63.4,312.9,0,12.11,1.52,14.1,27.72,53.8,-26.08,87.5,100.0,0,SIMULATED
2026-09-19 07:45:00,standard,29.02,62.3,361.9,0,12.8,1.52,14.1,28.42,54.1,-25.68,87.5,100.0,0,SIMULATED
2026-09-19 08:00:00,standard,29.26,61.2,409.5,0,13.51,1.52,14.1,29.12,54.42,-25.3,87.5,100.0,0,SIMULATED
2026-09-19 08:15:00,standard,29.5,60.1,455.5,0,14.18,1.52,14.1,29.79,54.7,-24.91,87.5,100.0,0,SIMULATED
2026-09-19 08:30:00,standard,29.75,59.0,499.6,0,14.85,1.52,14.1,30.47,55.02,-24.55,87.5,100.0,0,SIMULATED
2026-09-19 08:45:00,standard,30.0,57.9,541.8,0,15.5,1.52,14.1,31.12,55.34,-24.22,87.5,100.0,0,SIMULATED
2026-09-19 09:00:00,standard,30.24,56.8,581.9,1,16.21,1.85,14.1,32.15,55.64,-23.49,87.5,100.0,0,SIMULATED
2026-09-19 09:15:00,standard,30.48,55.7,619.6,1,16.81,1.85,14.1,32.76,55.93,-23.17,87.5,100.0,0,SIMULATED
2026-09-19 09:30:00,standard,30.72,54.6,654.9,1,17.04,1.85,14.1,32.99,56.24,-23.25,87.5,100.0,0,SIMULATED
2026-09-19 09:45:00,standard,30.96,53.5,687.7,1,17.25,1.85,14.1,33.19,56.51,-23.32,87.5,100.0,0,SIMULATED
2026-09-19 10:00:00,standard,31.19,52.5,717.7,5,17.44,4.31,14.1,35.85,56.82,-20.97,87.5,100.0,0,SIMULATED
2026-09-19 10:15:00,standard,31.41,51.5,744.9,7,17.64,4.31,14.1,36.05,57.1,-21.05,87.5,100.0,0,SIMULATED
2026-09-19 10:30:00,standard,31.62,50.5,769.1,5,17.78,4.31,14.1,36.19,57.36,-21.17,87.5,100.0,0,SIMULATED
2026-09-19 10:45:00,standard,31.83,49.6,790.3,7,17.95,4.31,14.1,36.36,57.62,-21.26,87.5,100.0,0,SIMULATED
2026-09-19 11:00:00,standard,32.03,48.7,808.4,5,18.09,4.31,14.1,36.5,57.87,-21.37,87.5,100.0,0,SIMULATED
2026-09-19 11:15:00,standard,32.22,47.8,823.3,6,18.22,4.31,14.1,36.63,58.1,-21.47,87.5,100.0,0,SIMULATED
2026-09-19 11:30:00,standard,32.4,47.0,834.9,6,18.35,4.31,14.1,36.76,58.31,-21.55,87.5,100.0,0,SIMULATED
2026-09-19 11:45:00,standard,32.57,46.2,843.3,5,18.43,4.31,14.1,36.84,58.53,-21.69,87.5,100.0,0,SIMULATED
2026-09-19 12:00:00,standard,32.73,45.5,848.3,4,18.51,4.31,14.1,36.92,58.74,-21.82,87.5,100.0,0,SIMULATED
2026-09-19 12:15:00,standard,32.87,44.9,850.0,6,18.56,4.31,14.1,36.97,58.92,-21.95,87.5,100.0,0,SIMULATED
2026-09-19 12:30:00,standard,33.0,44.3,848.3,5,18.62,4.31,14.1,37.03,59.07,-22.04,87.5,100.0,0,SIMULATED
2026-09-19 12:45:00,standard,33.11,43.8,843.3,7,18.67,4.31,14.1,37.08,59.22,-22.14,87.5,100.0,0,SIMULATED
2026-09-19 13:00:00,standard,33.21,43.3,834.9,5,18.73,4.31,14.1,37.14,59.34,-22.2,87.5,100.0,0,SIMULATED
2026-09-19 13:15:00,standard,33.3,42.9,823.3,5,18.77,4.31,14.1,37.18,59.46,-22.28,87.5,100.0,0,SIMULATED
2026-09-19 13:30:00,standard,33.37,42.6,808.4,7,18.78,4.31,14.1,37.19,59.54,-22.35,87.5,100.0,0,SIMULATED
2026-09-19 13:45:00,standard,33.43,42.3,790.3,6,18.79,4.31,14.1,37.2,59.62,-22.42,87.5,100.0,0,SIMULATED
2026-09-19 14:00:00,standard,33.47,42.1,769.1,6,18.75,4.31,14.1,37.16,59.67,-22.51,87.5,100.0,0,SIMULATED
2026-09-19 14:15:00,standard,33.49,42.0,744.9,4,18.57,3.98,14.1,36.66,59.7,-23.04,87.5,100.0,0,SIMULATED
2026-09-19 14:30:00,standard,33.5,42.0,717.7,4,18.5,3.98,14.1,36.59,59.7,-23.11,87.5,100.0,0,SIMULATED
2026-09-19 14:45:00,standard,33.49,42.0,687.7,5,18.42,3.98,14.1,36.51,59.7,-23.19,87.5,100.0,0,SIMULATED
2026-09-19 15:00:00,standard,33.47,42.1,654.9,4,18.34,3.98,14.1,36.43,59.67,-23.24,87.5,100.0,0,SIMULATED
2026-09-19 15:15:00,standard,33.43,42.3,619.6,4,18.23,3.98,14.1,36.32,59.62,-23.3,87.5,100.0,0,SIMULATED
2026-09-19 15:30:00,standard,33.37,42.6,581.9,3,18.07,3.98,14.1,36.15,59.54,-23.39,87.5,100.0,0,SIMULATED
2026-09-19 15:45:00,standard,33.3,42.9,541.8,5,17.95,3.98,14.1,36.03,59.46,-23.43,87.5,100.0,0,SIMULATED
2026-09-19 16:00:00,standard,33.21,43.3,499.6,4,17.79,3.98,14.1,35.87,59.34,-23.47,87.5,100.0,0,SIMULATED
2026-09-19 16:15:00,standard,33.11,43.8,455.5,0,17.61,1.52,14.1,33.24,59.22,-25.98,87.5,100.0,0,SIMULATED
2026-09-19 16:30:00,standard,33.0,44.3,409.5,0,17.44,1.52,14.1,33.07,59.07,-26.0,87.5,100.0,0,SIMULATED
2026-09-19 16:45:00,standard,32.87,44.9,361.9,0,17.25,1.52,14.1,32.87,58.92,-26.05,87.5,100.0,0,SIMULATED
2026-09-19 17:00:00,standard,32.73,45.5,312.9,0,17.06,1.52,14.1,32.69,58.74,-26.05,87.5,100.0,0,SIMULATED
2026-09-19 17:15:00,standard,32.57,46.2,262.7,0,16.77,1.52,14.1,32.38,58.53,-26.15,87.5,100.0,0,SIMULATED
2026-09-19 17:30:00,standard,32.4,47.0,211.4,0,15.95,1.52,14.1,31.56,58.31,-26.75,87.5,100.0,0,SIMULATED
2026-09-19 17:45:00,standard,32.22,47.8,159.3,0,15.01,1.52,14.1,30.62,58.1,-27.48,87.5,100.0,0,SIMULATED
2026-09-19 18:00:00,standard,32.03,48.7,106.5,0,14.05,1.52,14.1,29.66,57.87,-28.21,87.5,100.0,0,SIMULATED
2026-09-19 18:15:00,standard,31.83,49.6,53.4,0,13.11,1.52,14.1,28.73,57.62,-28.89,87.5,100.0,0,SIMULATED
2026-09-19 18:30:00,standard,31.62,50.5,0.0,0,12.18,1.52,14.1,27.79,57.36,-29.57,87.5,100.0,0,SIMULATED
2026-09-19 18:45:00,standard,31.41,51.5,0.0,0,11.89,1.52,14.1,27.5,57.1,-29.6,87.5,100.0,0,SIMULATED
2026-09-19 19:00:00,standard,31.19,52.5,0.0,0,11.61,1.52,14.1,27.23,56.82,-29.59,87.5,100.0,0,SIMULATED
2026-09-19 19:15:00,standard,30.96,53.5,0.0,0,11.35,1.52,14.1,26.97,56.51,-29.54,87.5,100.0,0,SIMULATED
2026-09-19 19:30:00,standard,30.72,54.6,0.0,0,11.09,1.52,14.1,26.71,56.24,-29.53,87.5,100.0,0,SIMULATED
2026-09-19 19:45:00,standard,30.48,55.7,0.0,0,10.83,1.52,14.1,26.44,55.93,-29.49,87.5,100.0,0,SIMULATED
2026-09-19 20:00:00,standard,30.24,56.8,0.0,0,10.29,0.24,14.1,24.63,55.64,-31.01,87.5,100.0,0,SIMULATED
2026-09-19 20:15:00,standard,30.0,57.9,0.0,0,10.05,0.24,14.1,24.39,55.34,-30.95,87.5,100.0,0,SIMULATED
2026-09-19 20:30:00,standard,29.75,59.0,0.0,0,9.82,0.24,14.1,24.16,55.02,-30.86,87.5,100.0,0,SIMULATED
2026-09-19 20:45:00,standard,29.5,60.1,0.0,0,9.6,0.24,14.1,23.94,54.7,-30.76,87.5,100.0,0,SIMULATED
2026-09-19 21:00:00,standard,29.26,61.2,0.0,0,9.37,0.24,14.1,23.71,54.42,-30.71,87.5,100.0,0,SIMULATED
2026-09-19 21:15:00,standard,29.02,62.3,0.0,0,9.17,0.24,14.1,23.51,54.1,-30.59,87.5,100.0,0,SIMULATED
2026-09-19 21:30:00,standard,28.78,63.4,0.0,0,8.99,0.24,14.1,23.33,53.8,-30.47,87.5,100.0,0,SIMULATED
2026-09-19 21:45:00,standard,28.54,64.5,0.0,0,8.78,0.24,14.1,23.12,53.49,-30.37,87.5,100.0,0,SIMULATED
2026-09-19 22:00:00,standard,28.31,65.5,0.0,0,8.61,0.24,14.1,22.95,53.22,-30.27,87.5,100.0,0,SIMULATED
2026-09-19 22:15:00,standard,28.09,66.5,0.0,0,8.43,0.24,14.1,22.77,52.94,-30.17,87.5,100.0,0,SIMULATED
2026-09-19 22:30:00,standard,27.88,67.5,0.0,0,8.27,0.24,14.1,22.61,52.82,-30.21,87.5,100.0,0,SIMULATED
2026-09-19 22:45:00,standard,27.67,68.4,0.0,0,8.13,0.24,14.1,22.47,52.82,-30.35,87.5,100.0,0,SIMULATED
2026-09-19 23:00:00,standard,27.47,69.3,0.0,0,7.96,0.24,14.1,22.3,52.82,-30.52,87.5,100.0,0,SIMULATED
2026-09-19 23:15:00,standard,27.28,70.2,0.0,0,7.82,0.24,14.1,22.16,52.82,-30.66,87.5,100.0,0,SIMULATED
2026-09-19 23:30:00,standard,27.1,71.0,0.0,0,7.71,0.24,14.1,22.05,52.82,-30.77,87.5,100.0,0,SIMULATED
2026-09-19 23:45:00,standard,26.93,71.8,0.0,0,7.57,0.24,14.1,21.91,52.82,-30.91,87.5,100.0,0,SIMULATED
2026-09-20 00:00:00,standard,26.77,72.5,0.0,0,7.45,0.24,14.1,21.79,52.82,-31.03,87.5,100.0,0,SIMULATED
2026-09-20 00:15:00,standard,26.63,73.1,0.0,0,7.37,0.24,14.1,21.71,52.82,-31.11,87.5,100.0,0,SIMULATED
2026-09-20 00:30:00,standard,26.5,73.7,0.0,0,7.26,0.24,14.1,21.6,52.82,-31.22,87.5,100.0,0,SIMULATED
2026-09-20 00:45:00,standard,26.39,74.2,0.0,0,7.2,0.24,14.1,21.54,52.82,-31.28,87.5,100.0,0,SIMULATED
2026-09-20 01:00:00,standard,26.29,74.7,0.0,0,7.13,0.24,14.1,21.47,52.82,-31.35,87.5,100.0,0,SIMULATED
2026-09-20 01:15:00,standard,26.2,75.1,0.0,0,7.05,0.24,14.1,21.39,52.82,-31.43,87.5,100.0,0,SIMULATED
2026-09-20 01:30:00,standard,26.13,75.4,0.0,0,7.0,0.24,14.1,21.34,52.82,-31.48,87.5,100.0,0,SIMULATED
2026-09-20 01:45:00,standard,26.07,75.7,0.0,0,6.95,0.24,14.1,21.29,52.82,-31.53,87.5,100.0,0,SIMULATED
2026-09-20 02:00:00,standard,26.03,75.9,0.0,0,6.92,0.24,14.1,21.26,52.82,-31.56,87.5,100.0,0,SIMULATED
2026-09-20 02:15:00,standard,26.01,76.0,0.0,0,6.89,0.24,14.1,21.23,52.82,-31.59,87.5,100.0,0,SIMULATED
2026-09-20 02:30:00,standard,26.0,76.0,0.0,0,6.87,0.24,14.1,21.21,52.82,-31.61,87.5,100.0,0,SIMULATED
2026-09-20 02:45:00,standard,26.01,76.0,0.0,0,6.87,0.24,14.1,21.21,52.82,-31.61,87.5,100.0,0,SIMULATED
2026-09-20 03:00:00,standard,26.03,75.9,0.0,0,6.86,0.24,14.1,21.2,52.82,-31.62,87.5,100.0,0,SIMULATED
2026-09-20 03:15:00,standard,26.07,75.7,0.0,0,6.87,0.24,14.1,21.21,52.82,-31.61,87.5,100.0,0,SIMULATED
2026-09-20 03:30:00,standard,26.13,75.4,0.0,0,6.9,0.24,14.1,21.24,52.82,-31.58,87.5,100.0,0,SIMULATED
2026-09-20 03:45:00,standard,26.2,75.1,0.0,0,6.93,0.24,14.1,21.27,52.82,-31.55,87.5,100.0,0,SIMULATED
2026-09-20 04:00:00,standard,26.29,74.7,0.0,0,6.97,0.24,14.1,21.31,52.82,-31.51,87.5,100.0,0,SIMULATED
2026-09-20 04:15:00,standard,26.39,74.2,0.0,0,7.03,0.24,14.1,21.37,52.82,-31.45,87.5,100.0,0,SIMULATED
2026-09-20 04:30:00,standard,26.5,73.7,0.0,0,7.07,0.24,14.1,21.41,52.82,-31.41,87.5,100.0,0,SIMULATED
2026-09-20 04:45:00,standard,26.63,73.1,0.0,0,7.15,0.24,14.1,21.49,52.82,-31.33,87.5,100.0,0,SIMULATED
2026-09-20 05:00:00,standard,26.77,72.5,0.0,0,7.21,0.24,14.1,21.55,52.82,-31.27,87.5,100.0,0,SIMULATED
2026-09-20 05:15:00,standard,26.93,71.8,0.0,0,7.31,0.24,14.1,21.65,52.82,-31.17,87.5,100.0,0,SIMULATED
2026-09-20 05:30:00,standard,27.1,71.0,0.0,0,7.42,0.24,14.1,21.76,52.82,-31.06,87.5,100.0,0,SIMULATED
2026-09-20 05:45:00,standard,27.28,70.2,0.0,0,7.49,0.24,14.1,21.83,52.82,-30.99,87.5,100.0,0,SIMULATED
2026-09-20 06:00:00,standard,27.47,69.3,0.0,0,7.6,0.24,14.1,21.94,52.82,-30.88,87.5,100.0,0,SIMULATED
2026-09-20 06:15:00,standard,27.67,68.4,53.4,0,8.31,0.24,14.1,22.65,52.82,-30.17,87.5,100.0,0,SIMULATED
2026-09-20 06:30:00,standard,27.88,67.5,106.5,0,9.0,0.24,14.1,23.34,52.82,-29.48,87.5,100.0,0,SIMULATED
2026-09-20 06:45:00,standard,28.09,66.5,159.3,0,9.7,0.24,14.1,24.04,52.94,-28.9,87.5,100.0,0,SIMULATED
2026-09-20 07:00:00,standard,28.31,65.5,211.4,0,10.7,1.52,14.1,26.33,53.22,-26.89,87.5,100.0,0,SIMULATED
2026-09-20 07:15:00,standard,28.54,64.5,262.7,0,11.4,1.52,14.1,27.03,53.49,-26.46,87.5,100.0,0,SIMULATED
2026-09-20 07:30:00,standard,28.78,63.4,312.9,0,12.11,1.52,14.1,27.72,53.8,-26.08,87.5,100.0,0,SIMULATED
2026-09-20 07:45:00,standard,29.02,62.3,361.9,0,12.8,1.52,14.1,28.42,54.1,-25.68,87.5,100.0,0,SIMULATED
2026-09-20 08:00:00,standard,29.26,61.2,409.5,0,13.51,1.52,14.1,29.12,54.42,-25.3,87.5,100.0,0,SIMULATED
2026-09-20 08:15:00,standard,29.5,60.1,455.5,0,14.18,1.52,14.1,29.79,54.7,-24.91,87.5,100.0,0,SIMULATED
2026-09-20 08:30:00,standard,29.75,59.0,499.6,0,14.85,1.52,14.1,30.47,55.02,-24.55,87.5,100.0,0,SIMULATED
2026-09-20 08:45:00,standard,30.0,57.9,541.8,0,15.5,1.52,14.1,31.12,55.34,-24.22,87.5,100.0,0,SIMULATED
2026-09-20 09:00:00,standard,30.24,56.8,581.9,1,16.21,1.85,14.1,32.15,55.64,-23.49,87.5,100.0,0,SIMULATED
2026-09-20 09:15:00,standard,30.48,55.7,619.6,1,16.81,1.85,14.1,32.76,55.93,-23.17,87.5,100.0,0,SIMULATED
2026-09-20 09:30:00,standard,30.72,54.6,654.9,2,17.07,1.85,14.1,33.02,56.24,-23.22,87.5,100.0,0,SIMULATED
2026-09-20 09:45:00,standard,30.96,53.5,687.7,2,17.28,1.85,14.1,33.22,56.51,-23.29,87.5,100.0,0,SIMULATED
2026-09-20 10:00:00,standard,31.19,52.5,717.7,6,17.44,4.31,14.1,35.85,56.82,-20.97,87.5,100.0,0,SIMULATED
2026-09-20 10:15:00,standard,31.41,51.5,744.9,5,17.61,4.31,14.1,36.02,57.1,-21.08,87.5,100.0,0,SIMULATED
2026-09-20 10:30:00,standard,31.62,50.5,769.1,6,17.81,4.31,14.1,36.22,57.36,-21.14,87.5,100.0,0,SIMULATED
2026-09-20 10:45:00,standard,31.83,49.6,790.3,5,17.95,4.31,14.1,36.36,57.62,-21.26,87.5,100.0,0,SIMULATED
2026-09-20 11:00:00,standard,32.03,48.7,808.4,5,18.09,4.31,14.1,36.5,57.87,-21.37,87.5,100.0,0,SIMULATED
2026-09-20 11:15:00,standard,32.22,47.8,823.3,6,18.22,4.31,14.1,36.63,58.1,-21.47,87.5,100.0,0,SIMULATED
2026-09-20 11:30:00,standard,32.4,47.0,834.9,6,18.35,4.31,14.1,36.76,58.31,-21.55,87.5,100.0,0,SIMULATED
2026-09-20 11:45:00,standard,32.57,46.2,843.3,5,18.43,4.31,14.1,36.84,58.53,-21.69,87.5,100.0,0,SIMULATED
2026-09-20 12:00:00,standard,32.73,45.5,848.3,7,18.54,4.31,14.1,36.95,58.74,-21.79,87.5,100.0,0,SIMULATED
2026-09-20 12:15:00,standard,32.87,44.9,850.0,5,18.56,4.31,14.1,36.97,58.92,-21.95,87.5,100.0,0,SIMULATED
2026-09-20 12:30:00,standard,33.0,44.3,848.3,6,18.62,4.31,14.1,37.03,59.07,-22.04,87.5,100.0,0,SIMULATED
2026-09-20 12:45:00,standard,33.11,43.8,843.3,6,18.67,4.31,14.1,37.08,59.22,-22.14,87.5,100.0,0,SIMULATED
2026-09-20 13:00:00,standard,33.21,43.3,834.9,5,18.73,4.31,14.1,37.14,59.34,-22.2,87.5,100.0,0,SIMULATED
2026-09-20 13:15:00,standard,33.3,42.9,823.3,6,18.77,4.31,14.1,37.18,59.46,-22.28,87.5,100.0,0,SIMULATED
2026-09-20 13:30:00,standard,33.37,42.6,808.4,4,18.78,4.31,14.1,37.19,59.54,-22.35,87.5,100.0,0,SIMULATED
2026-09-20 13:45:00,standard,33.43,42.3,790.3,5,18.79,4.31,14.1,37.2,59.62,-22.42,87.5,100.0,0,SIMULATED
2026-09-20 14:00:00,standard,33.47,42.1,769.1,5,18.75,4.31,14.1,37.16,59.67,-22.51,87.5,100.0,0,SIMULATED
2026-09-20 14:15:00,standard,33.49,42.0,744.9,4,18.57,3.98,14.1,36.66,59.7,-23.04,87.5,100.0,0,SIMULATED
2026-09-20 14:30:00,standard,33.5,42.0,717.7,6,18.5,3.98,14.1,36.59,59.7,-23.11,87.5,100.0,0,SIMULATED
2026-09-20 14:45:00,standard,33.49,42.0,687.7,6,18.42,3.98,14.1,36.51,59.7,-23.19,87.5,100.0,0,SIMULATED
2026-09-20 15:00:00,standard,33.47,42.1,654.9,4,18.34,3.98,14.1,36.43,59.67,-23.24,87.5,100.0,0,SIMULATED
2026-09-20 15:15:00,standard,33.43,42.3,619.6,5,18.23,3.98,14.1,36.32,59.62,-23.3,87.5,100.0,0,SIMULATED
2026-09-20 15:30:00,standard,33.37,42.6,581.9,4,18.07,3.98,14.1,36.15,59.54,-23.39,87.5,100.0,0,SIMULATED
2026-09-20 15:45:00,standard,33.3,42.9,541.8,6,17.95,3.98,14.1,36.03,59.46,-23.43,87.5,100.0,0,SIMULATED
2026-09-20 16:00:00,standard,33.21,43.3,499.6,4,17.79,3.98,14.1,35.87,59.34,-23.47,87.5,100.0,0,SIMULATED
2026-09-20 16:15:00,standard,33.11,43.8,455.5,0,17.61,1.52,14.1,33.24,59.22,-25.98,87.5,100.0,0,SIMULATED
2026-09-20 16:30:00,standard,33.0,44.3,409.5,0,17.44,1.52,14.1,33.07,59.07,-26.0,87.5,100.0,0,SIMULATED
2026-09-20 16:45:00,standard,32.87,44.9,361.9,0,17.25,1.52,14.1,32.87,58.92,-26.05,87.5,100.0,0,SIMULATED
2026-09-20 17:00:00,standard,32.73,45.5,312.9,0,17.06,1.52,14.1,32.69,58.74,-26.05,87.5,100.0,0,SIMULATED
2026-09-20 17:15:00,standard,32.57,46.2,262.7,0,16.77,1.52,14.1,32.38,58.53,-26.15,87.5,100.0,0,SIMULATED
2026-09-20 17:30:00,standard,32.4,47.0,211.4,0,15.97,1.52,14.1,31.58,58.31,-26.73,87.5,100.0,0,SIMULATED
2026-09-20 17:45:00,standard,32.22,47.8,159.3,0,15.03,1.52,14.1,30.65,58.1,-27.45,87.5,100.0,0,SIMULATED
2026-09-20 18:00:00,standard,32.03,48.7,106.5,0,14.06,1.52,14.1,29.67,57.87,-28.2,87.5,100.0,0,SIMULATED
2026-09-20 18:15:00,standard,31.83,49.6,53.4,0,13.13,1.52,14.1,28.74,57.62,-28.88,87.5,100.0,0,SIMULATED
2026-09-20 18:30:00,standard,31.62,50.5,0.0,0,12.2,1.52,14.1,27.81,57.36,-29.55,87.5,100.0,0,SIMULATED
2026-09-20 18:45:00,standard,31.41,51.5,0.0,0,11.91,1.52,14.1,27.51,57.1,-29.59,87.5,100.0,0,SIMULATED
2026-09-20 19:00:00,standard,31.19,52.5,0.0,0,11.63,1.52,14.1,27.24,56.82,-29.58,87.5,100.0,0,SIMULATED
2026-09-20 19:15:00,standard,30.96,53.5,0.0,0,11.36,1.52,14.1,26.98,56.51,-29.53,87.5,100.0,0,SIMULATED
2026-09-20 19:30:00,standard,30.72,54.6,0.0,0,11.1,1.52,14.1,26.72,56.24,-29.52,87.5,100.0,0,SIMULATED
2026-09-20 19:45:00,standard,30.48,55.7,0.0,0,10.84,1.52,14.1,26.45,55.93,-29.48,87.5,100.0,0,SIMULATED
2026-09-20 20:00:00,standard,30.24,56.8,0.0,0,10.3,0.24,14.1,24.64,55.64,-31.0,87.5,100.0,0,SIMULATED
2026-09-20 20:15:00,standard,30.0,57.9,0.0,0,10.05,0.24,14.1,24.39,55.34,-30.95,87.5,100.0,0,SIMULATED
2026-09-20 20:30:00,standard,29.75,59.0,0.0,0,9.82,0.24,14.1,24.16,55.02,-30.86,87.5,100.0,0,SIMULATED
2026-09-20 20:45:00,standard,29.5,60.1,0.0,0,9.6,0.24,14.1,23.94,54.7,-30.76,87.5,100.0,0,SIMULATED
2026-09-20 21:00:00,standard,29.26,61.2,0.0,0,9.37,0.24,14.1,23.71,54.42,-30.71,87.5,100.0,0,SIMULATED
2026-09-20 21:15:00,standard,29.02,62.3,0.0,0,9.17,0.24,14.1,23.51,54.1,-30.59,87.5,100.0,0,SIMULATED
2026-09-20 21:30:00,standard,28.78,63.4,0.0,0,8.99,0.24,14.1,23.33,53.8,-30.47,87.5,100.0,0,SIMULATED
2026-09-20 21:45:00,standard,28.54,64.5,0.0,0,8.78,0.24,14.1,23.12,53.49,-30.37,87.5,100.0,0,SIMULATED
2026-09-20 22:00:00,standard,28.31,65.5,0.0,0,8.61,0.24,14.1,22.95,53.22,-30.27,87.5,100.0,0,SIMULATED
2026-09-20 22:15:00,standard,28.09,66.5,0.0,0,8.43,0.24,14.1,22.77,52.94,-30.17,87.5,100.0,0,SIMULATED
2026-09-20 22:30:00,standard,27.88,67.5,0.0,0,8.27,0.24,14.1,22.61,52.82,-30.21,87.5,100.0,0,SIMULATED
2026-09-20 22:45:00,standard,27.67,68.4,0.0,0,8.13,0.24,14.1,22.47,52.82,-30.35,87.5,100.0,0,SIMULATED
2026-09-20 23:00:00,standard,27.47,69.3,0.0,0,7.96,0.24,14.1,22.3,52.82,-30.52,87.5,100.0,0,SIMULATED
2026-09-20 23:15:00,standard,27.28,70.2,0.0,0,7.82,0.24,14.1,22.16,52.82,-30.66,87.5,100.0,0,SIMULATED
2026-09-20 23:30:00,standard,27.1,71.0,0.0,0,7.71,0.24,14.1,22.05,52.82,-30.77,87.5,100.0,0,SIMULATED
2026-09-20 23:45:00,standard,26.93,71.8,0.0,0,7.57,0.24,14.1,21.91,52.82,-30.91,87.5,100.0,0,SIMULATED
2026-09-21 00:00:00,standard,26.77,72.5,0.0,0,7.45,0.24,14.1,21.79,52.82,-31.03,87.5,100.0,0,SIMULATED
2026-09-21 00:15:00,standard,26.63,73.1,0.0,0,7.37,0.24,14.1,21.71,52.82,-31.11,87.5,100.0,0,SIMULATED
2026-09-21 00:30:00,standard,26.5,73.7,0.0,0,7.26,0.24,14.1,21.6,52.82,-31.22,87.5,100.0,0,SIMULATED
2026-09-21 00:45:00,standard,26.39,74.2,0.0,0,7.2,0.24,14.1,21.54,52.82,-31.28,87.5,100.0,0,SIMULATED
2026-09-21 01:00:00,standard,26.29,74.7,0.0,0,7.13,0.24,14.1,21.47,52.82,-31.35,87.5,100.0,0,SIMULATED
2026-09-21 01:15:00,standard,26.2,75.1,0.0,0,7.05,0.24,14.1,21.39,52.82,-31.43,87.5,100.0,0,SIMULATED
2026-09-21 01:30:00,standard,26.13,75.4,0.0,0,7.0,0.24,14.1,21.34,52.82,-31.48,87.5,100.0,0,SIMULATED
2026-09-21 01:45:00,standard,26.07,75.7,0.0,0,6.95,0.24,14.1,21.29,52.82,-31.53,87.5,100.0,0,SIMULATED
2026-09-21 02:00:00,standard,26.03,75.9,0.0,0,6.92,0.24,14.1,21.26,52.82,-31.56,87.5,100.0,0,SIMULATED
2026-09-21 02:15:00,standard,26.01,76.0,0.0,0,6.89,0.24,14.1,21.23,52.82,-31.59,87.5,100.0,0,SIMULATED
2026-09-21 02:30:00,standard,26.0,76.0,0.0,0,6.87,0.24,14.1,21.21,52.82,-31.61,87.5,100.0,0,SIMULATED
2026-09-21 02:45:00,standard,26.01,76.0,0.0,0,6.87,0.24,14.1,21.21,52.82,-31.61,87.5,100.0,0,SIMULATED
2026-09-21 03:00:00,standard,26.03,75.9,0.0,0,6.86,0.24,14.1,21.2,52.82,-31.62,87.5,100.0,0,SIMULATED
2026-09-21 03:15:00,standard,26.07,75.7,0.0,0,6.87,0.24,14.1,21.21,52.82,-31.61,87.5,100.0,0,SIMULATED
2026-09-21 03:30:00,standard,26.13,75.4,0.0,0,6.9,0.24,14.1,21.24,52.82,-31.58,87.5,100.0,0,SIMULATED
2026-09-21 03:45:00,standard,26.2,75.1,0.0,0,6.93,0.24,14.1,21.27,52.82,-31.55,87.5,100.0,0,SIMULATED
2026-09-21 04:00:00,standard,26.29,74.7,0.0,0,6.97,0.24,14.1,21.31,52.82,-31.51,87.5,100.0,0,SIMULATED
2026-09-21 04:15:00,standard,26.39,74.2,0.0,0,7.03,0.24,14.1,21.37,52.82,-31.45,87.5,100.0,0,SIMULATED
2026-09-21 04:30:00,standard,26.5,73.7,0.0,0,7.07,0.24,14.1,21.41,52.82,-31.41,87.5,100.0,0,SIMULATED
2026-09-21 04:45:00,standard,26.63,73.1,0.0,0,7.15,0.24,14.1,21.49,52.82,-31.33,87.5,100.0,0,SIMULATED
2026-09-21 05:00:00,standard,26.77,72.5,0.0,0,7.21,0.24,14.1,21.55,52.82,-31.27,87.5,100.0,0,SIMULATED
2026-09-21 05:15:00,standard,26.93,71.8,0.0,0,7.31,0.24,14.1,21.65,52.82,-31.17,87.5,100.0,0,SIMULATED
2026-09-21 05:30:00,standard,27.1,71.0,0.0,0,7.42,0.24,14.1,21.76,52.82,-31.06,87.5,100.0,0,SIMULATED
2026-09-21 05:45:00,standard,27.28,70.2,0.0,0,7.49,0.24,14.1,21.83,52.82,-30.99,87.5,100.0,0,SIMULATED
2026-09-21 06:00:00,standard,27.47,69.3,0.0,0,7.6,0.24,14.1,21.94,52.82,-30.88,87.5,100.0,0,SIMULATED
2026-09-21 06:15:00,standard,27.67,68.4,53.4,0,8.31,0.24,14.1,22.65,52.82,-30.17,87.5,100.0,0,SIMULATED
2026-09-21 06:30:00,standard,27.88,67.5,106.5,0,9.0,0.24,14.1,23.34,52.82,-29.48,87.5,100.0,0,SIMULATED
2026-09-21 06:45:00,standard,28.09,66.5,159.3,0,9.7,0.24,14.1,24.04,52.94,-28.9,87.5,100.0,0,SIMULATED
2026-09-21 07:00:00,standard,28.31,65.5,211.4,0,10.7,1.52,14.1,26.33,53.22,-26.89,87.5,100.0,0,SIMULATED
2026-09-21 07:15:00,standard,28.54,64.5,262.7,0,11.4,1.52,14.1,27.03,53.49,-26.46,87.5,100.0,0,SIMULATED
2026-09-21 07:30:00,standard,28.78,63.4,312.9,0,12.11,1.52,14.1,27.72,53.8,-26.08,87.5,100.0,0,SIMULATED
2026-09-21 07:45:00,standard,29.02,62.3,361.9,0,12.8,1.52,14.1,28.42,54.1,-25.68,87.5,100.0,0,SIMULATED
2026-09-21 08:00:00,standard,29.26,61.2,409.5,3,13.68,1.85,14.1,29.62,54.42,-24.8,87.5,100.0,0,SIMULATED
2026-09-21 08:15:00,standard,29.5,60.1,455.5,5,14.72,3.21,14.1,32.02,54.7,-22.68,87.5,100.0,0,SIMULATED
2026-09-21 08:30:00,standard,29.75,59.0,499.6,13,15.82,3.99,14.1,33.9,55.02,-21.12,87.5,100.0,0,SIMULATED
2026-09-21 08:45:00,standard,30.0,57.9,541.8,16,16.73,5.09,14.1,35.92,55.34,-19.42,87.5,100.0,0,SIMULATED
2026-09-21 09:00:00,standard,30.24,56.8,581.9,48,17.56,6.0,14.1,37.66,55.64,-17.98,87.5,100.0,0,SIMULATED
2026-09-21 09:15:00,standard,30.48,55.7,619.6,48,17.74,6.0,14.1,37.84,55.93,-18.09,87.5,100.0,0,SIMULATED
2026-09-21 09:30:00,standard,30.72,54.6,654.9,70,18.33,6.6,14.1,39.03,56.24,-17.21,87.5,100.0,0,SIMULATED
2026-09-21 09:45:00,standard,30.96,53.5,687.7,69,18.47,6.6,14.1,39.17,56.51,-17.34,87.5,100.0,0,SIMULATED
2026-09-21 10:00:00,standard,31.19,52.5,717.7,80,18.8,6.42,14.1,39.32,56.82,-17.5,87.5,100.0,0,SIMULATED
2026-09-21 10:15:00,standard,31.41,51.5,744.9,78,18.89,6.42,14.1,39.41,57.1,-17.69,87.5,100.0,0,SIMULATED
2026-09-21 10:30:00,standard,31.62,50.5,769.1,71,18.64,5.82,14.1,38.56,57.36,-18.8,87.5,100.0,0,SIMULATED
2026-09-21 10:45:00,standard,31.83,49.6,790.3,70,18.65,5.82,14.1,38.57,57.62,-19.05,87.5,100.0,0,SIMULATED
2026-09-21 11:00:00,standard,32.03,48.7,808.4,73,18.84,5.82,14.1,38.76,57.87,-19.11,87.5,100.0,0,SIMULATED
2026-09-21 11:15:00,standard,32.22,47.8,823.3,71,18.85,5.82,14.1,38.77,58.1,-19.33,87.5,100.0,0,SIMULATED
2026-09-21 11:30:00,standard,32.4,47.0,834.9,79,19.38,6.42,14.1,39.9,58.31,-18.41,87.5,100.0,0,SIMULATED
2026-09-21 11:45:00,standard,32.57,46.2,843.3,67,18.92,5.82,14.1,38.84,58.53,-19.69,87.5,100.0,0,SIMULATED
2026-09-21 12:00:00,standard,32.73,45.5,848.3,92,19.87,6.6,14.1,40.57,58.74,-18.17,87.5,100.0,0,SIMULATED
2026-09-21 12:15:00,standard,32.87,44.9,850.0,93,19.93,6.6,14.1,40.63,58.92,-18.29,87.5,100.0,0,SIMULATED
2026-09-21 12:30:00,standard,33.0,44.3,848.3,71,19.55,6.0,14.1,39.65,59.07,-19.42,87.5,100.0,0,SIMULATED
2026-09-21 12:45:00,standard,33.11,43.8,843.3,71,19.64,6.0,14.1,39.74,59.22,-19.48,87.5,100.0,0,SIMULATED
2026-09-21 13:00:00,standard,33.21,43.3,834.9,64,19.63,6.0,14.1,39.73,59.34,-19.61,87.5,100.0,0,SIMULATED
2026-09-21 13:15:00,standard,33.3,42.9,823.3,66,19.74,6.0,14.1,39.84,59.46,-19.62,87.5,100.0,0,SIMULATED
2026-09-21 13:30:00,standard,33.37,42.6,808.4,72,20.1,6.6,14.1,40.8,59.54,-18.74,87.5,100.0,0,SIMULATED
2026-09-21 13:45:00,standard,33.43,42.3,790.3,75,20.24,6.6,14.1,40.94,59.62,-18.68,87.5,100.0,0,SIMULATED
2026-09-21 14:00:00,standard,33.47,42.1,769.1,73,19.64,6.5,14.1,40.24,59.67,-19.43,75.0,100.0,1,SIMULATED
2026-09-21 14:15:00,standard,33.49,42.0,744.9,71,19.68,6.5,14.1,40.28,59.7,-19.42,75.0,100.0,1,SIMULATED
2026-09-21 14:30:00,standard,33.5,42.0,717.7,71,19.65,6.5,14.1,40.25,59.7,-19.45,62.5,100.0,1,SIMULATED
2026-09-21 14:45:00,standard,33.49,42.0,687.7,73,19.64,6.5,14.1,40.24,59.7,-19.46,62.5,100.0,1,SIMULATED
2026-09-21 15:00:00,standard,33.47,42.1,654.9,72,19.48,5.82,14.1,39.4,59.67,-20.27,62.5,100.0,0,SIMULATED
2026-09-21 15:15:00,standard,33.43,42.3,619.6,71,19.46,5.82,14.1,39.38,59.62,-20.24,62.5,100.0,0,SIMULATED
2026-09-21 15:30:00,standard,33.37,42.6,581.9,70,19.44,6.0,14.1,39.54,59.54,-20.0,62.5,100.0,0,SIMULATED
2026-09-21 15:45:00,standard,33.3,42.9,541.8,72,19.41,6.0,14.1,39.51,59.46,-19.95,62.5,100.0,0,SIMULATED
2026-09-21 16:00:00,standard,33.21,43.3,499.6,71,19.33,6.0,14.1,39.43,59.34,-19.91,62.5,100.0,0,SIMULATED
2026-09-21 16:15:00,standard,33.11,43.8,455.5,69,19.26,6.0,14.1,39.36,59.22,-19.86,62.5,100.0,0,SIMULATED
2026-09-21 16:30:00,standard,33.0,44.3,409.5,78,19.67,6.6,14.1,40.37,59.07,-18.7,62.5,100.0,0,SIMULATED
2026-09-21 16:45:00,standard,32.87,44.9,361.9,76,19.55,6.6,14.1,40.25,58.92,-18.67,62.5,100.0,0,SIMULATED
2026-09-21 17:00:00,standard,32.73,45.5,312.9,64,18.89,6.6,14.1,39.59,58.74,-19.15,62.5,100.0,0,SIMULATED
2026-09-21 17:15:00,standard,32.57,46.2,262.7,66,18.68,6.6,14.1,39.38,58.53,-19.15,62.5,100.0,0,SIMULATED
2026-09-21 17:30:00,standard,32.4,47.0,211.4,57,17.91,6.0,14.1,38.01,58.31,-20.3,62.5,100.0,0,SIMULATED
2026-09-21 17:45:00,standard,32.22,47.8,159.3,55,17.66,6.0,14.1,37.76,58.1,-20.34,62.5,100.0,0,SIMULATED
2026-09-21 18:00:00,standard,32.03,48.7,106.5,51,17.34,6.0,14.1,37.44,57.87,-20.43,62.5,100.0,0,SIMULATED
2026-09-21 18:15:00,standard,31.83,49.6,53.4,50,17.12,6.0,14.1,37.22,57.62,-20.4,75.0,100.0,0,SIMULATED
2026-09-21 18:30:00,standard,31.62,50.5,0.0,38,16.38,5.09,14.1,35.57,57.36,-21.79,87.5,100.0,0,SIMULATED
2026-09-21 18:45:00,standard,31.41,51.5,0.0,36,16.07,5.09,14.1,35.26,57.1,-21.84,87.5,100.0,0,SIMULATED
2026-09-21 19:00:00,standard,31.19,52.5,0.0,23,15.15,3.98,14.1,33.23,56.82,-23.59,87.5,100.0,0,SIMULATED
2026-09-21 19:15:00,standard,30.96,53.5,0.0,16,14.74,3.98,14.1,32.82,56.51,-23.69,87.5,100.0,0,SIMULATED
2026-09-21 19:30:00,standard,30.72,54.6,0.0,10,13.82,2.62,14.1,30.54,56.24,-25.7,87.5,100.0,0,SIMULATED
2026-09-21 19:45:00,standard,30.48,55.7,0.0,8,13.32,2.62,14.1,30.04,55.93,-25.89,87.5,100.0,0,SIMULATED
2026-09-21 20:00:00,standard,30.24,56.8,0.0,6,12.61,1.6,14.1,28.31,55.64,-27.33,87.5,100.0,0,SIMULATED
2026-09-21 20:15:00,standard,30.0,57.9,0.0,2,12.08,1.6,14.1,27.78,55.34,-27.56,87.5,100.0,0,SIMULATED
2026-09-21 20:30:00,standard,29.75,59.0,0.0,0,11.33,0.24,14.1,25.67,55.02,-29.35,87.5,100.0,0,SIMULATED
2026-09-21 20:45:00,standard,29.5,60.1,0.0,0,10.98,0.24,14.1,25.32,54.7,-29.38,87.5,100.0,0,SIMULATED
2026-09-21 21:00:00,standard,29.26,61.2,0.0,0,10.65,0.24,14.1,24.99,54.42,-29.43,87.5,100.0,0,SIMULATED
2026-09-21 21:15:00,standard,29.02,62.3,0.0,0,10.33,0.24,14.1,24.67,54.1,-29.43,87.5,100.0,0,SIMULATED
2026-09-21 21:30:00,standard,28.78,63.4,0.0,0,10.05,0.24,14.1,24.39,53.8,-29.41,87.5,100.0,0,SIMULATED
2026-09-21 21:45:00,standard,28.54,64.5,0.0,0,9.76,0.24,14.1,24.1,53.49,-29.39,87.5,100.0,0,SIMULATED
2026-09-21 22:00:00,standard,28.31,65.5,0.0,0,9.5,0.24,14.1,23.84,53.22,-29.38,87.5,100.0,0,SIMULATED
2026-09-21 22:15:00,standard,28.09,66.5,0.0,0,9.23,0.24,14.1,23.57,52.94,-29.37,87.5,100.0,0,SIMULATED
2026-09-21 22:30:00,standard,27.88,67.5,0.0,0,9.01,0.24,14.1,23.35,52.82,-29.47,87.5,100.0,0,SIMULATED
2026-09-21 22:45:00,standard,27.67,68.4,0.0,0,8.81,0.24,14.1,23.15,52.82,-29.67,87.5,100.0,0,SIMULATED
2026-09-21 23:00:00,standard,27.47,69.3,0.0,0,8.59,0.24,14.1,22.93,52.82,-29.89,87.5,100.0,0,SIMULATED
2026-09-21 23:15:00,standard,27.28,70.2,0.0,0,8.4,0.24,14.1,22.74,52.82,-30.08,87.5,100.0,0,SIMULATED
2026-09-21 23:30:00,standard,27.1,71.0,0.0,0,8.24,0.24,14.1,22.58,52.82,-30.24,87.5,100.0,0,SIMULATED
2026-09-21 23:45:00,standard,26.93,71.8,0.0,0,8.07,0.24,14.1,22.41,52.82,-30.41,87.5,100.0,0,SIMULATED
2026-09-22 00:00:00,standard,26.77,72.5,0.0,0,7.9,0.24,14.1,22.24,52.82,-30.58,87.5,100.0,0,SIMULATED
2026-09-22 00:15:00,standard,26.63,73.1,0.0,0,7.79,0.24,14.1,22.13,52.82,-30.69,87.5,100.0,0,SIMULATED
2026-09-22 00:30:00,standard,26.5,73.7,0.0,0,7.65,0.24,14.1,21.99,52.82,-30.83,87.5,100.0,0,SIMULATED
2026-09-22 00:45:00,standard,26.39,74.2,0.0,0,7.55,0.24,14.1,21.89,52.82,-30.93,87.5,100.0,0,SIMULATED
2026-09-22 01:00:00,standard,26.29,74.7,0.0,0,7.45,0.24,14.1,21.79,52.82,-31.03,87.5,100.0,0,SIMULATED
2026-09-22 01:15:00,standard,26.2,75.1,0.0,0,7.35,0.24,14.1,21.69,52.82,-31.13,87.5,100.0,0,SIMULATED
2026-09-22 01:30:00,standard,26.13,75.4,0.0,0,7.28,0.24,14.1,21.62,52.82,-31.2,87.5,100.0,0,SIMULATED
2026-09-22 01:45:00,standard,26.07,75.7,0.0,0,7.2,0.24,14.1,21.54,52.82,-31.28,87.5,100.0,0,SIMULATED
2026-09-22 02:00:00,standard,26.03,75.9,0.0,0,7.15,0.24,14.1,21.49,52.82,-31.33,87.5,100.0,0,SIMULATED
2026-09-22 02:15:00,standard,26.01,76.0,0.0,0,7.11,0.24,14.1,21.45,52.82,-31.37,87.5,100.0,0,SIMULATED
2026-09-22 02:30:00,standard,26.0,76.0,0.0,0,7.08,0.24,14.1,21.42,52.82,-31.4,87.5,100.0,0,SIMULATED
2026-09-22 02:45:00,standard,26.01,76.0,0.0,0,7.06,0.24,14.1,21.4,52.82,-31.42,87.5,100.0,0,SIMULATED
2026-09-22 03:00:00,standard,26.03,75.9,0.0,0,7.04,0.24,14.1,21.38,52.82,-31.44,87.5,100.0,0,SIMULATED
2026-09-22 03:15:00,standard,26.07,75.7,0.0,0,7.03,0.24,14.1,21.37,52.82,-31.45,87.5,100.0,0,SIMULATED
2026-09-22 03:30:00,standard,26.13,75.4,0.0,0,7.05,0.24,14.1,21.39,52.82,-31.43,87.5,100.0,0,SIMULATED
2026-09-22 03:45:00,standard,26.2,75.1,0.0,0,7.07,0.24,14.1,21.41,52.82,-31.41,87.5,100.0,0,SIMULATED
2026-09-22 04:00:00,standard,26.29,74.7,0.0,0,7.11,0.24,14.1,21.45,52.82,-31.37,87.5,100.0,0,SIMULATED
2026-09-22 04:15:00,standard,26.39,74.2,0.0,0,7.14,0.24,14.1,21.48,52.82,-31.34,87.5,100.0,0,SIMULATED
2026-09-22 04:30:00,standard,26.5,73.7,0.0,0,7.18,0.24,14.1,21.52,52.82,-31.3,87.5,100.0,0,SIMULATED
2026-09-22 04:45:00,standard,26.63,73.1,0.0,0,7.24,0.24,14.1,21.58,52.82,-31.24,87.5,100.0,0,SIMULATED
2026-09-22 05:00:00,standard,26.77,72.5,0.0,0,7.28,0.24,14.1,21.62,52.82,-31.2,87.5,100.0,0,SIMULATED
2026-09-22 05:15:00,standard,26.93,71.8,0.0,0,7.36,0.24,14.1,21.7,52.82,-31.12,87.5,100.0,0,SIMULATED
2026-09-22 05:30:00,standard,27.1,71.0,0.0,0,7.46,0.24,14.1,21.8,52.82,-31.02,87.5,100.0,0,SIMULATED
2026-09-22 05:45:00,standard,27.28,70.2,0.0,0,7.53,0.24,14.1,21.87,52.82,-30.95,87.5,100.0,0,SIMULATED
2026-09-22 06:00:00,standard,27.47,69.3,0.0,0,7.63,0.24,14.1,21.97,52.82,-30.85,87.5,100.0,0,SIMULATED
2026-09-22 06:15:00,standard,27.67,68.4,53.4,0,8.32,0.24,14.1,22.66,52.82,-30.16,87.5,100.0,0,SIMULATED
2026-09-22 06:30:00,standard,27.88,67.5,106.5,0,9.01,0.24,14.1,23.35,52.82,-29.47,87.5,100.0,0,SIMULATED
2026-09-22 06:45:00,standard,28.09,66.5,159.3,0,9.7,0.24,14.1,24.04,52.94,-28.9,87.5,100.0,0,SIMULATED
2026-09-22 07:00:00,standard,28.31,65.5,211.4,0,10.7,1.52,14.1,26.33,53.22,-26.89,87.5,100.0,0,SIMULATED
2026-09-22 07:15:00,standard,28.54,64.5,262.7,0,11.4,1.52,14.1,27.03,53.49,-26.46,87.5,100.0,0,SIMULATED
2026-09-22 07:30:00,standard,28.78,63.4,312.9,0,12.11,1.52,14.1,27.72,53.8,-26.08,87.5,100.0,0,SIMULATED
2026-09-22 07:45:00,standard,29.02,62.3,361.9,0,12.8,1.52,14.1,28.42,54.1,-25.68,87.5,100.0,0,SIMULATED
2026-09-22 08:00:00,standard,29.26,61.2,409.5,3,13.68,1.85,14.1,29.62,54.42,-24.8,87.5,100.0,0,SIMULATED
2026-09-22 08:15:00,standard,29.5,60.1,455.5,4,14.69,3.21,14.1,31.99,54.7,-22.71,87.5,100.0,0,SIMULATED
2026-09-22 08:30:00,standard,29.75,59.0,499.6,13,15.82,3.99,14.1,33.9,55.02,-21.12,87.5,100.0,0,SIMULATED
2026-09-22 08:45:00,standard,30.0,57.9,541.8,18,16.76,5.09,14.1,35.95,55.34,-19.39,87.5,100.0,0,SIMULATED
2026-09-22 09:00:00,standard,30.24,56.8,581.9,46,17.56,6.0,14.1,37.66,55.64,-17.98,87.5,100.0,0,SIMULATED
2026-09-22 09:15:00,standard,30.48,55.7,619.6,47,17.7,6.0,14.1,37.8,55.93,-18.13,87.5,100.0,0,SIMULATED
2026-09-22 09:30:00,standard,30.72,54.6,654.9,68,18.3,6.6,14.1,39.0,56.24,-17.24,87.5,100.0,0,SIMULATED
2026-09-22 09:45:00,standard,30.96,53.5,687.7,71,18.57,6.6,14.1,39.27,56.51,-17.24,87.5,100.0,0,SIMULATED
2026-09-22 10:00:00,standard,31.19,52.5,717.7,79,18.83,6.42,14.1,39.35,56.82,-17.47,87.5,100.0,0,SIMULATED
2026-09-22 10:15:00,standard,31.41,51.5,744.9,76,18.86,6.42,14.1,39.38,57.1,-17.72,87.5,100.0,0,SIMULATED
2026-09-22 10:30:00,standard,31.62,50.5,769.1,70,18.55,5.82,14.1,38.47,57.36,-18.89,87.5,100.0,0,SIMULATED
2026-09-22 10:45:00,standard,31.83,49.6,790.3,71,18.65,5.82,14.1,38.57,57.62,-19.05,87.5,100.0,0,SIMULATED
2026-09-22 11:00:00,standard,32.03,48.7,808.4,73,18.8,5.82,14.1,38.72,57.87,-19.15,87.5,100.0,0,SIMULATED
2026-09-22 11:15:00,standard,32.22,47.8,823.3,71,18.92,5.82,14.1,38.84,58.1,-19.26,87.5,100.0,0,SIMULATED
2026-09-22 11:30:00,standard,32.4,47.0,834.9,79,19.31,6.42,14.1,39.83,58.31,-18.48,87.5,100.0,0,SIMULATED
2026-09-22 11:45:00,standard,32.57,46.2,843.3,65,18.89,5.82,14.1,38.81,58.53,-19.72,87.5,100.0,0,SIMULATED
2026-09-22 12:00:00,standard,32.73,45.5,848.3,93,19.87,6.6,14.1,40.57,58.74,-18.17,87.5,100.0,0,SIMULATED
2026-09-22 12:15:00,standard,32.87,44.9,850.0,92,19.93,6.6,14.1,40.63,58.92,-18.29,87.5,100.0,0,SIMULATED
2026-09-22 12:30:00,standard,33.0,44.3,848.3,73,19.58,6.0,14.1,39.68,59.07,-19.39,87.5,100.0,0,SIMULATED
2026-09-22 12:45:00,standard,33.11,43.8,843.3,72,19.68,6.0,14.1,39.78,59.22,-19.44,87.5,100.0,0,SIMULATED
2026-09-22 13:00:00,standard,33.21,43.3,834.9,67,19.72,6.0,14.1,39.82,59.34,-19.52,87.5,100.0,0,SIMULATED
2026-09-22 13:15:00,standard,33.3,42.9,823.3,64,19.74,6.0,14.1,39.84,59.46,-19.62,87.5,100.0,0,SIMULATED
2026-09-22 13:30:00,standard,33.37,42.6,808.4,73,20.18,6.6,14.1,40.88,59.54,-18.66,87.5,100.0,0,SIMULATED
2026-09-22 13:45:00,standard,33.43,42.3,790.3,72,20.18,6.6,14.1,40.88,59.62,-18.74,87.5,100.0,0,SIMULATED
2026-09-22 14:00:00,standard,33.47,42.1,769.1,71,19.64,6.5,14.1,40.24,59.67,-19.43,75.0,100.0,1,SIMULATED
2026-09-22 14:15:00,standard,33.49,42.0,744.9,73,19.64,6.5,14.1,40.24,59.7,-19.46,75.0,100.0,1,SIMULATED
2026-09-22 14:30:00,standard,33.5,42.0,717.7,68,19.58,6.5,14.1,40.18,59.7,-19.52,62.5,100.0,1,SIMULATED
2026-09-22 14:45:00,standard,33.49,42.0,687.7,71,19.61,6.5,14.1,40.21,59.7,-19.49,62.5,100.0,1,SIMULATED
2026-09-22 15:00:00,standard,33.47,42.1,654.9,72,19.45,5.82,14.1,39.37,59.67,-20.3,62.5,100.0,0,SIMULATED
2026-09-22 15:15:00,standard,33.43,42.3,619.6,70,19.44,5.82,14.1,39.36,59.62,-20.26,62.5,100.0,0,SIMULATED
2026-09-22 15:30:00,standard,33.37,42.6,581.9,72,19.44,6.0,14.1,39.54,59.54,-20.0,62.5,100.0,0,SIMULATED
2026-09-22 15:45:00,standard,33.3,42.9,541.8,69,19.41,6.0,14.1,39.51,59.46,-19.95,62.5,100.0,0,SIMULATED
2026-09-22 16:00:00,standard,33.21,43.3,499.6,68,19.3,6.0,14.1,39.4,59.34,-19.94,62.5,100.0,0,SIMULATED
2026-09-22 16:15:00,standard,33.11,43.8,455.5,70,19.32,6.0,14.1,39.42,59.22,-19.8,62.5,100.0,0,SIMULATED
2026-09-22 16:30:00,standard,33.0,44.3,409.5,80,19.68,6.6,14.1,40.38,59.07,-18.69,62.5,100.0,0,SIMULATED
2026-09-22 16:45:00,standard,32.87,44.9,361.9,79,19.57,6.6,14.1,40.27,58.92,-18.65,62.5,100.0,0,SIMULATED
2026-09-22 17:00:00,standard,32.73,45.5,312.9,66,18.96,6.6,14.1,39.66,58.74,-19.08,62.5,100.0,0,SIMULATED
2026-09-22 17:15:00,standard,32.57,46.2,262.7,64,18.6,6.6,14.1,39.3,58.53,-19.23,62.5,100.0,0,SIMULATED
2026-09-22 17:30:00,standard,32.4,47.0,211.4,60,17.98,6.0,14.1,38.08,58.31,-20.23,62.5,100.0,0,SIMULATED
2026-09-22 17:45:00,standard,32.22,47.8,159.3,55,17.66,6.0,14.1,37.76,58.1,-20.34,62.5,100.0,0,SIMULATED
2026-09-22 18:00:00,standard,32.03,48.7,106.5,52,17.34,6.0,14.1,37.44,57.87,-20.43,62.5,100.0,0,SIMULATED
2026-09-22 18:15:00,standard,31.83,49.6,53.4,49,17.09,6.0,14.1,37.19,57.62,-20.43,75.0,100.0,0,SIMULATED
2026-09-22 18:30:00,standard,31.62,50.5,0.0,43,16.46,5.09,14.1,35.65,57.36,-21.71,87.5,100.0,0,SIMULATED
2026-09-22 18:45:00,standard,31.41,51.5,0.0,36,16.08,5.09,14.1,35.27,57.1,-21.83,87.5,100.0,0,SIMULATED
2026-09-22 19:00:00,standard,31.19,52.5,0.0,21,15.13,3.98,14.1,33.21,56.82,-23.61,87.5,100.0,0,SIMULATED
2026-09-22 19:15:00,standard,30.96,53.5,0.0,16,14.75,3.98,14.1,32.83,56.51,-23.68,87.5,100.0,0,SIMULATED
2026-09-22 19:30:00,standard,30.72,54.6,0.0,10,13.82,2.62,14.1,30.54,56.24,-25.7,87.5,100.0,0,SIMULATED
2026-09-22 19:45:00,standard,30.48,55.7,0.0,8,13.32,2.62,14.1,30.04,55.93,-25.89,87.5,100.0,0,SIMULATED
2026-09-22 20:00:00,standard,30.24,56.8,0.0,6,12.61,1.6,14.1,28.31,55.64,-27.33,87.5,100.0,0,SIMULATED
2026-09-22 20:15:00,standard,30.0,57.9,0.0,2,12.08,1.6,14.1,27.78,55.34,-27.56,87.5,100.0,0,SIMULATED
2026-09-22 20:30:00,standard,29.75,59.0,0.0,0,11.33,0.24,14.1,25.67,55.02,-29.35,87.5,100.0,0,SIMULATED
2026-09-22 20:45:00,standard,29.5,60.1,0.0,0,10.98,0.24,14.1,25.32,54.7,-29.38,87.5,100.0,0,SIMULATED
2026-09-22 21:00:00,standard,29.26,61.2,0.0,0,10.65,0.24,14.1,24.99,54.42,-29.43,87.5,100.0,0,SIMULATED
2026-09-22 21:15:00,standard,29.02,62.3,0.0,0,10.33,0.24,14.1,24.67,54.1,-29.43,87.5,100.0,0,SIMULATED
2026-09-22 21:30:00,standard,28.78,63.4,0.0,0,10.05,0.24,14.1,24.39,53.8,-29.41,87.5,100.0,0,SIMULATED
2026-09-22 21:45:00,standard,28.54,64.5,0.0,0,9.76,0.24,14.1,24.1,53.49,-29.39,87.5,100.0,0,SIMULATED
2026-09-22 22:00:00,standard,28.31,65.5,0.0,0,9.51,0.24,14.1,23.85,53.22,-29.37,87.5,100.0,0,SIMULATED
2026-09-22 22:15:00,standard,28.09,66.5,0.0,0,9.24,0.24,14.1,23.58,52.94,-29.36,87.5,100.0,0,SIMULATED
2026-09-22 22:30:00,standard,27.88,67.5,0.0,0,9.02,0.24,14.1,23.36,52.82,-29.46,87.5,100.0,0,SIMULATED
2026-09-22 22:45:00,standard,27.67,68.4,0.0,0,8.82,0.24,14.1,23.16,52.82,-29.66,87.5,100.0,0,SIMULATED
2026-09-22 23:00:00,standard,27.47,69.3,0.0,0,8.6,0.24,14.1,22.94,52.82,-29.88,87.5,100.0,0,SIMULATED
2026-09-22 23:15:00,standard,27.28,70.2,0.0,0,8.41,0.24,14.1,22.75,52.82,-30.07,87.5,100.0,0,SIMULATED
2026-09-22 23:30:00,standard,27.1,71.0,0.0,0,8.25,0.24,14.1,22.59,52.82,-30.23,87.5,100.0,0,SIMULATED
2026-09-22 23:45:00,standard,26.93,71.8,0.0,0,8.08,0.24,14.1,22.42,52.82,-30.4,87.5,100.0,0,SIMULATED
2026-09-23 00:00:00,standard,26.77,72.5,0.0,0,7.91,0.24,14.1,22.25,52.82,-30.57,87.5,100.0,0,SIMULATED
2026-09-23 00:15:00,standard,26.63,73.1,0.0,0,7.8,0.24,14.1,22.14,52.82,-30.68,87.5,100.0,0,SIMULATED
2026-09-23 00:30:00,standard,26.5,73.7,0.0,0,7.66,0.24,14.1,22.0,52.82,-30.82,87.5,100.0,0,SIMULATED
2026-09-23 00:45:00,standard,26.39,74.2,0.0,0,7.56,0.24,14.1,21.9,52.82,-30.92,87.5,100.0,0,SIMULATED
2026-09-23 01:00:00,standard,26.29,74.7,0.0,0,7.46,0.24,14.1,21.8,52.82,-31.02,87.5,100.0,0,SIMULATED
2026-09-23 01:15:00,standard,26.2,75.1,0.0,0,7.36,0.24,14.1,21.7,52.82,-31.12,87.5,100.0,0,SIMULATED
2026-09-23 01:30:00,standard,26.13,75.4,0.0,0,7.29,0.24,14.1,21.63,52.82,-31.19,87.5,100.0,0,SIMULATED
2026-09-23 01:45:00,standard,26.07,75.7,0.0,0,7.21,0.24,14.1,21.55,52.82,-31.27,87.5,100.0,0,SIMULATED
2026-09-23 02:00:00,standard,26.03,75.9,0.0,0,7.16,0.24,14.1,21.5,52.82,-31.32,87.5,100.0,0,SIMULATED
2026-09-23 02:15:00,standard,26.01,76.0,0.0,0,7.12,0.24,14.1,21.46,52.82,-31.36,87.5,100.0,0,SIMULATED
2026-09-23 02:30:00,standard,26.0,76.0,0.0,0,7.09,0.24,14.1,21.43,52.82,-31.39,87.5,100.0,0,SIMULATED
2026-09-23 02:45:00,standard,26.01,76.0,0.0,0,7.07,0.24,14.1,21.41,52.82,-31.41,87.5,100.0,0,SIMULATED
2026-09-23 03:00:00,standard,26.03,75.9,0.0,0,7.05,0.24,14.1,21.39,52.82,-31.43,87.5,100.0,0,SIMULATED
2026-09-23 03:15:00,standard,26.07,75.7,0.0,0,7.04,0.24,14.1,21.38,52.82,-31.44,87.5,100.0,0,SIMULATED
2026-09-23 03:30:00,standard,26.13,75.4,0.0,0,7.06,0.24,14.1,21.4,52.82,-31.42,87.5,100.0,0,SIMULATED
2026-09-23 03:45:00,standard,26.2,75.1,0.0,0,7.08,0.24,14.1,21.42,52.82,-31.4,87.5,100.0,0,SIMULATED
2026-09-23 04:00:00,standard,26.29,74.7,0.0,0,7.12,0.24,14.1,21.46,52.82,-31.36,87.5,100.0,0,SIMULATED
2026-09-23 04:15:00,standard,26.39,74.2,0.0,0,7.15,0.24,14.1,21.49,52.82,-31.33,87.5,100.0,0,SIMULATED
2026-09-23 04:30:00,standard,26.5,73.7,0.0,0,7.19,0.24,14.1,21.53,52.82,-31.29,87.5,100.0,0,SIMULATED
2026-09-23 04:45:00,standard,26.63,73.1,0.0,0,7.25,0.24,14.1,21.59,52.82,-31.23,87.5,100.0,0,SIMULATED
2026-09-23 05:00:00,standard,26.77,72.5,0.0,0,7.29,0.24,14.1,21.63,52.82,-31.19,87.5,100.0,0,SIMULATED
2026-09-23 05:15:00,standard,26.93,71.8,0.0,0,7.37,0.24,14.1,21.71,52.82,-31.11,87.5,100.0,0,SIMULATED
2026-09-23 05:30:00,standard,27.1,71.0,0.0,0,7.47,0.24,14.1,21.81,52.82,-31.01,87.5,100.0,0,SIMULATED
2026-09-23 05:45:00,standard,27.28,70.2,0.0,0,7.54,0.24,14.1,21.88,52.82,-30.94,87.5,100.0,0,SIMULATED
2026-09-23 06:00:00,standard,27.47,69.3,0.0,0,7.63,0.24,14.1,21.97,52.82,-30.85,87.5,100.0,0,SIMULATED
2026-09-23 06:15:00,standard,27.67,68.4,53.4,0,8.33,0.24,14.1,22.67,52.82,-30.15,87.5,100.0,0,SIMULATED
2026-09-23 06:30:00,standard,27.88,67.5,106.5,0,9.02,0.24,14.1,23.36,52.82,-29.46,87.5,100.0,0,SIMULATED
2026-09-23 06:45:00,standard,28.09,66.5,159.3,0,9.71,0.24,14.1,24.05,52.94,-28.89,87.5,100.0,0,SIMULATED
2026-09-23 07:00:00,standard,28.31,65.5,211.4,0,10.7,1.52,14.1,26.33,53.22,-26.89,87.5,100.0,0,SIMULATED
2026-09-23 07:15:00,standard,28.54,64.5,262.7,0,11.4,1.52,14.1,27.03,53.49,-26.46,87.5,100.0,0,SIMULATED
2026-09-23 07:30:00,standard,28.78,63.4,312.9,0,12.11,1.52,14.1,27.72,53.8,-26.08,87.5,100.0,0,SIMULATED
2026-09-23 07:45:00,standard,29.02,62.3,361.9,0,12.8,1.52,14.1,28.42,54.1,-25.68,87.5,100.0,0,SIMULATED
2026-09-23 08:00:00,standard,29.26,61.2,409.5,2,13.65,1.85,14.1,29.59,54.42,-24.83,87.5,100.0,0,SIMULATED
2026-09-23 08:15:00,standard,29.5,60.1,455.5,5,14.72,3.21,14.1,32.02,54.7,-22.68,87.5,100.0,0,SIMULATED
2026-09-23 08:30:00,standard,29.75,59.0,499.6,13,15.82,3.99,14.1,33.9,55.02,-21.12,87.5,100.0,0,SIMULATED
2026-09-23 08:45:00,standard,30.0,57.9,541.8,20,16.83,5.09,14.1,36.02,55.34,-19.32,87.5,100.0,0,SIMULATED
2026-09-23 09:00:00,standard,30.24,56.8,581.9,45,17.53,6.0,14.1,37.63,55.64,-18.01,87.5,100.0,0,SIMULATED
2026-09-23 09:15:00,standard,30.48,55.7,619.6,49,17.74,6.0,14.1,37.84,55.93,-18.09,87.5,100.0,0,SIMULATED
2026-09-23 09:30:00,standard,30.72,54.6,654.9,66,18.27,6.6,14.1,38.97,56.24,-17.27,87.5,100.0,0,SIMULATED
2026-09-23 09:45:00,standard,30.96,53.5,687.7,69,18.44,6.6,14.1,39.14,56.51,-17.37,87.5,100.0,0,SIMULATED
2026-09-23 10:00:00,standard,31.19,52.5,717.7,77,18.77,6.42,14.1,39.29,56.82,-17.53,87.5,100.0,0,SIMULATED
2026-09-23 10:15:00,standard,31.41,51.5,744.9,77,18.86,6.42,14.1,39.38,57.1,-17.72,87.5,100.0,0,SIMULATED
2026-09-23 10:30:00,standard,31.62,50.5,769.1,72,18.61,5.82,14.1,38.53,57.36,-18.83,87.5,100.0,0,SIMULATED
2026-09-23 10:45:00,standard,31.83,49.6,790.3,70,18.68,5.82,14.1,38.6,57.62,-19.02,87.5,100.0,0,SIMULATED
2026-09-23 11:00:00,standard,32.03,48.7,808.4,70,18.77,5.82,14.1,38.69,57.87,-19.18,87.5,100.0,0,SIMULATED
2026-09-23 11:15:00,standard,32.22,47.8,823.3,70,18.85,5.82,14.1,38.77,58.1,-19.33,87.5,100.0,0,SIMULATED
2026-09-23 11:30:00,standard,32.4,47.0,834.9,79,19.35,6.42,14.1,39.87,58.31,-18.44,87.5,100.0,0,SIMULATED
2026-09-23 11:45:00,standard,32.57,46.2,843.3,67,18.89,5.82,14.1,38.81,58.53,-19.72,87.5,100.0,0,SIMULATED
2026-09-23 12:00:00,standard,32.73,45.5,848.3,92,19.87,6.6,14.1,40.57,58.74,-18.17,87.5,100.0,0,SIMULATED
2026-09-23 12:15:00,standard,32.87,44.9,850.0,90,19.9,6.6,14.1,40.6,58.92,-18.32,87.5,100.0,0,SIMULATED
2026-09-23 12:30:00,standard,33.0,44.3,848.3,72,19.58,6.0,14.1,39.68,59.07,-19.39,87.5,100.0,0,SIMULATED
2026-09-23 12:45:00,standard,33.11,43.8,843.3,72,19.61,6.0,14.1,39.71,59.22,-19.51,87.5,100.0,0,SIMULATED
2026-09-23 13:00:00,standard,33.21,43.3,834.9,65,19.66,6.0,14.1,39.76,59.34,-19.58,87.5,100.0,0,SIMULATED
2026-09-23 13:15:00,standard,33.3,42.9,823.3,64,19.71,6.0,14.1,39.81,59.46,-19.65,87.5,100.0,0,SIMULATED
2026-09-23 13:30:00,standard,33.37,42.6,808.4,73,20.1,6.6,14.1,40.8,59.54,-18.74,87.5,100.0,0,SIMULATED
2026-09-23 13:45:00,standard,33.43,42.3,790.3,74,20.21,6.6,14.1,40.91,59.62,-18.71,87.5,100.0,0,SIMULATED
2026-09-23 14:00:00,standard,33.47,42.1,769.1,71,19.61,6.5,14.1,40.21,59.67,-19.46,75.0,100.0,1,SIMULATED
2026-09-23 14:15:00,standard,33.49,42.0,744.9,70,19.61,6.5,14.1,40.21,59.7,-19.49,75.0,100.0,1,SIMULATED
2026-09-23 14:30:00,standard,33.5,42.0,717.7,71,19.61,6.5,14.1,40.21,59.7,-19.49,62.5,100.0,1,SIMULATED
2026-09-23 14:45:00,standard,33.49,42.0,687.7,73,19.64,6.5,14.1,40.24,59.7,-19.46,62.5,100.0,1,SIMULATED
2026-09-23 15:00:00,standard,33.47,42.1,654.9,73,19.48,5.82,14.1,39.4,59.67,-20.27,62.5,100.0,0,SIMULATED
2026-09-23 15:15:00,standard,33.43,42.3,619.6,71,19.44,5.82,14.1,39.36,59.62,-20.26,62.5,100.0,0,SIMULATED
2026-09-23 15:30:00,standard,33.37,42.6,581.9,70,19.41,6.0,14.1,39.51,59.54,-20.03,62.5,100.0,0,SIMULATED
2026-09-23 15:45:00,standard,33.3,42.9,541.8,70,19.38,6.0,14.1,39.48,59.46,-19.98,62.5,100.0,0,SIMULATED
2026-09-23 16:00:00,standard,33.21,43.3,499.6,68,19.3,6.0,14.1,39.4,59.34,-19.94,62.5,100.0,0,SIMULATED
2026-09-23 16:15:00,standard,33.11,43.8,455.5,71,19.32,6.0,14.1,39.42,59.22,-19.8,62.5,100.0,0,SIMULATED
2026-09-23 16:30:00,standard,33.0,44.3,409.5,80,19.67,6.6,14.1,40.37,59.07,-18.7,62.5,100.0,0,SIMULATED
2026-09-23 16:45:00,standard,32.87,44.9,361.9,79,19.58,6.6,14.1,40.28,58.92,-18.64,62.5,100.0,0,SIMULATED
2026-09-23 17:00:00,standard,32.73,45.5,312.9,65,18.91,6.6,14.1,39.61,58.74,-19.13,62.5,100.0,0,SIMULATED
2026-09-23 17:15:00,standard,32.57,46.2,262.7,66,18.65,6.6,14.1,39.35,58.53,-19.18,62.5,100.0,0,SIMULATED
2026-09-23 17:30:00,standard,32.4,47.0,211.4,58,17.96,6.0,14.1,38.06,58.31,-20.25,62.5,100.0,0,SIMULATED
2026-09-23 17:45:00,standard,32.22,47.8,159.3,57,17.7,6.0,14.1,37.8,58.1,-20.3,62.5,100.0,0,SIMULATED
2026-09-23 18:00:00,standard,32.03,48.7,106.5,52,17.42,6.0,14.1,37.52,57.87,-20.35,62.5,100.0,0,SIMULATED
2026-09-23 18:15:00,standard,31.83,49.6,53.4,47,17.07,6.0,14.1,37.17,57.62,-20.45,75.0,100.0,0,SIMULATED
2026-09-23 18:30:00,standard,31.62,50.5,0.0,40,16.42,5.09,14.1,35.61,57.36,-21.75,87.5,100.0,0,SIMULATED
2026-09-23 18:45:00,standard,31.41,51.5,0.0,35,16.03,5.09,14.1,35.22,57.1,-21.88,87.5,100.0,0,SIMULATED
2026-09-23 19:00:00,standard,31.19,52.5,0.0,22,15.15,3.98,14.1,33.23,56.82,-23.59,87.5,100.0,0,SIMULATED
2026-09-23 19:15:00,standard,30.96,53.5,0.0,17,14.77,3.98,14.1,32.85,56.51,-23.66,87.5,100.0,0,SIMULATED
2026-09-23 19:30:00,standard,30.72,54.6,0.0,10,13.81,2.62,14.1,30.53,56.24,-25.71,87.5,100.0,0,SIMULATED
2026-09-23 19:45:00,standard,30.48,55.7,0.0,7,13.28,2.62,14.1,30.0,55.93,-25.93,87.5,100.0,0,SIMULATED
2026-09-23 20:00:00,standard,30.24,56.8,0.0,5,12.57,1.6,14.1,28.27,55.64,-27.37,87.5,100.0,0,SIMULATED
2026-09-23 20:15:00,standard,30.0,57.9,0.0,2,12.07,1.6,14.1,27.77,55.34,-27.57,87.5,100.0,0,SIMULATED
2026-09-23 20:30:00,standard,29.75,59.0,0.0,0,11.32,0.24,14.1,25.66,55.02,-29.36,87.5,100.0,0,SIMULATED
2026-09-23 20:45:00,standard,29.5,60.1,0.0,0,10.97,0.24,14.1,25.31,54.7,-29.39,87.5,100.0,0,SIMULATED
2026-09-23 21:00:00,standard,29.26,61.2,0.0,0,10.64,0.24,14.1,24.98,54.42,-29.44,87.5,100.0,0,SIMULATED
2026-09-23 21:15:00,standard,29.02,62.3,0.0,0,10.32,0.24,14.1,24.66,54.1,-29.44,87.5,100.0,0,SIMULATED
2026-09-23 21:30:00,standard,28.78,63.4,0.0,0,10.04,0.24,14.1,24.38,53.8,-29.42,87.5,100.0,0,SIMULATED
2026-09-23 21:45:00,standard,28.54,64.5,0.0,0,9.76,0.24,14.1,24.1,53.49,-29.39,87.5,100.0,0,SIMULATED
2026-09-23 22:00:00,standard,28.31,65.5,0.0,0,9.5,0.24,14.1,23.84,53.22,-29.38,87.5,100.0,0,SIMULATED
2026-09-23 22:15:00,standard,28.09,66.5,0.0,0,9.23,0.24,14.1,23.57,52.94,-29.37,87.5,100.0,0,SIMULATED
2026-09-23 22:30:00,standard,27.88,67.5,0.0,0,9.01,0.24,14.1,23.35,52.82,-29.47,87.5,100.0,0,SIMULATED
2026-09-23 22:45:00,standard,27.67,68.4,0.0,0,8.81,0.24,14.1,23.15,52.82,-29.67,87.5,100.0,0,SIMULATED
2026-09-23 23:00:00,standard,27.47,69.3,0.0,0,8.59,0.24,14.1,22.93,52.82,-29.89,87.5,100.0,0,SIMULATED
2026-09-23 23:15:00,standard,27.28,70.2,0.0,0,8.4,0.24,14.1,22.74,52.82,-30.08,87.5,100.0,0,SIMULATED
2026-09-23 23:30:00,standard,27.1,71.0,0.0,0,8.24,0.24,14.1,22.58,52.82,-30.24,87.5,100.0,0,SIMULATED
2026-09-23 23:45:00,standard,26.93,71.8,0.0,0,8.07,0.24,14.1,22.41,52.82,-30.41,87.5,100.0,0,SIMULATED
2026-09-24 00:00:00,standard,26.77,72.5,0.0,0,7.9,0.24,14.1,22.24,52.82,-30.58,87.5,100.0,0,SIMULATED
2026-09-24 00:15:00,standard,26.63,73.1,0.0,0,7.79,0.24,14.1,22.13,52.82,-30.69,87.5,100.0,0,SIMULATED
2026-09-24 00:30:00,standard,26.5,73.7,0.0,0,7.65,0.24,14.1,21.99,52.82,-30.83,87.5,100.0,0,SIMULATED
2026-09-24 00:45:00,standard,26.39,74.2,0.0,0,7.55,0.24,14.1,21.89,52.82,-30.93,87.5,100.0,0,SIMULATED
2026-09-24 01:00:00,standard,26.29,74.7,0.0,0,7.45,0.24,14.1,21.79,52.82,-31.03,87.5,100.0,0,SIMULATED
2026-09-24 01:15:00,standard,26.2,75.1,0.0,0,7.35,0.24,14.1,21.69,52.82,-31.13,87.5,100.0,0,SIMULATED
2026-09-24 01:30:00,standard,26.13,75.4,0.0,0,7.28,0.24,14.1,21.62,52.82,-31.2,87.5,100.0,0,SIMULATED
2026-09-24 01:45:00,standard,26.07,75.7,0.0,0,7.2,0.24,14.1,21.54,52.82,-31.28,87.5,100.0,0,SIMULATED
2026-09-24 02:00:00,standard,26.03,75.9,0.0,0,7.15,0.24,14.1,21.49,52.82,-31.33,87.5,100.0,0,SIMULATED
2026-09-24 02:15:00,standard,26.01,76.0,0.0,0,7.11,0.24,14.1,21.45,52.82,-31.37,87.5,100.0,0,SIMULATED
2026-09-24 02:30:00,standard,26.0,76.0,0.0,0,7.08,0.24,14.1,21.42,52.82,-31.4,87.5,100.0,0,SIMULATED
2026-09-24 02:45:00,standard,26.01,76.0,0.0,0,7.06,0.24,14.1,21.4,52.82,-31.42,87.5,100.0,0,SIMULATED
2026-09-24 03:00:00,standard,26.03,75.9,0.0,0,7.04,0.24,14.1,21.38,52.82,-31.44,87.5,100.0,0,SIMULATED
2026-09-24 03:15:00,standard,26.07,75.7,0.0,0,7.03,0.24,14.1,21.37,52.82,-31.45,87.5,100.0,0,SIMULATED
2026-09-24 03:30:00,standard,26.13,75.4,0.0,0,7.05,0.24,14.1,21.39,52.82,-31.43,87.5,100.0,0,SIMULATED
2026-09-24 03:45:00,standard,26.2,75.1,0.0,0,7.07,0.24,14.1,21.41,52.82,-31.41,87.5,100.0,0,SIMULATED
2026-09-24 04:00:00,standard,26.29,74.7,0.0,0,7.11,0.24,14.1,21.45,52.82,-31.37,87.5,100.0,0,SIMULATED
2026-09-24 04:15:00,standard,26.39,74.2,0.0,0,7.14,0.24,14.1,21.48,52.82,-31.34,87.5,100.0,0,SIMULATED
2026-09-24 04:30:00,standard,26.5,73.7,0.0,0,7.18,0.24,14.1,21.52,52.82,-31.3,87.5,100.0,0,SIMULATED
2026-09-24 04:45:00,standard,26.63,73.1,0.0,0,7.24,0.24,14.1,21.58,52.82,-31.24,87.5,100.0,0,SIMULATED
2026-09-24 05:00:00,standard,26.77,72.5,0.0,0,7.28,0.24,14.1,21.62,52.82,-31.2,87.5,100.0,0,SIMULATED
2026-09-24 05:15:00,standard,26.93,71.8,0.0,0,7.36,0.24,14.1,21.7,52.82,-31.12,87.5,100.0,0,SIMULATED
2026-09-24 05:30:00,standard,27.1,71.0,0.0,0,7.46,0.24,14.1,21.8,52.82,-31.02,87.5,100.0,0,SIMULATED
2026-09-24 05:45:00,standard,27.28,70.2,0.0,0,7.53,0.24,14.1,21.87,52.82,-30.95,87.5,100.0,0,SIMULATED
2026-09-24 06:00:00,standard,27.47,69.3,0.0,0,7.63,0.24,14.1,21.97,52.82,-30.85,87.5,100.0,0,SIMULATED
2026-09-24 06:15:00,standard,27.67,68.4,53.4,0,8.32,0.24,14.1,22.66,52.82,-30.16,87.5,100.0,0,SIMULATED
2026-09-24 06:30:00,standard,27.88,67.5,106.5,0,9.01,0.24,14.1,23.35,52.82,-29.47,87.5,100.0,0,SIMULATED
2026-09-24 06:45:00,standard,28.09,66.5,159.3,0,9.7,0.24,14.1,24.04,52.94,-28.9,87.5,100.0,0,SIMULATED
2026-09-24 07:00:00,standard,28.31,65.5,211.4,0,10.7,1.52,14.1,26.33,53.22,-26.89,87.5,100.0,0,SIMULATED
2026-09-24 07:15:00,standard,28.54,64.5,262.7,0,11.4,1.52,14.1,27.03,53.49,-26.46,87.5,100.0,0,SIMULATED
2026-09-24 07:30:00,standard,28.78,63.4,312.9,0,12.11,1.52,14.1,27.72,53.8,-26.08,87.5,100.0,0,SIMULATED
2026-09-24 07:45:00,standard,29.02,62.3,361.9,0,12.8,1.52,14.1,28.42,54.1,-25.68,87.5,100.0,0,SIMULATED
2026-09-24 08:00:00,standard,29.26,61.2,409.5,4,13.71,1.85,14.1,29.65,54.42,-24.77,87.5,100.0,0,SIMULATED
2026-09-24 08:15:00,standard,29.5,60.1,455.5,5,14.72,3.21,14.1,32.02,54.7,-22.68,87.5,100.0,0,SIMULATED
2026-09-24 08:30:00,standard,29.75,59.0,499.6,15,15.88,3.99,14.1,33.96,55.02,-21.06,87.5,100.0,0,SIMULATED
2026-09-24 08:45:00,standard,30.0,57.9,541.8,18,16.79,5.09,14.1,35.98,55.34,-19.36,87.5,100.0,0,SIMULATED
2026-09-24 09:00:00,standard,30.24,56.8,581.9,45,17.53,6.0,14.1,37.63,55.64,-18.01,87.5,100.0,0,SIMULATED
2026-09-24 09:15:00,standard,30.48,55.7,619.6,48,17.77,6.0,14.1,37.87,55.93,-18.06,87.5,100.0,0,SIMULATED
2026-09-24 09:30:00,standard,30.72,54.6,654.9,70,18.33,6.6,14.1,39.03,56.24,-17.21,87.5,100.0,0,SIMULATED
2026-09-24 09:45:00,standard,30.96,53.5,687.7,68,18.44,6.6,14.1,39.14,56.51,-17.37,87.5,100.0,0,SIMULATED
2026-09-24 10:00:00,standard,31.19,52.5,717.7,79,18.8,6.42,14.1,39.32,56.82,-17.5,87.5,100.0,0,SIMULATED
2026-09-24 10:15:00,standard,31.41,51.5,744.9,76,18.86,6.42,14.1,39.38,57.1,-17.72,87.5,100.0,0,SIMULATED
2026-09-24 10:30:00,standard,31.62,50.5,769.1,69,18.55,5.82,14.1,38.47,57.36,-18.89,87.5,100.0,0,SIMULATED
2026-09-24 10:45:00,standard,31.83,49.6,790.3,70,18.68,5.82,14.1,38.6,57.62,-19.02,87.5,100.0,0,SIMULATED
2026-09-24 11:00:00,standard,32.03,48.7,808.4,74,18.83,5.82,14.1,38.75,57.87,-19.12,87.5,100.0,0,SIMULATED
2026-09-24 11:15:00,standard,32.22,47.8,823.3,74,18.92,5.82,14.1,38.84,58.1,-19.26,87.5,100.0,0,SIMULATED
2026-09-24 11:30:00,standard,32.4,47.0,834.9,79,19.38,6.42,14.1,39.9,58.31,-18.41,87.5,100.0,0,SIMULATED
2026-09-24 11:45:00,standard,32.57,46.2,843.3,65,18.89,5.82,14.1,38.81,58.53,-19.72,87.5,100.0,0,SIMULATED
2026-09-24 12:00:00,standard,32.73,45.5,848.3,93,19.9,6.6,14.1,40.6,58.74,-18.14,87.5,100.0,0,SIMULATED
2026-09-24 12:15:00,standard,32.87,44.9,850.0,93,19.97,6.6,14.1,40.67,58.92,-18.25,87.5,100.0,0,SIMULATED
2026-09-24 12:30:00,standard,33.0,44.3,848.3,74,19.62,6.0,14.1,39.72,59.07,-19.35,87.5,100.0,0,SIMULATED
2026-09-24 12:45:00,standard,33.11,43.8,843.3,73,19.68,6.0,14.1,39.78,59.22,-19.44,87.5,100.0,0,SIMULATED
2026-09-24 13:00:00,standard,33.21,43.3,834.9,64,19.69,6.0,14.1,39.79,59.34,-19.55,87.5,100.0,0,SIMULATED
2026-09-24 13:15:00,standard,33.3,42.9,823.3,65,19.67,6.0,14.1,39.77,59.46,-19.69,87.5,100.0,0,SIMULATED
2026-09-24 13:30:00,standard,33.37,42.6,808.4,76,20.18,6.6,14.1,40.88,59.54,-18.66,87.5,100.0,0,SIMULATED
2026-09-24 13:45:00,standard,33.43,42.3,790.3,72,20.21,6.6,14.1,40.91,59.62,-18.71,87.5,100.0,0,SIMULATED
2026-09-24 14:00:00,standard,33.47,42.1,769.1,72,19.64,6.5,14.1,40.24,59.67,-19.43,75.0,100.0,1,SIMULATED
2026-09-24 14:15:00,standard,33.49,42.0,744.9,70,19.61,6.5,14.1,40.21,59.7,-19.49,75.0,100.0,1,SIMULATED
2026-09-24 14:30:00,standard,33.5,42.0,717.7,72,19.65,6.5,14.1,40.25,59.7,-19.45,62.5,100.0,1,SIMULATED
2026-09-24 14:45:00,standard,33.49,42.0,687.7,72,19.61,6.5,14.1,40.21,59.7,-19.49,62.5,100.0,1,SIMULATED
2026-09-24 15:00:00,standard,33.47,42.1,654.9,70,19.45,5.82,14.1,39.37,59.67,-20.3,62.5,100.0,0,SIMULATED
2026-09-24 15:15:00,standard,33.43,42.3,619.6,70,19.44,5.82,14.1,39.36,59.62,-20.26,62.5,100.0,0,SIMULATED
2026-09-24 15:30:00,standard,33.37,42.6,581.9,69,19.41,6.0,14.1,39.51,59.54,-20.03,62.5,100.0,0,SIMULATED
2026-09-24 15:45:00,standard,33.3,42.9,541.8,72,19.44,6.0,14.1,39.54,59.46,-19.92,62.5,100.0,0,SIMULATED
2026-09-24 16:00:00,standard,33.21,43.3,499.6,70,19.33,6.0,14.1,39.43,59.34,-19.91,62.5,100.0,0,SIMULATED
2026-09-24 16:15:00,standard,33.11,43.8,455.5,70,19.32,6.0,14.1,39.42,59.22,-19.8,62.5,100.0,0,SIMULATED
2026-09-24 16:30:00,standard,33.0,44.3,409.5,78,19.67,6.6,14.1,40.37,59.07,-18.7,62.5,100.0,0,SIMULATED
2026-09-24 16:45:00,standard,32.87,44.9,361.9,80,19.61,6.6,14.1,40.31,58.92,-18.61,62.5,100.0,0,SIMULATED
2026-09-24 17:00:00,standard,32.73,45.5,312.9,65,18.88,6.6,14.1,39.58,58.74,-19.16,62.5,100.0,0,SIMULATED
2026-09-24 17:15:00,standard,32.57,46.2,262.7,64,18.6,6.6,14.1,39.3,58.53,-19.23,62.5,100.0,0,SIMULATED
2026-09-24 17:30:00,standard,32.4,47.0,211.4,58,17.93,6.0,14.1,38.03,58.31,-20.28,62.5,100.0,0,SIMULATED
2026-09-24 17:45:00,standard,32.22,47.8,159.3,52,17.6,6.0,14.1,37.7,58.1,-20.4,62.5,100.0,0,SIMULATED
2026-09-24 18:00:00,standard,32.03,48.7,106.5,52,17.41,6.0,14.1,37.51,57.87,-20.36,62.5,100.0,0,SIMULATED
2026-09-24 18:15:00,standard,31.83,49.6,53.4,50,17.1,6.0,14.1,37.2,57.62,-20.42,75.0,100.0,0,SIMULATED
2026-09-24 18:30:00,standard,31.62,50.5,0.0,40,16.44,5.09,14.1,35.63,57.36,-21.73,87.5,100.0,0,SIMULATED
2026-09-24 18:45:00,standard,31.41,51.5,0.0,33,16.0,5.09,14.1,35.19,57.1,-21.91,87.5,100.0,0,SIMULATED
2026-09-24 19:00:00,standard,31.19,52.5,0.0,23,15.15,3.98,14.1,33.23,56.82,-23.59,87.5,100.0,0,SIMULATED
2026-09-24 19:15:00,standard,30.96,53.5,0.0,17,14.77,3.98,14.1,32.85,56.51,-23.66,87.5,100.0,0,SIMULATED
2026-09-24 19:30:00,standard,30.72,54.6,0.0,10,13.81,2.62,14.1,30.53,56.24,-25.71,87.5,100.0,0,SIMULATED
2026-09-24 19:45:00,standard,30.48,55.7,0.0,8,13.31,2.62,14.1,30.03,55.93,-25.9,87.5,100.0,0,SIMULATED
2026-09-24 20:00:00,standard,30.24,56.8,0.0,5,12.57,1.6,14.1,28.27,55.64,-27.37,87.5,100.0,0,SIMULATED
2026-09-24 20:15:00,standard,30.0,57.9,0.0,3,12.1,1.6,14.1,27.8,55.34,-27.54,87.5,100.0,0,SIMULATED
2026-09-24 20:30:00,standard,29.75,59.0,0.0,0,11.32,0.24,14.1,25.66,55.02,-29.36,87.5,100.0,0,SIMULATED
2026-09-24 20:45:00,standard,29.5,60.1,0.0,0,10.97,0.24,14.1,25.31,54.7,-29.39,87.5,100.0,0,SIMULATED
2026-09-24 21:00:00,standard,29.26,61.2,0.0,0,10.64,0.24,14.1,24.98,54.42,-29.44,87.5,100.0,0,SIMULATED
2026-09-24 21:15:00,standard,29.02,62.3,0.0,0,10.32,0.24,14.1,24.66,54.1,-29.44,87.5,100.0,0,SIMULATED
2026-09-24 21:30:00,standard,28.78,63.4,0.0,0,10.04,0.24,14.1,24.38,53.8,-29.42,87.5,100.0,0,SIMULATED
2026-09-24 21:45:00,standard,28.54,64.5,0.0,0,9.76,0.24,14.1,24.1,53.49,-29.39,87.5,100.0,0,SIMULATED
2026-09-24 22:00:00,standard,28.31,65.5,0.0,0,9.5,0.24,14.1,23.84,53.22,-29.38,87.5,100.0,0,SIMULATED
2026-09-24 22:15:00,standard,28.09,66.5,0.0,0,9.23,0.24,14.1,23.57,52.94,-29.37,87.5,100.0,0,SIMULATED
2026-09-24 22:30:00,standard,27.88,67.5,0.0,0,9.01,0.24,14.1,23.35,52.82,-29.47,87.5,100.0,0,SIMULATED
2026-09-24 22:45:00,standard,27.67,68.4,0.0,0,8.81,0.24,14.1,23.15,52.82,-29.67,87.5,100.0,0,SIMULATED
2026-09-24 23:00:00,standard,27.47,69.3,0.0,0,8.59,0.24,14.1,22.93,52.82,-29.89,87.5,100.0,0,SIMULATED
2026-09-24 23:15:00,standard,27.28,70.2,0.0,0,8.4,0.24,14.1,22.74,52.82,-30.08,87.5,100.0,0,SIMULATED
2026-09-24 23:30:00,standard,27.1,71.0,0.0,0,8.24,0.24,14.1,22.58,52.82,-30.24,87.5,100.0,0,SIMULATED
2026-09-24 23:45:00,standard,26.93,71.8,0.0,0,8.07,0.24,14.1,22.41,52.82,-30.41,87.5,100.0,0,SIMULATED
2026-09-25 00:00:00,standard,26.77,72.5,0.0,0,7.9,0.24,14.1,22.24,52.82,-30.58,87.5,100.0,0,SIMULATED
2026-09-25 00:15:00,standard,26.63,73.1,0.0,0,7.79,0.24,14.1,22.13,52.82,-30.69,87.5,100.0,0,SIMULATED
2026-09-25 00:30:00,standard,26.5,73.7,0.0,0,7.65,0.24,14.1,21.99,52.82,-30.83,87.5,100.0,0,SIMULATED
2026-09-25 00:45:00,standard,26.39,74.2,0.0,0,7.55,0.24,14.1,21.89,52.82,-30.93,87.5,100.0,0,SIMULATED
2026-09-25 01:00:00,standard,26.29,74.7,0.0,0,7.45,0.24,14.1,21.79,52.82,-31.03,87.5,100.0,0,SIMULATED
2026-09-25 01:15:00,standard,26.2,75.1,0.0,0,7.35,0.24,14.1,21.69,52.82,-31.13,87.5,100.0,0,SIMULATED
2026-09-25 01:30:00,standard,26.13,75.4,0.0,0,7.28,0.24,14.1,21.62,52.82,-31.2,87.5,100.0,0,SIMULATED
2026-09-25 01:45:00,standard,26.07,75.7,0.0,0,7.2,0.24,14.1,21.54,52.82,-31.28,87.5,100.0,0,SIMULATED
2026-09-25 02:00:00,standard,26.03,75.9,0.0,0,7.15,0.24,14.1,21.49,52.82,-31.33,87.5,100.0,0,SIMULATED
2026-09-25 02:15:00,standard,26.01,76.0,0.0,0,7.11,0.24,14.1,21.45,52.82,-31.37,87.5,100.0,0,SIMULATED
2026-09-25 02:30:00,standard,26.0,76.0,0.0,0,7.08,0.24,14.1,21.42,52.82,-31.4,87.5,100.0,0,SIMULATED
2026-09-25 02:45:00,standard,26.01,76.0,0.0,0,7.06,0.24,14.1,21.4,52.82,-31.42,87.5,100.0,0,SIMULATED
2026-09-25 03:00:00,standard,26.03,75.9,0.0,0,7.04,0.24,14.1,21.38,52.82,-31.44,87.5,100.0,0,SIMULATED
2026-09-25 03:15:00,standard,26.07,75.7,0.0,0,7.03,0.24,14.1,21.37,52.82,-31.45,87.5,100.0,0,SIMULATED
2026-09-25 03:30:00,standard,26.13,75.4,0.0,0,7.05,0.24,14.1,21.39,52.82,-31.43,87.5,100.0,0,SIMULATED
2026-09-25 03:45:00,standard,26.2,75.1,0.0,0,7.07,0.24,14.1,21.41,52.82,-31.41,87.5,100.0,0,SIMULATED
2026-09-25 04:00:00,standard,26.29,74.7,0.0,0,7.11,0.24,14.1,21.45,52.82,-31.37,87.5,100.0,0,SIMULATED
2026-09-25 04:15:00,standard,26.39,74.2,0.0,0,7.14,0.24,14.1,21.48,52.82,-31.34,87.5,100.0,0,SIMULATED
2026-09-25 04:30:00,standard,26.5,73.7,0.0,0,7.18,0.24,14.1,21.52,52.82,-31.3,87.5,100.0,0,SIMULATED
2026-09-25 04:45:00,standard,26.63,73.1,0.0,0,7.24,0.24,14.1,21.58,52.82,-31.24,87.5,100.0,0,SIMULATED
2026-09-25 05:00:00,standard,26.77,72.5,0.0,0,7.28,0.24,14.1,21.62,52.82,-31.2,87.5,100.0,0,SIMULATED
2026-09-25 05:15:00,standard,26.93,71.8,0.0,0,7.36,0.24,14.1,21.7,52.82,-31.12,87.5,100.0,0,SIMULATED
2026-09-25 05:30:00,standard,27.1,71.0,0.0,0,7.46,0.24,14.1,21.8,52.82,-31.02,87.5,100.0,0,SIMULATED
2026-09-25 05:45:00,standard,27.28,70.2,0.0,0,7.53,0.24,14.1,21.87,52.82,-30.95,87.5,100.0,0,SIMULATED
2026-09-25 06:00:00,standard,27.47,69.3,0.0,0,7.63,0.24,14.1,21.97,52.82,-30.85,87.5,100.0,0,SIMULATED
2026-09-25 06:15:00,standard,27.67,68.4,53.4,0,8.32,0.24,14.1,22.66,52.82,-30.16,87.5,100.0,0,SIMULATED
2026-09-25 06:30:00,standard,27.88,67.5,106.5,0,9.01,0.24,14.1,23.35,52.82,-29.47,87.5,100.0,0,SIMULATED
2026-09-25 06:45:00,standard,28.09,66.5,159.3,0,9.7,0.24,14.1,24.04,52.94,-28.9,87.5,100.0,0,SIMULATED
2026-09-25 07:00:00,standard,28.31,65.5,211.4,0,10.7,1.52,14.1,26.33,53.22,-26.89,87.5,100.0,0,SIMULATED
2026-09-25 07:15:00,standard,28.54,64.5,262.7,0,11.4,1.52,14.1,27.03,53.49,-26.46,87.5,100.0,0,SIMULATED
2026-09-25 07:30:00,standard,28.78,63.4,312.9,0,12.11,1.52,14.1,27.72,53.8,-26.08,87.5,100.0,0,SIMULATED
2026-09-25 07:45:00,standard,29.02,62.3,361.9,0,12.8,1.52,14.1,28.42,54.1,-25.68,87.5,100.0,0,SIMULATED
2026-09-25 08:00:00,standard,29.26,61.2,409.5,2,13.65,1.85,14.1,29.59,54.42,-24.83,87.5,100.0,0,SIMULATED
2026-09-25 08:15:00,standard,29.5,60.1,455.5,5,14.72,3.21,14.1,32.02,54.7,-22.68,87.5,100.0,0,SIMULATED
2026-09-25 08:30:00,standard,29.75,59.0,499.6,11,15.75,3.99,14.1,33.83,55.02,-21.19,87.5,100.0,0,SIMULATED
2026-09-25 08:45:00,standard,30.0,57.9,541.8,18,16.77,5.09,14.1,35.96,55.34,-19.38,87.5,100.0,0,SIMULATED
2026-09-25 09:00:00,standard,30.24,56.8,581.9,45,17.53,6.0,14.1,37.63,55.64,-18.01,87.5,100.0,0,SIMULATED
2026-09-25 09:15:00,standard,30.48,55.7,619.6,48,17.7,6.0,14.1,37.8,55.93,-18.13,87.5,100.0,0,SIMULATED
2026-09-25 09:30:00,standard,30.72,54.6,654.9,67,18.27,6.6,14.1,38.97,56.24,-17.27,87.5,100.0,0,SIMULATED
2026-09-25 09:45:00,standard,30.96,53.5,687.7,70,18.43,6.6,14.1,39.13,56.51,-17.38,87.5,100.0,0,SIMULATED
2026-09-25 10:00:00,standard,31.19,52.5,717.7,75,18.73,6.42,14.1,39.25,56.82,-17.57,87.5,100.0,0,SIMULATED
2026-09-25 10:15:00,standard,31.41,51.5,744.9,77,18.86,6.42,14.1,39.38,57.1,-17.72,87.5,100.0,0,SIMULATED
2026-09-25 10:30:00,standard,31.62,50.5,769.1,68,18.55,5.82,14.1,38.47,57.36,-18.89,87.5,100.0,0,SIMULATED
2026-09-25 10:45:00,standard,31.83,49.6,790.3,70,18.62,5.82,14.1,38.54,57.62,-19.08,87.5,100.0,0,SIMULATED
2026-09-25 11:00:00,standard,32.03,48.7,808.4,73,18.83,5.82,14.1,38.75,57.87,-19.12,87.5,100.0,0,SIMULATED
2026-09-25 11:15:00,standard,32.22,47.8,823.3,71,18.89,5.82,14.1,38.81,58.1,-19.29,87.5,100.0,0,SIMULATED
2026-09-25 11:30:00,standard,32.4,47.0,834.9,78,19.38,6.42,14.1,39.9,58.31,-18.41,87.5,100.0,0,SIMULATED
2026-09-25 11:45:00,standard,32.57,46.2,843.3,66,18.89,5.82,14.1,38.81,58.53,-19.72,87.5,100.0,0,SIMULATED
2026-09-25 12:00:00,standard,32.73,45.5,848.3,92,19.84,6.6,14.1,40.54,58.74,-18.2,87.5,100.0,0,SIMULATED
2026-09-25 12:15:00,standard,32.87,44.9,850.0,91,19.96,6.6,14.1,40.66,58.92,-18.26,87.5,100.0,0,SIMULATED
2026-09-25 12:30:00,standard,33.0,44.3,848.3,72,19.58,6.0,14.1,39.68,59.07,-19.39,87.5,100.0,0,SIMULATED
2026-09-25 12:45:00,standard,33.11,43.8,843.3,71,19.64,6.0,14.1,39.74,59.22,-19.48,87.5,100.0,0,SIMULATED
2026-09-25 13:00:00,standard,33.21,43.3,834.9,66,19.73,6.0,14.1,39.83,59.34,-19.51,87.5,100.0,0,SIMULATED
2026-09-25 13:15:00,standard,33.3,42.9,823.3,65,19.74,6.0,14.1,39.84,59.46,-19.62,87.5,100.0,0,SIMULATED
2026-09-25 13:30:00,standard,33.37,42.6,808.4,73,20.14,6.6,14.1,40.84,59.54,-18.7,87.5,100.0,0,SIMULATED
2026-09-25 13:45:00,standard,33.43,42.3,790.3,73,20.18,6.6,14.1,40.88,59.62,-18.74,87.5,100.0,0,SIMULATED
2026-09-25 14:00:00,standard,33.47,42.1,769.1,70,19.64,6.5,14.1,40.24,59.67,-19.43,75.0,100.0,1,SIMULATED
2026-09-25 14:15:00,standard,33.49,42.0,744.9,73,19.64,6.5,14.1,40.24,59.7,-19.46,75.0,100.0,1,SIMULATED
2026-09-25 14:30:00,standard,33.5,42.0,717.7,73,19.65,6.5,14.1,40.25,59.7,-19.45,62.5,100.0,1,SIMULATED
2026-09-25 14:45:00,standard,33.49,42.0,687.7,72,19.61,6.5,14.1,40.21,59.7,-19.49,62.5,100.0,1,SIMULATED
2026-09-25 15:00:00,standard,33.47,42.1,654.9,71,19.45,5.82,14.1,39.37,59.67,-20.3,62.5,100.0,0,SIMULATED
2026-09-25 15:15:00,standard,33.43,42.3,619.6,72,19.47,5.82,14.1,39.39,59.62,-20.23,62.5,100.0,0,SIMULATED
2026-09-25 15:30:00,standard,33.37,42.6,581.9,72,19.41,6.0,14.1,39.51,59.54,-20.03,62.5,100.0,0,SIMULATED
2026-09-25 15:45:00,standard,33.3,42.9,541.8,70,19.41,6.0,14.1,39.51,59.46,-19.95,62.5,100.0,0,SIMULATED
2026-09-25 16:00:00,standard,33.21,43.3,499.6,71,19.4,6.0,14.1,39.5,59.34,-19.84,62.5,100.0,0,SIMULATED
2026-09-25 16:15:00,standard,33.11,43.8,455.5,72,19.32,6.0,14.1,39.42,59.22,-19.8,62.5,100.0,0,SIMULATED
2026-09-25 16:30:00,standard,33.0,44.3,409.5,78,19.71,6.6,14.1,40.41,59.07,-18.66,62.5,100.0,0,SIMULATED
2026-09-25 16:45:00,standard,32.87,44.9,361.9,80,19.63,6.6,14.1,40.33,58.92,-18.59,62.5,100.0,0,SIMULATED
2026-09-25 17:00:00,standard,32.73,45.5,312.9,66,18.93,6.6,14.1,39.63,58.74,-19.11,62.5,100.0,0,SIMULATED
2026-09-25 17:15:00,standard,32.57,46.2,262.7,65,18.64,6.6,14.1,39.34,58.53,-19.19,62.5,100.0,0,SIMULATED
2026-09-25 17:30:00,standard,32.4,47.0,211.4,59,17.95,6.0,14.1,38.05,58.31,-20.26,62.5,100.0,0,SIMULATED
2026-09-25 17:45:00,standard,32.22,47.8,159.3,53,17.63,6.0,14.1,37.73,58.1,-20.37,62.5,100.0,0,SIMULATED
2026-09-25 18:00:00,standard,32.03,48.7,106.5,51,17.37,6.0,14.1,37.47,57.87,-20.4,62.5,100.0,0,SIMULATED
2026-09-25 18:15:00,standard,31.83,49.6,53.4,47,17.03,6.0,14.1,37.13,57.62,-20.49,75.0,100.0,0,SIMULATED
2026-09-25 18:30:00,standard,31.62,50.5,0.0,41,16.45,5.09,14.1,35.64,57.36,-21.72,87.5,100.0,0,SIMULATED
2026-09-25 18:45:00,standard,31.41,51.5,0.0,34,16.01,5.09,14.1,35.2,57.1,-21.9,87.5,100.0,0,SIMULATED
2026-09-25 19:00:00,standard,31.19,52.5,0.0,21,15.13,3.98,14.1,33.21,56.82,-23.61,87.5,100.0,0,SIMULATED
2026-09-25 19:15:00,standard,30.96,53.5,0.0,15,14.74,3.98,14.1,32.82,56.51,-23.69,87.5,100.0,0,SIMULATED
2026-09-25 19:30:00,standard,30.72,54.6,0.0,10,13.81,2.62,14.1,30.53,56.24,-25.71,87.5,100.0,0,SIMULATED
2026-09-25 19:45:00,standard,30.48,55.7,0.0,8,13.31,2.62,14.1,30.03,55.93,-25.9,87.5,100.0,0,SIMULATED
2026-09-25 20:00:00,standard,30.24,56.8,0.0,5,12.57,1.6,14.1,28.27,55.64,-27.37,87.5,100.0,0,SIMULATED
2026-09-25 20:15:00,standard,30.0,57.9,0.0,3,12.1,1.6,14.1,27.8,55.34,-27.54,87.5,100.0,0,SIMULATED
2026-09-25 20:30:00,standard,29.75,59.0,0.0,0,11.33,0.24,14.1,25.67,55.02,-29.35,87.5,100.0,0,SIMULATED
2026-09-25 20:45:00,standard,29.5,60.1,0.0,0,10.98,0.24,14.1,25.32,54.7,-29.38,87.5,100.0,0,SIMULATED
2026-09-25 21:00:00,standard,29.26,61.2,0.0,0,10.65,0.24,14.1,24.99,54.42,-29.43,87.5,100.0,0,SIMULATED
2026-09-25 21:15:00,standard,29.02,62.3,0.0,0,10.33,0.24,14.1,24.67,54.1,-29.43,87.5,100.0,0,SIMULATED
2026-09-25 21:30:00,standard,28.78,63.4,0.0,0,10.05,0.24,14.1,24.39,53.8,-29.41,87.5,100.0,0,SIMULATED
2026-09-25 21:45:00,standard,28.54,64.5,0.0,0,9.76,0.24,14.1,24.1,53.49,-29.39,87.5,100.0,0,SIMULATED
2026-09-25 22:00:00,standard,28.31,65.5,0.0,0,9.51,0.24,14.1,23.85,53.22,-29.37,87.5,100.0,0,SIMULATED
2026-09-25 22:15:00,standard,28.09,66.5,0.0,0,9.24,0.24,14.1,23.58,52.94,-29.36,87.5,100.0,0,SIMULATED
2026-09-25 22:30:00,standard,27.88,67.5,0.0,0,9.02,0.24,14.1,23.36,52.82,-29.46,87.5,100.0,0,SIMULATED
2026-09-25 22:45:00,standard,27.67,68.4,0.0,0,8.82,0.24,14.1,23.16,52.82,-29.66,87.5,100.0,0,SIMULATED
2026-09-25 23:00:00,standard,27.47,69.3,0.0,0,8.6,0.24,14.1,22.94,52.82,-29.88,87.5,100.0,0,SIMULATED
2026-09-25 23:15:00,standard,27.28,70.2,0.0,0,8.41,0.24,14.1,22.75,52.82,-30.07,87.5,100.0,0,SIMULATED
2026-09-25 23:30:00,standard,27.1,71.0,0.0,0,8.25,0.24,14.1,22.59,52.82,-30.23,87.5,100.0,0,SIMULATED
2026-09-25 23:45:00,standard,26.93,71.8,0.0,0,8.08,0.24,14.1,22.42,52.82,-30.4,87.5,100.0,0,SIMULATED
2026-09-26 00:00:00,standard,26.77,72.5,0.0,0,7.91,0.24,14.1,22.25,52.82,-30.57,87.5,100.0,0,SIMULATED
2026-09-26 00:15:00,standard,26.63,73.1,0.0,0,7.8,0.24,14.1,22.14,52.82,-30.68,87.5,100.0,0,SIMULATED
2026-09-26 00:30:00,standard,26.5,73.7,0.0,0,7.66,0.24,14.1,22.0,52.82,-30.82,87.5,100.0,0,SIMULATED
2026-09-26 00:45:00,standard,26.39,74.2,0.0,0,7.56,0.24,14.1,21.9,52.82,-30.92,87.5,100.0,0,SIMULATED
2026-09-26 01:00:00,standard,26.29,74.7,0.0,0,7.46,0.24,14.1,21.8,52.82,-31.02,87.5,100.0,0,SIMULATED
2026-09-26 01:15:00,standard,26.2,75.1,0.0,0,7.36,0.24,14.1,21.7,52.82,-31.12,87.5,100.0,0,SIMULATED
2026-09-26 01:30:00,standard,26.13,75.4,0.0,0,7.29,0.24,14.1,21.63,52.82,-31.19,87.5,100.0,0,SIMULATED
2026-09-26 01:45:00,standard,26.07,75.7,0.0,0,7.21,0.24,14.1,21.55,52.82,-31.27,87.5,100.0,0,SIMULATED
2026-09-26 02:00:00,standard,26.03,75.9,0.0,0,7.16,0.24,14.1,21.5,52.82,-31.32,87.5,100.0,0,SIMULATED
2026-09-26 02:15:00,standard,26.01,76.0,0.0,0,7.12,0.24,14.1,21.46,52.82,-31.36,87.5,100.0,0,SIMULATED
2026-09-26 02:30:00,standard,26.0,76.0,0.0,0,7.09,0.24,14.1,21.43,52.82,-31.39,87.5,100.0,0,SIMULATED
2026-09-26 02:45:00,standard,26.01,76.0,0.0,0,7.07,0.24,14.1,21.41,52.82,-31.41,87.5,100.0,0,SIMULATED
2026-09-26 03:00:00,standard,26.03,75.9,0.0,0,7.05,0.24,14.1,21.39,52.82,-31.43,87.5,100.0,0,SIMULATED
2026-09-26 03:15:00,standard,26.07,75.7,0.0,0,7.04,0.24,14.1,21.38,52.82,-31.44,87.5,100.0,0,SIMULATED
2026-09-26 03:30:00,standard,26.13,75.4,0.0,0,7.06,0.24,14.1,21.4,52.82,-31.42,87.5,100.0,0,SIMULATED
2026-09-26 03:45:00,standard,26.2,75.1,0.0,0,7.08,0.24,14.1,21.42,52.82,-31.4,87.5,100.0,0,SIMULATED
2026-09-26 04:00:00,standard,26.29,74.7,0.0,0,7.12,0.24,14.1,21.46,52.82,-31.36,87.5,100.0,0,SIMULATED
2026-09-26 04:15:00,standard,26.39,74.2,0.0,0,7.15,0.24,14.1,21.49,52.82,-31.33,87.5,100.0,0,SIMULATED
2026-09-26 04:30:00,standard,26.5,73.7,0.0,0,7.19,0.24,14.1,21.53,52.82,-31.29,87.5,100.0,0,SIMULATED
2026-09-26 04:45:00,standard,26.63,73.1,0.0,0,7.25,0.24,14.1,21.59,52.82,-31.23,87.5,100.0,0,SIMULATED
2026-09-26 05:00:00,standard,26.77,72.5,0.0,0,7.29,0.24,14.1,21.63,52.82,-31.19,87.5,100.0,0,SIMULATED
2026-09-26 05:15:00,standard,26.93,71.8,0.0,0,7.37,0.24,14.1,21.71,52.82,-31.11,87.5,100.0,0,SIMULATED
2026-09-26 05:30:00,standard,27.1,71.0,0.0,0,7.47,0.24,14.1,21.81,52.82,-31.01,87.5,100.0,0,SIMULATED
2026-09-26 05:45:00,standard,27.28,70.2,0.0,0,7.54,0.24,14.1,21.88,52.82,-30.94,87.5,100.0,0,SIMULATED
2026-09-26 06:00:00,standard,27.47,69.3,0.0,0,7.63,0.24,14.1,21.97,52.82,-30.85,87.5,100.0,0,SIMULATED
2026-09-26 06:15:00,standard,27.67,68.4,53.4,0,8.33,0.24,14.1,22.67,52.82,-30.15,87.5,100.0,0,SIMULATED
2026-09-26 06:30:00,standard,27.88,67.5,106.5,0,9.02,0.24,14.1,23.36,52.82,-29.46,87.5,100.0,0,SIMULATED
2026-09-26 06:45:00,standard,28.09,66.5,159.3,0,9.71,0.24,14.1,24.05,52.94,-28.89,87.5,100.0,0,SIMULATED
2026-09-26 07:00:00,standard,28.31,65.5,211.4,0,10.7,1.52,14.1,26.33,53.22,-26.89,87.5,100.0,0,SIMULATED
2026-09-26 07:15:00,standard,28.54,64.5,262.7,0,11.4,1.52,14.1,27.03,53.49,-26.46,87.5,100.0,0,SIMULATED
2026-09-26 07:30:00,standard,28.78,63.4,312.9,0,12.11,1.52,14.1,27.72,53.8,-26.08,87.5,100.0,0,SIMULATED
2026-09-26 07:45:00,standard,29.02,62.3,361.9,0,12.8,1.52,14.1,28.42,54.1,-25.68,87.5,100.0,0,SIMULATED
2026-09-26 08:00:00,standard,29.26,61.2,409.5,0,13.51,1.52,14.1,29.12,54.42,-25.3,87.5,100.0,0,SIMULATED
2026-09-26 08:15:00,standard,29.5,60.1,455.5,0,14.18,1.52,14.1,29.79,54.7,-24.91,87.5,100.0,0,SIMULATED
2026-09-26 08:30:00,standard,29.75,59.0,499.6,0,14.85,1.52,14.1,30.47,55.02,-24.55,87.5,100.0,0,SIMULATED
2026-09-26 08:45:00,standard,30.0,57.9,541.8,0,15.5,1.52,14.1,31.12,55.34,-24.22,87.5,100.0,0,SIMULATED
2026-09-26 09:00:00,standard,30.24,56.8,581.9,2,16.24,1.85,14.1,32.18,55.64,-23.46,87.5,100.0,0,SIMULATED
2026-09-26 09:15:00,standard,30.48,55.7,619.6,1,16.81,1.85,14.1,32.76,55.93,-23.17,87.5,100.0,0,SIMULATED
2026-09-26 09:30:00,standard,30.72,54.6,654.9,2,17.07,1.85,14.1,33.02,56.24,-23.22,87.5,100.0,0,SIMULATED
2026-09-26 09:45:00,standard,30.96,53.5,687.7,1,17.25,1.85,14.1,33.19,56.51,-23.32,87.5,100.0,0,SIMULATED
2026-09-26 10:00:00,standard,31.19,52.5,717.7,4,17.44,4.31,14.1,35.85,56.82,-20.97,87.5,100.0,0,SIMULATED
2026-09-26 10:15:00,standard,31.41,51.5,744.9,6,17.64,4.31,14.1,36.05,57.1,-21.05,87.5,100.0,0,SIMULATED
2026-09-26 10:30:00,standard,31.62,50.5,769.1,6,17.78,4.31,14.1,36.19,57.36,-21.17,87.5,100.0,0,SIMULATED
2026-09-26 10:45:00,standard,31.83,49.6,790.3,5,17.95,4.31,14.1,36.36,57.62,-21.26,87.5,100.0,0,SIMULATED
2026-09-26 11:00:00,standard,32.03,48.7,808.4,6,18.09,4.31,14.1,36.5,57.87,-21.37,87.5,100.0,0,SIMULATED
2026-09-26 11:15:00,standard,32.22,47.8,823.3,6,18.22,4.31,14.1,36.63,58.1,-21.47,87.5,100.0,0,SIMULATED
2026-09-26 11:30:00,standard,32.4,47.0,834.9,4,18.35,4.31,14.1,36.76,58.31,-21.55,87.5,100.0,0,SIMULATED
2026-09-26 11:45:00,standard,32.57,46.2,843.3,6,18.43,4.31,14.1,36.84,58.53,-21.69,87.5,100.0,0,SIMULATED
2026-09-26 12:00:00,standard,32.73,45.5,848.3,7,18.54,4.31,14.1,36.95,58.74,-21.79,87.5,100.0,0,SIMULATED
2026-09-26 12:15:00,standard,32.87,44.9,850.0,5,18.56,4.31,14.1,36.97,58.92,-21.95,87.5,100.0,0,SIMULATED
2026-09-26 12:30:00,standard,33.0,44.3,848.3,5,18.62,4.31,14.1,37.03,59.07,-22.04,87.5,100.0,0,SIMULATED
2026-09-26 12:45:00,standard,33.11,43.8,843.3,5,18.67,4.31,14.1,37.08,59.22,-22.14,87.5,100.0,0,SIMULATED
2026-09-26 13:00:00,standard,33.21,43.3,834.9,6,18.73,4.31,14.1,37.14,59.34,-22.2,87.5,100.0,0,SIMULATED
2026-09-26 13:15:00,standard,33.3,42.9,823.3,7,18.8,4.31,14.1,37.21,59.46,-22.25,87.5,100.0,0,SIMULATED
2026-09-26 13:30:00,standard,33.37,42.6,808.4,6,18.78,4.31,14.1,37.19,59.54,-22.35,87.5,100.0,0,SIMULATED
2026-09-26 13:45:00,standard,33.43,42.3,790.3,5,18.79,4.31,14.1,37.2,59.62,-22.42,87.5,100.0,0,SIMULATED
2026-09-26 14:00:00,standard,33.47,42.1,769.1,5,18.75,4.31,14.1,37.16,59.67,-22.51,87.5,100.0,0,SIMULATED
2026-09-26 14:15:00,standard,33.49,42.0,744.9,3,18.57,3.98,14.1,36.66,59.7,-23.04,87.5,100.0,0,SIMULATED
2026-09-26 14:30:00,standard,33.5,42.0,717.7,5,18.5,3.98,14.1,36.59,59.7,-23.11,87.5,100.0,0,SIMULATED
2026-09-26 14:45:00,standard,33.49,42.0,687.7,5,18.42,3.98,14.1,36.51,59.7,-23.19,87.5,100.0,0,SIMULATED
2026-09-26 15:00:00,standard,33.47,42.1,654.9,4,18.34,3.98,14.1,36.43,59.67,-23.24,87.5,100.0,0,SIMULATED
2026-09-26 15:15:00,standard,33.43,42.3,619.6,5,18.23,3.98,14.1,36.32,59.62,-23.3,87.5,100.0,0,SIMULATED
2026-09-26 15:30:00,standard,33.37,42.6,581.9,5,18.07,3.98,14.1,36.15,59.54,-23.39,87.5,100.0,0,SIMULATED
2026-09-26 15:45:00,standard,33.3,42.9,541.8,5,17.95,3.98,14.1,36.03,59.46,-23.43,87.5,100.0,0,SIMULATED
2026-09-26 16:00:00,standard,33.21,43.3,499.6,4,17.79,3.98,14.1,35.87,59.34,-23.47,87.5,100.0,0,SIMULATED
2026-09-26 16:15:00,standard,33.11,43.8,455.5,0,17.61,1.52,14.1,33.24,59.22,-25.98,87.5,100.0,0,SIMULATED
2026-09-26 16:30:00,standard,33.0,44.3,409.5,0,17.44,1.52,14.1,33.07,59.07,-26.0,87.5,100.0,0,SIMULATED
2026-09-26 16:45:00,standard,32.87,44.9,361.9,0,17.25,1.52,14.1,32.87,58.92,-26.05,87.5,100.0,0,SIMULATED
2026-09-26 17:00:00,standard,32.73,45.5,312.9,0,17.06,1.52,14.1,32.69,58.74,-26.05,87.5,100.0,0,SIMULATED
2026-09-26 17:15:00,standard,32.57,46.2,262.7,0,16.77,1.52,14.1,32.38,58.53,-26.15,87.5,100.0,0,SIMULATED
2026-09-26 17:30:00,standard,32.4,47.0,211.4,0,15.93,1.52,14.1,31.54,58.31,-26.77,87.5,100.0,0,SIMULATED
2026-09-26 17:45:00,standard,32.22,47.8,159.3,0,15.0,1.52,14.1,30.61,58.1,-27.49,87.5,100.0,0,SIMULATED
2026-09-26 18:00:00,standard,32.03,48.7,106.5,0,14.04,1.52,14.1,29.66,57.87,-28.21,87.5,100.0,0,SIMULATED
2026-09-26 18:15:00,standard,31.83,49.6,53.4,0,13.1,1.52,14.1,28.71,57.62,-28.91,87.5,100.0,0,SIMULATED
2026-09-26 18:30:00,standard,31.62,50.5,0.0,0,12.17,1.52,14.1,27.77,57.36,-29.59,87.5,100.0,0,SIMULATED
2026-09-26 18:45:00,standard,31.41,51.5,0.0,0,11.88,1.52,14.1,27.49,57.1,-29.61,87.5,100.0,0,SIMULATED
2026-09-26 19:00:00,standard,31.19,52.5,0.0,0,11.61,1.52,14.1,27.23,56.82,-29.59,87.5,100.0,0,SIMULATED
2026-09-26 19:15:00,standard,30.96,53.5,0.0,0,11.35,1.52,14.1,26.97,56.51,-29.54,87.5,100.0,0,SIMULATED
2026-09-26 19:30:00,standard,30.72,54.6,0.0,0,11.09,1.52,14.1,26.71,56.24,-29.53,87.5,100.0,0,SIMULATED
2026-09-26 19:45:00,standard,30.48,55.7,0.0,0,10.83,1.52,14.1,26.44,55.93,-29.49,87.5,100.0,0,SIMULATED
2026-09-26 20:00:00,standard,30.24,56.8,0.0,0,10.29,0.24,14.1,24.63,55.64,-31.01,87.5,100.0,0,SIMULATED
2026-09-26 20:15:00,standard,30.0,57.9,0.0,0,10.05,0.24,14.1,24.39,55.34,-30.95,87.5,100.0,0,SIMULATED
2026-09-26 20:30:00,standard,29.75,59.0,0.0,0,9.82,0.24,14.1,24.16,55.02,-30.86,87.5,100.0,0,SIMULATED
2026-09-26 20:45:00,standard,29.5,60.1,0.0,0,9.6,0.24,14.1,23.94,54.7,-30.76,87.5,100.0,0,SIMULATED
2026-09-26 21:00:00,standard,29.26,61.2,0.0,0,9.37,0.24,14.1,23.71,54.42,-30.71,87.5,100.0,0,SIMULATED
2026-09-26 21:15:00,standard,29.02,62.3,0.0,0,9.17,0.24,14.1,23.51,54.1,-30.59,87.5,100.0,0,SIMULATED
2026-09-26 21:30:00,standard,28.78,63.4,0.0,0,8.99,0.24,14.1,23.33,53.8,-30.47,87.5,100.0,0,SIMULATED
2026-09-26 21:45:00,standard,28.54,64.5,0.0,0,8.78,0.24,14.1,23.12,53.49,-30.37,87.5,100.0,0,SIMULATED
2026-09-26 22:00:00,standard,28.31,65.5,0.0,0,8.61,0.24,14.1,22.95,53.22,-30.27,87.5,100.0,0,SIMULATED
2026-09-26 22:15:00,standard,28.09,66.5,0.0,0,8.43,0.24,14.1,22.77,52.94,-30.17,87.5,100.0,0,SIMULATED
2026-09-26 22:30:00,standard,27.88,67.5,0.0,0,8.27,0.24,14.1,22.61,52.82,-30.21,87.5,100.0,0,SIMULATED
2026-09-26 22:45:00,standard,27.67,68.4,0.0,0,8.13,0.24,14.1,22.47,52.82,-30.35,87.5,100.0,0,SIMULATED
2026-09-26 23:00:00,standard,27.47,69.3,0.0,0,7.96,0.24,14.1,22.3,52.82,-30.52,87.5,100.0,0,SIMULATED
2026-09-26 23:15:00,standard,27.28,70.2,0.0,0,7.82,0.24,14.1,22.16,52.82,-30.66,87.5,100.0,0,SIMULATED
2026-09-26 23:30:00,standard,27.1,71.0,0.0,0,7.71,0.24,14.1,22.05,52.82,-30.77,87.5,100.0,0,SIMULATED
2026-09-26 23:45:00,standard,26.93,71.8,0.0,0,7.57,0.24,14.1,21.91,52.82,-30.91,87.5,100.0,0,SIMULATED
2026-09-27 00:00:00,standard,26.77,72.5,0.0,0,7.45,0.24,14.1,21.79,52.82,-31.03,87.5,100.0,0,SIMULATED
2026-09-27 00:15:00,standard,26.63,73.1,0.0,0,7.37,0.24,14.1,21.71,52.82,-31.11,87.5,100.0,0,SIMULATED
2026-09-27 00:30:00,standard,26.5,73.7,0.0,0,7.26,0.24,14.1,21.6,52.82,-31.22,87.5,100.0,0,SIMULATED
2026-09-27 00:45:00,standard,26.39,74.2,0.0,0,7.2,0.24,14.1,21.54,52.82,-31.28,87.5,100.0,0,SIMULATED
2026-09-27 01:00:00,standard,26.29,74.7,0.0,0,7.13,0.24,14.1,21.47,52.82,-31.35,87.5,100.0,0,SIMULATED
2026-09-27 01:15:00,standard,26.2,75.1,0.0,0,7.05,0.24,14.1,21.39,52.82,-31.43,87.5,100.0,0,SIMULATED
2026-09-27 01:30:00,standard,26.13,75.4,0.0,0,7.0,0.24,14.1,21.34,52.82,-31.48,87.5,100.0,0,SIMULATED
2026-09-27 01:45:00,standard,26.07,75.7,0.0,0,6.95,0.24,14.1,21.29,52.82,-31.53,87.5,100.0,0,SIMULATED
2026-09-27 02:00:00,standard,26.03,75.9,0.0,0,6.92,0.24,14.1,21.26,52.82,-31.56,87.5,100.0,0,SIMULATED
2026-09-27 02:15:00,standard,26.01,76.0,0.0,0,6.89,0.24,14.1,21.23,52.82,-31.59,87.5,100.0,0,SIMULATED
2026-09-27 02:30:00,standard,26.0,76.0,0.0,0,6.87,0.24,14.1,21.21,52.82,-31.61,87.5,100.0,0,SIMULATED
2026-09-27 02:45:00,standard,26.01,76.0,0.0,0,6.87,0.24,14.1,21.21,52.82,-31.61,87.5,100.0,0,SIMULATED
2026-09-27 03:00:00,standard,26.03,75.9,0.0,0,6.86,0.24,14.1,21.2,52.82,-31.62,87.5,100.0,0,SIMULATED
2026-09-27 03:15:00,standard,26.07,75.7,0.0,0,6.87,0.24,14.1,21.21,52.82,-31.61,87.5,100.0,0,SIMULATED
2026-09-27 03:30:00,standard,26.13,75.4,0.0,0,6.9,0.24,14.1,21.24,52.82,-31.58,87.5,100.0,0,SIMULATED
2026-09-27 03:45:00,standard,26.2,75.1,0.0,0,6.93,0.24,14.1,21.27,52.82,-31.55,87.5,100.0,0,SIMULATED
2026-09-27 04:00:00,standard,26.29,74.7,0.0,0,6.97,0.24,14.1,21.31,52.82,-31.51,87.5,100.0,0,SIMULATED
2026-09-27 04:15:00,standard,26.39,74.2,0.0,0,7.03,0.24,14.1,21.37,52.82,-31.45,87.5,100.0,0,SIMULATED
2026-09-27 04:30:00,standard,26.5,73.7,0.0,0,7.07,0.24,14.1,21.41,52.82,-31.41,87.5,100.0,0,SIMULATED
2026-09-27 04:45:00,standard,26.63,73.1,0.0,0,7.15,0.24,14.1,21.49,52.82,-31.33,87.5,100.0,0,SIMULATED
2026-09-27 05:00:00,standard,26.77,72.5,0.0,0,7.21,0.24,14.1,21.55,52.82,-31.27,87.5,100.0,0,SIMULATED
2026-09-27 05:15:00,standard,26.93,71.8,0.0,0,7.31,0.24,14.1,21.65,52.82,-31.17,87.5,100.0,0,SIMULATED
2026-09-27 05:30:00,standard,27.1,71.0,0.0,0,7.42,0.24,14.1,21.76,52.82,-31.06,87.5,100.0,0,SIMULATED
2026-09-27 05:45:00,standard,27.28,70.2,0.0,0,7.49,0.24,14.1,21.83,52.82,-30.99,87.5,100.0,0,SIMULATED
2026-09-27 06:00:00,standard,27.47,69.3,0.0,0,7.6,0.24,14.1,21.94,52.82,-30.88,87.5,100.0,0,SIMULATED
2026-09-27 06:15:00,standard,27.67,68.4,53.4,0,8.31,0.24,14.1,22.65,52.82,-30.17,87.5,100.0,0,SIMULATED
2026-09-27 06:30:00,standard,27.88,67.5,106.5,0,9.0,0.24,14.1,23.34,52.82,-29.48,87.5,100.0,0,SIMULATED
2026-09-27 06:45:00,standard,28.09,66.5,159.3,0,9.7,0.24,14.1,24.04,52.94,-28.9,87.5,100.0,0,SIMULATED
2026-09-27 07:00:00,standard,28.31,65.5,211.4,0,10.7,1.52,14.1,26.33,53.22,-26.89,87.5,100.0,0,SIMULATED
2026-09-27 07:15:00,standard,28.54,64.5,262.7,0,11.4,1.52,14.1,27.03,53.49,-26.46,87.5,100.0,0,SIMULATED
2026-09-27 07:30:00,standard,28.78,63.4,312.9,0,12.11,1.52,14.1,27.72,53.8,-26.08,87.5,100.0,0,SIMULATED
2026-09-27 07:45:00,standard,29.02,62.3,361.9,0,12.8,1.52,14.1,28.42,54.1,-25.68,87.5,100.0,0,SIMULATED
2026-09-27 08:00:00,standard,29.26,61.2,409.5,0,13.51,1.52,14.1,29.12,54.42,-25.3,87.5,100.0,0,SIMULATED
2026-09-27 08:15:00,standard,29.5,60.1,455.5,0,14.18,1.52,14.1,29.79,54.7,-24.91,87.5,100.0,0,SIMULATED
2026-09-27 08:30:00,standard,29.75,59.0,499.6,0,14.85,1.52,14.1,30.47,55.02,-24.55,87.5,100.0,0,SIMULATED
2026-09-27 08:45:00,standard,30.0,57.9,541.8,0,15.5,1.52,14.1,31.12,55.34,-24.22,87.5,100.0,0,SIMULATED
2026-09-27 09:00:00,standard,30.24,56.8,581.9,1,16.21,1.85,14.1,32.15,55.64,-23.49,87.5,100.0,0,SIMULATED
2026-09-27 09:15:00,standard,30.48,55.7,619.6,1,16.81,1.85,14.1,32.76,55.93,-23.17,87.5,100.0,0,SIMULATED
2026-09-27 09:30:00,standard,30.72,54.6,654.9,1,17.04,1.85,14.1,32.99,56.24,-23.25,87.5,100.0,0,SIMULATED
2026-09-27 09:45:00,standard,30.96,53.5,687.7,1,17.25,1.85,14.1,33.19,56.51,-23.32,87.5,100.0,0,SIMULATED
2026-09-27 10:00:00,standard,31.19,52.5,717.7,5,17.44,4.31,14.1,35.85,56.82,-20.97,87.5,100.0,0,SIMULATED
2026-09-27 10:15:00,standard,31.41,51.5,744.9,6,17.61,4.31,14.1,36.02,57.1,-21.08,87.5,100.0,0,SIMULATED
2026-09-27 10:30:00,standard,31.62,50.5,769.1,5,17.78,4.31,14.1,36.19,57.36,-21.17,87.5,100.0,0,SIMULATED
2026-09-27 10:45:00,standard,31.83,49.6,790.3,5,17.95,4.31,14.1,36.36,57.62,-21.26,87.5,100.0,0,SIMULATED
2026-09-27 11:00:00,standard,32.03,48.7,808.4,6,18.09,4.31,14.1,36.5,57.87,-21.37,87.5,100.0,0,SIMULATED
2026-09-27 11:15:00,standard,32.22,47.8,823.3,5,18.22,4.31,14.1,36.63,58.1,-21.47,87.5,100.0,0,SIMULATED
2026-09-27 11:30:00,standard,32.4,47.0,834.9,6,18.35,4.31,14.1,36.76,58.31,-21.55,87.5,100.0,0,SIMULATED
2026-09-27 11:45:00,standard,32.57,46.2,843.3,6,18.43,4.31,14.1,36.84,58.53,-21.69,87.5,100.0,0,SIMULATED
2026-09-27 12:00:00,standard,32.73,45.5,848.3,5,18.51,4.31,14.1,36.92,58.74,-21.82,87.5,100.0,0,SIMULATED
2026-09-27 12:15:00,standard,32.87,44.9,850.0,5,18.56,4.31,14.1,36.97,58.92,-21.95,87.5,100.0,0,SIMULATED
2026-09-27 12:30:00,standard,33.0,44.3,848.3,6,18.62,4.31,14.1,37.03,59.07,-22.04,87.5,100.0,0,SIMULATED
2026-09-27 12:45:00,standard,33.11,43.8,843.3,6,18.67,4.31,14.1,37.08,59.22,-22.14,87.5,100.0,0,SIMULATED
2026-09-27 13:00:00,standard,33.21,43.3,834.9,6,18.76,4.31,14.1,37.17,59.34,-22.17,87.5,100.0,0,SIMULATED
2026-09-27 13:15:00,standard,33.3,42.9,823.3,5,18.77,4.31,14.1,37.18,59.46,-22.28,87.5,100.0,0,SIMULATED
2026-09-27 13:30:00,standard,33.37,42.6,808.4,5,18.78,4.31,14.1,37.19,59.54,-22.35,87.5,100.0,0,SIMULATED
2026-09-27 13:45:00,standard,33.43,42.3,790.3,6,18.82,4.31,14.1,37.23,59.62,-22.39,87.5,100.0,0,SIMULATED
2026-09-27 14:00:00,standard,33.47,42.1,769.1,5,18.75,4.31,14.1,37.16,59.67,-22.51,87.5,100.0,0,SIMULATED
2026-09-27 14:15:00,standard,33.49,42.0,744.9,5,18.57,3.98,14.1,36.66,59.7,-23.04,87.5,100.0,0,SIMULATED
2026-09-27 14:30:00,standard,33.5,42.0,717.7,4,18.5,3.98,14.1,36.59,59.7,-23.11,87.5,100.0,0,SIMULATED
2026-09-27 14:45:00,standard,33.49,42.0,687.7,3,18.42,3.98,14.1,36.51,59.7,-23.19,87.5,100.0,0,SIMULATED
2026-09-27 15:00:00,standard,33.47,42.1,654.9,6,18.34,3.98,14.1,36.43,59.67,-23.24,87.5,100.0,0,SIMULATED
2026-09-27 15:15:00,standard,33.43,42.3,619.6,5,18.23,3.98,14.1,36.32,59.62,-23.3,87.5,100.0,0,SIMULATED
2026-09-27 15:30:00,standard,33.37,42.6,581.9,4,18.07,3.98,14.1,36.15,59.54,-23.39,87.5,100.0,0,SIMULATED
2026-09-27 15:45:00,standard,33.3,42.9,541.8,5,17.95,3.98,14.1,36.03,59.46,-23.43,87.5,100.0,0,SIMULATED
2026-09-27 16:00:00,standard,33.21,43.3,499.6,4,17.79,3.98,14.1,35.87,59.34,-23.47,87.5,100.0,0,SIMULATED
2026-09-27 16:15:00,standard,33.11,43.8,455.5,0,17.61,1.52,14.1,33.24,59.22,-25.98,87.5,100.0,0,SIMULATED
2026-09-27 16:30:00,standard,33.0,44.3,409.5,0,17.44,1.52,14.1,33.07,59.07,-26.0,87.5,100.0,0,SIMULATED
2026-09-27 16:45:00,standard,32.87,44.9,361.9,0,17.25,1.52,14.1,32.87,58.92,-26.05,87.5,100.0,0,SIMULATED
2026-09-27 17:00:00,standard,32.73,45.5,312.9,0,17.06,1.52,14.1,32.69,58.74,-26.05,87.5,100.0,0,SIMULATED
2026-09-27 17:15:00,standard,32.57,46.2,262.7,0,16.77,1.52,14.1,32.38,58.53,-26.15,87.5,100.0,0,SIMULATED
2026-09-27 17:30:00,standard,32.4,47.0,211.4,0,15.94,1.52,14.1,31.56,58.31,-26.75,87.5,100.0,0,SIMULATED
2026-09-27 17:45:00,standard,32.22,47.8,159.3,0,15.0,1.52,14.1,30.61,58.1,-27.49,87.5,100.0,0,SIMULATED
2026-09-27 18:00:00,standard,32.03,48.7,106.5,0,14.04,1.52,14.1,29.66,57.87,-28.21,87.5,100.0,0,SIMULATED
2026-09-27 18:15:00,standard,31.83,49.6,53.4,0,13.1,1.52,14.1,28.71,57.62,-28.91,87.5,100.0,0,SIMULATED
2026-09-27 18:30:00,standard,31.62,50.5,0.0,0,12.17,1.52,14.1,27.77,57.36,-29.59,87.5,100.0,0,SIMULATED
2026-09-27 18:45:00,standard,31.41,51.5,0.0,0,11.88,1.52,14.1,27.49,57.1,-29.61,87.5,100.0,0,SIMULATED
2026-09-27 19:00:00,standard,31.19,52.5,0.0,0,11.61,1.52,14.1,27.23,56.82,-29.59,87.5,100.0,0,SIMULATED
2026-09-27 19:15:00,standard,30.96,53.5,0.0,0,11.35,1.52,14.1,26.97,56.51,-29.54,87.5,100.0,0,SIMULATED
2026-09-27 19:30:00,standard,30.72,54.6,0.0,0,11.09,1.52,14.1,26.71,56.24,-29.53,87.5,100.0,0,SIMULATED
2026-09-27 19:45:00,standard,30.48,55.7,0.0,0,10.83,1.52,14.1,26.44,55.93,-29.49,87.5,100.0,0,SIMULATED
2026-09-27 20:00:00,standard,30.24,56.8,0.0,0,10.29,0.24,14.1,24.63,55.64,-31.01,87.5,100.0,0,SIMULATED
2026-09-27 20:15:00,standard,30.0,57.9,0.0,0,10.05,0.24,14.1,24.39,55.34,-30.95,87.5,100.0,0,SIMULATED
2026-09-27 20:30:00,standard,29.75,59.0,0.0,0,9.82,0.24,14.1,24.16,55.02,-30.86,87.5,100.0,0,SIMULATED
2026-09-27 20:45:00,standard,29.5,60.1,0.0,0,9.6,0.24,14.1,23.94,54.7,-30.76,87.5,100.0,0,SIMULATED
2026-09-27 21:00:00,standard,29.26,61.2,0.0,0,9.37,0.24,14.1,23.71,54.42,-30.71,87.5,100.0,0,SIMULATED
2026-09-27 21:15:00,standard,29.02,62.3,0.0,0,9.17,0.24,14.1,23.51,54.1,-30.59,87.5,100.0,0,SIMULATED
2026-09-27 21:30:00,standard,28.78,63.4,0.0,0,8.99,0.24,14.1,23.33,53.8,-30.47,87.5,100.0,0,SIMULATED
2026-09-27 21:45:00,standard,28.54,64.5,0.0,0,8.78,0.24,14.1,23.12,53.49,-30.37,87.5,100.0,0,SIMULATED
2026-09-27 22:00:00,standard,28.31,65.5,0.0,0,8.61,0.24,14.1,22.95,53.22,-30.27,87.5,100.0,0,SIMULATED
2026-09-27 22:15:00,standard,28.09,66.5,0.0,0,8.43,0.24,14.1,22.77,52.94,-30.17,87.5,100.0,0,SIMULATED
2026-09-27 22:30:00,standard,27.88,67.5,0.0,0,8.27,0.24,14.1,22.61,52.82,-30.21,87.5,100.0,0,SIMULATED
2026-09-27 22:45:00,standard,27.67,68.4,0.0,0,8.13,0.24,14.1,22.47,52.82,-30.35,87.5,100.0,0,SIMULATED
2026-09-27 23:00:00,standard,27.47,69.3,0.0,0,7.96,0.24,14.1,22.3,52.82,-30.52,87.5,100.0,0,SIMULATED
2026-09-27 23:15:00,standard,27.28,70.2,0.0,0,7.82,0.24,14.1,22.16,52.82,-30.66,87.5,100.0,0,SIMULATED
2026-09-27 23:30:00,standard,27.1,71.0,0.0,0,7.71,0.24,14.1,22.05,52.82,-30.77,87.5,100.0,0,SIMULATED
2026-09-27 23:45:00,standard,26.93,71.8,0.0,0,7.57,0.24,14.1,21.91,52.82,-30.91,87.5,100.0,0,SIMULATED
2026-09-28 00:00:00,standard,26.77,72.5,0.0,0,7.45,0.24,14.1,21.79,52.82,-31.03,87.5,100.0,0,SIMULATED
2026-09-28 00:15:00,standard,26.63,73.1,0.0,0,7.37,0.24,14.1,21.71,52.82,-31.11,87.5,100.0,0,SIMULATED
2026-09-28 00:30:00,standard,26.5,73.7,0.0,0,7.26,0.24,14.1,21.6,52.82,-31.22,87.5,100.0,0,SIMULATED
2026-09-28 00:45:00,standard,26.39,74.2,0.0,0,7.2,0.24,14.1,21.54,52.82,-31.28,87.5,100.0,0,SIMULATED
2026-09-28 01:00:00,standard,26.29,74.7,0.0,0,7.13,0.24,14.1,21.47,52.82,-31.35,87.5,100.0,0,SIMULATED
2026-09-28 01:15:00,standard,26.2,75.1,0.0,0,7.05,0.24,14.1,21.39,52.82,-31.43,87.5,100.0,0,SIMULATED
2026-09-28 01:30:00,standard,26.13,75.4,0.0,0,7.0,0.24,14.1,21.34,52.82,-31.48,87.5,100.0,0,SIMULATED
2026-09-28 01:45:00,standard,26.07,75.7,0.0,0,6.95,0.24,14.1,21.29,52.82,-31.53,87.5,100.0,0,SIMULATED
2026-09-28 02:00:00,standard,26.03,75.9,0.0,0,6.92,0.24,14.1,21.26,52.82,-31.56,87.5,100.0,0,SIMULATED
2026-09-28 02:15:00,standard,26.01,76.0,0.0,0,6.89,0.24,14.1,21.23,52.82,-31.59,87.5,100.0,0,SIMULATED
2026-09-28 02:30:00,standard,26.0,76.0,0.0,0,6.87,0.24,14.1,21.21,52.82,-31.61,87.5,100.0,0,SIMULATED
2026-09-28 02:45:00,standard,26.01,76.0,0.0,0,6.87,0.24,14.1,21.21,52.82,-31.61,87.5,100.0,0,SIMULATED
2026-09-28 03:00:00,standard,26.03,75.9,0.0,0,6.86,0.24,14.1,21.2,52.82,-31.62,87.5,100.0,0,SIMULATED
2026-09-28 03:15:00,standard,26.07,75.7,0.0,0,6.87,0.24,14.1,21.21,52.82,-31.61,87.5,100.0,0,SIMULATED
2026-09-28 03:30:00,standard,26.13,75.4,0.0,0,6.9,0.24,14.1,21.24,52.82,-31.58,87.5,100.0,0,SIMULATED
2026-09-28 03:45:00,standard,26.2,75.1,0.0,0,6.93,0.24,14.1,21.27,52.82,-31.55,87.5,100.0,0,SIMULATED
2026-09-28 04:00:00,standard,26.29,74.7,0.0,0,6.97,0.24,14.1,21.31,52.82,-31.51,87.5,100.0,0,SIMULATED
2026-09-28 04:15:00,standard,26.39,74.2,0.0,0,7.03,0.24,14.1,21.37,52.82,-31.45,87.5,100.0,0,SIMULATED
2026-09-28 04:30:00,standard,26.5,73.7,0.0,0,7.07,0.24,14.1,21.41,52.82,-31.41,87.5,100.0,0,SIMULATED
2026-09-28 04:45:00,standard,26.63,73.1,0.0,0,7.15,0.24,14.1,21.49,52.82,-31.33,87.5,100.0,0,SIMULATED
2026-09-28 05:00:00,standard,26.77,72.5,0.0,0,7.21,0.24,14.1,21.55,52.82,-31.27,87.5,100.0,0,SIMULATED
2026-09-28 05:15:00,standard,26.93,71.8,0.0,0,7.31,0.24,14.1,21.65,52.82,-31.17,87.5,100.0,0,SIMULATED
2026-09-28 05:30:00,standard,27.1,71.0,0.0,0,7.42,0.24,14.1,21.76,52.82,-31.06,87.5,100.0,0,SIMULATED
2026-09-28 05:45:00,standard,27.28,70.2,0.0,0,7.49,0.24,14.1,21.83,52.82,-30.99,87.5,100.0,0,SIMULATED
2026-09-28 06:00:00,standard,27.47,69.3,0.0,0,7.6,0.24,14.1,21.94,52.82,-30.88,87.5,100.0,0,SIMULATED
2026-09-28 06:15:00,standard,27.67,68.4,53.4,0,8.31,0.24,14.1,22.65,52.82,-30.17,87.5,100.0,0,SIMULATED
2026-09-28 06:30:00,standard,27.88,67.5,106.5,0,9.0,0.24,14.1,23.34,52.82,-29.48,87.5,100.0,0,SIMULATED
2026-09-28 06:45:00,standard,28.09,66.5,159.3,0,9.7,0.24,14.1,24.04,52.94,-28.9,87.5,100.0,0,SIMULATED
2026-09-28 07:00:00,standard,28.31,65.5,211.4,0,10.7,1.52,14.1,26.33,53.22,-26.89,87.5,100.0,0,SIMULATED
2026-09-28 07:15:00,standard,28.54,64.5,262.7,0,11.4,1.52,14.1,27.03,53.49,-26.46,87.5,100.0,0,SIMULATED
2026-09-28 07:30:00,standard,28.78,63.4,312.9,0,12.11,1.52,14.1,27.72,53.8,-26.08,87.5,100.0,0,SIMULATED
2026-09-28 07:45:00,standard,29.02,62.3,361.9,0,12.8,1.52,14.1,28.42,54.1,-25.68,87.5,100.0,0,SIMULATED
2026-09-28 08:00:00,standard,29.26,61.2,409.5,4,13.71,1.85,14.1,29.65,54.42,-24.77,87.5,100.0,0,SIMULATED
2026-09-28 08:15:00,standard,29.5,60.1,455.5,6,14.76,3.21,14.1,32.06,54.7,-22.64,87.5,100.0,0,SIMULATED
2026-09-28 08:30:00,standard,29.75,59.0,499.6,13,15.82,3.99,14.1,33.9,55.02,-21.12,87.5,100.0,0,SIMULATED
2026-09-28 08:45:00,standard,30.0,57.9,541.8,18,16.79,5.09,14.1,35.98,55.34,-19.36,87.5,100.0,0,SIMULATED
2026-09-28 09:00:00,standard,30.24,56.8,581.9,47,17.56,6.0,14.1,37.66,55.64,-17.98,87.5,100.0,0,SIMULATED
2026-09-28 09:15:00,standard,30.48,55.7,619.6,48,17.71,6.0,14.1,37.81,55.93,-18.12,87.5,100.0,0,SIMULATED
2026-09-28 09:30:00,standard,30.72,54.6,654.9,68,18.27,6.6,14.1,38.97,56.24,-17.27,87.5,100.0,0,SIMULATED
2026-09-28 09:45:00,standard,30.96,53.5,687.7,68,18.47,6.6,14.1,39.17,56.51,-17.34,87.5,100.0,0,SIMULATED
2026-09-28 10:00:00,standard,31.19,52.5,717.7,76,18.77,6.42,14.1,39.29,56.82,-17.53,87.5,100.0,0,SIMULATED
2026-09-28 10:15:00,standard,31.41,51.5,744.9,77,18.82,6.42,14.1,39.34,57.1,-17.76,87.5,100.0,0,SIMULATED
2026-09-28 10:30:00,standard,31.62,50.5,769.1,71,18.58,5.82,14.1,38.5,57.36,-18.86,87.5,100.0,0,SIMULATED
2026-09-28 10:45:00,standard,31.83,49.6,790.3,70,18.65,5.82,14.1,38.57,57.62,-19.05,87.5,100.0,0,SIMULATED
2026-09-28 11:00:00,standard,32.03,48.7,808.4,73,18.83,5.82,14.1,38.75,57.87,-19.12,87.5,100.0,0,SIMULATED
2026-09-28 11:15:00,standard,32.22,47.8,823.3,72,18.89,5.82,14.1,38.81,58.1,-19.29,87.5,100.0,0,SIMULATED
2026-09-28 11:30:00,standard,32.4,47.0,834.9,78,19.35,6.42,14.1,39.87,58.31,-18.44,87.5,100.0,0,SIMULATED
2026-09-28 11:45:00,standard,32.57,46.2,843.3,67,18.89,5.82,14.1,38.81,58.53,-19.72,87.5,100.0,0,SIMULATED
2026-09-28 12:00:00,standard,32.73,45.5,848.3,91,19.84,6.6,14.1,40.54,58.74,-18.2,87.5,100.0,0,SIMULATED
2026-09-28 12:15:00,standard,32.87,44.9,850.0,91,19.93,6.6,14.1,40.63,58.92,-18.29,87.5,100.0,0,SIMULATED
2026-09-28 12:30:00,standard,33.0,44.3,848.3,73,19.58,6.0,14.1,39.68,59.07,-19.39,87.5,100.0,0,SIMULATED
2026-09-28 12:45:00,standard,33.11,43.8,843.3,70,19.64,6.0,14.1,39.74,59.22,-19.48,87.5,100.0,0,SIMULATED
2026-09-28 13:00:00,standard,33.21,43.3,834.9,64,19.69,6.0,14.1,39.79,59.34,-19.55,87.5,100.0,0,SIMULATED
2026-09-28 13:15:00,standard,33.3,42.9,823.3,65,19.74,6.0,14.1,39.84,59.46,-19.62,87.5,100.0,0,SIMULATED
2026-09-28 13:30:00,standard,33.37,42.6,808.4,73,20.17,6.6,14.1,40.87,59.54,-18.67,87.5,100.0,0,SIMULATED
2026-09-28 13:45:00,standard,33.43,42.3,790.3,72,20.15,6.6,14.1,40.85,59.62,-18.77,87.5,100.0,0,SIMULATED
2026-09-28 14:00:00,standard,33.47,42.1,769.1,71,19.64,6.5,14.1,40.24,59.67,-19.43,75.0,100.0,1,SIMULATED
2026-09-28 14:15:00,standard,33.49,42.0,744.9,73,19.64,6.5,14.1,40.24,59.7,-19.46,75.0,100.0,1,SIMULATED
2026-09-28 14:30:00,standard,33.5,42.0,717.7,71,19.65,6.5,14.1,40.25,59.7,-19.45,62.5,100.0,1,SIMULATED
2026-09-28 14:45:00,standard,33.49,42.0,687.7,71,19.64,6.5,14.1,40.24,59.7,-19.46,62.5,100.0,1,SIMULATED
2026-09-28 15:00:00,standard,33.47,42.1,654.9,72,19.48,5.82,14.1,39.4,59.67,-20.27,62.5,100.0,0,SIMULATED
2026-09-28 15:15:00,standard,33.43,42.3,619.6,74,19.5,5.82,14.1,39.42,59.62,-20.2,62.5,100.0,0,SIMULATED
2026-09-28 15:30:00,standard,33.37,42.6,581.9,69,19.38,6.0,14.1,39.48,59.54,-20.06,62.5,100.0,0,SIMULATED
2026-09-28 15:45:00,standard,33.3,42.9,541.8,70,19.38,6.0,14.1,39.48,59.46,-19.98,62.5,100.0,0,SIMULATED
2026-09-28 16:00:00,standard,33.21,43.3,499.6,70,19.33,6.0,14.1,39.43,59.34,-19.91,62.5,100.0,0,SIMULATED
2026-09-28 16:15:00,standard,33.11,43.8,455.5,69,19.29,6.0,14.1,39.39,59.22,-19.83,62.5,100.0,0,SIMULATED
2026-09-28 16:30:00,standard,33.0,44.3,409.5,80,19.67,6.6,14.1,40.37,59.07,-18.7,62.5,100.0,0,SIMULATED
2026-09-28 16:45:00,standard,32.87,44.9,361.9,78,19.57,6.6,14.1,40.27,58.92,-18.65,62.5,100.0,0,SIMULATED
2026-09-28 17:00:00,standard,32.73,45.5,312.9,65,18.9,6.6,14.1,39.6,58.74,-19.14,62.5,100.0,0,SIMULATED
2026-09-28 17:15:00,standard,32.57,46.2,262.7,67,18.64,6.6,14.1,39.34,58.53,-19.19,62.5,100.0,0,SIMULATED
2026-09-28 17:30:00,standard,32.4,47.0,211.4,58,17.91,6.0,14.1,38.01,58.31,-20.3,62.5,100.0,0,SIMULATED
2026-09-28 17:45:00,standard,32.22,47.8,159.3,54,17.59,6.0,14.1,37.69,58.1,-20.41,62.5,100.0,0,SIMULATED
2026-09-28 18:00:00,standard,32.03,48.7,106.5,51,17.34,6.0,14.1,37.44,57.87,-20.43,62.5,100.0,0,SIMULATED
2026-09-28 18:15:00,standard,31.83,49.6,53.4,47,17.06,6.0,14.1,37.16,57.62,-20.46,75.0,100.0,0,SIMULATED
2026-09-28 18:30:00,standard,31.62,50.5,0.0,39,16.41,5.09,14.1,35.6,57.36,-21.76,87.5,100.0,0,SIMULATED
2026-09-28 18:45:00,standard,31.41,51.5,0.0,35,16.03,5.09,14.1,35.22,57.1,-21.88,87.5,100.0,0,SIMULATED
2026-09-28 19:00:00,standard,31.19,52.5,0.0,23,15.15,3.98,14.1,33.23,56.82,-23.59,87.5,100.0,0,SIMULATED
2026-09-28 19:15:00,standard,30.96,53.5,0.0,17,14.77,3.98,14.1,32.85,56.51,-23.66,87.5,100.0,0,SIMULATED
2026-09-28 19:30:00,standard,30.72,54.6,0.0,11,13.88,2.62,14.1,30.6,56.24,-25.64,87.5,100.0,0,SIMULATED
2026-09-28 19:45:00,standard,30.48,55.7,0.0,8,13.35,2.62,14.1,30.07,55.93,-25.86,87.5,100.0,0,SIMULATED
2026-09-28 20:00:00,standard,30.24,56.8,0.0,6,12.64,1.6,14.1,28.34,55.64,-27.3,87.5,100.0,0,SIMULATED
2026-09-28 20:15:00,standard,30.0,57.9,0.0,3,12.14,1.6,14.1,27.84,55.34,-27.5,87.5,100.0,0,SIMULATED
2026-09-28 20:30:00,standard,29.75,59.0,0.0,0,11.36,0.24,14.1,25.7,55.02,-29.32,87.5,100.0,0,SIMULATED
2026-09-28 20:45:00,standard,29.5,60.1,0.0,0,11.01,0.24,14.1,25.35,54.7,-29.35,87.5,100.0,0,SIMULATED
2026-09-28 21:00:00,standard,29.26,61.2,0.0,0,10.68,0.24,14.1,25.02,54.42,-29.4,87.5,100.0,0,SIMULATED
2026-09-28 21:15:00,standard,29.02,62.3,0.0,0,10.35,0.24,14.1,24.69,54.1,-29.41,87.5,100.0,0,SIMULATED
2026-09-28 21:30:00,standard,28.78,63.4,0.0,0,10.08,0.24,14.1,24.42,53.8,-29.38,87.5,100.0,0,SIMULATED
2026-09-28 21:45:00,standard,28.54,64.5,0.0,0,9.79,0.24,14.1,24.13,53.49,-29.36,87.5,100.0,0,SIMULATED
2026-09-28 22:00:00,standard,28.31,65.5,0.0,0,9.52,0.24,14.1,23.86,53.22,-29.36,87.5,100.0,0,SIMULATED
2026-09-28 22:15:00,standard,28.09,66.5,0.0,0,9.24,0.24,14.1,23.58,52.94,-29.36,87.5,100.0,0,SIMULATED
2026-09-28 22:30:00,standard,27.88,67.5,0.0,0,9.02,0.24,14.1,23.36,52.82,-29.46,87.5,100.0,0,SIMULATED
2026-09-28 22:45:00,standard,27.67,68.4,0.0,0,8.82,0.24,14.1,23.16,52.82,-29.66,87.5,100.0,0,SIMULATED
2026-09-28 23:00:00,standard,27.47,69.3,0.0,0,8.6,0.24,14.1,22.94,52.82,-29.88,87.5,100.0,0,SIMULATED
2026-09-28 23:15:00,standard,27.28,70.2,0.0,0,8.41,0.24,14.1,22.75,52.82,-30.07,87.5,100.0,0,SIMULATED
2026-09-28 23:30:00,standard,27.1,71.0,0.0,0,8.25,0.24,14.1,22.59,52.82,-30.23,87.5,100.0,0,SIMULATED
2026-09-28 23:45:00,standard,26.93,71.8,0.0,0,8.08,0.24,14.1,22.42,52.82,-30.4,87.5,100.0,0,SIMULATED
2026-09-29 00:00:00,standard,26.77,72.5,0.0,0,7.9,0.24,14.1,22.24,52.82,-30.58,87.5,100.0,0,SIMULATED
2026-09-29 00:15:00,standard,26.63,73.1,0.0,0,7.79,0.24,14.1,22.13,52.82,-30.69,87.5,100.0,0,SIMULATED
2026-09-29 00:30:00,standard,26.5,73.7,0.0,0,7.65,0.24,14.1,21.99,52.82,-30.83,87.5,100.0,0,SIMULATED
2026-09-29 00:45:00,standard,26.39,74.2,0.0,0,7.55,0.24,14.1,21.89,52.82,-30.93,87.5,100.0,0,SIMULATED
2026-09-29 01:00:00,standard,26.29,74.7,0.0,0,7.45,0.24,14.1,21.79,52.82,-31.03,87.5,100.0,0,SIMULATED
2026-09-29 01:15:00,standard,26.2,75.1,0.0,0,7.35,0.24,14.1,21.69,52.82,-31.13,87.5,100.0,0,SIMULATED
2026-09-29 01:30:00,standard,26.13,75.4,0.0,0,7.28,0.24,14.1,21.62,52.82,-31.2,87.5,100.0,0,SIMULATED
2026-09-29 01:45:00,standard,26.07,75.7,0.0,0,7.2,0.24,14.1,21.54,52.82,-31.28,87.5,100.0,0,SIMULATED
2026-09-29 02:00:00,standard,26.03,75.9,0.0,0,7.15,0.24,14.1,21.49,52.82,-31.33,87.5,100.0,0,SIMULATED
2026-09-29 02:15:00,standard,26.01,76.0,0.0,0,7.11,0.24,14.1,21.45,52.82,-31.37,87.5,100.0,0,SIMULATED
2026-09-29 02:30:00,standard,26.0,76.0,0.0,0,7.08,0.24,14.1,21.42,52.82,-31.4,87.5,100.0,0,SIMULATED
2026-09-29 02:45:00,standard,26.01,76.0,0.0,0,7.06,0.24,14.1,21.4,52.82,-31.42,87.5,100.0,0,SIMULATED
2026-09-29 03:00:00,standard,26.03,75.9,0.0,0,7.04,0.24,14.1,21.38,52.82,-31.44,87.5,100.0,0,SIMULATED
2026-09-29 03:15:00,standard,26.07,75.7,0.0,0,7.03,0.24,14.1,21.37,52.82,-31.45,87.5,100.0,0,SIMULATED
2026-09-29 03:30:00,standard,26.13,75.4,0.0,0,7.05,0.24,14.1,21.39,52.82,-31.43,87.5,100.0,0,SIMULATED
2026-09-29 03:45:00,standard,26.2,75.1,0.0,0,7.07,0.24,14.1,21.41,52.82,-31.41,87.5,100.0,0,SIMULATED
2026-09-29 04:00:00,standard,26.29,74.7,0.0,0,7.11,0.24,14.1,21.45,52.82,-31.37,87.5,100.0,0,SIMULATED
2026-09-29 04:15:00,standard,26.39,74.2,0.0,0,7.14,0.24,14.1,21.48,52.82,-31.34,87.5,100.0,0,SIMULATED
2026-09-29 04:30:00,standard,26.5,73.7,0.0,0,7.18,0.24,14.1,21.52,52.82,-31.3,87.5,100.0,0,SIMULATED
2026-09-29 04:45:00,standard,26.63,73.1,0.0,0,7.24,0.24,14.1,21.58,52.82,-31.24,87.5,100.0,0,SIMULATED
2026-09-29 05:00:00,standard,26.77,72.5,0.0,0,7.28,0.24,14.1,21.62,52.82,-31.2,87.5,100.0,0,SIMULATED
2026-09-29 05:15:00,standard,26.93,71.8,0.0,0,7.36,0.24,14.1,21.7,52.82,-31.12,87.5,100.0,0,SIMULATED
2026-09-29 05:30:00,standard,27.1,71.0,0.0,0,7.46,0.24,14.1,21.8,52.82,-31.02,87.5,100.0,0,SIMULATED
2026-09-29 05:45:00,standard,27.28,70.2,0.0,0,7.53,0.24,14.1,21.87,52.82,-30.95,87.5,100.0,0,SIMULATED
2026-09-29 06:00:00,standard,27.47,69.3,0.0,0,7.63,0.24,14.1,21.97,52.82,-30.85,87.5,100.0,0,SIMULATED
2026-09-29 06:15:00,standard,27.67,68.4,53.4,0,8.32,0.24,14.1,22.66,52.82,-30.16,87.5,100.0,0,SIMULATED
2026-09-29 06:30:00,standard,27.88,67.5,106.5,0,9.01,0.24,14.1,23.35,52.82,-29.47,87.5,100.0,0,SIMULATED
2026-09-29 06:45:00,standard,28.09,66.5,159.3,0,9.7,0.24,14.1,24.04,52.94,-28.9,87.5,100.0,0,SIMULATED
2026-09-29 07:00:00,standard,28.31,65.5,211.4,0,10.7,1.52,14.1,26.33,53.22,-26.89,87.5,100.0,0,SIMULATED
2026-09-29 07:15:00,standard,28.54,64.5,262.7,0,11.4,1.52,14.1,27.03,53.49,-26.46,87.5,100.0,0,SIMULATED
2026-09-29 07:30:00,standard,28.78,63.4,312.9,0,12.11,1.52,14.1,27.72,53.8,-26.08,87.5,100.0,0,SIMULATED
2026-09-29 07:45:00,standard,29.02,62.3,361.9,0,12.8,1.52,14.1,28.42,54.1,-25.68,87.5,100.0,0,SIMULATED
2026-09-29 08:00:00,standard,29.26,61.2,409.5,3,13.68,1.85,14.1,29.62,54.42,-24.8,87.5,100.0,0,SIMULATED
2026-09-29 08:15:00,standard,29.5,60.1,455.5,6,14.76,3.21,14.1,32.06,54.7,-22.64,87.5,100.0,0,SIMULATED
2026-09-29 08:30:00,standard,29.75,59.0,499.6,13,15.82,3.99,14.1,33.9,55.02,-21.12,87.5,100.0,0,SIMULATED
2026-09-29 08:45:00,standard,30.0,57.9,541.8,16,16.76,5.09,14.1,35.95,55.34,-19.39,87.5,100.0,0,SIMULATED
2026-09-29 09:00:00,standard,30.24,56.8,581.9,47,17.59,6.0,14.1,37.69,55.64,-17.95,87.5,100.0,0,SIMULATED
2026-09-29 09:15:00,standard,30.48,55.7,619.6,46,17.71,6.0,14.1,37.81,55.93,-18.12,87.5,100.0,0,SIMULATED
2026-09-29 09:30:00,standard,30.72,54.6,654.9,67,18.27,6.6,14.1,38.97,56.24,-17.27,87.5,100.0,0,SIMULATED
2026-09-29 09:45:00,standard,30.96,53.5,687.7,68,18.4,6.6,14.1,39.1,56.51,-17.41,87.5,100.0,0,SIMULATED
2026-09-29 10:00:00,standard,31.19,52.5,717.7,80,18.83,6.42,14.1,39.35,56.82,-17.47,87.5,100.0,0,SIMULATED
2026-09-29 10:15:00,standard,31.41,51.5,744.9,79,18.9,6.42,14.1,39.42,57.1,-17.68,87.5,100.0,0,SIMULATED
2026-09-29 10:30:00,standard,31.62,50.5,769.1,70,18.58,5.82,14.1,38.5,57.36,-18.86,87.5,100.0,0,SIMULATED
2026-09-29 10:45:00,standard,31.83,49.6,790.3,71,18.71,5.82,14.1,38.63,57.62,-18.99,87.5,100.0,0,SIMULATED
2026-09-29 11:00:00,standard,32.03,48.7,808.4,71,18.8,5.82,14.1,38.72,57.87,-19.15,87.5,100.0,0,SIMULATED
2026-09-29 11:15:00,standard,32.22,47.8,823.3,73,18.95,5.82,14.1,38.87,58.1,-19.23,87.5,100.0,0,SIMULATED
2026-09-29 11:30:00,standard,32.4,47.0,834.9,82,19.41,6.42,14.1,39.93,58.31,-18.38,87.5,100.0,0,SIMULATED
2026-09-29 11:45:00,standard,32.57,46.2,843.3,67,18.89,5.82,14.1,38.81,58.53,-19.72,87.5,100.0,0,SIMULATED
2026-09-29 12:00:00,standard,32.73,45.5,848.3,93,19.9,6.6,14.1,40.6,58.74,-18.14,87.5,100.0,0,SIMULATED
2026-09-29 12:15:00,standard,32.87,44.9,850.0,91,19.93,6.6,14.1,40.63,58.92,-18.29,87.5,100.0,0,SIMULATED
2026-09-29 12:30:00,standard,33.0,44.3,848.3,71,19.58,6.0,14.1,39.68,59.07,-19.39,87.5,100.0,0,SIMULATED
2026-09-29 12:45:00,standard,33.11,43.8,843.3,71,19.61,6.0,14.1,39.71,59.22,-19.51,87.5,100.0,0,SIMULATED
2026-09-29 13:00:00,standard,33.21,43.3,834.9,66,19.69,6.0,14.1,39.79,59.34,-19.55,87.5,100.0,0,SIMULATED
2026-09-29 13:15:00,standard,33.3,42.9,823.3,64,19.74,6.0,14.1,39.84,59.46,-19.62,87.5,100.0,0,SIMULATED
2026-09-29 13:30:00,standard,33.37,42.6,808.4,73,20.15,6.6,14.1,40.85,59.54,-18.69,87.5,100.0,0,SIMULATED
2026-09-29 13:45:00,standard,33.43,42.3,790.3,72,20.18,6.6,14.1,40.88,59.62,-18.74,87.5,100.0,0,SIMULATED
2026-09-29 14:00:00,standard,33.47,42.1,769.1,71,19.61,6.5,14.1,40.21,59.67,-19.46,75.0,100.0,1,SIMULATED
2026-09-29 14:15:00,standard,33.49,42.0,744.9,71,19.64,6.5,14.1,40.24,59.7,-19.46,75.0,100.0,1,SIMULATED
2026-09-29 14:30:00,standard,33.5,42.0,717.7,73,19.68,6.5,14.1,40.28,59.7,-19.42,62.5,100.0,1,SIMULATED
2026-09-29 14:45:00,standard,33.49,42.0,687.7,70,19.61,6.5,14.1,40.21,59.7,-19.49,62.5,100.0,1,SIMULATED
2026-09-29 15:00:00,standard,33.47,42.1,654.9,72,19.45,5.82,14.1,39.37,59.67,-20.3,62.5,100.0,0,SIMULATED
2026-09-29 15:15:00,standard,33.43,42.3,619.6,72,19.43,5.82,14.1,39.35,59.62,-20.27,62.5,100.0,0,SIMULATED
2026-09-29 15:30:00,standard,33.37,42.6,581.9,69,19.41,6.0,14.1,39.51,59.54,-20.03,62.5,100.0,0,SIMULATED
2026-09-29 15:45:00,standard,33.3,42.9,541.8,70,19.38,6.0,14.1,39.48,59.46,-19.98,62.5,100.0,0,SIMULATED
2026-09-29 16:00:00,standard,33.21,43.3,499.6,70,19.34,6.0,14.1,39.44,59.34,-19.9,62.5,100.0,0,SIMULATED
2026-09-29 16:15:00,standard,33.11,43.8,455.5,70,19.32,6.0,14.1,39.42,59.22,-19.8,62.5,100.0,0,SIMULATED
2026-09-29 16:30:00,standard,33.0,44.3,409.5,76,19.63,6.6,14.1,40.33,59.07,-18.74,62.5,100.0,0,SIMULATED
2026-09-29 16:45:00,standard,32.87,44.9,361.9,79,19.58,6.6,14.1,40.28,58.92,-18.64,62.5,100.0,0,SIMULATED
2026-09-29 17:00:00,standard,32.73,45.5,312.9,67,18.95,6.6,14.1,39.65,58.74,-19.09,62.5,100.0,0,SIMULATED
2026-09-29 17:15:00,standard,32.57,46.2,262.7,66,18.63,6.6,14.1,39.33,58.53,-19.2,62.5,100.0,0,SIMULATED
2026-09-29 17:30:00,standard,32.4,47.0,211.4,59,18.0,6.0,14.1,38.1,58.31,-20.21,62.5,100.0,0,SIMULATED
2026-09-29 17:45:00,standard,32.22,47.8,159.3,55,17.65,6.0,14.1,37.75,58.1,-20.35,62.5,100.0,0,SIMULATED
2026-09-29 18:00:00,standard,32.03,48.7,106.5,52,17.37,6.0,14.1,37.47,57.87,-20.4,62.5,100.0,0,SIMULATED
2026-09-29 18:15:00,standard,31.83,49.6,53.4,45,17.0,6.0,14.1,37.1,57.62,-20.52,75.0,100.0,0,SIMULATED
2026-09-29 18:30:00,standard,31.62,50.5,0.0,39,16.4,5.09,14.1,35.59,57.36,-21.77,87.5,100.0,0,SIMULATED
2026-09-29 18:45:00,standard,31.41,51.5,0.0,32,15.96,5.09,14.1,35.15,57.1,-21.95,87.5,100.0,0,SIMULATED
2026-09-29 19:00:00,standard,31.19,52.5,0.0,22,15.14,3.98,14.1,33.22,56.82,-23.6,87.5,100.0,0,SIMULATED
2026-09-29 19:15:00,standard,30.96,53.5,0.0,16,14.73,3.98,14.1,32.81,56.51,-23.7,87.5,100.0,0,SIMULATED
2026-09-29 19:30:00,standard,30.72,54.6,0.0,10,13.83,2.62,14.1,30.55,56.24,-25.69,87.5,100.0,0,SIMULATED
2026-09-29 19:45:00,standard,30.48,55.7,0.0,8,13.33,2.62,14.1,30.05,55.93,-25.88,87.5,100.0,0,SIMULATED
2026-09-29 20:00:00,standard,30.24,56.8,0.0,5,12.6,1.6,14.1,28.3,55.64,-27.34,87.5,100.0,0,SIMULATED
2026-09-29 20:15:00,standard,30.0,57.9,0.0,3,12.13,1.6,14.1,27.83,55.34,-27.51,87.5,100.0,0,SIMULATED
2026-09-29 20:30:00,standard,29.75,59.0,0.0,0,11.35,0.24,14.1,25.69,55.02,-29.33,87.5,100.0,0,SIMULATED
2026-09-29 20:45:00,standard,29.5,60.1,0.0,0,11.0,0.24,14.1,25.34,54.7,-29.36,87.5,100.0,0,SIMULATED
2026-09-29 21:00:00,standard,29.26,61.2,0.0,0,10.67,0.24,14.1,25.01,54.42,-29.41,87.5,100.0,0,SIMULATED
2026-09-29 21:15:00,standard,29.02,62.3,0.0,0,10.34,0.24,14.1,24.68,54.1,-29.42,87.5,100.0,0,SIMULATED
2026-09-29 21:30:00,standard,28.78,63.4,0.0,0,10.07,0.24,14.1,24.41,53.8,-29.39,87.5,100.0,0,SIMULATED
2026-09-29 21:45:00,standard,28.54,64.5,0.0,0,9.78,0.24,14.1,24.12,53.49,-29.37,87.5,100.0,0,SIMULATED
2026-09-29 22:00:00,standard,28.31,65.5,0.0,0,9.51,0.24,14.1,23.85,53.22,-29.37,87.5,100.0,0,SIMULATED
2026-09-29 22:15:00,standard,28.09,66.5,0.0,0,9.24,0.24,14.1,23.58,52.94,-29.36,87.5,100.0,0,SIMULATED
2026-09-29 22:30:00,standard,27.88,67.5,0.0,0,9.02,0.24,14.1,23.36,52.82,-29.46,87.5,100.0,0,SIMULATED
2026-09-29 22:45:00,standard,27.67,68.4,0.0,0,8.82,0.24,14.1,23.16,52.82,-29.66,87.5,100.0,0,SIMULATED
2026-09-29 23:00:00,standard,27.47,69.3,0.0,0,8.6,0.24,14.1,22.94,52.82,-29.88,87.5,100.0,0,SIMULATED
2026-09-29 23:15:00,standard,27.28,70.2,0.0,0,8.41,0.24,14.1,22.75,52.82,-30.07,87.5,100.0,0,SIMULATED
2026-09-29 23:30:00,standard,27.1,71.0,0.0,0,8.25,0.24,14.1,22.59,52.82,-30.23,87.5,100.0,0,SIMULATED
2026-09-29 23:45:00,standard,26.93,71.8,0.0,0,8.08,0.24,14.1,22.42,52.82,-30.4,87.5,100.0,0,SIMULATED
2026-09-30 00:00:00,standard,26.77,72.5,0.0,0,7.9,0.24,14.1,22.24,52.82,-30.58,87.5,100.0,0,SIMULATED
2026-09-30 00:15:00,standard,26.63,73.1,0.0,0,7.79,0.24,14.1,22.13,52.82,-30.69,87.5,100.0,0,SIMULATED
2026-09-30 00:30:00,standard,26.5,73.7,0.0,0,7.65,0.24,14.1,21.99,52.82,-30.83,87.5,100.0,0,SIMULATED
2026-09-30 00:45:00,standard,26.39,74.2,0.0,0,7.55,0.24,14.1,21.89,52.82,-30.93,87.5,100.0,0,SIMULATED
2026-09-30 01:00:00,standard,26.29,74.7,0.0,0,7.45,0.24,14.1,21.79,52.82,-31.03,87.5,100.0,0,SIMULATED
2026-09-30 01:15:00,standard,26.2,75.1,0.0,0,7.35,0.24,14.1,21.69,52.82,-31.13,87.5,100.0,0,SIMULATED
2026-09-30 01:30:00,standard,26.13,75.4,0.0,0,7.28,0.24,14.1,21.62,52.82,-31.2,87.5,100.0,0,SIMULATED
2026-09-30 01:45:00,standard,26.07,75.7,0.0,0,7.2,0.24,14.1,21.54,52.82,-31.28,87.5,100.0,0,SIMULATED
2026-09-30 02:00:00,standard,26.03,75.9,0.0,0,7.15,0.24,14.1,21.49,52.82,-31.33,87.5,100.0,0,SIMULATED
2026-09-30 02:15:00,standard,26.01,76.0,0.0,0,7.11,0.24,14.1,21.45,52.82,-31.37,87.5,100.0,0,SIMULATED
2026-09-30 02:30:00,standard,26.0,76.0,0.0,0,7.08,0.24,14.1,21.42,52.82,-31.4,87.5,100.0,0,SIMULATED
2026-09-30 02:45:00,standard,26.01,76.0,0.0,0,7.06,0.24,14.1,21.4,52.82,-31.42,87.5,100.0,0,SIMULATED
2026-09-30 03:00:00,standard,26.03,75.9,0.0,0,7.04,0.24,14.1,21.38,52.82,-31.44,87.5,100.0,0,SIMULATED
2026-09-30 03:15:00,standard,26.07,75.7,0.0,0,7.03,0.24,14.1,21.37,52.82,-31.45,87.5,100.0,0,SIMULATED
2026-09-30 03:30:00,standard,26.13,75.4,0.0,0,7.05,0.24,14.1,21.39,52.82,-31.43,87.5,100.0,0,SIMULATED
2026-09-30 03:45:00,standard,26.2,75.1,0.0,0,7.07,0.24,14.1,21.41,52.82,-31.41,87.5,100.0,0,SIMULATED
2026-09-30 04:00:00,standard,26.29,74.7,0.0,0,7.11,0.24,14.1,21.45,52.82,-31.37,87.5,100.0,0,SIMULATED
2026-09-30 04:15:00,standard,26.39,74.2,0.0,0,7.14,0.24,14.1,21.48,52.82,-31.34,87.5,100.0,0,SIMULATED
2026-09-30 04:30:00,standard,26.5,73.7,0.0,0,7.18,0.24,14.1,21.52,52.82,-31.3,87.5,100.0,0,SIMULATED
2026-09-30 04:45:00,standard,26.63,73.1,0.0,0,7.24,0.24,14.1,21.58,52.82,-31.24,87.5,100.0,0,SIMULATED
2026-09-30 05:00:00,standard,26.77,72.5,0.0,0,7.28,0.24,14.1,21.62,52.82,-31.2,87.5,100.0,0,SIMULATED
2026-09-30 05:15:00,standard,26.93,71.8,0.0,0,7.36,0.24,14.1,21.7,52.82,-31.12,87.5,100.0,0,SIMULATED
2026-09-30 05:30:00,standard,27.1,71.0,0.0,0,7.46,0.24,14.1,21.8,52.82,-31.02,87.5,100.0,0,SIMULATED
2026-09-30 05:45:00,standard,27.28,70.2,0.0,0,7.53,0.24,14.1,21.87,52.82,-30.95,87.5,100.0,0,SIMULATED
2026-09-30 06:00:00,standard,27.47,69.3,0.0,0,7.63,0.24,14.1,21.97,52.82,-30.85,87.5,100.0,0,SIMULATED
2026-09-30 06:15:00,standard,27.67,68.4,53.4,0,8.32,0.24,14.1,22.66,52.82,-30.16,87.5,100.0,0,SIMULATED
2026-09-30 06:30:00,standard,27.88,67.5,106.5,0,9.01,0.24,14.1,23.35,52.82,-29.47,87.5,100.0,0,SIMULATED
2026-09-30 06:45:00,standard,28.09,66.5,159.3,0,9.7,0.24,14.1,24.04,52.94,-28.9,87.5,100.0,0,SIMULATED
2026-09-30 07:00:00,standard,28.31,65.5,211.4,0,10.7,1.52,14.1,26.33,53.22,-26.89,87.5,100.0,0,SIMULATED
2026-09-30 07:15:00,standard,28.54,64.5,262.7,0,11.4,1.52,14.1,27.03,53.49,-26.46,87.5,100.0,0,SIMULATED
2026-09-30 07:30:00,standard,28.78,63.4,312.9,0,12.11,1.52,14.1,27.72,53.8,-26.08,87.5,100.0,0,SIMULATED
2026-09-30 07:45:00,standard,29.02,62.3,361.9,0,12.8,1.52,14.1,28.42,54.1,-25.68,87.5,100.0,0,SIMULATED
2026-09-30 08:00:00,standard,29.26,61.2,409.5,3,13.68,1.85,14.1,29.62,54.42,-24.8,87.5,100.0,0,SIMULATED
2026-09-30 08:15:00,standard,29.5,60.1,455.5,6,14.76,3.21,14.1,32.06,54.7,-22.64,87.5,100.0,0,SIMULATED
2026-09-30 08:30:00,standard,29.75,59.0,499.6,11,15.75,3.99,14.1,33.83,55.02,-21.19,87.5,100.0,0,SIMULATED
2026-09-30 08:45:00,standard,30.0,57.9,541.8,19,16.79,5.09,14.1,35.98,55.34,-19.36,87.5,100.0,0,SIMULATED
2026-09-30 09:00:00,standard,30.24,56.8,581.9,46,17.49,6.0,14.1,37.59,55.64,-18.05,87.5,100.0,0,SIMULATED
2026-09-30 09:15:00,standard,30.48,55.7,619.6,49,17.74,6.0,14.1,37.84,55.93,-18.09,87.5,100.0,0,SIMULATED
2026-09-30 09:30:00,standard,30.72,54.6,654.9,70,18.33,6.6,14.1,39.03,56.24,-17.21,87.5,100.0,0,SIMULATED
2026-09-30 09:45:00,standard,30.96,53.5,687.7,70,18.47,6.6,14.1,39.17,56.51,-17.34,87.5,100.0,0,SIMULATED
2026-09-30 10:00:00,standard,31.19,52.5,717.7,78,18.8,6.42,14.1,39.32,56.82,-17.5,87.5,100.0,0,SIMULATED
2026-09-30 10:15:00,standard,31.41,51.5,744.9,78,18.9,6.42,14.1,39.42,57.1,-17.68,87.5,100.0,0,SIMULATED
2026-09-30 10:30:00,standard,31.62,50.5,769.1,70,18.61,5.82,14.1,38.53,57.36,-18.83,87.5,100.0,0,SIMULATED
2026-09-30 10:45:00,standard,31.83,49.6,790.3,71,18.68,5.82,14.1,38.6,57.62,-19.02,87.5,100.0,0,SIMULATED
2026-09-30 11:00:00,standard,32.03,48.7,808.4,73,18.84,5.82,14.1,38.76,57.87,-19.11,87.5,100.0,0,SIMULATED
2026-09-30 11:15:00,standard,32.22,47.8,823.3,72,18.89,5.82,14.1,38.81,58.1,-19.29,87.5,100.0,0,SIMULATED
2026-09-30 11:30:00,standard,32.4,47.0,834.9,79,19.38,6.42,14.1,39.9,58.31,-18.41,87.5,100.0,0,SIMULATED
2026-09-30 11:45:00,standard,32.57,46.2,843.3,66,18.92,5.82,14.1,38.84,58.53,-19.69,87.5,100.0,0,SIMULATED
2026-09-30 12:00:00,standard,32.73,45.5,848.3,94,19.87,6.6,14.1,40.57,58.74,-18.17,87.5,100.0,0,SIMULATED
2026-09-30 12:15:00,standard,32.87,44.9,850.0,91,19.96,6.6,14.1,40.66,58.92,-18.26,87.5,100.0,0,SIMULATED
2026-09-30 12:30:00,standard,33.0,44.3,848.3,73,19.62,6.0,14.1,39.72,59.07,-19.35,87.5,100.0,0,SIMULATED
2026-09-30 12:45:00,standard,33.11,43.8,843.3,70,19.61,6.0,14.1,39.71,59.22,-19.51,87.5,100.0,0,SIMULATED
2026-09-30 13:00:00,standard,33.21,43.3,834.9,65,19.66,6.0,14.1,39.76,59.34,-19.58,87.5,100.0,0,SIMULATED
2026-09-30 13:15:00,standard,33.3,42.9,823.3,64,19.74,6.0,14.1,39.84,59.46,-19.62,87.5,100.0,0,SIMULATED
2026-09-30 13:30:00,standard,33.37,42.6,808.4,75,20.24,6.6,14.1,40.94,59.54,-18.6,87.5,100.0,0,SIMULATED
2026-09-30 13:45:00,standard,33.43,42.3,790.3,74,20.18,6.6,14.1,40.88,59.62,-18.74,87.5,100.0,0,SIMULATED
2026-09-30 14:00:00,standard,33.47,42.1,769.1,73,19.64,6.5,14.1,40.24,59.67,-19.43,75.0,100.0,1,SIMULATED
2026-09-30 14:15:00,standard,33.49,42.0,744.9,72,19.64,6.5,14.1,40.24,59.7,-19.46,75.0,100.0,1,SIMULATED
2026-09-30 14:30:00,standard,33.5,42.0,717.7,72,19.65,6.5,14.1,40.25,59.7,-19.45,62.5,100.0,1,SIMULATED
2026-09-30 14:45:00,standard,33.49,42.0,687.7,71,19.61,6.5,14.1,40.21,59.7,-19.49,62.5,100.0,1,SIMULATED
2026-09-30 15:00:00,standard,33.47,42.1,654.9,71,19.48,5.82,14.1,39.4,59.67,-20.27,62.5,100.0,0,SIMULATED
2026-09-30 15:15:00,standard,33.43,42.3,619.6,71,19.47,5.82,14.1,39.39,59.62,-20.23,62.5,100.0,0,SIMULATED
2026-09-30 15:30:00,standard,33.37,42.6,581.9,71,19.44,6.0,14.1,39.54,59.54,-20.0,62.5,100.0,0,SIMULATED
2026-09-30 15:45:00,standard,33.3,42.9,541.8,69,19.35,6.0,14.1,39.45,59.46,-20.01,62.5,100.0,0,SIMULATED
2026-09-30 16:00:00,standard,33.21,43.3,499.6,70,19.37,6.0,14.1,39.47,59.34,-19.87,62.5,100.0,0,SIMULATED
2026-09-30 16:15:00,standard,33.11,43.8,455.5,69,19.29,6.0,14.1,39.39,59.22,-19.83,62.5,100.0,0,SIMULATED
2026-09-30 16:30:00,standard,33.0,44.3,409.5,79,19.64,6.6,14.1,40.34,59.07,-18.73,62.5,100.0,0,SIMULATED
2026-09-30 16:45:00,standard,32.87,44.9,361.9,78,19.58,6.6,14.1,40.28,58.92,-18.64,62.5,100.0,0,SIMULATED
2026-09-30 17:00:00,standard,32.73,45.5,312.9,64,18.87,6.6,14.1,39.57,58.74,-19.17,62.5,100.0,0,SIMULATED
2026-09-30 17:15:00,standard,32.57,46.2,262.7,67,18.64,6.6,14.1,39.34,58.53,-19.19,62.5,100.0,0,SIMULATED
2026-09-30 17:30:00,standard,32.4,47.0,211.4,57,17.92,6.0,14.1,38.02,58.31,-20.29,62.5,100.0,0,SIMULATED
2026-09-30 17:45:00,standard,32.22,47.8,159.3,54,17.62,6.0,14.1,37.72,58.1,-20.38,62.5,100.0,0,SIMULATED
2026-09-30 18:00:00,standard,32.03,48.7,106.5,53,17.41,6.0,14.1,37.51,57.87,-20.36,62.5,100.0,0,SIMULATED
2026-09-30 18:15:00,standard,31.83,49.6,53.4,49,17.09,6.0,14.1,37.19,57.62,-20.43,75.0,100.0,0,SIMULATED
2026-09-30 18:30:00,standard,31.62,50.5,0.0,40,16.44,5.09,14.1,35.63,57.36,-21.73,87.5,100.0,0,SIMULATED
2026-09-30 18:45:00,standard,31.41,51.5,0.0,33,16.0,5.09,14.1,35.19,57.1,-21.91,87.5,100.0,0,SIMULATED
2026-09-30 19:00:00,standard,31.19,52.5,0.0,21,15.12,3.98,14.1,33.2,56.82,-23.62,87.5,100.0,0,SIMULATED
2026-09-30 19:15:00,standard,30.96,53.5,0.0,17,14.77,3.98,14.1,32.85,56.51,-23.66,87.5,100.0,0,SIMULATED
2026-09-30 19:30:00,standard,30.72,54.6,0.0,10,13.82,2.62,14.1,30.54,56.24,-25.7,87.5,100.0,0,SIMULATED
2026-09-30 19:45:00,standard,30.48,55.7,0.0,7,13.29,2.62,14.1,30.01,55.93,-25.92,87.5,100.0,0,SIMULATED
2026-09-30 20:00:00,standard,30.24,56.8,0.0,5,12.58,1.6,14.1,28.28,55.64,-27.36,87.5,100.0,0,SIMULATED
2026-09-30 20:15:00,standard,30.0,57.9,0.0,2,12.08,1.6,14.1,27.78,55.34,-27.56,87.5,100.0,0,SIMULATED
2026-09-30 20:30:00,standard,29.75,59.0,0.0,0,11.33,0.24,14.1,25.67,55.02,-29.35,87.5,100.0,0,SIMULATED
2026-09-30 20:45:00,standard,29.5,60.1,0.0,0,10.98,0.24,14.1,25.32,54.7,-29.38,87.5,100.0,0,SIMULATED
2026-09-30 21:00:00,standard,29.26,61.2,0.0,0,10.65,0.24,14.1,24.99,54.42,-29.43,87.5,100.0,0,SIMULATED
2026-09-30 21:15:00,standard,29.02,62.3,0.0,0,10.33,0.24,14.1,24.67,54.1,-29.43,87.5,100.0,0,SIMULATED
2026-09-30 21:30:00,standard,28.78,63.4,0.0,0,10.05,0.24,14.1,24.39,53.8,-29.41,87.5,100.0,0,SIMULATED
2026-09-30 21:45:00,standard,28.54,64.5,0.0,0,9.76,0.24,14.1,24.1,53.49,-29.39,87.5,100.0,0,SIMULATED
2026-09-30 22:00:00,standard,28.31,65.5,0.0,0,9.5,0.24,14.1,23.84,53.22,-29.38,87.5,100.0,0,SIMULATED
2026-09-30 22:15:00,standard,28.09,66.5,0.0,0,9.23,0.24,14.1,23.57,52.94,-29.37,87.5,100.0,0,SIMULATED
2026-09-30 22:30:00,standard,27.88,67.5,0.0,0,9.01,0.24,14.1,23.35,52.82,-29.47,87.5,100.0,0,SIMULATED
2026-09-30 22:45:00,standard,27.67,68.4,0.0,0,8.81,0.24,14.1,23.15,52.82,-29.67,87.5,100.0,0,SIMULATED
2026-09-30 23:00:00,standard,27.47,69.3,0.0,0,8.59,0.24,14.1,22.93,52.82,-29.89,87.5,100.0,0,SIMULATED
2026-09-30 23:15:00,standard,27.28,70.2,0.0,0,8.4,0.24,14.1,22.74,52.82,-30.08,87.5,100.0,0,SIMULATED
2026-09-30 23:30:00,standard,27.1,71.0,0.0,0,8.24,0.24,14.1,22.58,52.82,-30.24,87.5,100.0,0,SIMULATED
2026-09-30 23:45:00,standard,26.93,71.8,0.0,0,8.07,0.24,14.1,22.41,52.82,-30.41,87.5,100.0,0,SIMULATED
2026-10-01 00:00:00,standard,26.77,72.5,0.0,0,7.9,0.24,14.1,22.24,52.82,-30.58,87.5,100.0,0,SIMULATED
2026-10-01 00:15:00,standard,26.63,73.1,0.0,0,7.79,0.24,14.1,22.13,52.82,-30.69,87.5,100.0,0,SIMULATED
2026-10-01 00:30:00,standard,26.5,73.7,0.0,0,7.65,0.24,14.1,21.99,52.82,-30.83,87.5,100.0,0,SIMULATED
2026-10-01 00:45:00,standard,26.39,74.2,0.0,0,7.55,0.24,14.1,21.89,52.82,-30.93,87.5,100.0,0,SIMULATED
2026-10-01 01:00:00,standard,26.29,74.7,0.0,0,7.45,0.24,14.1,21.79,52.82,-31.03,87.5,100.0,0,SIMULATED
2026-10-01 01:15:00,standard,26.2,75.1,0.0,0,7.35,0.24,14.1,21.69,52.82,-31.13,87.5,100.0,0,SIMULATED
2026-10-01 01:30:00,standard,26.13,75.4,0.0,0,7.28,0.24,14.1,21.62,52.82,-31.2,87.5,100.0,0,SIMULATED
2026-10-01 01:45:00,standard,26.07,75.7,0.0,0,7.2,0.24,14.1,21.54,52.82,-31.28,87.5,100.0,0,SIMULATED
2026-10-01 02:00:00,standard,26.03,75.9,0.0,0,7.15,0.24,14.1,21.49,52.82,-31.33,87.5,100.0,0,SIMULATED
2026-10-01 02:15:00,standard,26.01,76.0,0.0,0,7.11,0.24,14.1,21.45,52.82,-31.37,87.5,100.0,0,SIMULATED
2026-10-01 02:30:00,standard,26.0,76.0,0.0,0,7.08,0.24,14.1,21.42,52.82,-31.4,87.5,100.0,0,SIMULATED
2026-10-01 02:45:00,standard,26.01,76.0,0.0,0,7.06,0.24,14.1,21.4,52.82,-31.42,87.5,100.0,0,SIMULATED
2026-10-01 03:00:00,standard,26.03,75.9,0.0,0,7.04,0.24,14.1,21.38,52.82,-31.44,87.5,100.0,0,SIMULATED
2026-10-01 03:15:00,standard,26.07,75.7,0.0,0,7.03,0.24,14.1,21.37,52.82,-31.45,87.5,100.0,0,SIMULATED
2026-10-01 03:30:00,standard,26.13,75.4,0.0,0,7.05,0.24,14.1,21.39,52.82,-31.43,87.5,100.0,0,SIMULATED
2026-10-01 03:45:00,standard,26.2,75.1,0.0,0,7.07,0.24,14.1,21.41,52.82,-31.41,87.5,100.0,0,SIMULATED
2026-10-01 04:00:00,standard,26.29,74.7,0.0,0,7.11,0.24,14.1,21.45,52.82,-31.37,87.5,100.0,0,SIMULATED
2026-10-01 04:15:00,standard,26.39,74.2,0.0,0,7.14,0.24,14.1,21.48,52.82,-31.34,87.5,100.0,0,SIMULATED
2026-10-01 04:30:00,standard,26.5,73.7,0.0,0,7.18,0.24,14.1,21.52,52.82,-31.3,87.5,100.0,0,SIMULATED
2026-10-01 04:45:00,standard,26.63,73.1,0.0,0,7.24,0.24,14.1,21.58,52.82,-31.24,87.5,100.0,0,SIMULATED
2026-10-01 05:00:00,standard,26.77,72.5,0.0,0,7.28,0.24,14.1,21.62,52.82,-31.2,87.5,100.0,0,SIMULATED
2026-10-01 05:15:00,standard,26.93,71.8,0.0,0,7.36,0.24,14.1,21.7,52.82,-31.12,87.5,100.0,0,SIMULATED
2026-10-01 05:30:00,standard,27.1,71.0,0.0,0,7.46,0.24,14.1,21.8,52.82,-31.02,87.5,100.0,0,SIMULATED
2026-10-01 05:45:00,standard,27.28,70.2,0.0,0,7.53,0.24,14.1,21.87,52.82,-30.95,87.5,100.0,0,SIMULATED
2026-10-01 06:00:00,standard,27.47,69.3,0.0,0,7.63,0.24,14.1,21.97,52.82,-30.85,87.5,100.0,0,SIMULATED
2026-10-01 06:15:00,standard,27.67,68.4,53.4,0,8.32,0.24,14.1,22.66,52.82,-30.16,87.5,100.0,0,SIMULATED
2026-10-01 06:30:00,standard,27.88,67.5,106.5,0,9.01,0.24,14.1,23.35,52.82,-29.47,87.5,100.0,0,SIMULATED
2026-10-01 06:45:00,standard,28.09,66.5,159.3,0,9.7,0.24,14.1,24.04,52.94,-28.9,87.5,100.0,0,SIMULATED
2026-10-01 07:00:00,standard,28.31,65.5,211.4,0,10.7,1.52,14.1,26.33,53.22,-26.89,87.5,100.0,0,SIMULATED
2026-10-01 07:15:00,standard,28.54,64.5,262.7,0,11.4,1.52,14.1,27.03,53.49,-26.46,87.5,100.0,0,SIMULATED
2026-10-01 07:30:00,standard,28.78,63.4,312.9,0,12.11,1.52,14.1,27.72,53.8,-26.08,87.5,100.0,0,SIMULATED
2026-10-01 07:45:00,standard,29.02,62.3,361.9,0,12.8,1.52,14.1,28.42,54.1,-25.68,87.5,100.0,0,SIMULATED
2026-10-01 08:00:00,standard,29.26,61.2,409.5,4,13.71,1.85,14.1,29.65,54.42,-24.77,87.5,100.0,0,SIMULATED
2026-10-01 08:15:00,standard,29.5,60.1,455.5,6,14.76,3.21,14.1,32.06,54.7,-22.64,87.5,100.0,0,SIMULATED
2026-10-01 08:30:00,standard,29.75,59.0,499.6,13,15.82,3.99,14.1,33.9,55.02,-21.12,87.5,100.0,0,SIMULATED
2026-10-01 08:45:00,standard,30.0,57.9,541.8,19,16.79,5.09,14.1,35.98,55.34,-19.36,87.5,100.0,0,SIMULATED
2026-10-01 09:00:00,standard,30.24,56.8,581.9,45,17.5,6.0,14.1,37.6,55.64,-18.04,87.5,100.0,0,SIMULATED
2026-10-01 09:15:00,standard,30.48,55.7,619.6,47,17.74,6.0,14.1,37.84,55.93,-18.09,87.5,100.0,0,SIMULATED
2026-10-01 09:30:00,standard,30.72,54.6,654.9,68,18.26,6.6,14.1,38.96,56.24,-17.28,87.5,100.0,0,SIMULATED
2026-10-01 09:45:00,standard,30.96,53.5,687.7,71,18.51,6.6,14.1,39.21,56.51,-17.3,87.5,100.0,0,SIMULATED
2026-10-01 10:00:00,standard,31.19,52.5,717.7,77,18.77,6.42,14.1,39.29,56.82,-17.53,87.5,100.0,0,SIMULATED
2026-10-01 10:15:00,standard,31.41,51.5,744.9,79,18.86,6.42,14.1,39.38,57.1,-17.72,87.5,100.0,0,SIMULATED
2026-10-01 10:30:00,standard,31.62,50.5,769.1,72,18.58,5.82,14.1,38.5,57.36,-18.86,87.5,100.0,0,SIMULATED
2026-10-01 10:45:00,standard,31.83,49.6,790.3,71,18.71,5.82,14.1,38.63,57.62,-18.99,87.5,100.0,0,SIMULATED
2026-10-01 11:00:00,standard,32.03,48.7,808.4,74,18.87,5.82,14.1,38.79,57.87,-19.08,87.5,100.0,0,SIMULATED
2026-10-01 11:15:00,standard,32.22,47.8,823.3,72,18.89,5.82,14.1,38.81,58.1,-19.29,87.5,100.0,0,SIMULATED
2026-10-01 11:30:00,standard,32.4,47.0,834.9,81,19.38,6.42,14.1,39.9,58.31,-18.41,87.5,100.0,0,SIMULATED
2026-10-01 11:45:00,standard,32.57,46.2,843.3,66,18.89,5.82,14.1,38.81,58.53,-19.72,87.5,100.0,0,SIMULATED
2026-10-01 12:00:00,standard,32.73,45.5,848.3,92,19.87,6.6,14.1,40.57,58.74,-18.17,87.5,100.0,0,SIMULATED
2026-10-01 12:15:00,standard,32.87,44.9,850.0,92,19.93,6.6,14.1,40.63,58.92,-18.29,87.5,100.0,0,SIMULATED
2026-10-01 12:30:00,standard,33.0,44.3,848.3,72,19.55,6.0,14.1,39.65,59.07,-19.42,87.5,100.0,0,SIMULATED
2026-10-01 12:45:00,standard,33.11,43.8,843.3,71,19.61,6.0,14.1,39.71,59.22,-19.51,87.5,100.0,0,SIMULATED
2026-10-01 13:00:00,standard,33.21,43.3,834.9,66,19.73,6.0,14.1,39.83,59.34,-19.51,87.5,100.0,0,SIMULATED
2026-10-01 13:15:00,standard,33.3,42.9,823.3,65,19.74,6.0,14.1,39.84,59.46,-19.62,87.5,100.0,0,SIMULATED
2026-10-01 13:30:00,standard,33.37,42.6,808.4,72,20.14,6.6,14.1,40.84,59.54,-18.7,87.5,100.0,0,SIMULATED
2026-10-01 13:45:00,standard,33.43,42.3,790.3,73,20.18,6.6,14.1,40.88,59.62,-18.74,87.5,100.0,0,SIMULATED
2026-10-01 14:00:00,standard,33.47,42.1,769.1,72,19.68,6.5,14.1,40.28,59.67,-19.39,75.0,100.0,1,SIMULATED
2026-10-01 14:15:00,standard,33.49,42.0,744.9,72,19.64,6.5,14.1,40.24,59.7,-19.46,62.5,100.0,1,SIMULATED
2026-10-01 14:30:00,standard,33.5,42.0,717.7,72,19.62,6.5,14.1,40.22,59.7,-19.48,62.5,100.0,1,SIMULATED
2026-10-01 14:45:00,standard,33.49,42.0,687.7,71,19.61,6.5,14.1,40.21,59.7,-19.49,62.5,100.0,1,SIMULATED
2026-10-01 15:00:00,standard,33.47,42.1,654.9,73,19.48,5.82,14.1,39.4,59.67,-20.27,62.5,100.0,0,SIMULATED
2026-10-01 15:15:00,standard,33.43,42.3,619.6,72,19.5,5.82,14.1,39.42,59.62,-20.2,62.5,100.0,0,SIMULATED
2026-10-01 15:30:00,standard,33.37,42.6,581.9,69,19.38,6.0,14.1,39.48,59.54,-20.06,62.5,100.0,0,SIMULATED
2026-10-01 15:45:00,standard,33.3,42.9,541.8,71,19.38,6.0,14.1,39.48,59.46,-19.98,62.5,100.0,0,SIMULATED
2026-10-01 16:00:00,standard,33.21,43.3,499.6,69,19.33,6.0,14.1,39.43,59.34,-19.91,62.5,100.0,0,SIMULATED
2026-10-01 16:15:00,standard,33.11,43.8,455.5,72,19.32,6.0,14.1,39.42,59.22,-19.8,62.5,100.0,0,SIMULATED
2026-10-01 16:30:00,standard,33.0,44.3,409.5,80,19.67,6.6,14.1,40.37,59.07,-18.7,62.5,100.0,0,SIMULATED
2026-10-01 16:45:00,standard,32.87,44.9,361.9,76,19.54,6.6,14.1,40.24,58.92,-18.68,62.5,100.0,0,SIMULATED
2026-10-01 17:00:00,standard,32.73,45.5,312.9,67,18.98,6.6,14.1,39.68,58.74,-19.06,62.5,100.0,0,SIMULATED
2026-10-01 17:15:00,standard,32.57,46.2,262.7,66,18.65,6.6,14.1,39.35,58.53,-19.18,62.5,100.0,0,SIMULATED
2026-10-01 17:30:00,standard,32.4,47.0,211.4,57,17.93,6.0,14.1,38.03,58.31,-20.28,62.5,100.0,0,SIMULATED
2026-10-01 17:45:00,standard,32.22,47.8,159.3,53,17.64,6.0,14.1,37.74,58.1,-20.36,62.5,100.0,0,SIMULATED
2026-10-01 18:00:00,standard,32.03,48.7,106.5,50,17.32,6.0,14.1,37.42,57.87,-20.45,62.5,100.0,0,SIMULATED
2026-10-01 18:15:00,standard,31.83,49.6,53.4,48,17.1,6.0,14.1,37.2,57.62,-20.42,75.0,100.0,0,SIMULATED
2026-10-01 18:30:00,standard,31.62,50.5,0.0,38,16.38,5.09,14.1,35.57,57.36,-21.79,87.5,100.0,0,SIMULATED
2026-10-01 18:45:00,standard,31.41,51.5,0.0,33,15.96,5.09,14.1,35.15,57.1,-21.95,87.5,100.0,0,SIMULATED
2026-10-01 19:00:00,standard,31.19,52.5,0.0,22,15.14,3.98,14.1,33.22,56.82,-23.6,87.5,100.0,0,SIMULATED
2026-10-01 19:15:00,standard,30.96,53.5,0.0,16,14.76,3.98,14.1,32.84,56.51,-23.67,87.5,100.0,0,SIMULATED
2026-10-01 19:30:00,standard,30.72,54.6,0.0,11,13.85,2.62,14.1,30.57,56.24,-25.67,87.5,100.0,0,SIMULATED
2026-10-01 19:45:00,standard,30.48,55.7,0.0,8,13.32,2.62,14.1,30.04,55.93,-25.89,87.5,100.0,0,SIMULATED
2026-10-01 20:00:00,standard,30.24,56.8,0.0,5,12.59,1.6,14.1,28.29,55.64,-27.35,87.5,100.0,0,SIMULATED
2026-10-01 20:15:00,standard,30.0,57.9,0.0,3,12.12,1.6,14.1,27.82,55.34,-27.52,87.5,100.0,0,SIMULATED
2026-10-01 20:30:00,standard,29.75,59.0,0.0,0,11.34,0.24,14.1,25.68,55.02,-29.34,87.5,100.0,0,SIMULATED
2026-10-01 20:45:00,standard,29.5,60.1,0.0,0,10.99,0.24,14.1,25.33,54.7,-29.37,87.5,100.0,0,SIMULATED
2026-10-01 21:00:00,standard,29.26,61.2,0.0,0,10.66,0.24,14.1,25.0,54.42,-29.42,87.5,100.0,0,SIMULATED
2026-10-01 21:15:00,standard,29.02,62.3,0.0,0,10.34,0.24,14.1,24.68,54.1,-29.42,87.5,100.0,0,SIMULATED
2026-10-01 21:30:00,standard,28.78,63.4,0.0,0,10.06,0.24,14.1,24.4,53.8,-29.4,87.5,100.0,0,SIMULATED
2026-10-01 21:45:00,standard,28.54,64.5,0.0,0,9.77,0.24,14.1,24.11,53.49,-29.38,87.5,100.0,0,SIMULATED
2026-10-01 22:00:00,standard,28.31,65.5,0.0,0,9.51,0.24,14.1,23.85,53.22,-29.37,87.5,100.0,0,SIMULATED
2026-10-01 22:15:00,standard,28.09,66.5,0.0,0,9.23,0.24,14.1,23.57,52.94,-29.37,87.5,100.0,0,SIMULATED
2026-10-01 22:30:00,standard,27.88,67.5,0.0,0,9.01,0.24,14.1,23.35,52.82,-29.47,87.5,100.0,0,SIMULATED
2026-10-01 22:45:00,standard,27.67,68.4,0.0,0,8.81,0.24,14.1,23.15,52.82,-29.67,87.5,100.0,0,SIMULATED
2026-10-01 23:00:00,standard,27.47,69.3,0.0,0,8.6,0.24,14.1,22.94,52.82,-29.88,87.5,100.0,0,SIMULATED
2026-10-01 23:15:00,standard,27.28,70.2,0.0,0,8.4,0.24,14.1,22.74,52.82,-30.08,87.5,100.0,0,SIMULATED
2026-10-01 23:30:00,standard,27.1,71.0,0.0,0,8.24,0.24,14.1,22.58,52.82,-30.24,87.5,100.0,0,SIMULATED
2026-10-01 23:45:00,standard,26.93,71.8,0.0,0,8.07,0.24,14.1,22.41,52.82,-30.41,87.5,100.0,0,SIMULATED
2026-10-02 00:00:00,standard,26.77,72.5,0.0,0,7.9,0.24,14.1,22.24,52.82,-30.58,87.5,100.0,0,SIMULATED
2026-10-02 00:15:00,standard,26.63,73.1,0.0,0,7.79,0.24,14.1,22.13,52.82,-30.69,87.5,100.0,0,SIMULATED
2026-10-02 00:30:00,standard,26.5,73.7,0.0,0,7.65,0.24,14.1,21.99,52.82,-30.83,87.5,100.0,0,SIMULATED
2026-10-02 00:45:00,standard,26.39,74.2,0.0,0,7.55,0.24,14.1,21.89,52.82,-30.93,87.5,100.0,0,SIMULATED
2026-10-02 01:00:00,standard,26.29,74.7,0.0,0,7.45,0.24,14.1,21.79,52.82,-31.03,87.5,100.0,0,SIMULATED
2026-10-02 01:15:00,standard,26.2,75.1,0.0,0,7.35,0.24,14.1,21.69,52.82,-31.13,87.5,100.0,0,SIMULATED
2026-10-02 01:30:00,standard,26.13,75.4,0.0,0,7.28,0.24,14.1,21.62,52.82,-31.2,87.5,100.0,0,SIMULATED
2026-10-02 01:45:00,standard,26.07,75.7,0.0,0,7.2,0.24,14.1,21.54,52.82,-31.28,87.5,100.0,0,SIMULATED
2026-10-02 02:00:00,standard,26.03,75.9,0.0,0,7.15,0.24,14.1,21.49,52.82,-31.33,87.5,100.0,0,SIMULATED
2026-10-02 02:15:00,standard,26.01,76.0,0.0,0,7.11,0.24,14.1,21.45,52.82,-31.37,87.5,100.0,0,SIMULATED
2026-10-02 02:30:00,standard,26.0,76.0,0.0,0,7.08,0.24,14.1,21.42,52.82,-31.4,87.5,100.0,0,SIMULATED
2026-10-02 02:45:00,standard,26.01,76.0,0.0,0,7.06,0.24,14.1,21.4,52.82,-31.42,87.5,100.0,0,SIMULATED
2026-10-02 03:00:00,standard,26.03,75.9,0.0,0,7.04,0.24,14.1,21.38,52.82,-31.44,87.5,100.0,0,SIMULATED
2026-10-02 03:15:00,standard,26.07,75.7,0.0,0,7.03,0.24,14.1,21.37,52.82,-31.45,87.5,100.0,0,SIMULATED
2026-10-02 03:30:00,standard,26.13,75.4,0.0,0,7.05,0.24,14.1,21.39,52.82,-31.43,87.5,100.0,0,SIMULATED
2026-10-02 03:45:00,standard,26.2,75.1,0.0,0,7.07,0.24,14.1,21.41,52.82,-31.41,87.5,100.0,0,SIMULATED
2026-10-02 04:00:00,standard,26.29,74.7,0.0,0,7.11,0.24,14.1,21.45,52.82,-31.37,87.5,100.0,0,SIMULATED
2026-10-02 04:15:00,standard,26.39,74.2,0.0,0,7.14,0.24,14.1,21.48,52.82,-31.34,87.5,100.0,0,SIMULATED
2026-10-02 04:30:00,standard,26.5,73.7,0.0,0,7.18,0.24,14.1,21.52,52.82,-31.3,87.5,100.0,0,SIMULATED
2026-10-02 04:45:00,standard,26.63,73.1,0.0,0,7.24,0.24,14.1,21.58,52.82,-31.24,87.5,100.0,0,SIMULATED
2026-10-02 05:00:00,standard,26.77,72.5,0.0,0,7.28,0.24,14.1,21.62,52.82,-31.2,87.5,100.0,0,SIMULATED
2026-10-02 05:15:00,standard,26.93,71.8,0.0,0,7.36,0.24,14.1,21.7,52.82,-31.12,87.5,100.0,0,SIMULATED
2026-10-02 05:30:00,standard,27.1,71.0,0.0,0,7.46,0.24,14.1,21.8,52.82,-31.02,87.5,100.0,0,SIMULATED
2026-10-02 05:45:00,standard,27.28,70.2,0.0,0,7.53,0.24,14.1,21.87,52.82,-30.95,87.5,100.0,0,SIMULATED
2026-10-02 06:00:00,standard,27.47,69.3,0.0,0,7.63,0.24,14.1,21.97,52.82,-30.85,87.5,100.0,0,SIMULATED
2026-10-02 06:15:00,standard,27.67,68.4,53.4,0,8.32,0.24,14.1,22.66,52.82,-30.16,87.5,100.0,0,SIMULATED
2026-10-02 06:30:00,standard,27.88,67.5,106.5,0,9.01,0.24,14.1,23.35,52.82,-29.47,87.5,100.0,0,SIMULATED
2026-10-02 06:45:00,standard,28.09,66.5,159.3,0,9.7,0.24,14.1,24.04,52.94,-28.9,87.5,100.0,0,SIMULATED
2026-10-02 07:00:00,standard,28.31,65.5,211.4,0,10.7,1.52,14.1,26.33,53.22,-26.89,87.5,100.0,0,SIMULATED
2026-10-02 07:15:00,standard,28.54,64.5,262.7,0,11.4,1.52,14.1,27.03,53.49,-26.46,87.5,100.0,0,SIMULATED
2026-10-02 07:30:00,standard,28.78,63.4,312.9,0,12.11,1.52,14.1,27.72,53.8,-26.08,87.5,100.0,0,SIMULATED
2026-10-02 07:45:00,standard,29.02,62.3,361.9,0,12.8,1.52,14.1,28.42,54.1,-25.68,87.5,100.0,0,SIMULATED
2026-10-02 08:00:00,standard,29.26,61.2,409.5,3,13.68,1.85,14.1,29.62,54.42,-24.8,87.5,100.0,0,SIMULATED
2026-10-02 08:15:00,standard,29.5,60.1,455.5,4,14.69,3.21,14.1,31.99,54.7,-22.71,87.5,100.0,0,SIMULATED
2026-10-02 08:30:00,standard,29.75,59.0,499.6,13,15.82,3.99,14.1,33.9,55.02,-21.12,87.5,100.0,0,SIMULATED
2026-10-02 08:45:00,standard,30.0,57.9,541.8,18,16.79,5.09,14.1,35.98,55.34,-19.36,87.5,100.0,0,SIMULATED
2026-10-02 09:00:00,standard,30.24,56.8,581.9,46,17.53,6.0,14.1,37.63,55.64,-18.01,87.5,100.0,0,SIMULATED
2026-10-02 09:15:00,standard,30.48,55.7,619.6,49,17.8,6.0,14.1,37.9,55.93,-18.03,87.5,100.0,0,SIMULATED
2026-10-02 09:30:00,standard,30.72,54.6,654.9,67,18.24,6.6,14.1,38.94,56.24,-17.3,87.5,100.0,0,SIMULATED
2026-10-02 09:45:00,standard,30.96,53.5,687.7,68,18.43,6.6,14.1,39.13,56.51,-17.38,87.5,100.0,0,SIMULATED
2026-10-02 10:00:00,standard,31.19,52.5,717.7,78,18.77,6.42,14.1,39.29,56.82,-17.53,87.5,100.0,0,SIMULATED
2026-10-02 10:15:00,standard,31.41,51.5,744.9,74,18.83,6.42,14.1,39.35,57.1,-17.75,87.5,100.0,0,SIMULATED
2026-10-02 10:30:00,standard,31.62,50.5,769.1,71,18.58,5.82,14.1,38.5,57.36,-18.86,87.5,100.0,0,SIMULATED
2026-10-02 10:45:00,standard,31.83,49.6,790.3,72,18.68,5.82,14.1,38.6,57.62,-19.02,87.5,100.0,0,SIMULATED
2026-10-02 11:00:00,standard,32.03,48.7,808.4,72,18.77,5.82,14.1,38.69,57.87,-19.18,87.5,100.0,0,SIMULATED
2026-10-02 11:15:00,standard,32.22,47.8,823.3,71,18.89,5.82,14.1,38.81,58.1,-19.29,87.5,100.0,0,SIMULATED
2026-10-02 11:30:00,standard,32.4,47.0,834.9,80,19.38,6.42,14.1,39.9,58.31,-18.41,87.5,100.0,0,SIMULATED
2026-10-02 11:45:00,standard,32.57,46.2,843.3,67,18.89,5.82,14.1,38.81,58.53,-19.72,87.5,100.0,0,SIMULATED
2026-10-02 12:00:00,standard,32.73,45.5,848.3,92,19.87,6.6,14.1,40.57,58.74,-18.17,87.5,100.0,0,SIMULATED
2026-10-02 12:15:00,standard,32.87,44.9,850.0,91,19.93,6.6,14.1,40.63,58.92,-18.29,87.5,100.0,0,SIMULATED
2026-10-02 12:30:00,standard,33.0,44.3,848.3,71,19.58,6.0,14.1,39.68,59.07,-19.39,87.5,100.0,0,SIMULATED
2026-10-02 12:45:00,standard,33.11,43.8,843.3,73,19.67,6.0,14.1,39.77,59.22,-19.45,87.5,100.0,0,SIMULATED
2026-10-02 13:00:00,standard,33.21,43.3,834.9,64,19.66,6.0,14.1,39.76,59.34,-19.58,87.5,100.0,0,SIMULATED
2026-10-02 13:15:00,standard,33.3,42.9,823.3,66,19.73,6.0,14.1,39.83,59.46,-19.63,87.5,100.0,0,SIMULATED
2026-10-02 13:30:00,standard,33.37,42.6,808.4,73,20.15,6.6,14.1,40.85,59.54,-18.69,87.5,100.0,0,SIMULATED
2026-10-02 13:45:00,standard,33.43,42.3,790.3,71,20.18,6.6,14.1,40.88,59.62,-18.74,87.5,100.0,0,SIMULATED
2026-10-02 14:00:00,standard,33.47,42.1,769.1,71,19.61,6.5,14.1,40.21,59.67,-19.46,75.0,100.0,1,SIMULATED
2026-10-02 14:15:00,standard,33.49,42.0,744.9,72,19.64,6.5,14.1,40.24,59.7,-19.46,75.0,100.0,1,SIMULATED
2026-10-02 14:30:00,standard,33.5,42.0,717.7,73,19.61,6.5,14.1,40.21,59.7,-19.49,62.5,100.0,1,SIMULATED
2026-10-02 14:45:00,standard,33.49,42.0,687.7,72,19.64,6.5,14.1,40.24,59.7,-19.46,62.5,100.0,1,SIMULATED
2026-10-02 15:00:00,standard,33.47,42.1,654.9,70,19.45,5.82,14.1,39.37,59.67,-20.3,62.5,100.0,0,SIMULATED
2026-10-02 15:15:00,standard,33.43,42.3,619.6,71,19.46,5.82,14.1,39.38,59.62,-20.24,62.5,100.0,0,SIMULATED
2026-10-02 15:30:00,standard,33.37,42.6,581.9,70,19.41,6.0,14.1,39.51,59.54,-20.03,62.5,100.0,0,SIMULATED
2026-10-02 15:45:00,standard,33.3,42.9,541.8,71,19.38,6.0,14.1,39.48,59.46,-19.98,62.5,100.0,0,SIMULATED
2026-10-02 16:00:00,standard,33.21,43.3,499.6,73,19.37,6.0,14.1,39.47,59.34,-19.87,62.5,100.0,0,SIMULATED
2026-10-02 16:15:00,standard,33.11,43.8,455.5,71,19.32,6.0,14.1,39.42,59.22,-19.8,62.5,100.0,0,SIMULATED
2026-10-02 16:30:00,standard,33.0,44.3,409.5,79,19.64,6.6,14.1,40.34,59.07,-18.73,62.5,100.0,0,SIMULATED
2026-10-02 16:45:00,standard,32.87,44.9,361.9,78,19.58,6.6,14.1,40.28,58.92,-18.64,62.5,100.0,0,SIMULATED
2026-10-02 17:00:00,standard,32.73,45.5,312.9,67,18.92,6.6,14.1,39.62,58.74,-19.12,62.5,100.0,0,SIMULATED
2026-10-02 17:15:00,standard,32.57,46.2,262.7,65,18.61,6.6,14.1,39.31,58.53,-19.22,62.5,100.0,0,SIMULATED
2026-10-02 17:30:00,standard,32.4,47.0,211.4,58,17.95,6.0,14.1,38.05,58.31,-20.26,62.5,100.0,0,SIMULATED
2026-10-02 17:45:00,standard,32.22,47.8,159.3,57,17.69,6.0,14.1,37.79,58.1,-20.31,62.5,100.0,0,SIMULATED
2026-10-02 18:00:00,standard,32.03,48.7,106.5,50,17.31,6.0,14.1,37.41,57.87,-20.46,62.5,100.0,0,SIMULATED
2026-10-02 18:15:00,standard,31.83,49.6,53.4,50,17.12,6.0,14.1,37.22,57.62,-20.4,75.0,100.0,0,SIMULATED
2026-10-02 18:30:00,standard,31.62,50.5,0.0,39,16.4,5.09,14.1,35.59,57.36,-21.77,87.5,100.0,0,SIMULATED
2026-10-02 18:45:00,standard,31.41,51.5,0.0,34,16.01,5.09,14.1,35.2,57.1,-21.9,87.5,100.0,0,SIMULATED
2026-10-02 19:00:00,standard,31.19,52.5,0.0,21,15.12,3.98,14.1,33.2,56.82,-23.62,87.5,100.0,0,SIMULATED
2026-10-02 19:15:00,standard,30.96,53.5,0.0,16,14.74,3.98,14.1,32.82,56.51,-23.69,87.5,100.0,0,SIMULATED
2026-10-02 19:30:00,standard,30.72,54.6,0.0,10,13.85,2.62,14.1,30.57,56.24,-25.67,87.5,100.0,0,SIMULATED
2026-10-02 19:45:00,standard,30.48,55.7,0.0,8,13.35,2.62,14.1,30.07,55.93,-25.86,87.5,100.0,0,SIMULATED
2026-10-02 20:00:00,standard,30.24,56.8,0.0,5,12.61,1.6,14.1,28.31,55.64,-27.33,87.5,100.0,0,SIMULATED
2026-10-02 20:15:00,standard,30.0,57.9,0.0,2,12.11,1.6,14.1,27.81,55.34,-27.53,87.5,100.0,0,SIMULATED
2026-10-02 20:30:00,standard,29.75,59.0,0.0,0,11.36,0.24,14.1,25.7,55.02,-29.32,87.5,100.0,0,SIMULATED
2026-10-02 20:45:00,standard,29.5,60.1,0.0,0,11.01,0.24,14.1,25.35,54.7,-29.35,87.5,100.0,0,SIMULATED
2026-10-02 21:00:00,standard,29.26,61.2,0.0,0,10.68,0.24,14.1,25.02,54.42,-29.4,87.5,100.0,0,SIMULATED
2026-10-02 21:15:00,standard,29.02,62.3,0.0,0,10.35,0.24,14.1,24.69,54.1,-29.41,87.5,100.0,0,SIMULATED
2026-10-02 21:30:00,standard,28.78,63.4,0.0,0,10.08,0.24,14.1,24.42,53.8,-29.38,87.5,100.0,0,SIMULATED
2026-10-02 21:45:00,standard,28.54,64.5,0.0,0,9.79,0.24,14.1,24.13,53.49,-29.36,87.5,100.0,0,SIMULATED
2026-10-02 22:00:00,standard,28.31,65.5,0.0,0,9.52,0.24,14.1,23.86,53.22,-29.36,87.5,100.0,0,SIMULATED
2026-10-02 22:15:00,standard,28.09,66.5,0.0,0,9.24,0.24,14.1,23.58,52.94,-29.36,87.5,100.0,0,SIMULATED
2026-10-02 22:30:00,standard,27.88,67.5,0.0,0,9.02,0.24,14.1,23.36,52.82,-29.46,87.5,100.0,0,SIMULATED
2026-10-02 22:45:00,standard,27.67,68.4,0.0,0,8.82,0.24,14.1,23.16,52.82,-29.66,87.5,100.0,0,SIMULATED
2026-10-02 23:00:00,standard,27.47,69.3,0.0,0,8.6,0.24,14.1,22.94,52.82,-29.88,87.5,100.0,0,SIMULATED
2026-10-02 23:15:00,standard,27.28,70.2,0.0,0,8.41,0.24,14.1,22.75,52.82,-30.07,87.5,100.0,0,SIMULATED
2026-10-02 23:30:00,standard,27.1,71.0,0.0,0,8.25,0.24,14.1,22.59,52.82,-30.23,87.5,100.0,0,SIMULATED
2026-10-02 23:45:00,standard,26.93,71.8,0.0,0,8.08,0.24,14.1,22.42,52.82,-30.4,87.5,100.0,0,SIMULATED
2026-10-03 00:00:00,standard,26.77,72.5,0.0,0,7.9,0.24,14.1,22.24,52.82,-30.58,87.5,100.0,0,SIMULATED
2026-10-03 00:15:00,standard,26.63,73.1,0.0,0,7.79,0.24,14.1,22.13,52.82,-30.69,87.5,100.0,0,SIMULATED
2026-10-03 00:30:00,standard,26.5,73.7,0.0,0,7.65,0.24,14.1,21.99,52.82,-30.83,87.5,100.0,0,SIMULATED
2026-10-03 00:45:00,standard,26.39,74.2,0.0,0,7.55,0.24,14.1,21.89,52.82,-30.93,87.5,100.0,0,SIMULATED
2026-10-03 01:00:00,standard,26.29,74.7,0.0,0,7.45,0.24,14.1,21.79,52.82,-31.03,87.5,100.0,0,SIMULATED
2026-10-03 01:15:00,standard,26.2,75.1,0.0,0,7.35,0.24,14.1,21.69,52.82,-31.13,87.5,100.0,0,SIMULATED
2026-10-03 01:30:00,standard,26.13,75.4,0.0,0,7.28,0.24,14.1,21.62,52.82,-31.2,87.5,100.0,0,SIMULATED
2026-10-03 01:45:00,standard,26.07,75.7,0.0,0,7.2,0.24,14.1,21.54,52.82,-31.28,87.5,100.0,0,SIMULATED
2026-10-03 02:00:00,standard,26.03,75.9,0.0,0,7.15,0.24,14.1,21.49,52.82,-31.33,87.5,100.0,0,SIMULATED
2026-10-03 02:15:00,standard,26.01,76.0,0.0,0,7.11,0.24,14.1,21.45,52.82,-31.37,87.5,100.0,0,SIMULATED
2026-10-03 02:30:00,standard,26.0,76.0,0.0,0,7.08,0.24,14.1,21.42,52.82,-31.4,87.5,100.0,0,SIMULATED
2026-10-03 02:45:00,standard,26.01,76.0,0.0,0,7.06,0.24,14.1,21.4,52.82,-31.42,87.5,100.0,0,SIMULATED
2026-10-03 03:00:00,standard,26.03,75.9,0.0,0,7.04,0.24,14.1,21.38,52.82,-31.44,87.5,100.0,0,SIMULATED
2026-10-03 03:15:00,standard,26.07,75.7,0.0,0,7.03,0.24,14.1,21.37,52.82,-31.45,87.5,100.0,0,SIMULATED
2026-10-03 03:30:00,standard,26.13,75.4,0.0,0,7.05,0.24,14.1,21.39,52.82,-31.43,87.5,100.0,0,SIMULATED
2026-10-03 03:45:00,standard,26.2,75.1,0.0,0,7.07,0.24,14.1,21.41,52.82,-31.41,87.5,100.0,0,SIMULATED
2026-10-03 04:00:00,standard,26.29,74.7,0.0,0,7.11,0.24,14.1,21.45,52.82,-31.37,87.5,100.0,0,SIMULATED
2026-10-03 04:15:00,standard,26.39,74.2,0.0,0,7.14,0.24,14.1,21.48,52.82,-31.34,87.5,100.0,0,SIMULATED
2026-10-03 04:30:00,standard,26.5,73.7,0.0,0,7.18,0.24,14.1,21.52,52.82,-31.3,87.5,100.0,0,SIMULATED
2026-10-03 04:45:00,standard,26.63,73.1,0.0,0,7.24,0.24,14.1,21.58,52.82,-31.24,87.5,100.0,0,SIMULATED
2026-10-03 05:00:00,standard,26.77,72.5,0.0,0,7.28,0.24,14.1,21.62,52.82,-31.2,87.5,100.0,0,SIMULATED
2026-10-03 05:15:00,standard,26.93,71.8,0.0,0,7.36,0.24,14.1,21.7,52.82,-31.12,87.5,100.0,0,SIMULATED
2026-10-03 05:30:00,standard,27.1,71.0,0.0,0,7.46,0.24,14.1,21.8,52.82,-31.02,87.5,100.0,0,SIMULATED
2026-10-03 05:45:00,standard,27.28,70.2,0.0,0,7.53,0.24,14.1,21.87,52.82,-30.95,87.5,100.0,0,SIMULATED
2026-10-03 06:00:00,standard,27.47,69.3,0.0,0,7.63,0.24,14.1,21.97,52.82,-30.85,87.5,100.0,0,SIMULATED
2026-10-03 06:15:00,standard,27.67,68.4,53.4,0,8.32,0.24,14.1,22.66,52.82,-30.16,87.5,100.0,0,SIMULATED
2026-10-03 06:30:00,standard,27.88,67.5,106.5,0,9.01,0.24,14.1,23.35,52.82,-29.47,87.5,100.0,0,SIMULATED
2026-10-03 06:45:00,standard,28.09,66.5,159.3,0,9.7,0.24,14.1,24.04,52.94,-28.9,87.5,100.0,0,SIMULATED
2026-10-03 07:00:00,standard,28.31,65.5,211.4,0,10.7,1.52,14.1,26.33,53.22,-26.89,87.5,100.0,0,SIMULATED
2026-10-03 07:15:00,standard,28.54,64.5,262.7,0,11.4,1.52,14.1,27.03,53.49,-26.46,87.5,100.0,0,SIMULATED
2026-10-03 07:30:00,standard,28.78,63.4,312.9,0,12.11,1.52,14.1,27.72,53.8,-26.08,87.5,100.0,0,SIMULATED
2026-10-03 07:45:00,standard,29.02,62.3,361.9,0,12.8,1.52,14.1,28.42,54.1,-25.68,87.5,100.0,0,SIMULATED
2026-10-03 08:00:00,standard,29.26,61.2,409.5,0,13.51,1.52,14.1,29.12,54.42,-25.3,87.5,100.0,0,SIMULATED
2026-10-03 08:15:00,standard,29.5,60.1,455.5,0,14.18,1.52,14.1,29.79,54.7,-24.91,87.5,100.0,0,SIMULATED
2026-10-03 08:30:00,standard,29.75,59.0,499.6,0,14.85,1.52,14.1,30.47,55.02,-24.55,87.5,100.0,0,SIMULATED
2026-10-03 08:45:00,standard,30.0,57.9,541.8,0,15.5,1.52,14.1,31.12,55.34,-24.22,87.5,100.0,0,SIMULATED
2026-10-03 09:00:00,standard,30.24,56.8,581.9,1,16.21,1.85,14.1,32.15,55.64,-23.49,87.5,100.0,0,SIMULATED
2026-10-03 09:15:00,standard,30.48,55.7,619.6,1,16.81,1.85,14.1,32.76,55.93,-23.17,87.5,100.0,0,SIMULATED
2026-10-03 09:30:00,standard,30.72,54.6,654.9,1,17.04,1.85,14.1,32.99,56.24,-23.25,87.5,100.0,0,SIMULATED
2026-10-03 09:45:00,standard,30.96,53.5,687.7,1,17.25,1.85,14.1,33.19,56.51,-23.32,87.5,100.0,0,SIMULATED
2026-10-03 10:00:00,standard,31.19,52.5,717.7,4,17.44,4.31,14.1,35.85,56.82,-20.97,87.5,100.0,0,SIMULATED
2026-10-03 10:15:00,standard,31.41,51.5,744.9,5,17.61,4.31,14.1,36.02,57.1,-21.08,87.5,100.0,0,SIMULATED
2026-10-03 10:30:00,standard,31.62,50.5,769.1,6,17.78,4.31,14.1,36.19,57.36,-21.17,87.5,100.0,0,SIMULATED
2026-10-03 10:45:00,standard,31.83,49.6,790.3,5,17.95,4.31,14.1,36.36,57.62,-21.26,87.5,100.0,0,SIMULATED
2026-10-03 11:00:00,standard,32.03,48.7,808.4,6,18.09,4.31,14.1,36.5,57.87,-21.37,87.5,100.0,0,SIMULATED
2026-10-03 11:15:00,standard,32.22,47.8,823.3,6,18.22,4.31,14.1,36.63,58.1,-21.47,87.5,100.0,0,SIMULATED
2026-10-03 11:30:00,standard,32.4,47.0,834.9,5,18.35,4.31,14.1,36.76,58.31,-21.55,87.5,100.0,0,SIMULATED
2026-10-03 11:45:00,standard,32.57,46.2,843.3,4,18.43,4.31,14.1,36.84,58.53,-21.69,87.5,100.0,0,SIMULATED
2026-10-03 12:00:00,standard,32.73,45.5,848.3,5,18.51,4.31,14.1,36.92,58.74,-21.82,87.5,100.0,0,SIMULATED
2026-10-03 12:15:00,standard,32.87,44.9,850.0,6,18.56,4.31,14.1,36.97,58.92,-21.95,87.5,100.0,0,SIMULATED
2026-10-03 12:30:00,standard,33.0,44.3,848.3,7,18.65,4.31,14.1,37.06,59.07,-22.01,87.5,100.0,0,SIMULATED
2026-10-03 12:45:00,standard,33.11,43.8,843.3,5,18.67,4.31,14.1,37.08,59.22,-22.14,87.5,100.0,0,SIMULATED
2026-10-03 13:00:00,standard,33.21,43.3,834.9,7,18.73,4.31,14.1,37.14,59.34,-22.2,87.5,100.0,0,SIMULATED
2026-10-03 13:15:00,standard,33.3,42.9,823.3,6,18.77,4.31,14.1,37.18,59.46,-22.28,87.5,100.0,0,SIMULATED
2026-10-03 13:30:00,standard,33.37,42.6,808.4,5,18.78,4.31,14.1,37.19,59.54,-22.35,87.5,100.0,0,SIMULATED
2026-10-03 13:45:00,standard,33.43,42.3,790.3,5,18.79,4.31,14.1,37.2,59.62,-22.42,87.5,100.0,0,SIMULATED
2026-10-03 14:00:00,standard,33.47,42.1,769.1,5,18.75,4.31,14.1,37.16,59.67,-22.51,87.5,100.0,0,SIMULATED
2026-10-03 14:15:00,standard,33.49,42.0,744.9,5,18.57,3.98,14.1,36.66,59.7,-23.04,87.5,100.0,0,SIMULATED
2026-10-03 14:30:00,standard,33.5,42.0,717.7,3,18.5,3.98,14.1,36.59,59.7,-23.11,87.5,100.0,0,SIMULATED
2026-10-03 14:45:00,standard,33.49,42.0,687.7,5,18.42,3.98,14.1,36.51,59.7,-23.19,87.5,100.0,0,SIMULATED
2026-10-03 15:00:00,standard,33.47,42.1,654.9,5,18.34,3.98,14.1,36.43,59.67,-23.24,87.5,100.0,0,SIMULATED
2026-10-03 15:15:00,standard,33.43,42.3,619.6,4,18.23,3.98,14.1,36.32,59.62,-23.3,87.5,100.0,0,SIMULATED
2026-10-03 15:30:00,standard,33.37,42.6,581.9,4,18.07,3.98,14.1,36.15,59.54,-23.39,87.5,100.0,0,SIMULATED
2026-10-03 15:45:00,standard,33.3,42.9,541.8,4,17.95,3.98,14.1,36.03,59.46,-23.43,87.5,100.0,0,SIMULATED
2026-10-03 16:00:00,standard,33.21,43.3,499.6,4,17.79,3.98,14.1,35.87,59.34,-23.47,87.5,100.0,0,SIMULATED
2026-10-03 16:15:00,standard,33.11,43.8,455.5,0,17.61,1.52,14.1,33.24,59.22,-25.98,87.5,100.0,0,SIMULATED
2026-10-03 16:30:00,standard,33.0,44.3,409.5,0,17.44,1.52,14.1,33.07,59.07,-26.0,87.5,100.0,0,SIMULATED
2026-10-03 16:45:00,standard,32.87,44.9,361.9,0,17.25,1.52,14.1,32.87,58.92,-26.05,87.5,100.0,0,SIMULATED
2026-10-03 17:00:00,standard,32.73,45.5,312.9,0,17.06,1.52,14.1,32.69,58.74,-26.05,87.5,100.0,0,SIMULATED
2026-10-03 17:15:00,standard,32.57,46.2,262.7,0,16.77,1.52,14.1,32.38,58.53,-26.15,87.5,100.0,0,SIMULATED
2026-10-03 17:30:00,standard,32.4,47.0,211.4,0,15.94,1.52,14.1,31.56,58.31,-26.75,87.5,100.0,0,SIMULATED
2026-10-03 17:45:00,standard,32.22,47.8,159.3,0,15.0,1.52,14.1,30.61,58.1,-27.49,87.5,100.0,0,SIMULATED
2026-10-03 18:00:00,standard,32.03,48.7,106.5,0,14.04,1.52,14.1,29.66,57.87,-28.21,87.5,100.0,0,SIMULATED
2026-10-03 18:15:00,standard,31.83,49.6,53.4,0,13.1,1.52,14.1,28.71,57.62,-28.91,87.5,100.0,0,SIMULATED
2026-10-03 18:30:00,standard,31.62,50.5,0.0,0,12.17,1.52,14.1,27.77,57.36,-29.59,87.5,100.0,0,SIMULATED
2026-10-03 18:45:00,standard,31.41,51.5,0.0,0,11.88,1.52,14.1,27.49,57.1,-29.61,87.5,100.0,0,SIMULATED
2026-10-03 19:00:00,standard,31.19,52.5,0.0,0,11.61,1.52,14.1,27.23,56.82,-29.59,87.5,100.0,0,SIMULATED
2026-10-03 19:15:00,standard,30.96,53.5,0.0,0,11.35,1.52,14.1,26.97,56.51,-29.54,87.5,100.0,0,SIMULATED
2026-10-03 19:30:00,standard,30.72,54.6,0.0,0,11.09,1.52,14.1,26.71,56.24,-29.53,87.5,100.0,0,SIMULATED
2026-10-03 19:45:00,standard,30.48,55.7,0.0,0,10.83,1.52,14.1,26.44,55.93,-29.49,87.5,100.0,0,SIMULATED
2026-10-03 20:00:00,standard,30.24,56.8,0.0,0,10.29,0.24,14.1,24.63,55.64,-31.01,87.5,100.0,0,SIMULATED
2026-10-03 20:15:00,standard,30.0,57.9,0.0,0,10.05,0.24,14.1,24.39,55.34,-30.95,87.5,100.0,0,SIMULATED
2026-10-03 20:30:00,standard,29.75,59.0,0.0,0,9.82,0.24,14.1,24.16,55.02,-30.86,87.5,100.0,0,SIMULATED
2026-10-03 20:45:00,standard,29.5,60.1,0.0,0,9.6,0.24,14.1,23.94,54.7,-30.76,87.5,100.0,0,SIMULATED
2026-10-03 21:00:00,standard,29.26,61.2,0.0,0,9.37,0.24,14.1,23.71,54.42,-30.71,87.5,100.0,0,SIMULATED
2026-10-03 21:15:00,standard,29.02,62.3,0.0,0,9.17,0.24,14.1,23.51,54.1,-30.59,87.5,100.0,0,SIMULATED
2026-10-03 21:30:00,standard,28.78,63.4,0.0,0,8.99,0.24,14.1,23.33,53.8,-30.47,87.5,100.0,0,SIMULATED
2026-10-03 21:45:00,standard,28.54,64.5,0.0,0,8.78,0.24,14.1,23.12,53.49,-30.37,87.5,100.0,0,SIMULATED
2026-10-03 22:00:00,standard,28.31,65.5,0.0,0,8.61,0.24,14.1,22.95,53.22,-30.27,87.5,100.0,0,SIMULATED
2026-10-03 22:15:00,standard,28.09,66.5,0.0,0,8.43,0.24,14.1,22.77,52.94,-30.17,87.5,100.0,0,SIMULATED
2026-10-03 22:30:00,standard,27.88,67.5,0.0,0,8.27,0.24,14.1,22.61,52.82,-30.21,87.5,100.0,0,SIMULATED
2026-10-03 22:45:00,standard,27.67,68.4,0.0,0,8.13,0.24,14.1,22.47,52.82,-30.35,87.5,100.0,0,SIMULATED
2026-10-03 23:00:00,standard,27.47,69.3,0.0,0,7.96,0.24,14.1,22.3,52.82,-30.52,87.5,100.0,0,SIMULATED
2026-10-03 23:15:00,standard,27.28,70.2,0.0,0,7.82,0.24,14.1,22.16,52.82,-30.66,87.5,100.0,0,SIMULATED
2026-10-03 23:30:00,standard,27.1,71.0,0.0,0,7.71,0.24,14.1,22.05,52.82,-30.77,87.5,100.0,0,SIMULATED
2026-10-03 23:45:00,standard,26.93,71.8,0.0,0,7.57,0.24,14.1,21.91,52.82,-30.91,87.5,100.0,0,SIMULATED
2026-10-04 00:00:00,standard,26.77,72.5,0.0,0,7.45,0.24,14.1,21.79,52.82,-31.03,87.5,100.0,0,SIMULATED
2026-10-04 00:15:00,standard,26.63,73.1,0.0,0,7.37,0.24,14.1,21.71,52.82,-31.11,87.5,100.0,0,SIMULATED
2026-10-04 00:30:00,standard,26.5,73.7,0.0,0,7.26,0.24,14.1,21.6,52.82,-31.22,87.5,100.0,0,SIMULATED
2026-10-04 00:45:00,standard,26.39,74.2,0.0,0,7.2,0.24,14.1,21.54,52.82,-31.28,87.5,100.0,0,SIMULATED
2026-10-04 01:00:00,standard,26.29,74.7,0.0,0,7.13,0.24,14.1,21.47,52.82,-31.35,87.5,100.0,0,SIMULATED
2026-10-04 01:15:00,standard,26.2,75.1,0.0,0,7.05,0.24,14.1,21.39,52.82,-31.43,87.5,100.0,0,SIMULATED
2026-10-04 01:30:00,standard,26.13,75.4,0.0,0,7.0,0.24,14.1,21.34,52.82,-31.48,87.5,100.0,0,SIMULATED
2026-10-04 01:45:00,standard,26.07,75.7,0.0,0,6.95,0.24,14.1,21.29,52.82,-31.53,87.5,100.0,0,SIMULATED
2026-10-04 02:00:00,standard,26.03,75.9,0.0,0,6.92,0.24,14.1,21.26,52.82,-31.56,87.5,100.0,0,SIMULATED
2026-10-04 02:15:00,standard,26.01,76.0,0.0,0,6.89,0.24,14.1,21.23,52.82,-31.59,87.5,100.0,0,SIMULATED
2026-10-04 02:30:00,standard,26.0,76.0,0.0,0,6.87,0.24,14.1,21.21,52.82,-31.61,87.5,100.0,0,SIMULATED
2026-10-04 02:45:00,standard,26.01,76.0,0.0,0,6.87,0.24,14.1,21.21,52.82,-31.61,87.5,100.0,0,SIMULATED
2026-10-04 03:00:00,standard,26.03,75.9,0.0,0,6.86,0.24,14.1,21.2,52.82,-31.62,87.5,100.0,0,SIMULATED
2026-10-04 03:15:00,standard,26.07,75.7,0.0,0,6.87,0.24,14.1,21.21,52.82,-31.61,87.5,100.0,0,SIMULATED
2026-10-04 03:30:00,standard,26.13,75.4,0.0,0,6.9,0.24,14.1,21.24,52.82,-31.58,87.5,100.0,0,SIMULATED
2026-10-04 03:45:00,standard,26.2,75.1,0.0,0,6.93,0.24,14.1,21.27,52.82,-31.55,87.5,100.0,0,SIMULATED
2026-10-04 04:00:00,standard,26.29,74.7,0.0,0,6.97,0.24,14.1,21.31,52.82,-31.51,87.5,100.0,0,SIMULATED
2026-10-04 04:15:00,standard,26.39,74.2,0.0,0,7.03,0.24,14.1,21.37,52.82,-31.45,87.5,100.0,0,SIMULATED
2026-10-04 04:30:00,standard,26.5,73.7,0.0,0,7.07,0.24,14.1,21.41,52.82,-31.41,87.5,100.0,0,SIMULATED
2026-10-04 04:45:00,standard,26.63,73.1,0.0,0,7.15,0.24,14.1,21.49,52.82,-31.33,87.5,100.0,0,SIMULATED
2026-10-04 05:00:00,standard,26.77,72.5,0.0,0,7.21,0.24,14.1,21.55,52.82,-31.27,87.5,100.0,0,SIMULATED
2026-10-04 05:15:00,standard,26.93,71.8,0.0,0,7.31,0.24,14.1,21.65,52.82,-31.17,87.5,100.0,0,SIMULATED
2026-10-04 05:30:00,standard,27.1,71.0,0.0,0,7.42,0.24,14.1,21.76,52.82,-31.06,87.5,100.0,0,SIMULATED
2026-10-04 05:45:00,standard,27.28,70.2,0.0,0,7.49,0.24,14.1,21.83,52.82,-30.99,87.5,100.0,0,SIMULATED
2026-10-04 06:00:00,standard,27.47,69.3,0.0,0,7.6,0.24,14.1,21.94,52.82,-30.88,87.5,100.0,0,SIMULATED
2026-10-04 06:15:00,standard,27.67,68.4,53.4,0,8.31,0.24,14.1,22.65,52.82,-30.17,87.5,100.0,0,SIMULATED
2026-10-04 06:30:00,standard,27.88,67.5,106.5,0,9.0,0.24,14.1,23.34,52.82,-29.48,87.5,100.0,0,SIMULATED
2026-10-04 06:45:00,standard,28.09,66.5,159.3,0,9.7,0.24,14.1,24.04,52.94,-28.9,87.5,100.0,0,SIMULATED
2026-10-04 07:00:00,standard,28.31,65.5,211.4,0,10.7,1.52,14.1,26.33,53.22,-26.89,87.5,100.0,0,SIMULATED
2026-10-04 07:15:00,standard,28.54,64.5,262.7,0,11.4,1.52,14.1,27.03,53.49,-26.46,87.5,100.0,0,SIMULATED
2026-10-04 07:30:00,standard,28.78,63.4,312.9,0,12.11,1.52,14.1,27.72,53.8,-26.08,87.5,100.0,0,SIMULATED
2026-10-04 07:45:00,standard,29.02,62.3,361.9,0,12.8,1.52,14.1,28.42,54.1,-25.68,87.5,100.0,0,SIMULATED
2026-10-04 08:00:00,standard,29.26,61.2,409.5,0,13.51,1.52,14.1,29.12,54.42,-25.3,87.5,100.0,0,SIMULATED
2026-10-04 08:15:00,standard,29.5,60.1,455.5,0,14.18,1.52,14.1,29.79,54.7,-24.91,87.5,100.0,0,SIMULATED
2026-10-04 08:30:00,standard,29.75,59.0,499.6,0,14.85,1.52,14.1,30.47,55.02,-24.55,87.5,100.0,0,SIMULATED
2026-10-04 08:45:00,standard,30.0,57.9,541.8,0,15.5,1.52,14.1,31.12,55.34,-24.22,87.5,100.0,0,SIMULATED
2026-10-04 09:00:00,standard,30.24,56.8,581.9,2,16.24,1.85,14.1,32.18,55.64,-23.46,87.5,100.0,0,SIMULATED
2026-10-04 09:15:00,standard,30.48,55.7,619.6,1,16.81,1.85,14.1,32.76,55.93,-23.17,87.5,100.0,0,SIMULATED
2026-10-04 09:30:00,standard,30.72,54.6,654.9,1,17.04,1.85,14.1,32.99,56.24,-23.25,87.5,100.0,0,SIMULATED
2026-10-04 09:45:00,standard,30.96,53.5,687.7,1,17.25,1.85,14.1,33.19,56.51,-23.32,87.5,100.0,0,SIMULATED
2026-10-04 10:00:00,standard,31.19,52.5,717.7,6,17.44,4.31,14.1,35.85,56.82,-20.97,87.5,100.0,0,SIMULATED
2026-10-04 10:15:00,standard,31.41,51.5,744.9,7,17.61,4.31,14.1,36.02,57.1,-21.08,87.5,100.0,0,SIMULATED
2026-10-04 10:30:00,standard,31.62,50.5,769.1,5,17.78,4.31,14.1,36.19,57.36,-21.17,87.5,100.0,0,SIMULATED
2026-10-04 10:45:00,standard,31.83,49.6,790.3,5,17.98,4.31,14.1,36.39,57.62,-21.23,87.5,100.0,0,SIMULATED
2026-10-04 11:00:00,standard,32.03,48.7,808.4,6,18.09,4.31,14.1,36.5,57.87,-21.37,87.5,100.0,0,SIMULATED
2026-10-04 11:15:00,standard,32.22,47.8,823.3,7,18.22,4.31,14.1,36.63,58.1,-21.47,87.5,100.0,0,SIMULATED
2026-10-04 11:30:00,standard,32.4,47.0,834.9,5,18.35,4.31,14.1,36.76,58.31,-21.55,87.5,100.0,0,SIMULATED
2026-10-04 11:45:00,standard,32.57,46.2,843.3,6,18.43,4.31,14.1,36.84,58.53,-21.69,87.5,100.0,0,SIMULATED
2026-10-04 12:00:00,standard,32.73,45.5,848.3,5,18.51,4.31,14.1,36.92,58.74,-21.82,87.5,100.0,0,SIMULATED
2026-10-04 12:15:00,standard,32.87,44.9,850.0,5,18.56,4.31,14.1,36.97,58.92,-21.95,87.5,100.0,0,SIMULATED
2026-10-04 12:30:00,standard,33.0,44.3,848.3,6,18.62,4.31,14.1,37.03,59.07,-22.04,87.5,100.0,0,SIMULATED
2026-10-04 12:45:00,standard,33.11,43.8,843.3,4,18.67,4.31,14.1,37.08,59.22,-22.14,87.5,100.0,0,SIMULATED
2026-10-04 13:00:00,standard,33.21,43.3,834.9,5,18.73,4.31,14.1,37.14,59.34,-22.2,87.5,100.0,0,SIMULATED
2026-10-04 13:15:00,standard,33.3,42.9,823.3,6,18.8,4.31,14.1,37.21,59.46,-22.25,87.5,100.0,0,SIMULATED
2026-10-04 13:30:00,standard,33.37,42.6,808.4,4,18.78,4.31,14.1,37.19,59.54,-22.35,87.5,100.0,0,SIMULATED
2026-10-04 13:45:00,standard,33.43,42.3,790.3,7,18.82,4.31,14.1,37.23,59.62,-22.39,87.5,100.0,0,SIMULATED
2026-10-04 14:00:00,standard,33.47,42.1,769.1,6,18.75,4.31,14.1,37.16,59.67,-22.51,87.5,100.0,0,SIMULATED
2026-10-04 14:15:00,standard,33.49,42.0,744.9,5,18.57,3.98,14.1,36.66,59.7,-23.04,87.5,100.0,0,SIMULATED
2026-10-04 14:30:00,standard,33.5,42.0,717.7,4,18.5,3.98,14.1,36.59,59.7,-23.11,87.5,100.0,0,SIMULATED
2026-10-04 14:45:00,standard,33.49,42.0,687.7,5,18.42,3.98,14.1,36.51,59.7,-23.19,87.5,100.0,0,SIMULATED
2026-10-04 15:00:00,standard,33.47,42.1,654.9,4,18.34,3.98,14.1,36.43,59.67,-23.24,87.5,100.0,0,SIMULATED
2026-10-04 15:15:00,standard,33.43,42.3,619.6,5,18.23,3.98,14.1,36.32,59.62,-23.3,87.5,100.0,0,SIMULATED
2026-10-04 15:30:00,standard,33.37,42.6,581.9,3,18.07,3.98,14.1,36.15,59.54,-23.39,87.5,100.0,0,SIMULATED
2026-10-04 15:45:00,standard,33.3,42.9,541.8,3,17.95,3.98,14.1,36.03,59.46,-23.43,87.5,100.0,0,SIMULATED
2026-10-04 16:00:00,standard,33.21,43.3,499.6,4,17.79,3.98,14.1,35.87,59.34,-23.47,87.5,100.0,0,SIMULATED
2026-10-04 16:15:00,standard,33.11,43.8,455.5,0,17.61,1.52,14.1,33.24,59.22,-25.98,87.5,100.0,0,SIMULATED
2026-10-04 16:30:00,standard,33.0,44.3,409.5,0,17.44,1.52,14.1,33.07,59.07,-26.0,87.5,100.0,0,SIMULATED
2026-10-04 16:45:00,standard,32.87,44.9,361.9,0,17.25,1.52,14.1,32.87,58.92,-26.05,87.5,100.0,0,SIMULATED
2026-10-04 17:00:00,standard,32.73,45.5,312.9,0,17.06,1.52,14.1,32.69,58.74,-26.05,87.5,100.0,0,SIMULATED
2026-10-04 17:15:00,standard,32.57,46.2,262.7,0,16.77,1.52,14.1,32.38,58.53,-26.15,87.5,100.0,0,SIMULATED
2026-10-04 17:30:00,standard,32.4,47.0,211.4,0,15.96,1.52,14.1,31.57,58.31,-26.74,87.5,100.0,0,SIMULATED
2026-10-04 17:45:00,standard,32.22,47.8,159.3,0,15.02,1.52,14.1,30.64,58.1,-27.46,87.5,100.0,0,SIMULATED
2026-10-04 18:00:00,standard,32.03,48.7,106.5,0,14.06,1.52,14.1,29.67,57.87,-28.2,87.5,100.0,0,SIMULATED
2026-10-04 18:15:00,standard,31.83,49.6,53.4,0,13.12,1.52,14.1,28.73,57.62,-28.89,87.5,100.0,0,SIMULATED
2026-10-04 18:30:00,standard,31.62,50.5,0.0,0,12.19,1.52,14.1,27.79,57.36,-29.57,87.5,100.0,0,SIMULATED
2026-10-04 18:45:00,standard,31.41,51.5,0.0,0,11.9,1.52,14.1,27.51,57.1,-29.59,87.5,100.0,0,SIMULATED
2026-10-04 19:00:00,standard,31.19,52.5,0.0,0,11.62,1.52,14.1,27.23,56.82,-29.59,87.5,100.0,0,SIMULATED
2026-10-04 19:15:00,standard,30.96,53.5,0.0,0,11.35,1.52,14.1,26.97,56.51,-29.54,87.5,100.0,0,SIMULATED
2026-10-04 19:30:00,standard,30.72,54.6,0.0,0,11.1,1.52,14.1,26.72,56.24,-29.52,87.5,100.0,0,SIMULATED
2026-10-04 19:45:00,standard,30.48,55.7,0.0,0,10.84,1.52,14.1,26.45,55.93,-29.48,87.5,100.0,0,SIMULATED
2026-10-04 20:00:00,standard,30.24,56.8,0.0,0,10.3,0.24,14.1,24.64,55.64,-31.0,87.5,100.0,0,SIMULATED
2026-10-04 20:15:00,standard,30.0,57.9,0.0,0,10.05,0.24,14.1,24.39,55.34,-30.95,87.5,100.0,0,SIMULATED
2026-10-04 20:30:00,standard,29.75,59.0,0.0,0,9.82,0.24,14.1,24.16,55.02,-30.86,87.5,100.0,0,SIMULATED
2026-10-04 20:45:00,standard,29.5,60.1,0.0,0,9.6,0.24,14.1,23.94,54.7,-30.76,87.5,100.0,0,SIMULATED
2026-10-04 21:00:00,standard,29.26,61.2,0.0,0,9.37,0.24,14.1,23.71,54.42,-30.71,87.5,100.0,0,SIMULATED
2026-10-04 21:15:00,standard,29.02,62.3,0.0,0,9.17,0.24,14.1,23.51,54.1,-30.59,87.5,100.0,0,SIMULATED
2026-10-04 21:30:00,standard,28.78,63.4,0.0,0,8.99,0.24,14.1,23.33,53.8,-30.47,87.5,100.0,0,SIMULATED
2026-10-04 21:45:00,standard,28.54,64.5,0.0,0,8.78,0.24,14.1,23.12,53.49,-30.37,87.5,100.0,0,SIMULATED
2026-10-04 22:00:00,standard,28.31,65.5,0.0,0,8.61,0.24,14.1,22.95,53.22,-30.27,87.5,100.0,0,SIMULATED
2026-10-04 22:15:00,standard,28.09,66.5,0.0,0,8.43,0.24,14.1,22.77,52.94,-30.17,87.5,100.0,0,SIMULATED
2026-10-04 22:30:00,standard,27.88,67.5,0.0,0,8.27,0.24,14.1,22.61,52.82,-30.21,87.5,100.0,0,SIMULATED
2026-10-04 22:45:00,standard,27.67,68.4,0.0,0,8.13,0.24,14.1,22.47,52.82,-30.35,87.5,100.0,0,SIMULATED
2026-10-04 23:00:00,standard,27.47,69.3,0.0,0,7.96,0.24,14.1,22.3,52.82,-30.52,87.5,100.0,0,SIMULATED
2026-10-04 23:15:00,standard,27.28,70.2,0.0,0,7.82,0.24,14.1,22.16,52.82,-30.66,87.5,100.0,0,SIMULATED
2026-10-04 23:30:00,standard,27.1,71.0,0.0,0,7.71,0.24,14.1,22.05,52.82,-30.77,87.5,100.0,0,SIMULATED
2026-10-04 23:45:00,standard,26.93,71.8,0.0,0,7.57,0.24,14.1,21.91,52.82,-30.91,87.5,100.0,0,SIMULATED
2026-10-05 00:00:00,standard,26.77,72.5,0.0,0,7.45,0.24,14.1,21.79,52.82,-31.03,87.5,100.0,0,SIMULATED
2026-10-05 00:15:00,standard,26.63,73.1,0.0,0,7.37,0.24,14.1,21.71,52.82,-31.11,87.5,100.0,0,SIMULATED
2026-10-05 00:30:00,standard,26.5,73.7,0.0,0,7.26,0.24,14.1,21.6,52.82,-31.22,87.5,100.0,0,SIMULATED
2026-10-05 00:45:00,standard,26.39,74.2,0.0,0,7.2,0.24,14.1,21.54,52.82,-31.28,87.5,100.0,0,SIMULATED
2026-10-05 01:00:00,standard,26.29,74.7,0.0,0,7.13,0.24,14.1,21.47,52.82,-31.35,87.5,100.0,0,SIMULATED
2026-10-05 01:15:00,standard,26.2,75.1,0.0,0,7.05,0.24,14.1,21.39,52.82,-31.43,87.5,100.0,0,SIMULATED
2026-10-05 01:30:00,standard,26.13,75.4,0.0,0,7.0,0.24,14.1,21.34,52.82,-31.48,87.5,100.0,0,SIMULATED
2026-10-05 01:45:00,standard,26.07,75.7,0.0,0,6.95,0.24,14.1,21.29,52.82,-31.53,87.5,100.0,0,SIMULATED
2026-10-05 02:00:00,standard,26.03,75.9,0.0,0,6.92,0.24,14.1,21.26,52.82,-31.56,87.5,100.0,0,SIMULATED
2026-10-05 02:15:00,standard,26.01,76.0,0.0,0,6.89,0.24,14.1,21.23,52.82,-31.59,87.5,100.0,0,SIMULATED
2026-10-05 02:30:00,standard,26.0,76.0,0.0,0,6.87,0.24,14.1,21.21,52.82,-31.61,87.5,100.0,0,SIMULATED
2026-10-05 02:45:00,standard,26.01,76.0,0.0,0,6.87,0.24,14.1,21.21,52.82,-31.61,87.5,100.0,0,SIMULATED
2026-10-05 03:00:00,standard,26.03,75.9,0.0,0,6.86,0.24,14.1,21.2,52.82,-31.62,87.5,100.0,0,SIMULATED
2026-10-05 03:15:00,standard,26.07,75.7,0.0,0,6.87,0.24,14.1,21.21,52.82,-31.61,87.5,100.0,0,SIMULATED
2026-10-05 03:30:00,standard,26.13,75.4,0.0,0,6.9,0.24,14.1,21.24,52.82,-31.58,87.5,100.0,0,SIMULATED
2026-10-05 03:45:00,standard,26.2,75.1,0.0,0,6.93,0.24,14.1,21.27,52.82,-31.55,87.5,100.0,0,SIMULATED
2026-10-05 04:00:00,standard,26.29,74.7,0.0,0,6.97,0.24,14.1,21.31,52.82,-31.51,87.5,100.0,0,SIMULATED
2026-10-05 04:15:00,standard,26.39,74.2,0.0,0,7.03,0.24,14.1,21.37,52.82,-31.45,87.5,100.0,0,SIMULATED
2026-10-05 04:30:00,standard,26.5,73.7,0.0,0,7.07,0.24,14.1,21.41,52.82,-31.41,87.5,100.0,0,SIMULATED
2026-10-05 04:45:00,standard,26.63,73.1,0.0,0,7.15,0.24,14.1,21.49,52.82,-31.33,87.5,100.0,0,SIMULATED
2026-10-05 05:00:00,standard,26.77,72.5,0.0,0,7.21,0.24,14.1,21.55,52.82,-31.27,87.5,100.0,0,SIMULATED
2026-10-05 05:15:00,standard,26.93,71.8,0.0,0,7.31,0.24,14.1,21.65,52.82,-31.17,87.5,100.0,0,SIMULATED
2026-10-05 05:30:00,standard,27.1,71.0,0.0,0,7.42,0.24,14.1,21.76,52.82,-31.06,87.5,100.0,0,SIMULATED
2026-10-05 05:45:00,standard,27.28,70.2,0.0,0,7.49,0.24,14.1,21.83,52.82,-30.99,87.5,100.0,0,SIMULATED
2026-10-05 06:00:00,standard,27.47,69.3,0.0,0,7.6,0.24,14.1,21.94,52.82,-30.88,87.5,100.0,0,SIMULATED
2026-10-05 06:15:00,standard,27.67,68.4,53.4,0,8.31,0.24,14.1,22.65,52.82,-30.17,87.5,100.0,0,SIMULATED
2026-10-05 06:30:00,standard,27.88,67.5,106.5,0,9.0,0.24,14.1,23.34,52.82,-29.48,87.5,100.0,0,SIMULATED
2026-10-05 06:45:00,standard,28.09,66.5,159.3,0,9.7,0.24,14.1,24.04,52.94,-28.9,87.5,100.0,0,SIMULATED
2026-10-05 07:00:00,standard,28.31,65.5,211.4,0,10.7,1.52,14.1,26.33,53.22,-26.89,87.5,100.0,0,SIMULATED
2026-10-05 07:15:00,standard,28.54,64.5,262.7,0,11.4,1.52,14.1,27.03,53.49,-26.46,87.5,100.0,0,SIMULATED
2026-10-05 07:30:00,standard,28.78,63.4,312.9,0,12.11,1.52,14.1,27.72,53.8,-26.08,87.5,100.0,0,SIMULATED
2026-10-05 07:45:00,standard,29.02,62.3,361.9,0,12.8,1.52,14.1,28.42,54.1,-25.68,87.5,100.0,0,SIMULATED
2026-10-05 08:00:00,standard,29.26,61.2,409.5,2,13.65,1.85,14.1,29.59,54.42,-24.83,87.5,100.0,0,SIMULATED
2026-10-05 08:15:00,standard,29.5,60.1,455.5,5,14.72,3.21,14.1,32.02,54.7,-22.68,87.5,100.0,0,SIMULATED
2026-10-05 08:30:00,standard,29.75,59.0,499.6,13,15.82,3.99,14.1,33.9,55.02,-21.12,87.5,100.0,0,SIMULATED
2026-10-05 08:45:00,standard,30.0,57.9,541.8,18,16.76,5.09,14.1,35.95,55.34,-19.39,87.5,100.0,0,SIMULATED
2026-10-05 09:00:00,standard,30.24,56.8,581.9,44,17.5,6.0,14.1,37.6,55.64,-18.04,87.5,100.0,0,SIMULATED
2026-10-05 09:15:00,standard,30.48,55.7,619.6,49,17.77,6.0,14.1,37.87,55.93,-18.06,87.5,100.0,0,SIMULATED
2026-10-05 09:30:00,standard,30.72,54.6,654.9,69,18.3,6.6,14.1,39.0,56.24,-17.24,87.5,100.0,0,SIMULATED
2026-10-05 09:45:00,standard,30.96,53.5,687.7,68,18.44,6.6,14.1,39.14,56.51,-17.37,87.5,100.0,0,SIMULATED
2026-10-05 10:00:00,standard,31.19,52.5,717.7,77,18.77,6.42,14.1,39.29,56.82,-17.53,87.5,100.0,0,SIMULATED
2026-10-05 10:15:00,standard,31.41,51.5,744.9,78,18.85,6.42,14.1,39.37,57.1,-17.73,87.5,100.0,0,SIMULATED
2026-10-05 10:30:00,standard,31.62,50.5,769.1,73,18.58,5.82,14.1,38.5,57.36,-18.86,87.5,100.0,0,SIMULATED
2026-10-05 10:45:00,standard,31.83,49.6,790.3,69,18.65,5.82,14.1,38.57,57.62,-19.05,87.5,100.0,0,SIMULATED
2026-10-05 11:00:00,standard,32.03,48.7,808.4,74,18.83,5.82,14.1,38.75,57.87,-19.12,87.5,100.0,0,SIMULATED
2026-10-05 11:15:00,standard,32.22,47.8,823.3,69,18.85,5.82,14.1,38.77,58.1,-19.33,87.5,100.0,0,SIMULATED
2026-10-05 11:30:00,standard,32.4,47.0,834.9,80,19.38,6.42,14.1,39.9,58.31,-18.41,87.5,100.0,0,SIMULATED
2026-10-05 11:45:00,standard,32.57,46.2,843.3,68,18.96,5.82,14.1,38.88,58.53,-19.65,87.5,100.0,0,SIMULATED
2026-10-05 12:00:00,standard,32.73,45.5,848.3,92,19.87,6.6,14.1,40.57,58.74,-18.17,87.5,100.0,0,SIMULATED
2026-10-05 12:15:00,standard,32.87,44.9,850.0,93,19.96,6.6,14.1,40.66,58.92,-18.26,87.5,100.0,0,SIMULATED
2026-10-05 12:30:00,standard,33.0,44.3,848.3,72,19.62,6.0,14.1,39.72,59.07,-19.35,87.5,100.0,0,SIMULATED
2026-10-05 12:45:00,standard,33.11,43.8,843.3,73,19.64,6.0,14.1,39.74,59.22,-19.48,87.5,100.0,0,SIMULATED
2026-10-05 13:00:00,standard,33.21,43.3,834.9,66,19.69,6.0,14.1,39.79,59.34,-19.55,87.5,100.0,0,SIMULATED
2026-10-05 13:15:00,standard,33.3,42.9,823.3,66,19.77,6.0,14.1,39.87,59.46,-19.59,87.5,100.0,0,SIMULATED
2026-10-05 13:30:00,standard,33.37,42.6,808.4,71,20.11,6.6,14.1,40.81,59.54,-18.73,87.5,100.0,0,SIMULATED
2026-10-05 13:45:00,standard,33.43,42.3,790.3,73,20.21,6.6,14.1,40.91,59.62,-18.71,87.5,100.0,0,SIMULATED
2026-10-05 14:00:00,standard,33.47,42.1,769.1,72,19.68,6.5,14.1,40.28,59.67,-19.39,75.0,100.0,1,SIMULATED
2026-10-05 14:15:00,standard,33.49,42.0,744.9,72,19.61,6.5,14.1,40.21,59.7,-19.49,75.0,100.0,1,SIMULATED
2026-10-05 14:30:00,standard,33.5,42.0,717.7,73,19.68,6.5,14.1,40.28,59.7,-19.42,62.5,100.0,1,SIMULATED
2026-10-05 14:45:00,standard,33.49,42.0,687.7,72,19.61,6.5,14.1,40.21,59.7,-19.49,62.5,100.0,1,SIMULATED
2026-10-05 15:00:00,standard,33.47,42.1,654.9,74,19.52,5.82,14.1,39.44,59.67,-20.23,62.5,100.0,0,SIMULATED
2026-10-05 15:15:00,standard,33.43,42.3,619.6,74,19.5,5.82,14.1,39.42,59.62,-20.2,62.5,100.0,0,SIMULATED
2026-10-05 15:30:00,standard,33.37,42.6,581.9,70,19.41,6.0,14.1,39.51,59.54,-20.03,62.5,100.0,0,SIMULATED
2026-10-05 15:45:00,standard,33.3,42.9,541.8,71,19.37,6.0,14.1,39.47,59.46,-19.99,62.5,100.0,0,SIMULATED
2026-10-05 16:00:00,standard,33.21,43.3,499.6,70,19.33,6.0,14.1,39.43,59.34,-19.91,62.5,100.0,0,SIMULATED
2026-10-05 16:15:00,standard,33.11,43.8,455.5,71,19.32,6.0,14.1,39.42,59.22,-19.8,62.5,100.0,0,SIMULATED
2026-10-05 16:30:00,standard,33.0,44.3,409.5,79,19.64,6.6,14.1,40.34,59.07,-18.73,62.5,100.0,0,SIMULATED
2026-10-05 16:45:00,standard,32.87,44.9,361.9,80,19.61,6.6,14.1,40.31,58.92,-18.61,62.5,100.0,0,SIMULATED
2026-10-05 17:00:00,standard,32.73,45.5,312.9,67,18.95,6.6,14.1,39.65,58.74,-19.09,62.5,100.0,0,SIMULATED
2026-10-05 17:15:00,standard,32.57,46.2,262.7,68,18.71,6.6,14.1,39.41,58.53,-19.12,62.5,100.0,0,SIMULATED
2026-10-05 17:30:00,standard,32.4,47.0,211.4,58,17.91,6.0,14.1,38.01,58.31,-20.3,62.5,100.0,0,SIMULATED
2026-10-05 17:45:00,standard,32.22,47.8,159.3,56,17.69,6.0,14.1,37.79,58.1,-20.31,62.5,100.0,0,SIMULATED
2026-10-05 18:00:00,standard,32.03,48.7,106.5,54,17.41,6.0,14.1,37.51,57.87,-20.36,62.5,100.0,0,SIMULATED
2026-10-05 18:15:00,standard,31.83,49.6,53.4,48,17.06,6.0,14.1,37.16,57.62,-20.46,75.0,100.0,0,SIMULATED
2026-10-05 18:30:00,standard,31.62,50.5,0.0,40,16.4,5.09,14.1,35.59,57.36,-21.77,87.5,100.0,0,SIMULATED
2026-10-05 18:45:00,standard,31.41,51.5,0.0,34,16.01,5.09,14.1,35.2,57.1,-21.9,87.5,100.0,0,SIMULATED
2026-10-05 19:00:00,standard,31.19,52.5,0.0,21,15.13,3.98,14.1,33.21,56.82,-23.61,87.5,100.0,0,SIMULATED
2026-10-05 19:15:00,standard,30.96,53.5,0.0,17,14.78,3.98,14.1,32.86,56.51,-23.65,87.5,100.0,0,SIMULATED
2026-10-05 19:30:00,standard,30.72,54.6,0.0,11,13.89,2.62,14.1,30.61,56.24,-25.63,87.5,100.0,0,SIMULATED
2026-10-05 19:45:00,standard,30.48,55.7,0.0,7,13.33,2.62,14.1,30.05,55.93,-25.88,87.5,100.0,0,SIMULATED
2026-10-05 20:00:00,standard,30.24,56.8,0.0,5,12.62,1.6,14.1,28.32,55.64,-27.32,87.5,100.0,0,SIMULATED
2026-10-05 20:15:00,standard,30.0,57.9,0.0,3,12.15,1.6,14.1,27.85,55.34,-27.49,87.5,100.0,0,SIMULATED
2026-10-05 20:30:00,standard,29.75,59.0,0.0,0,11.37,0.24,14.1,25.71,55.02,-29.31,87.5,100.0,0,SIMULATED
2026-10-05 20:45:00,standard,29.5,60.1,0.0,0,11.02,0.24,14.1,25.36,54.7,-29.34,87.5,100.0,0,SIMULATED
2026-10-05 21:00:00,standard,29.26,61.2,0.0,0,10.69,0.24,14.1,25.03,54.42,-29.39,87.5,100.0,0,SIMULATED
2026-10-05 21:15:00,standard,29.02,62.3,0.0,0,10.36,0.24,14.1,24.7,54.1,-29.4,87.5,100.0,0,SIMULATED
2026-10-05 21:30:00,standard,28.78,63.4,0.0,0,10.09,0.24,14.1,24.43,53.8,-29.37,87.5,100.0,0,SIMULATED
2026-10-05 21:45:00,standard,28.54,64.5,0.0,0,9.79,0.24,14.1,24.13,53.49,-29.36,87.5,100.0,0,SIMULATED
2026-10-05 22:00:00,standard,28.31,65.5,0.0,0,9.53,0.24,14.1,23.87,53.22,-29.35,87.5,100.0,0,SIMULATED
2026-10-05 22:15:00,standard,28.09,66.5,0.0,0,9.25,0.24,14.1,23.59,52.94,-29.35,87.5,100.0,0,SIMULATED
2026-10-05 22:30:00,standard,27.88,67.5,0.0,0,9.03,0.24,14.1,23.37,52.82,-29.45,87.5,100.0,0,SIMULATED
2026-10-05 22:45:00,standard,27.67,68.4,0.0,0,8.83,0.24,14.1,23.17,52.82,-29.65,87.5,100.0,0,SIMULATED
2026-10-05 23:00:00,standard,27.47,69.3,0.0,0,8.61,0.24,14.1,22.95,52.82,-29.87,87.5,100.0,0,SIMULATED
2026-10-05 23:15:00,standard,27.28,70.2,0.0,0,8.42,0.24,14.1,22.76,52.82,-30.06,87.5,100.0,0,SIMULATED
2026-10-05 23:30:00,standard,27.1,71.0,0.0,0,8.26,0.24,14.1,22.6,52.82,-30.22,87.5,100.0,0,SIMULATED
2026-10-05 23:45:00,standard,26.93,71.8,0.0,0,8.09,0.24,14.1,22.43,52.82,-30.39,87.5,100.0,0,SIMULATED
2026-10-06 00:00:00,standard,26.77,72.5,0.0,0,7.91,0.24,14.1,22.25,52.82,-30.57,87.5,100.0,0,SIMULATED
2026-10-06 00:15:00,standard,26.63,73.1,0.0,0,7.8,0.24,14.1,22.14,52.82,-30.68,87.5,100.0,0,SIMULATED
2026-10-06 00:30:00,standard,26.5,73.7,0.0,0,7.66,0.24,14.1,22.0,52.82,-30.82,87.5,100.0,0,SIMULATED
2026-10-06 00:45:00,standard,26.39,74.2,0.0,0,7.56,0.24,14.1,21.9,52.82,-30.92,87.5,100.0,0,SIMULATED
2026-10-06 01:00:00,standard,26.29,74.7,0.0,0,7.46,0.24,14.1,21.8,52.82,-31.02,87.5,100.0,0,SIMULATED
2026-10-06 01:15:00,standard,26.2,75.1,0.0,0,7.36,0.24,14.1,21.7,52.82,-31.12,87.5,100.0,0,SIMULATED
2026-10-06 01:30:00,standard,26.13,75.4,0.0,0,7.29,0.24,14.1,21.63,52.82,-31.19,87.5,100.0,0,SIMULATED
2026-10-06 01:45:00,standard,26.07,75.7,0.0,0,7.21,0.24,14.1,21.55,52.82,-31.27,87.5,100.0,0,SIMULATED
2026-10-06 02:00:00,standard,26.03,75.9,0.0,0,7.16,0.24,14.1,21.5,52.82,-31.32,87.5,100.0,0,SIMULATED
2026-10-06 02:15:00,standard,26.01,76.0,0.0,0,7.12,0.24,14.1,21.46,52.82,-31.36,87.5,100.0,0,SIMULATED
2026-10-06 02:30:00,standard,26.0,76.0,0.0,0,7.09,0.24,14.1,21.43,52.82,-31.39,87.5,100.0,0,SIMULATED
2026-10-06 02:45:00,standard,26.01,76.0,0.0,0,7.07,0.24,14.1,21.41,52.82,-31.41,87.5,100.0,0,SIMULATED
2026-10-06 03:00:00,standard,26.03,75.9,0.0,0,7.05,0.24,14.1,21.39,52.82,-31.43,87.5,100.0,0,SIMULATED
2026-10-06 03:15:00,standard,26.07,75.7,0.0,0,7.04,0.24,14.1,21.38,52.82,-31.44,87.5,100.0,0,SIMULATED
2026-10-06 03:30:00,standard,26.13,75.4,0.0,0,7.06,0.24,14.1,21.4,52.82,-31.42,87.5,100.0,0,SIMULATED
2026-10-06 03:45:00,standard,26.2,75.1,0.0,0,7.08,0.24,14.1,21.42,52.82,-31.4,87.5,100.0,0,SIMULATED
2026-10-06 04:00:00,standard,26.29,74.7,0.0,0,7.12,0.24,14.1,21.46,52.82,-31.36,87.5,100.0,0,SIMULATED
2026-10-06 04:15:00,standard,26.39,74.2,0.0,0,7.15,0.24,14.1,21.49,52.82,-31.33,87.5,100.0,0,SIMULATED
2026-10-06 04:30:00,standard,26.5,73.7,0.0,0,7.19,0.24,14.1,21.53,52.82,-31.29,87.5,100.0,0,SIMULATED
2026-10-06 04:45:00,standard,26.63,73.1,0.0,0,7.25,0.24,14.1,21.59,52.82,-31.23,87.5,100.0,0,SIMULATED
2026-10-06 05:00:00,standard,26.77,72.5,0.0,0,7.29,0.24,14.1,21.63,52.82,-31.19,87.5,100.0,0,SIMULATED
2026-10-06 05:15:00,standard,26.93,71.8,0.0,0,7.37,0.24,14.1,21.71,52.82,-31.11,87.5,100.0,0,SIMULATED
2026-10-06 05:30:00,standard,27.1,71.0,0.0,0,7.47,0.24,14.1,21.81,52.82,-31.01,87.5,100.0,0,SIMULATED
2026-10-06 05:45:00,standard,27.28,70.2,0.0,0,7.54,0.24,14.1,21.88,52.82,-30.94,87.5,100.0,0,SIMULATED
2026-10-06 06:00:00,standard,27.47,69.3,0.0,0,7.63,0.24,14.1,21.97,52.82,-30.85,87.5,100.0,0,SIMULATED
2026-10-06 06:15:00,standard,27.67,68.4,53.4,0,8.33,0.24,14.1,22.67,52.82,-30.15,87.5,100.0,0,SIMULATED
2026-10-06 06:30:00,standard,27.88,67.5,106.5,0,9.02,0.24,14.1,23.36,52.82,-29.46,87.5,100.0,0,SIMULATED
2026-10-06 06:45:00,standard,28.09,66.5,159.3,0,9.71,0.24,14.1,24.05,52.94,-28.89,87.5,100.0,0,SIMULATED
2026-10-06 07:00:00,standard,28.31,65.5,211.4,0,10.7,1.52,14.1,26.33,53.22,-26.89,87.5,100.0,0,SIMULATED
2026-10-06 07:15:00,standard,28.54,64.5,262.7,0,11.4,1.52,14.1,27.03,53.49,-26.46,87.5,100.0,0,SIMULATED
2026-10-06 07:30:00,standard,28.78,63.4,312.9,0,12.11,1.52,14.1,27.72,53.8,-26.08,87.5,100.0,0,SIMULATED
2026-10-06 07:45:00,standard,29.02,62.3,361.9,0,12.8,1.52,14.1,28.42,54.1,-25.68,87.5,100.0,0,SIMULATED
2026-10-06 08:00:00,standard,29.26,61.2,409.5,4,13.71,1.85,14.1,29.65,54.42,-24.77,87.5,100.0,0,SIMULATED
2026-10-06 08:15:00,standard,29.5,60.1,455.5,6,14.75,3.21,14.1,32.05,54.7,-22.65,87.5,100.0,0,SIMULATED
2026-10-06 08:30:00,standard,29.75,59.0,499.6,12,15.79,3.99,14.1,33.87,55.02,-21.15,87.5,100.0,0,SIMULATED
2026-10-06 08:45:00,standard,30.0,57.9,541.8,16,16.73,5.09,14.1,35.92,55.34,-19.42,87.5,100.0,0,SIMULATED
2026-10-06 09:00:00,standard,30.24,56.8,581.9,47,17.56,6.0,14.1,37.66,55.64,-17.98,87.5,100.0,0,SIMULATED
2026-10-06 09:15:00,standard,30.48,55.7,619.6,48,17.71,6.0,14.1,37.81,55.93,-18.12,87.5,100.0,0,SIMULATED
2026-10-06 09:30:00,standard,30.72,54.6,654.9,70,18.3,6.6,14.1,39.0,56.24,-17.24,87.5,100.0,0,SIMULATED
2026-10-06 09:45:00,standard,30.96,53.5,687.7,70,18.51,6.6,14.1,39.21,56.51,-17.3,87.5,100.0,0,SIMULATED
2026-10-06 10:00:00,standard,31.19,52.5,717.7,77,18.73,6.42,14.1,39.25,56.82,-17.57,87.5,100.0,0,SIMULATED
2026-10-06 10:15:00,standard,31.41,51.5,744.9,78,18.86,6.42,14.1,39.38,57.1,-17.72,87.5,100.0,0,SIMULATED
2026-10-06 10:30:00,standard,31.62,50.5,769.1,71,18.55,5.82,14.1,38.47,57.36,-18.89,87.5,100.0,0,SIMULATED
2026-10-06 10:45:00,standard,31.83,49.6,790.3,73,18.71,5.82,14.1,38.63,57.62,-18.99,87.5,100.0,0,SIMULATED
2026-10-06 11:00:00,standard,32.03,48.7,808.4,70,18.77,5.82,14.1,38.69,57.87,-19.18,87.5,100.0,0,SIMULATED
2026-10-06 11:15:00,standard,32.22,47.8,823.3,72,18.89,5.82,14.1,38.81,58.1,-19.29,87.5,100.0,0,SIMULATED
2026-10-06 11:30:00,standard,32.4,47.0,834.9,81,19.38,6.42,14.1,39.9,58.31,-18.41,87.5,100.0,0,SIMULATED
2026-10-06 11:45:00,standard,32.57,46.2,843.3,68,18.92,5.82,14.1,38.84,58.53,-19.69,87.5,100.0,0,SIMULATED
2026-10-06 12:00:00,standard,32.73,45.5,848.3,93,19.87,6.6,14.1,40.57,58.74,-18.17,87.5,100.0,0,SIMULATED
2026-10-06 12:15:00,standard,32.87,44.9,850.0,92,19.93,6.6,14.1,40.63,58.92,-18.29,87.5,100.0,0,SIMULATED
2026-10-06 12:30:00,standard,33.0,44.3,848.3,73,19.58,6.0,14.1,39.68,59.07,-19.39,87.5,100.0,0,SIMULATED
2026-10-06 12:45:00,standard,33.11,43.8,843.3,73,19.64,6.0,14.1,39.74,59.22,-19.48,87.5,100.0,0,SIMULATED
2026-10-06 13:00:00,standard,33.21,43.3,834.9,65,19.66,6.0,14.1,39.76,59.34,-19.58,87.5,100.0,0,SIMULATED
2026-10-06 13:15:00,standard,33.3,42.9,823.3,65,19.71,6.0,14.1,39.81,59.46,-19.65,87.5,100.0,0,SIMULATED
2026-10-06 13:30:00,standard,33.37,42.6,808.4,72,20.14,6.6,14.1,40.84,59.54,-18.7,87.5,100.0,0,SIMULATED
2026-10-06 13:45:00,standard,33.43,42.3,790.3,75,20.21,6.6,14.1,40.91,59.62,-18.71,87.5,100.0,0,SIMULATED
2026-10-06 14:00:00,standard,33.47,42.1,769.1,75,19.67,6.5,14.1,40.27,59.67,-19.4,75.0,100.0,1,SIMULATED
2026-10-06 14:15:00,standard,33.49,42.0,744.9,72,19.64,6.5,14.1,40.24,59.7,-19.46,75.0,100.0,1,SIMULATED
2026-10-06 14:30:00,standard,33.5,42.0,717.7,72,19.62,6.5,14.1,40.22,59.7,-19.48,62.5,100.0,1,SIMULATED
2026-10-06 14:45:00,standard,33.49,42.0,687.7,71,19.64,6.5,14.1,40.24,59.7,-19.46,62.5,100.0,1,SIMULATED
2026-10-06 15:00:00,standard,33.47,42.1,654.9,72,19.48,5.82,14.1,39.4,59.67,-20.27,62.5,100.0,0,SIMULATED
2026-10-06 15:15:00,standard,33.43,42.3,619.6,71,19.44,5.82,14.1,39.36,59.62,-20.26,62.5,100.0,0,SIMULATED
2026-10-06 15:30:00,standard,33.37,42.6,581.9,69,19.38,6.0,14.1,39.48,59.54,-20.06,62.5,100.0,0,SIMULATED
2026-10-06 15:45:00,standard,33.3,42.9,541.8,72,19.38,6.0,14.1,39.48,59.46,-19.98,62.5,100.0,0,SIMULATED
2026-10-06 16:00:00,standard,33.21,43.3,499.6,70,19.33,6.0,14.1,39.43,59.34,-19.91,62.5,100.0,0,SIMULATED
2026-10-06 16:15:00,standard,33.11,43.8,455.5,71,19.29,6.0,14.1,39.39,59.22,-19.83,62.5,100.0,0,SIMULATED
2026-10-06 16:30:00,standard,33.0,44.3,409.5,79,19.67,6.6,14.1,40.37,59.07,-18.7,62.5,100.0,0,SIMULATED
2026-10-06 16:45:00,standard,32.87,44.9,361.9,77,19.57,6.6,14.1,40.27,58.92,-18.65,62.5,100.0,0,SIMULATED
2026-10-06 17:00:00,standard,32.73,45.5,312.9,65,18.91,6.6,14.1,39.61,58.74,-19.13,62.5,100.0,0,SIMULATED
2026-10-06 17:15:00,standard,32.57,46.2,262.7,67,18.65,6.6,14.1,39.35,58.53,-19.18,62.5,100.0,0,SIMULATED
2026-10-06 17:30:00,standard,32.4,47.0,211.4,58,17.99,6.0,14.1,38.09,58.31,-20.22,62.5,100.0,0,SIMULATED
2026-10-06 17:45:00,standard,32.22,47.8,159.3,55,17.64,6.0,14.1,37.74,58.1,-20.36,62.5,100.0,0,SIMULATED
2026-10-06 18:00:00,standard,32.03,48.7,106.5,50,17.32,6.0,14.1,37.42,57.87,-20.45,62.5,100.0,0,SIMULATED
2026-10-06 18:15:00,standard,31.83,49.6,53.4,49,17.07,6.0,14.1,37.17,57.62,-20.45,75.0,100.0,0,SIMULATED
2026-10-06 18:30:00,standard,31.62,50.5,0.0,41,16.47,5.09,14.1,35.66,57.36,-21.7,87.5,100.0,0,SIMULATED
2026-10-06 18:45:00,standard,31.41,51.5,0.0,37,16.09,5.09,14.1,35.28,57.1,-21.82,87.5,100.0,0,SIMULATED
2026-10-06 19:00:00,standard,31.19,52.5,0.0,23,15.14,3.98,14.1,33.22,56.82,-23.6,87.5,100.0,0,SIMULATED
2026-10-06 19:15:00,standard,30.96,53.5,0.0,16,14.73,3.98,14.1,32.81,56.51,-23.7,87.5,100.0,0,SIMULATED
2026-10-06 19:30:00,standard,30.72,54.6,0.0,10,13.84,2.62,14.1,30.56,56.24,-25.68,87.5,100.0,0,SIMULATED
2026-10-06 19:45:00,standard,30.48,55.7,0.0,7,13.31,2.62,14.1,30.03,55.93,-25.9,87.5,100.0,0,SIMULATED
2026-10-06 20:00:00,standard,30.24,56.8,0.0,5,12.61,1.6,14.1,28.31,55.64,-27.33,87.5,100.0,0,SIMULATED
2026-10-06 20:15:00,standard,30.0,57.9,0.0,2,12.11,1.6,14.1,27.81,55.34,-27.53,87.5,100.0,0,SIMULATED
2026-10-06 20:30:00,standard,29.75,59.0,0.0,0,11.36,0.24,14.1,25.7,55.02,-29.32,87.5,100.0,0,SIMULATED
2026-10-06 20:45:00,standard,29.5,60.1,0.0,0,11.01,0.24,14.1,25.35,54.7,-29.35,87.5,100.0,0,SIMULATED
2026-10-06 21:00:00,standard,29.26,61.2,0.0,0,10.68,0.24,14.1,25.02,54.42,-29.4,87.5,100.0,0,SIMULATED
2026-10-06 21:15:00,standard,29.02,62.3,0.0,0,10.35,0.24,14.1,24.69,54.1,-29.41,87.5,100.0,0,SIMULATED
2026-10-06 21:30:00,standard,28.78,63.4,0.0,0,10.08,0.24,14.1,24.42,53.8,-29.38,87.5,100.0,0,SIMULATED
2026-10-06 21:45:00,standard,28.54,64.5,0.0,0,9.79,0.24,14.1,24.13,53.49,-29.36,87.5,100.0,0,SIMULATED
2026-10-06 22:00:00,standard,28.31,65.5,0.0,0,9.52,0.24,14.1,23.86,53.22,-29.36,87.5,100.0,0,SIMULATED
2026-10-06 22:15:00,standard,28.09,66.5,0.0,0,9.24,0.24,14.1,23.58,52.94,-29.36,87.5,100.0,0,SIMULATED
2026-10-06 22:30:00,standard,27.88,67.5,0.0,0,9.02,0.24,14.1,23.36,52.82,-29.46,87.5,100.0,0,SIMULATED
2026-10-06 22:45:00,standard,27.67,68.4,0.0,0,8.82,0.24,14.1,23.16,52.82,-29.66,87.5,100.0,0,SIMULATED
2026-10-06 23:00:00,standard,27.47,69.3,0.0,0,8.6,0.24,14.1,22.94,52.82,-29.88,87.5,100.0,0,SIMULATED
2026-10-06 23:15:00,standard,27.28,70.2,0.0,0,8.41,0.24,14.1,22.75,52.82,-30.07,87.5,100.0,0,SIMULATED
2026-10-06 23:30:00,standard,27.1,71.0,0.0,0,8.25,0.24,14.1,22.59,52.82,-30.23,87.5,100.0,0,SIMULATED
2026-10-06 23:45:00,standard,26.93,71.8,0.0,0,8.08,0.24,14.1,22.42,52.82,-30.4,87.5,100.0,0,SIMULATED
2026-10-07 00:00:00,standard,26.77,72.5,0.0,0,7.9,0.24,14.1,22.24,52.82,-30.58,87.5,100.0,0,SIMULATED
2026-10-07 00:15:00,standard,26.63,73.1,0.0,0,7.79,0.24,14.1,22.13,52.82,-30.69,87.5,100.0,0,SIMULATED
2026-10-07 00:30:00,standard,26.5,73.7,0.0,0,7.65,0.24,14.1,21.99,52.82,-30.83,87.5,100.0,0,SIMULATED
2026-10-07 00:45:00,standard,26.39,74.2,0.0,0,7.55,0.24,14.1,21.89,52.82,-30.93,87.5,100.0,0,SIMULATED
2026-10-07 01:00:00,standard,26.29,74.7,0.0,0,7.45,0.24,14.1,21.79,52.82,-31.03,87.5,100.0,0,SIMULATED
2026-10-07 01:15:00,standard,26.2,75.1,0.0,0,7.35,0.24,14.1,21.69,52.82,-31.13,87.5,100.0,0,SIMULATED
2026-10-07 01:30:00,standard,26.13,75.4,0.0,0,7.28,0.24,14.1,21.62,52.82,-31.2,87.5,100.0,0,SIMULATED
2026-10-07 01:45:00,standard,26.07,75.7,0.0,0,7.2,0.24,14.1,21.54,52.82,-31.28,87.5,100.0,0,SIMULATED
2026-10-07 02:00:00,standard,26.03,75.9,0.0,0,7.15,0.24,14.1,21.49,52.82,-31.33,87.5,100.0,0,SIMULATED
2026-10-07 02:15:00,standard,26.01,76.0,0.0,0,7.11,0.24,14.1,21.45,52.82,-31.37,87.5,100.0,0,SIMULATED
2026-10-07 02:30:00,standard,26.0,76.0,0.0,0,7.08,0.24,14.1,21.42,52.82,-31.4,87.5,100.0,0,SIMULATED
2026-10-07 02:45:00,standard,26.01,76.0,0.0,0,7.06,0.24,14.1,21.4,52.82,-31.42,87.5,100.0,0,SIMULATED
2026-10-07 03:00:00,standard,26.03,75.9,0.0,0,7.04,0.24,14.1,21.38,52.82,-31.44,87.5,100.0,0,SIMULATED
2026-10-07 03:15:00,standard,26.07,75.7,0.0,0,7.03,0.24,14.1,21.37,52.82,-31.45,87.5,100.0,0,SIMULATED
2026-10-07 03:30:00,standard,26.13,75.4,0.0,0,7.05,0.24,14.1,21.39,52.82,-31.43,87.5,100.0,0,SIMULATED
2026-10-07 03:45:00,standard,26.2,75.1,0.0,0,7.07,0.24,14.1,21.41,52.82,-31.41,87.5,100.0,0,SIMULATED
2026-10-07 04:00:00,standard,26.29,74.7,0.0,0,7.11,0.24,14.1,21.45,52.82,-31.37,87.5,100.0,0,SIMULATED
2026-10-07 04:15:00,standard,26.39,74.2,0.0,0,7.14,0.24,14.1,21.48,52.82,-31.34,87.5,100.0,0,SIMULATED
2026-10-07 04:30:00,standard,26.5,73.7,0.0,0,7.18,0.24,14.1,21.52,52.82,-31.3,87.5,100.0,0,SIMULATED
2026-10-07 04:45:00,standard,26.63,73.1,0.0,0,7.24,0.24,14.1,21.58,52.82,-31.24,87.5,100.0,0,SIMULATED
2026-10-07 05:00:00,standard,26.77,72.5,0.0,0,7.28,0.24,14.1,21.62,52.82,-31.2,87.5,100.0,0,SIMULATED
2026-10-07 05:15:00,standard,26.93,71.8,0.0,0,7.36,0.24,14.1,21.7,52.82,-31.12,87.5,100.0,0,SIMULATED
2026-10-07 05:30:00,standard,27.1,71.0,0.0,0,7.46,0.24,14.1,21.8,52.82,-31.02,87.5,100.0,0,SIMULATED
2026-10-07 05:45:00,standard,27.28,70.2,0.0,0,7.53,0.24,14.1,21.87,52.82,-30.95,87.5,100.0,0,SIMULATED
2026-10-07 06:00:00,standard,27.47,69.3,0.0,0,7.63,0.24,14.1,21.97,52.82,-30.85,87.5,100.0,0,SIMULATED
2026-10-07 06:15:00,standard,27.67,68.4,53.4,0,8.32,0.24,14.1,22.66,52.82,-30.16,87.5,100.0,0,SIMULATED
2026-10-07 06:30:00,standard,27.88,67.5,106.5,0,9.01,0.24,14.1,23.35,52.82,-29.47,87.5,100.0,0,SIMULATED
2026-10-07 06:45:00,standard,28.09,66.5,159.3,0,9.7,0.24,14.1,24.04,52.94,-28.9,87.5,100.0,0,SIMULATED
2026-10-07 07:00:00,standard,28.31,65.5,211.4,0,10.7,1.52,14.1,26.33,53.22,-26.89,87.5,100.0,0,SIMULATED
2026-10-07 07:15:00,standard,28.54,64.5,262.7,0,11.4,1.52,14.1,27.03,53.49,-26.46,87.5,100.0,0,SIMULATED
2026-10-07 07:30:00,standard,28.78,63.4,312.9,0,12.11,1.52,14.1,27.72,53.8,-26.08,87.5,100.0,0,SIMULATED
2026-10-07 07:45:00,standard,29.02,62.3,361.9,0,12.8,1.52,14.1,28.42,54.1,-25.68,87.5,100.0,0,SIMULATED
2026-10-07 08:00:00,standard,29.26,61.2,409.5,3,13.68,1.85,14.1,29.62,54.42,-24.8,87.5,100.0,0,SIMULATED
2026-10-07 08:15:00,standard,29.5,60.1,455.5,6,14.75,3.21,14.1,32.05,54.7,-22.65,87.5,100.0,0,SIMULATED
2026-10-07 08:30:00,standard,29.75,59.0,499.6,12,15.79,3.99,14.1,33.87,55.02,-21.15,87.5,100.0,0,SIMULATED
2026-10-07 08:45:00,standard,30.0,57.9,541.8,20,16.83,5.09,14.1,36.02,55.34,-19.32,87.5,100.0,0,SIMULATED
2026-10-07 09:00:00,standard,30.24,56.8,581.9,45,17.5,6.0,14.1,37.6,55.64,-18.04,87.5,100.0,0,SIMULATED
2026-10-07 09:15:00,standard,30.48,55.7,619.6,47,17.74,6.0,14.1,37.84,55.93,-18.09,87.5,100.0,0,SIMULATED
2026-10-07 09:30:00,standard,30.72,54.6,654.9,69,18.33,6.6,14.1,39.03,56.24,-17.21,87.5,100.0,0,SIMULATED
2026-10-07 09:45:00,standard,30.96,53.5,687.7,68,18.44,6.6,14.1,39.14,56.51,-17.37,87.5,100.0,0,SIMULATED
2026-10-07 10:00:00,standard,31.19,52.5,717.7,78,18.83,6.42,14.1,39.35,56.82,-17.47,87.5,100.0,0,SIMULATED
2026-10-07 10:15:00,standard,31.41,51.5,744.9,79,18.93,6.42,14.1,39.45,57.1,-17.65,87.5,100.0,0,SIMULATED
2026-10-07 10:30:00,standard,31.62,50.5,769.1,70,18.55,5.82,14.1,38.47,57.36,-18.89,87.5,100.0,0,SIMULATED
2026-10-07 10:45:00,standard,31.83,49.6,790.3,71,18.74,5.82,14.1,38.66,57.62,-18.96,87.5,100.0,0,SIMULATED
2026-10-07 11:00:00,standard,32.03,48.7,808.4,72,18.8,5.82,14.1,38.72,57.87,-19.15,87.5,100.0,0,SIMULATED
2026-10-07 11:15:00,standard,32.22,47.8,823.3,73,18.89,5.82,14.1,38.81,58.1,-19.29,87.5,100.0,0,SIMULATED
2026-10-07 11:30:00,standard,32.4,47.0,834.9,78,19.35,6.42,14.1,39.87,58.31,-18.44,87.5,100.0,0,SIMULATED
2026-10-07 11:45:00,standard,32.57,46.2,843.3,68,18.93,5.82,14.1,38.85,58.53,-19.68,87.5,100.0,0,SIMULATED
2026-10-07 12:00:00,standard,32.73,45.5,848.3,96,19.93,6.6,14.1,40.63,58.74,-18.11,87.5,100.0,0,SIMULATED
2026-10-07 12:15:00,standard,32.87,44.9,850.0,91,19.97,6.6,14.1,40.67,58.92,-18.25,87.5,100.0,0,SIMULATED
2026-10-07 12:30:00,standard,33.0,44.3,848.3,74,19.62,6.0,14.1,39.72,59.07,-19.35,87.5,100.0,0,SIMULATED
2026-10-07 12:45:00,standard,33.11,43.8,843.3,72,19.64,6.0,14.1,39.74,59.22,-19.48,87.5,100.0,0,SIMULATED
2026-10-07 13:00:00,standard,33.21,43.3,834.9,67,19.69,6.0,14.1,39.79,59.34,-19.55,87.5,100.0,0,SIMULATED
2026-10-07 13:15:00,standard,33.3,42.9,823.3,66,19.74,6.0,14.1,39.84,59.46,-19.62,87.5,100.0,0,SIMULATED
2026-10-07 13:30:00,standard,33.37,42.6,808.4,72,20.11,6.6,14.1,40.81,59.54,-18.73,87.5,100.0,0,SIMULATED
2026-10-07 13:45:00,standard,33.43,42.3,790.3,74,20.22,6.6,14.1,40.92,59.62,-18.7,87.5,100.0,0,SIMULATED
2026-10-07 14:00:00,standard,33.47,42.1,769.1,70,19.61,6.5,14.1,40.21,59.67,-19.46,75.0,100.0,1,SIMULATED
2026-10-07 14:15:00,standard,33.49,42.0,744.9,74,19.67,6.5,14.1,40.27,59.7,-19.43,75.0,100.0,1,SIMULATED
2026-10-07 14:30:00,standard,33.5,42.0,717.7,71,19.65,6.5,14.1,40.25,59.7,-19.45,62.5,100.0,1,SIMULATED
2026-10-07 14:45:00,standard,33.49,42.0,687.7,72,19.64,6.5,14.1,40.24,59.7,-19.46,62.5,100.0,1,SIMULATED
2026-10-07 15:00:00,standard,33.47,42.1,654.9,70,19.42,5.82,14.1,39.34,59.67,-20.33,62.5,100.0,0,SIMULATED
2026-10-07 15:15:00,standard,33.43,42.3,619.6,72,19.43,5.82,14.1,39.35,59.62,-20.27,62.5,100.0,0,SIMULATED
2026-10-07 15:30:00,standard,33.37,42.6,581.9,73,19.47,6.0,14.1,39.57,59.54,-19.97,62.5,100.0,0,SIMULATED
2026-10-07 15:45:00,standard,33.3,42.9,541.8,68,19.34,6.0,14.1,39.44,59.46,-20.02,62.5,100.0,0,SIMULATED
2026-10-07 16:00:00,standard,33.21,43.3,499.6,68,19.33,6.0,14.1,39.43,59.34,-19.91,62.5,100.0,0,SIMULATED
2026-10-07 16:15:00,standard,33.11,43.8,455.5,70,19.29,6.0,14.1,39.39,59.22,-19.83,62.5,100.0,0,SIMULATED
2026-10-07 16:30:00,standard,33.0,44.3,409.5,79,19.7,6.6,14.1,40.4,59.07,-18.67,62.5,100.0,0,SIMULATED
2026-10-07 16:45:00,standard,32.87,44.9,361.9,78,19.51,6.6,14.1,40.21,58.92,-18.71,62.5,100.0,0,SIMULATED
2026-10-07 17:00:00,standard,32.73,45.5,312.9,65,18.91,6.6,14.1,39.61,58.74,-19.13,62.5,100.0,0,SIMULATED
2026-10-07 17:15:00,standard,32.57,46.2,262.7,64,18.59,6.6,14.1,39.29,58.53,-19.24,62.5,100.0,0,SIMULATED
2026-10-07 17:30:00,standard,32.4,47.0,211.4,58,17.91,6.0,14.1,38.01,58.31,-20.3,62.5,100.0,0,SIMULATED
2026-10-07 17:45:00,standard,32.22,47.8,159.3,55,17.65,6.0,14.1,37.75,58.1,-20.35,62.5,100.0,0,SIMULATED
2026-10-07 18:00:00,standard,32.03,48.7,106.5,52,17.37,6.0,14.1,37.47,57.87,-20.4,62.5,100.0,0,SIMULATED
2026-10-07 18:15:00,standard,31.83,49.6,53.4,48,17.09,6.0,14.1,37.19,57.62,-20.43,75.0,100.0,0,SIMULATED
2026-10-07 18:30:00,standard,31.62,50.5,0.0,41,16.4,5.09,14.1,35.59,57.36,-21.77,87.5,100.0,0,SIMULATED
2026-10-07 18:45:00,standard,31.41,51.5,0.0,34,16.04,5.09,14.1,35.23,57.1,-21.87,87.5,100.0,0,SIMULATED
2026-10-07 19:00:00,standard,31.19,52.5,0.0,21,15.13,3.98,14.1,33.21,56.82,-23.61,87.5,100.0,0,SIMULATED
2026-10-07 19:15:00,standard,30.96,53.5,0.0,16,14.75,3.98,14.1,32.83,56.51,-23.68,87.5,100.0,0,SIMULATED
2026-10-07 19:30:00,standard,30.72,54.6,0.0,10,13.82,2.62,14.1,30.54,56.24,-25.7,87.5,100.0,0,SIMULATED
2026-10-07 19:45:00,standard,30.48,55.7,0.0,8,13.32,2.62,14.1,30.04,55.93,-25.89,87.5,100.0,0,SIMULATED
2026-10-07 20:00:00,standard,30.24,56.8,0.0,5,12.58,1.6,14.1,28.28,55.64,-27.36,87.5,100.0,0,SIMULATED
2026-10-07 20:15:00,standard,30.0,57.9,0.0,2,12.08,1.6,14.1,27.78,55.34,-27.56,87.5,100.0,0,SIMULATED
2026-10-07 20:30:00,standard,29.75,59.0,0.0,0,11.33,0.24,14.1,25.67,55.02,-29.35,87.5,100.0,0,SIMULATED
2026-10-07 20:45:00,standard,29.5,60.1,0.0,0,10.98,0.24,14.1,25.32,54.7,-29.38,87.5,100.0,0,SIMULATED
2026-10-07 21:00:00,standard,29.26,61.2,0.0,0,10.65,0.24,14.1,24.99,54.42,-29.43,87.5,100.0,0,SIMULATED
2026-10-07 21:15:00,standard,29.02,62.3,0.0,0,10.33,0.24,14.1,24.67,54.1,-29.43,87.5,100.0,0,SIMULATED
2026-10-07 21:30:00,standard,28.78,63.4,0.0,0,10.05,0.24,14.1,24.39,53.8,-29.41,87.5,100.0,0,SIMULATED
2026-10-07 21:45:00,standard,28.54,64.5,0.0,0,9.76,0.24,14.1,24.1,53.49,-29.39,87.5,100.0,0,SIMULATED
2026-10-07 22:00:00,standard,28.31,65.5,0.0,0,9.51,0.24,14.1,23.85,53.22,-29.37,87.5,100.0,0,SIMULATED
2026-10-07 22:15:00,standard,28.09,66.5,0.0,0,9.24,0.24,14.1,23.58,52.94,-29.36,87.5,100.0,0,SIMULATED
2026-10-07 22:30:00,standard,27.88,67.5,0.0,0,9.02,0.24,14.1,23.36,52.82,-29.46,87.5,100.0,0,SIMULATED
2026-10-07 22:45:00,standard,27.67,68.4,0.0,0,8.82,0.24,14.1,23.16,52.82,-29.66,87.5,100.0,0,SIMULATED
2026-10-07 23:00:00,standard,27.47,69.3,0.0,0,8.6,0.24,14.1,22.94,52.82,-29.88,87.5,100.0,0,SIMULATED
2026-10-07 23:15:00,standard,27.28,70.2,0.0,0,8.41,0.24,14.1,22.75,52.82,-30.07,87.5,100.0,0,SIMULATED
2026-10-07 23:30:00,standard,27.1,71.0,0.0,0,8.25,0.24,14.1,22.59,52.82,-30.23,87.5,100.0,0,SIMULATED
2026-10-07 23:45:00,standard,26.93,71.8,0.0,0,8.08,0.24,14.1,22.42,52.82,-30.4,87.5,100.0,0,SIMULATED
2026-10-08 00:00:00,standard,26.77,72.5,0.0,0,7.91,0.24,14.1,22.25,52.82,-30.57,87.5,100.0,0,SIMULATED
2026-10-08 00:15:00,standard,26.63,73.1,0.0,0,7.8,0.24,14.1,22.14,52.82,-30.68,87.5,100.0,0,SIMULATED
2026-10-08 00:30:00,standard,26.5,73.7,0.0,0,7.66,0.24,14.1,22.0,52.82,-30.82,87.5,100.0,0,SIMULATED
2026-10-08 00:45:00,standard,26.39,74.2,0.0,0,7.56,0.24,14.1,21.9,52.82,-30.92,87.5,100.0,0,SIMULATED
2026-10-08 01:00:00,standard,26.29,74.7,0.0,0,7.46,0.24,14.1,21.8,52.82,-31.02,87.5,100.0,0,SIMULATED
2026-10-08 01:15:00,standard,26.2,75.1,0.0,0,7.36,0.24,14.1,21.7,52.82,-31.12,87.5,100.0,0,SIMULATED
2026-10-08 01:30:00,standard,26.13,75.4,0.0,0,7.29,0.24,14.1,21.63,52.82,-31.19,87.5,100.0,0,SIMULATED
2026-10-08 01:45:00,standard,26.07,75.7,0.0,0,7.21,0.24,14.1,21.55,52.82,-31.27,87.5,100.0,0,SIMULATED
2026-10-08 02:00:00,standard,26.03,75.9,0.0,0,7.16,0.24,14.1,21.5,52.82,-31.32,87.5,100.0,0,SIMULATED
2026-10-08 02:15:00,standard,26.01,76.0,0.0,0,7.12,0.24,14.1,21.46,52.82,-31.36,87.5,100.0,0,SIMULATED
2026-10-08 02:30:00,standard,26.0,76.0,0.0,0,7.09,0.24,14.1,21.43,52.82,-31.39,87.5,100.0,0,SIMULATED
2026-10-08 02:45:00,standard,26.01,76.0,0.0,0,7.07,0.24,14.1,21.41,52.82,-31.41,87.5,100.0,0,SIMULATED
2026-10-08 03:00:00,standard,26.03,75.9,0.0,0,7.05,0.24,14.1,21.39,52.82,-31.43,87.5,100.0,0,SIMULATED
2026-10-08 03:15:00,standard,26.07,75.7,0.0,0,7.04,0.24,14.1,21.38,52.82,-31.44,87.5,100.0,0,SIMULATED
2026-10-08 03:30:00,standard,26.13,75.4,0.0,0,7.06,0.24,14.1,21.4,52.82,-31.42,87.5,100.0,0,SIMULATED
2026-10-08 03:45:00,standard,26.2,75.1,0.0,0,7.08,0.24,14.1,21.42,52.82,-31.4,87.5,100.0,0,SIMULATED
2026-10-08 04:00:00,standard,26.29,74.7,0.0,0,7.12,0.24,14.1,21.46,52.82,-31.36,87.5,100.0,0,SIMULATED
2026-10-08 04:15:00,standard,26.39,74.2,0.0,0,7.15,0.24,14.1,21.49,52.82,-31.33,87.5,100.0,0,SIMULATED
2026-10-08 04:30:00,standard,26.5,73.7,0.0,0,7.19,0.24,14.1,21.53,52.82,-31.29,87.5,100.0,0,SIMULATED
2026-10-08 04:45:00,standard,26.63,73.1,0.0,0,7.25,0.24,14.1,21.59,52.82,-31.23,87.5,100.0,0,SIMULATED
2026-10-08 05:00:00,standard,26.77,72.5,0.0,0,7.29,0.24,14.1,21.63,52.82,-31.19,87.5,100.0,0,SIMULATED
2026-10-08 05:15:00,standard,26.93,71.8,0.0,0,7.37,0.24,14.1,21.71,52.82,-31.11,87.5,100.0,0,SIMULATED
2026-10-08 05:30:00,standard,27.1,71.0,0.0,0,7.47,0.24,14.1,21.81,52.82,-31.01,87.5,100.0,0,SIMULATED
2026-10-08 05:45:00,standard,27.28,70.2,0.0,0,7.54,0.24,14.1,21.88,52.82,-30.94,87.5,100.0,0,SIMULATED
2026-10-08 06:00:00,standard,27.47,69.3,0.0,0,7.63,0.24,14.1,21.97,52.82,-30.85,87.5,100.0,0,SIMULATED
2026-10-08 06:15:00,standard,27.67,68.4,53.4,0,8.33,0.24,14.1,22.67,52.82,-30.15,87.5,100.0,0,SIMULATED
2026-10-08 06:30:00,standard,27.88,67.5,106.5,0,9.02,0.24,14.1,23.36,52.82,-29.46,87.5,100.0,0,SIMULATED
2026-10-08 06:45:00,standard,28.09,66.5,159.3,0,9.71,0.24,14.1,24.05,52.94,-28.89,87.5,100.0,0,SIMULATED
2026-10-08 07:00:00,standard,28.31,65.5,211.4,0,10.7,1.52,14.1,26.33,53.22,-26.89,87.5,100.0,0,SIMULATED
2026-10-08 07:15:00,standard,28.54,64.5,262.7,0,11.4,1.52,14.1,27.03,53.49,-26.46,87.5,100.0,0,SIMULATED
2026-10-08 07:30:00,standard,28.78,63.4,312.9,0,12.11,1.52,14.1,27.72,53.8,-26.08,87.5,100.0,0,SIMULATED
2026-10-08 07:45:00,standard,29.02,62.3,361.9,0,12.8,1.52,14.1,28.42,54.1,-25.68,87.5,100.0,0,SIMULATED
2026-10-08 08:00:00,standard,29.26,61.2,409.5,3,13.68,1.85,14.1,29.62,54.42,-24.8,87.5,100.0,0,SIMULATED
2026-10-08 08:15:00,standard,29.5,60.1,455.5,5,14.72,3.21,14.1,32.02,54.7,-22.68,87.5,100.0,0,SIMULATED
2026-10-08 08:30:00,standard,29.75,59.0,499.6,13,15.82,3.99,14.1,33.9,55.02,-21.12,87.5,100.0,0,SIMULATED
2026-10-08 08:45:00,standard,30.0,57.9,541.8,18,16.76,5.09,14.1,35.95,55.34,-19.39,87.5,100.0,0,SIMULATED
2026-10-08 09:00:00,standard,30.24,56.8,581.9,47,17.56,6.0,14.1,37.66,55.64,-17.98,87.5,100.0,0,SIMULATED
2026-10-08 09:15:00,standard,30.48,55.7,619.6,49,17.74,6.0,14.1,37.84,55.93,-18.09,87.5,100.0,0,SIMULATED
2026-10-08 09:30:00,standard,30.72,54.6,654.9,69,18.33,6.6,14.1,39.03,56.24,-17.21,87.5,100.0,0,SIMULATED
2026-10-08 09:45:00,standard,30.96,53.5,687.7,68,18.44,6.6,14.1,39.14,56.51,-17.37,87.5,100.0,0,SIMULATED
2026-10-08 10:00:00,standard,31.19,52.5,717.7,77,18.8,6.42,14.1,39.32,56.82,-17.5,87.5,100.0,0,SIMULATED
2026-10-08 10:15:00,standard,31.41,51.5,744.9,77,18.86,6.42,14.1,39.38,57.1,-17.72,87.5,100.0,0,SIMULATED
2026-10-08 10:30:00,standard,31.62,50.5,769.1,70,18.55,5.82,14.1,38.47,57.36,-18.89,87.5,100.0,0,SIMULATED
2026-10-08 10:45:00,standard,31.83,49.6,790.3,72,18.71,5.82,14.1,38.63,57.62,-18.99,87.5,100.0,0,SIMULATED
2026-10-08 11:00:00,standard,32.03,48.7,808.4,73,18.83,5.82,14.1,38.75,57.87,-19.12,87.5,100.0,0,SIMULATED
2026-10-08 11:15:00,standard,32.22,47.8,823.3,71,18.86,5.82,14.1,38.78,58.1,-19.32,87.5,100.0,0,SIMULATED
2026-10-08 11:30:00,standard,32.4,47.0,834.9,80,19.41,6.42,14.1,39.93,58.31,-18.38,87.5,100.0,0,SIMULATED
2026-10-08 11:45:00,standard,32.57,46.2,843.3,66,18.89,5.82,14.1,38.81,58.53,-19.72,87.5,100.0,0,SIMULATED
2026-10-08 12:00:00,standard,32.73,45.5,848.3,91,19.84,6.6,14.1,40.54,58.74,-18.2,87.5,100.0,0,SIMULATED
2026-10-08 12:15:00,standard,32.87,44.9,850.0,95,20.03,6.6,14.1,40.73,58.92,-18.19,87.5,100.0,0,SIMULATED
2026-10-08 12:30:00,standard,33.0,44.3,848.3,71,19.55,6.0,14.1,39.65,59.07,-19.42,87.5,100.0,0,SIMULATED
2026-10-08 12:45:00,standard,33.11,43.8,843.3,69,19.61,6.0,14.1,39.71,59.22,-19.51,87.5,100.0,0,SIMULATED
2026-10-08 13:00:00,standard,33.21,43.3,834.9,67,19.69,6.0,14.1,39.79,59.34,-19.55,87.5,100.0,0,SIMULATED
2026-10-08 13:15:00,standard,33.3,42.9,823.3,69,19.8,6.0,14.1,39.9,59.46,-19.56,87.5,100.0,0,SIMULATED
2026-10-08 13:30:00,standard,33.37,42.6,808.4,72,20.11,6.6,14.1,40.81,59.54,-18.73,87.5,100.0,0,SIMULATED
2026-10-08 13:45:00,standard,33.43,42.3,790.3,76,20.21,6.6,14.1,40.91,59.62,-18.71,87.5,100.0,0,SIMULATED
2026-10-08 14:00:00,standard,33.47,42.1,769.1,71,19.61,6.5,14.1,40.21,59.67,-19.46,75.0,100.0,1,SIMULATED
2026-10-08 14:15:00,standard,33.49,42.0,744.9,72,19.61,6.5,14.1,40.21,59.7,-19.49,75.0,100.0,1,SIMULATED
2026-10-08 14:30:00,standard,33.5,42.0,717.7,72,19.68,6.5,14.1,40.28,59.7,-19.42,62.5,100.0,1,SIMULATED
2026-10-08 14:45:00,standard,33.49,42.0,687.7,70,19.61,6.5,14.1,40.21,59.7,-19.49,62.5,100.0,1,SIMULATED
2026-10-08 15:00:00,standard,33.47,42.1,654.9,71,19.45,5.82,14.1,39.37,59.67,-20.3,62.5,100.0,0,SIMULATED
2026-10-08 15:15:00,standard,33.43,42.3,619.6,73,19.5,5.82,14.1,39.42,59.62,-20.2,62.5,100.0,0,SIMULATED
2026-10-08 15:30:00,standard,33.37,42.6,581.9,69,19.38,6.0,14.1,39.48,59.54,-20.06,62.5,100.0,0,SIMULATED
2026-10-08 15:45:00,standard,33.3,42.9,541.8,73,19.44,6.0,14.1,39.54,59.46,-19.92,62.5,100.0,0,SIMULATED
2026-10-08 16:00:00,standard,33.21,43.3,499.6,71,19.37,6.0,14.1,39.47,59.34,-19.87,62.5,100.0,0,SIMULATED
2026-10-08 16:15:00,standard,33.11,43.8,455.5,72,19.35,6.0,14.1,39.45,59.22,-19.77,62.5,100.0,0,SIMULATED
2026-10-08 16:30:00,standard,33.0,44.3,409.5,78,19.64,6.6,14.1,40.34,59.07,-18.73,62.5,100.0,0,SIMULATED
2026-10-08 16:45:00,standard,32.87,44.9,361.9,77,19.55,6.6,14.1,40.25,58.92,-18.67,62.5,100.0,0,SIMULATED
2026-10-08 17:00:00,standard,32.73,45.5,312.9,66,18.91,6.6,14.1,39.61,58.74,-19.13,62.5,100.0,0,SIMULATED
2026-10-08 17:15:00,standard,32.57,46.2,262.7,68,18.72,6.6,14.1,39.42,58.53,-19.11,62.5,100.0,0,SIMULATED
2026-10-08 17:30:00,standard,32.4,47.0,211.4,57,17.93,6.0,14.1,38.03,58.31,-20.28,62.5,100.0,0,SIMULATED
2026-10-08 17:45:00,standard,32.22,47.8,159.3,53,17.6,6.0,14.1,37.7,58.1,-20.4,62.5,100.0,0,SIMULATED
2026-10-08 18:00:00,standard,32.03,48.7,106.5,50,17.32,6.0,14.1,37.42,57.87,-20.45,62.5,100.0,0,SIMULATED
2026-10-08 18:15:00,standard,31.83,49.6,53.4,49,17.13,6.0,14.1,37.23,57.62,-20.39,75.0,100.0,0,SIMULATED
2026-10-08 18:30:00,standard,31.62,50.5,0.0,40,16.45,5.09,14.1,35.64,57.36,-21.72,87.5,100.0,0,SIMULATED
2026-10-08 18:45:00,standard,31.41,51.5,0.0,31,15.94,5.09,14.1,35.13,57.1,-21.97,87.5,100.0,0,SIMULATED
2026-10-08 19:00:00,standard,31.19,52.5,0.0,21,15.12,3.98,14.1,33.2,56.82,-23.62,87.5,100.0,0,SIMULATED
2026-10-08 19:15:00,standard,30.96,53.5,0.0,17,14.74,3.98,14.1,32.82,56.51,-23.69,87.5,100.0,0,SIMULATED
2026-10-08 19:30:00,standard,30.72,54.6,0.0,11,13.84,2.62,14.1,30.56,56.24,-25.68,87.5,100.0,0,SIMULATED
2026-10-08 19:45:00,standard,30.48,55.7,0.0,8,13.31,2.62,14.1,30.03,55.93,-25.9,87.5,100.0,0,SIMULATED
2026-10-08 20:00:00,standard,30.24,56.8,0.0,4,12.54,1.6,14.1,28.24,55.64,-27.4,87.5,100.0,0,SIMULATED
2026-10-08 20:15:00,standard,30.0,57.9,0.0,2,12.07,1.6,14.1,27.77,55.34,-27.57,87.5,100.0,0,SIMULATED
2026-10-08 20:30:00,standard,29.75,59.0,0.0,0,11.32,0.24,14.1,25.66,55.02,-29.36,87.5,100.0,0,SIMULATED
2026-10-08 20:45:00,standard,29.5,60.1,0.0,0,10.97,0.24,14.1,25.31,54.7,-29.39,87.5,100.0,0,SIMULATED
2026-10-08 21:00:00,standard,29.26,61.2,0.0,0,10.64,0.24,14.1,24.98,54.42,-29.44,87.5,100.0,0,SIMULATED
2026-10-08 21:15:00,standard,29.02,62.3,0.0,0,10.32,0.24,14.1,24.66,54.1,-29.44,87.5,100.0,0,SIMULATED
2026-10-08 21:30:00,standard,28.78,63.4,0.0,0,10.04,0.24,14.1,24.38,53.8,-29.42,87.5,100.0,0,SIMULATED
2026-10-08 21:45:00,standard,28.54,64.5,0.0,0,9.76,0.24,14.1,24.1,53.49,-29.39,87.5,100.0,0,SIMULATED
2026-10-08 22:00:00,standard,28.31,65.5,0.0,0,9.5,0.24,14.1,23.84,53.22,-29.38,87.5,100.0,0,SIMULATED
2026-10-08 22:15:00,standard,28.09,66.5,0.0,0,9.23,0.24,14.1,23.57,52.94,-29.37,87.5,100.0,0,SIMULATED
2026-10-08 22:30:00,standard,27.88,67.5,0.0,0,9.01,0.24,14.1,23.35,52.82,-29.47,87.5,100.0,0,SIMULATED
2026-10-08 22:45:00,standard,27.67,68.4,0.0,0,8.81,0.24,14.1,23.15,52.82,-29.67,87.5,100.0,0,SIMULATED
2026-10-08 23:00:00,standard,27.47,69.3,0.0,0,8.59,0.24,14.1,22.93,52.82,-29.89,87.5,100.0,0,SIMULATED
2026-10-08 23:15:00,standard,27.28,70.2,0.0,0,8.4,0.24,14.1,22.74,52.82,-30.08,87.5,100.0,0,SIMULATED
2026-10-08 23:30:00,standard,27.1,71.0,0.0,0,8.24,0.24,14.1,22.58,52.82,-30.24,87.5,100.0,0,SIMULATED
2026-10-08 23:45:00,standard,26.93,71.8,0.0,0,8.07,0.24,14.1,22.41,52.82,-30.41,87.5,100.0,0,SIMULATED
2026-10-09 00:00:00,standard,26.77,72.5,0.0,0,7.9,0.24,14.1,22.24,52.82,-30.58,87.5,100.0,0,SIMULATED
2026-10-09 00:15:00,standard,26.63,73.1,0.0,0,7.79,0.24,14.1,22.13,52.82,-30.69,87.5,100.0,0,SIMULATED
2026-10-09 00:30:00,standard,26.5,73.7,0.0,0,7.65,0.24,14.1,21.99,52.82,-30.83,87.5,100.0,0,SIMULATED
2026-10-09 00:45:00,standard,26.39,74.2,0.0,0,7.55,0.24,14.1,21.89,52.82,-30.93,87.5,100.0,0,SIMULATED
2026-10-09 01:00:00,standard,26.29,74.7,0.0,0,7.45,0.24,14.1,21.79,52.82,-31.03,87.5,100.0,0,SIMULATED
2026-10-09 01:15:00,standard,26.2,75.1,0.0,0,7.35,0.24,14.1,21.69,52.82,-31.13,87.5,100.0,0,SIMULATED
2026-10-09 01:30:00,standard,26.13,75.4,0.0,0,7.28,0.24,14.1,21.62,52.82,-31.2,87.5,100.0,0,SIMULATED
2026-10-09 01:45:00,standard,26.07,75.7,0.0,0,7.2,0.24,14.1,21.54,52.82,-31.28,87.5,100.0,0,SIMULATED
2026-10-09 02:00:00,standard,26.03,75.9,0.0,0,7.15,0.24,14.1,21.49,52.82,-31.33,87.5,100.0,0,SIMULATED
2026-10-09 02:15:00,standard,26.01,76.0,0.0,0,7.11,0.24,14.1,21.45,52.82,-31.37,87.5,100.0,0,SIMULATED
2026-10-09 02:30:00,standard,26.0,76.0,0.0,0,7.08,0.24,14.1,21.42,52.82,-31.4,87.5,100.0,0,SIMULATED
2026-10-09 02:45:00,standard,26.01,76.0,0.0,0,7.06,0.24,14.1,21.4,52.82,-31.42,87.5,100.0,0,SIMULATED
2026-10-09 03:00:00,standard,26.03,75.9,0.0,0,7.04,0.24,14.1,21.38,52.82,-31.44,87.5,100.0,0,SIMULATED
2026-10-09 03:15:00,standard,26.07,75.7,0.0,0,7.03,0.24,14.1,21.37,52.82,-31.45,87.5,100.0,0,SIMULATED
2026-10-09 03:30:00,standard,26.13,75.4,0.0,0,7.05,0.24,14.1,21.39,52.82,-31.43,87.5,100.0,0,SIMULATED
2026-10-09 03:45:00,standard,26.2,75.1,0.0,0,7.07,0.24,14.1,21.41,52.82,-31.41,87.5,100.0,0,SIMULATED
2026-10-09 04:00:00,standard,26.29,74.7,0.0,0,7.11,0.24,14.1,21.45,52.82,-31.37,87.5,100.0,0,SIMULATED
2026-10-09 04:15:00,standard,26.39,74.2,0.0,0,7.14,0.24,14.1,21.48,52.82,-31.34,87.5,100.0,0,SIMULATED
2026-10-09 04:30:00,standard,26.5,73.7,0.0,0,7.18,0.24,14.1,21.52,52.82,-31.3,87.5,100.0,0,SIMULATED
2026-10-09 04:45:00,standard,26.63,73.1,0.0,0,7.24,0.24,14.1,21.58,52.82,-31.24,87.5,100.0,0,SIMULATED
2026-10-09 05:00:00,standard,26.77,72.5,0.0,0,7.28,0.24,14.1,21.62,52.82,-31.2,87.5,100.0,0,SIMULATED
2026-10-09 05:15:00,standard,26.93,71.8,0.0,0,7.36,0.24,14.1,21.7,52.82,-31.12,87.5,100.0,0,SIMULATED
2026-10-09 05:30:00,standard,27.1,71.0,0.0,0,7.46,0.24,14.1,21.8,52.82,-31.02,87.5,100.0,0,SIMULATED
2026-10-09 05:45:00,standard,27.28,70.2,0.0,0,7.53,0.24,14.1,21.87,52.82,-30.95,87.5,100.0,0,SIMULATED
2026-10-09 06:00:00,standard,27.47,69.3,0.0,0,7.63,0.24,14.1,21.97,52.82,-30.85,87.5,100.0,0,SIMULATED
2026-10-09 06:15:00,standard,27.67,68.4,53.4,0,8.32,0.24,14.1,22.66,52.82,-30.16,87.5,100.0,0,SIMULATED
2026-10-09 06:30:00,standard,27.88,67.5,106.5,0,9.01,0.24,14.1,23.35,52.82,-29.47,87.5,100.0,0,SIMULATED
2026-10-09 06:45:00,standard,28.09,66.5,159.3,0,9.7,0.24,14.1,24.04,52.94,-28.9,87.5,100.0,0,SIMULATED
2026-10-09 07:00:00,standard,28.31,65.5,211.4,0,10.7,1.52,14.1,26.33,53.22,-26.89,87.5,100.0,0,SIMULATED
2026-10-09 07:15:00,standard,28.54,64.5,262.7,0,11.4,1.52,14.1,27.03,53.49,-26.46,87.5,100.0,0,SIMULATED
2026-10-09 07:30:00,standard,28.78,63.4,312.9,0,12.11,1.52,14.1,27.72,53.8,-26.08,87.5,100.0,0,SIMULATED
2026-10-09 07:45:00,standard,29.02,62.3,361.9,0,12.8,1.52,14.1,28.42,54.1,-25.68,87.5,100.0,0,SIMULATED
2026-10-09 08:00:00,standard,29.26,61.2,409.5,3,13.68,1.85,14.1,29.62,54.42,-24.8,87.5,100.0,0,SIMULATED
2026-10-09 08:15:00,standard,29.5,60.1,455.5,5,14.73,3.21,14.1,32.03,54.7,-22.67,87.5,100.0,0,SIMULATED
2026-10-09 08:30:00,standard,29.75,59.0,499.6,13,15.82,3.99,14.1,33.9,55.02,-21.12,87.5,100.0,0,SIMULATED
2026-10-09 08:45:00,standard,30.0,57.9,541.8,18,16.79,5.09,14.1,35.98,55.34,-19.36,87.5,100.0,0,SIMULATED
2026-10-09 09:00:00,standard,30.24,56.8,581.9,46,17.56,6.0,14.1,37.66,55.64,-17.98,87.5,100.0,0,SIMULATED
2026-10-09 09:15:00,standard,30.48,55.7,619.6,47,17.71,6.0,14.1,37.81,55.93,-18.12,87.5,100.0,0,SIMULATED
2026-10-09 09:30:00,standard,30.72,54.6,654.9,68,18.26,6.6,14.1,38.96,56.24,-17.28,87.5,100.0,0,SIMULATED
2026-10-09 09:45:00,standard,30.96,53.5,687.7,70,18.47,6.6,14.1,39.17,56.51,-17.34,87.5,100.0,0,SIMULATED
2026-10-09 10:00:00,standard,31.19,52.5,717.7,78,18.8,6.42,14.1,39.32,56.82,-17.5,87.5,100.0,0,SIMULATED
2026-10-09 10:15:00,standard,31.41,51.5,744.9,79,18.86,6.42,14.1,39.38,57.1,-17.72,87.5,100.0,0,SIMULATED
2026-10-09 10:30:00,standard,31.62,50.5,769.1,70,18.58,5.82,14.1,38.5,57.36,-18.86,87.5,100.0,0,SIMULATED
2026-10-09 10:45:00,standard,31.83,49.6,790.3,74,18.74,5.82,14.1,38.66,57.62,-18.96,87.5,100.0,0,SIMULATED
2026-10-09 11:00:00,standard,32.03,48.7,808.4,70,18.77,5.82,14.1,38.69,57.87,-19.18,87.5,100.0,0,SIMULATED
2026-10-09 11:15:00,standard,32.22,47.8,823.3,72,18.89,5.82,14.1,38.81,58.1,-19.29,87.5,100.0,0,SIMULATED
2026-10-09 11:30:00,standard,32.4,47.0,834.9,77,19.35,6.42,14.1,39.87,58.31,-18.44,87.5,100.0,0,SIMULATED
2026-10-09 11:45:00,standard,32.57,46.2,843.3,65,18.89,5.82,14.1,38.81,58.53,-19.72,87.5,100.0,0,SIMULATED
2026-10-09 12:00:00,standard,32.73,45.5,848.3,93,19.87,6.6,14.1,40.57,58.74,-18.17,87.5,100.0,0,SIMULATED
2026-10-09 12:15:00,standard,32.87,44.9,850.0,91,19.96,6.6,14.1,40.66,58.92,-18.26,87.5,100.0,0,SIMULATED
2026-10-09 12:30:00,standard,33.0,44.3,848.3,73,19.62,6.0,14.1,39.72,59.07,-19.35,87.5,100.0,0,SIMULATED
2026-10-09 12:45:00,standard,33.11,43.8,843.3,71,19.61,6.0,14.1,39.71,59.22,-19.51,87.5,100.0,0,SIMULATED
2026-10-09 13:00:00,standard,33.21,43.3,834.9,64,19.63,6.0,14.1,39.73,59.34,-19.61,87.5,100.0,0,SIMULATED
2026-10-09 13:15:00,standard,33.3,42.9,823.3,67,19.77,6.0,14.1,39.87,59.46,-19.59,87.5,100.0,0,SIMULATED
2026-10-09 13:30:00,standard,33.37,42.6,808.4,74,20.18,6.6,14.1,40.88,59.54,-18.66,87.5,100.0,0,SIMULATED
2026-10-09 13:45:00,standard,33.43,42.3,790.3,76,20.25,6.6,14.1,40.95,59.62,-18.67,87.5,100.0,0,SIMULATED
2026-10-09 14:00:00,standard,33.47,42.1,769.1,72,19.61,6.5,14.1,40.21,59.67,-19.46,75.0,100.0,1,SIMULATED
2026-10-09 14:15:00,standard,33.49,42.0,744.9,73,19.67,6.5,14.1,40.27,59.7,-19.43,75.0,100.0,1,SIMULATED
2026-10-09 14:30:00,standard,33.5,42.0,717.7,71,19.61,6.5,14.1,40.21,59.7,-19.49,62.5,100.0,1,SIMULATED
2026-10-09 14:45:00,standard,33.49,42.0,687.7,71,19.61,6.5,14.1,40.21,59.7,-19.49,62.5,100.0,1,SIMULATED
2026-10-09 15:00:00,standard,33.47,42.1,654.9,74,19.48,5.82,14.1,39.4,59.67,-20.27,62.5,100.0,0,SIMULATED
2026-10-09 15:15:00,standard,33.43,42.3,619.6,72,19.44,5.82,14.1,39.36,59.62,-20.26,62.5,100.0,0,SIMULATED
2026-10-09 15:30:00,standard,33.37,42.6,581.9,70,19.41,6.0,14.1,39.51,59.54,-20.03,62.5,100.0,0,SIMULATED
2026-10-09 15:45:00,standard,33.3,42.9,541.8,69,19.38,6.0,14.1,39.48,59.46,-19.98,62.5,100.0,0,SIMULATED
2026-10-09 16:00:00,standard,33.21,43.3,499.6,72,19.37,6.0,14.1,39.47,59.34,-19.87,62.5,100.0,0,SIMULATED
2026-10-09 16:15:00,standard,33.11,43.8,455.5,71,19.32,6.0,14.1,39.42,59.22,-19.8,62.5,100.0,0,SIMULATED
2026-10-09 16:30:00,standard,33.0,44.3,409.5,79,19.68,6.6,14.1,40.38,59.07,-18.69,62.5,100.0,0,SIMULATED
2026-10-09 16:45:00,standard,32.87,44.9,361.9,75,19.55,6.6,14.1,40.25,58.92,-18.67,62.5,100.0,0,SIMULATED
2026-10-09 17:00:00,standard,32.73,45.5,312.9,65,18.93,6.6,14.1,39.63,58.74,-19.11,62.5,100.0,0,SIMULATED
2026-10-09 17:15:00,standard,32.57,46.2,262.7,65,18.57,6.6,14.1,39.27,58.53,-19.26,62.5,100.0,0,SIMULATED
2026-10-09 17:30:00,standard,32.4,47.0,211.4,56,17.88,6.0,14.1,37.98,58.31,-20.33,62.5,100.0,0,SIMULATED
2026-10-09 17:45:00,standard,32.22,47.8,159.3,54,17.63,6.0,14.1,37.73,58.1,-20.37,62.5,100.0,0,SIMULATED
2026-10-09 18:00:00,standard,32.03,48.7,106.5,52,17.37,6.0,14.1,37.47,57.87,-20.4,62.5,100.0,0,SIMULATED
2026-10-09 18:15:00,standard,31.83,49.6,53.4,49,17.09,6.0,14.1,37.19,57.62,-20.43,75.0,100.0,0,SIMULATED
2026-10-09 18:30:00,standard,31.62,50.5,0.0,39,16.4,5.09,14.1,35.59,57.36,-21.77,87.5,100.0,0,SIMULATED
2026-10-09 18:45:00,standard,31.41,51.5,0.0,32,16.0,5.09,14.1,35.19,57.1,-21.91,87.5,100.0,0,SIMULATED
2026-10-09 19:00:00,standard,31.19,52.5,0.0,22,15.18,3.98,14.1,33.26,56.82,-23.56,87.5,100.0,0,SIMULATED
2026-10-09 19:15:00,standard,30.96,53.5,0.0,18,14.8,3.98,14.1,32.88,56.51,-23.63,87.5,100.0,0,SIMULATED
2026-10-09 19:30:00,standard,30.72,54.6,0.0,10,13.88,2.62,14.1,30.6,56.24,-25.64,87.5,100.0,0,SIMULATED
2026-10-09 19:45:00,standard,30.48,55.7,0.0,8,13.37,2.62,14.1,30.09,55.93,-25.84,87.5,100.0,0,SIMULATED
2026-10-09 20:00:00,standard,30.24,56.8,0.0,6,12.66,1.6,14.1,28.36,55.64,-27.28,87.5,100.0,0,SIMULATED
2026-10-09 20:15:00,standard,30.0,57.9,0.0,3,12.16,1.6,14.1,27.86,55.34,-27.48,87.5,100.0,0,SIMULATED
2026-10-09 20:30:00,standard,29.75,59.0,0.0,0,11.38,0.24,14.1,25.72,55.02,-29.3,87.5,100.0,0,SIMULATED
2026-10-09 20:45:00,standard,29.5,60.1,0.0,0,11.03,0.24,14.1,25.37,54.7,-29.33,87.5,100.0,0,SIMULATED
2026-10-09 21:00:00,standard,29.26,61.2,0.0,0,10.7,0.24,14.1,25.04,54.42,-29.38,87.5,100.0,0,SIMULATED
2026-10-09 21:15:00,standard,29.02,62.3,0.0,0,10.37,0.24,14.1,24.71,54.1,-29.39,87.5,100.0,0,SIMULATED
2026-10-09 21:30:00,standard,28.78,63.4,0.0,0,10.1,0.24,14.1,24.44,53.8,-29.36,87.5,100.0,0,SIMULATED
2026-10-09 21:45:00,standard,28.54,64.5,0.0,0,9.8,0.24,14.1,24.14,53.49,-29.35,87.5,100.0,0,SIMULATED
2026-10-09 22:00:00,standard,28.31,65.5,0.0,0,9.54,0.24,14.1,23.88,53.22,-29.34,87.5,100.0,0,SIMULATED
2026-10-09 22:15:00,standard,28.09,66.5,0.0,0,9.26,0.24,14.1,23.6,52.94,-29.34,87.5,100.0,0,SIMULATED
2026-10-09 22:30:00,standard,27.88,67.5,0.0,0,9.04,0.24,14.1,23.38,52.82,-29.44,87.5,100.0,0,SIMULATED
2026-10-09 22:45:00,standard,27.67,68.4,0.0,0,8.84,0.24,14.1,23.18,52.82,-29.64,87.5,100.0,0,SIMULATED
2026-10-09 23:00:00,standard,27.47,69.3,0.0,0,8.62,0.24,14.1,22.96,52.82,-29.86,87.5,100.0,0,SIMULATED
2026-10-09 23:15:00,standard,27.28,70.2,0.0,0,8.43,0.24,14.1,22.77,52.82,-30.05,87.5,100.0,0,SIMULATED
2026-10-09 23:30:00,standard,27.1,71.0,0.0,0,8.27,0.24,14.1,22.61,52.82,-30.21,87.5,100.0,0,SIMULATED
2026-10-09 23:45:00,standard,26.93,71.8,0.0,0,8.1,0.24,14.1,22.44,52.82,-30.38,87.5,100.0,0,SIMULATED
2026-10-10 00:00:00,standard,26.77,72.5,0.0,0,7.92,0.24,14.1,22.26,52.82,-30.56,87.5,100.0,0,SIMULATED
2026-10-10 00:15:00,standard,26.63,73.1,0.0,0,7.81,0.24,14.1,22.15,52.82,-30.67,87.5,100.0,0,SIMULATED
2026-10-10 00:30:00,standard,26.5,73.7,0.0,0,7.66,0.24,14.1,22.0,52.82,-30.82,87.5,100.0,0,SIMULATED
2026-10-10 00:45:00,standard,26.39,74.2,0.0,0,7.56,0.24,14.1,21.9,52.82,-30.92,87.5,100.0,0,SIMULATED
2026-10-10 01:00:00,standard,26.29,74.7,0.0,0,7.46,0.24,14.1,21.8,52.82,-31.02,87.5,100.0,0,SIMULATED
2026-10-10 01:15:00,standard,26.2,75.1,0.0,0,7.36,0.24,14.1,21.7,52.82,-31.12,87.5,100.0,0,SIMULATED
2026-10-10 01:30:00,standard,26.13,75.4,0.0,0,7.29,0.24,14.1,21.63,52.82,-31.19,87.5,100.0,0,SIMULATED
2026-10-10 01:45:00,standard,26.07,75.7,0.0,0,7.21,0.24,14.1,21.55,52.82,-31.27,87.5,100.0,0,SIMULATED
2026-10-10 02:00:00,standard,26.03,75.9,0.0,0,7.16,0.24,14.1,21.5,52.82,-31.32,87.5,100.0,0,SIMULATED
2026-10-10 02:15:00,standard,26.01,76.0,0.0,0,7.12,0.24,14.1,21.46,52.82,-31.36,87.5,100.0,0,SIMULATED
2026-10-10 02:30:00,standard,26.0,76.0,0.0,0,7.09,0.24,14.1,21.43,52.82,-31.39,87.5,100.0,0,SIMULATED
2026-10-10 02:45:00,standard,26.01,76.0,0.0,0,7.07,0.24,14.1,21.41,52.82,-31.41,87.5,100.0,0,SIMULATED
2026-10-10 03:00:00,standard,26.03,75.9,0.0,0,7.05,0.24,14.1,21.39,52.82,-31.43,87.5,100.0,0,SIMULATED
2026-10-10 03:15:00,standard,26.07,75.7,0.0,0,7.04,0.24,14.1,21.38,52.82,-31.44,87.5,100.0,0,SIMULATED
2026-10-10 03:30:00,standard,26.13,75.4,0.0,0,7.06,0.24,14.1,21.4,52.82,-31.42,87.5,100.0,0,SIMULATED
2026-10-10 03:45:00,standard,26.2,75.1,0.0,0,7.08,0.24,14.1,21.42,52.82,-31.4,87.5,100.0,0,SIMULATED
2026-10-10 04:00:00,standard,26.29,74.7,0.0,0,7.12,0.24,14.1,21.46,52.82,-31.36,87.5,100.0,0,SIMULATED
2026-10-10 04:15:00,standard,26.39,74.2,0.0,0,7.15,0.24,14.1,21.49,52.82,-31.33,87.5,100.0,0,SIMULATED
2026-10-10 04:30:00,standard,26.5,73.7,0.0,0,7.19,0.24,14.1,21.53,52.82,-31.29,87.5,100.0,0,SIMULATED
2026-10-10 04:45:00,standard,26.63,73.1,0.0,0,7.25,0.24,14.1,21.59,52.82,-31.23,87.5,100.0,0,SIMULATED
2026-10-10 05:00:00,standard,26.77,72.5,0.0,0,7.29,0.24,14.1,21.63,52.82,-31.19,87.5,100.0,0,SIMULATED
2026-10-10 05:15:00,standard,26.93,71.8,0.0,0,7.37,0.24,14.1,21.71,52.82,-31.11,87.5,100.0,0,SIMULATED
2026-10-10 05:30:00,standard,27.1,71.0,0.0,0,7.47,0.24,14.1,21.81,52.82,-31.01,87.5,100.0,0,SIMULATED
2026-10-10 05:45:00,standard,27.28,70.2,0.0,0,7.54,0.24,14.1,21.88,52.82,-30.94,87.5,100.0,0,SIMULATED
2026-10-10 06:00:00,standard,27.47,69.3,0.0,0,7.63,0.24,14.1,21.97,52.82,-30.85,87.5,100.0,0,SIMULATED
2026-10-10 06:15:00,standard,27.67,68.4,53.4,0,8.33,0.24,14.1,22.67,52.82,-30.15,87.5,100.0,0,SIMULATED
2026-10-10 06:30:00,standard,27.88,67.5,106.5,0,9.02,0.24,14.1,23.36,52.82,-29.46,87.5,100.0,0,SIMULATED
2026-10-10 06:45:00,standard,28.09,66.5,159.3,0,9.71,0.24,14.1,24.05,52.94,-28.89,87.5,100.0,0,SIMULATED
2026-10-10 07:00:00,standard,28.31,65.5,211.4,0,10.7,1.52,14.1,26.33,53.22,-26.89,87.5,100.0,0,SIMULATED
2026-10-10 07:15:00,standard,28.54,64.5,262.7,0,11.4,1.52,14.1,27.03,53.49,-26.46,87.5,100.0,0,SIMULATED
2026-10-10 07:30:00,standard,28.78,63.4,312.9,0,12.11,1.52,14.1,27.72,53.8,-26.08,87.5,100.0,0,SIMULATED
2026-10-10 07:45:00,standard,29.02,62.3,361.9,0,12.8,1.52,14.1,28.42,54.1,-25.68,87.5,100.0,0,SIMULATED
2026-10-10 08:00:00,standard,29.26,61.2,409.5,0,13.51,1.52,14.1,29.12,54.42,-25.3,87.5,100.0,0,SIMULATED
2026-10-10 08:15:00,standard,29.5,60.1,455.5,0,14.18,1.52,14.1,29.79,54.7,-24.91,87.5,100.0,0,SIMULATED
2026-10-10 08:30:00,standard,29.75,59.0,499.6,0,14.85,1.52,14.1,30.47,55.02,-24.55,87.5,100.0,0,SIMULATED
2026-10-10 08:45:00,standard,30.0,57.9,541.8,0,15.5,1.52,14.1,31.12,55.34,-24.22,87.5,100.0,0,SIMULATED
2026-10-10 09:00:00,standard,30.24,56.8,581.9,1,16.21,1.85,14.1,32.15,55.64,-23.49,87.5,100.0,0,SIMULATED
2026-10-10 09:15:00,standard,30.48,55.7,619.6,1,16.81,1.85,14.1,32.76,55.93,-23.17,87.5,100.0,0,SIMULATED
2026-10-10 09:30:00,standard,30.72,54.6,654.9,1,17.04,1.85,14.1,32.99,56.24,-23.25,87.5,100.0,0,SIMULATED
2026-10-10 09:45:00,standard,30.96,53.5,687.7,1,17.25,1.85,14.1,33.19,56.51,-23.32,87.5,100.0,0,SIMULATED
2026-10-10 10:00:00,standard,31.19,52.5,717.7,5,17.44,4.31,14.1,35.85,56.82,-20.97,87.5,100.0,0,SIMULATED
2026-10-10 10:15:00,standard,31.41,51.5,744.9,5,17.64,4.31,14.1,36.05,57.1,-21.05,87.5,100.0,0,SIMULATED
2026-10-10 10:30:00,standard,31.62,50.5,769.1,5,17.78,4.31,14.1,36.19,57.36,-21.17,87.5,100.0,0,SIMULATED
2026-10-10 10:45:00,standard,31.83,49.6,790.3,5,17.95,4.31,14.1,36.36,57.62,-21.26,87.5,100.0,0,SIMULATED
2026-10-10 11:00:00,standard,32.03,48.7,808.4,4,18.09,4.31,14.1,36.5,57.87,-21.37,87.5,100.0,0,SIMULATED
2026-10-10 11:15:00,standard,32.22,47.8,823.3,4,18.22,4.31,14.1,36.63,58.1,-21.47,87.5,100.0,0,SIMULATED
2026-10-10 11:30:00,standard,32.4,47.0,834.9,6,18.35,4.31,14.1,36.76,58.31,-21.55,87.5,100.0,0,SIMULATED
2026-10-10 11:45:00,standard,32.57,46.2,843.3,5,18.43,4.31,14.1,36.84,58.53,-21.69,87.5,100.0,0,SIMULATED
2026-10-10 12:00:00,standard,32.73,45.5,848.3,6,18.51,4.31,14.1,36.92,58.74,-21.82,87.5,100.0,0,SIMULATED
2026-10-10 12:15:00,standard,32.87,44.9,850.0,5,18.56,4.31,14.1,36.97,58.92,-21.95,87.5,100.0,0,SIMULATED
2026-10-10 12:30:00,standard,33.0,44.3,848.3,5,18.62,4.31,14.1,37.03,59.07,-22.04,87.5,100.0,0,SIMULATED
2026-10-10 12:45:00,standard,33.11,43.8,843.3,6,18.67,4.31,14.1,37.08,59.22,-22.14,87.5,100.0,0,SIMULATED
2026-10-10 13:00:00,standard,33.21,43.3,834.9,5,18.73,4.31,14.1,37.14,59.34,-22.2,87.5,100.0,0,SIMULATED
2026-10-10 13:15:00,standard,33.3,42.9,823.3,7,18.77,4.31,14.1,37.18,59.46,-22.28,87.5,100.0,0,SIMULATED
2026-10-10 13:30:00,standard,33.37,42.6,808.4,5,18.78,4.31,14.1,37.19,59.54,-22.35,87.5,100.0,0,SIMULATED
2026-10-10 13:45:00,standard,33.43,42.3,790.3,4,18.79,4.31,14.1,37.2,59.62,-22.42,87.5,100.0,0,SIMULATED
2026-10-10 14:00:00,standard,33.47,42.1,769.1,5,18.75,4.31,14.1,37.16,59.67,-22.51,87.5,100.0,0,SIMULATED
2026-10-10 14:15:00,standard,33.49,42.0,744.9,4,18.57,3.98,14.1,36.66,59.7,-23.04,87.5,100.0,0,SIMULATED
2026-10-10 14:30:00,standard,33.5,42.0,717.7,4,18.5,3.98,14.1,36.59,59.7,-23.11,87.5,100.0,0,SIMULATED
2026-10-10 14:45:00,standard,33.49,42.0,687.7,5,18.42,3.98,14.1,36.51,59.7,-23.19,87.5,100.0,0,SIMULATED
2026-10-10 15:00:00,standard,33.47,42.1,654.9,3,18.34,3.98,14.1,36.43,59.67,-23.24,87.5,100.0,0,SIMULATED
2026-10-10 15:15:00,standard,33.43,42.3,619.6,4,18.23,3.98,14.1,36.32,59.62,-23.3,87.5,100.0,0,SIMULATED
2026-10-10 15:30:00,standard,33.37,42.6,581.9,6,18.07,3.98,14.1,36.15,59.54,-23.39,87.5,100.0,0,SIMULATED
2026-10-10 15:45:00,standard,33.3,42.9,541.8,4,17.95,3.98,14.1,36.03,59.46,-23.43,87.5,100.0,0,SIMULATED
2026-10-10 16:00:00,standard,33.21,43.3,499.6,5,17.79,3.98,14.1,35.87,59.34,-23.47,87.5,100.0,0,SIMULATED
2026-10-10 16:15:00,standard,33.11,43.8,455.5,0,17.61,1.52,14.1,33.24,59.22,-25.98,87.5,100.0,0,SIMULATED
2026-10-10 16:30:00,standard,33.0,44.3,409.5,0,17.44,1.52,14.1,33.07,59.07,-26.0,87.5,100.0,0,SIMULATED
2026-10-10 16:45:00,standard,32.87,44.9,361.9,0,17.25,1.52,14.1,32.87,58.92,-26.05,87.5,100.0,0,SIMULATED
2026-10-10 17:00:00,standard,32.73,45.5,312.9,0,17.06,1.52,14.1,32.69,58.74,-26.05,87.5,100.0,0,SIMULATED
2026-10-10 17:15:00,standard,32.57,46.2,262.7,0,16.77,1.52,14.1,32.38,58.53,-26.15,87.5,100.0,0,SIMULATED
2026-10-10 17:30:00,standard,32.4,47.0,211.4,0,15.95,1.52,14.1,31.56,58.31,-26.75,87.5,100.0,0,SIMULATED
2026-10-10 17:45:00,standard,32.22,47.8,159.3,0,15.01,1.52,14.1,30.62,58.1,-27.48,87.5,100.0,0,SIMULATED
2026-10-10 18:00:00,standard,32.03,48.7,106.5,0,14.05,1.52,14.1,29.66,57.87,-28.21,87.5,100.0,0,SIMULATED
2026-10-10 18:15:00,standard,31.83,49.6,53.4,0,13.11,1.52,14.1,28.73,57.62,-28.89,87.5,100.0,0,SIMULATED
2026-10-10 18:30:00,standard,31.62,50.5,0.0,0,12.18,1.52,14.1,27.79,57.36,-29.57,87.5,100.0,0,SIMULATED
2026-10-10 18:45:00,standard,31.41,51.5,0.0,0,11.89,1.52,14.1,27.5,57.1,-29.6,87.5,100.0,0,SIMULATED
2026-10-10 19:00:00,standard,31.19,52.5,0.0,0,11.61,1.52,14.1,27.23,56.82,-29.59,87.5,100.0,0,SIMULATED
2026-10-10 19:15:00,standard,30.96,53.5,0.0,0,11.35,1.52,14.1,26.97,56.51,-29.54,87.5,100.0,0,SIMULATED
2026-10-10 19:30:00,standard,30.72,54.6,0.0,0,11.09,1.52,14.1,26.71,56.24,-29.53,87.5,100.0,0,SIMULATED
2026-10-10 19:45:00,standard,30.48,55.7,0.0,0,10.83,1.52,14.1,26.44,55.93,-29.49,87.5,100.0,0,SIMULATED
2026-10-10 20:00:00,standard,30.24,56.8,0.0,0,10.29,0.24,14.1,24.63,55.64,-31.01,87.5,100.0,0,SIMULATED
2026-10-10 20:15:00,standard,30.0,57.9,0.0,0,10.05,0.24,14.1,24.39,55.34,-30.95,87.5,100.0,0,SIMULATED
2026-10-10 20:30:00,standard,29.75,59.0,0.0,0,9.82,0.24,14.1,24.16,55.02,-30.86,87.5,100.0,0,SIMULATED
2026-10-10 20:45:00,standard,29.5,60.1,0.0,0,9.6,0.24,14.1,23.94,54.7,-30.76,87.5,100.0,0,SIMULATED
2026-10-10 21:00:00,standard,29.26,61.2,0.0,0,9.37,0.24,14.1,23.71,54.42,-30.71,87.5,100.0,0,SIMULATED
2026-10-10 21:15:00,standard,29.02,62.3,0.0,0,9.17,0.24,14.1,23.51,54.1,-30.59,87.5,100.0,0,SIMULATED
2026-10-10 21:30:00,standard,28.78,63.4,0.0,0,8.99,0.24,14.1,23.33,53.8,-30.47,87.5,100.0,0,SIMULATED
2026-10-10 21:45:00,standard,28.54,64.5,0.0,0,8.78,0.24,14.1,23.12,53.49,-30.37,87.5,100.0,0,SIMULATED
2026-10-10 22:00:00,standard,28.31,65.5,0.0,0,8.61,0.24,14.1,22.95,53.22,-30.27,87.5,100.0,0,SIMULATED
2026-10-10 22:15:00,standard,28.09,66.5,0.0,0,8.43,0.24,14.1,22.77,52.94,-30.17,87.5,100.0,0,SIMULATED
2026-10-10 22:30:00,standard,27.88,67.5,0.0,0,8.27,0.24,14.1,22.61,52.82,-30.21,87.5,100.0,0,SIMULATED
2026-10-10 22:45:00,standard,27.67,68.4,0.0,0,8.13,0.24,14.1,22.47,52.82,-30.35,87.5,100.0,0,SIMULATED
2026-10-10 23:00:00,standard,27.47,69.3,0.0,0,7.96,0.24,14.1,22.3,52.82,-30.52,87.5,100.0,0,SIMULATED
2026-10-10 23:15:00,standard,27.28,70.2,0.0,0,7.82,0.24,14.1,22.16,52.82,-30.66,87.5,100.0,0,SIMULATED
2026-10-10 23:30:00,standard,27.1,71.0,0.0,0,7.71,0.24,14.1,22.05,52.82,-30.77,87.5,100.0,0,SIMULATED
2026-10-10 23:45:00,standard,26.93,71.8,0.0,0,7.57,0.24,14.1,21.91,52.82,-30.91,87.5,100.0,0,SIMULATED
2026-10-11 00:00:00,standard,26.77,72.5,0.0,0,7.45,0.24,14.1,21.79,52.82,-31.03,87.5,100.0,0,SIMULATED
2026-10-11 00:15:00,standard,26.63,73.1,0.0,0,7.37,0.24,14.1,21.71,52.82,-31.11,87.5,100.0,0,SIMULATED
2026-10-11 00:30:00,standard,26.5,73.7,0.0,0,7.26,0.24,14.1,21.6,52.82,-31.22,87.5,100.0,0,SIMULATED
2026-10-11 00:45:00,standard,26.39,74.2,0.0,0,7.2,0.24,14.1,21.54,52.82,-31.28,87.5,100.0,0,SIMULATED
2026-10-11 01:00:00,standard,26.29,74.7,0.0,0,7.13,0.24,14.1,21.47,52.82,-31.35,87.5,100.0,0,SIMULATED
2026-10-11 01:15:00,standard,26.2,75.1,0.0,0,7.05,0.24,14.1,21.39,52.82,-31.43,87.5,100.0,0,SIMULATED
2026-10-11 01:30:00,standard,26.13,75.4,0.0,0,7.0,0.24,14.1,21.34,52.82,-31.48,87.5,100.0,0,SIMULATED
2026-10-11 01:45:00,standard,26.07,75.7,0.0,0,6.95,0.24,14.1,21.29,52.82,-31.53,87.5,100.0,0,SIMULATED
2026-10-11 02:00:00,standard,26.03,75.9,0.0,0,6.92,0.24,14.1,21.26,52.82,-31.56,87.5,100.0,0,SIMULATED
2026-10-11 02:15:00,standard,26.01,76.0,0.0,0,6.89,0.24,14.1,21.23,52.82,-31.59,87.5,100.0,0,SIMULATED
2026-10-11 02:30:00,standard,26.0,76.0,0.0,0,6.87,0.24,14.1,21.21,52.82,-31.61,87.5,100.0,0,SIMULATED
2026-10-11 02:45:00,standard,26.01,76.0,0.0,0,6.87,0.24,14.1,21.21,52.82,-31.61,87.5,100.0,0,SIMULATED
2026-10-11 03:00:00,standard,26.03,75.9,0.0,0,6.86,0.24,14.1,21.2,52.82,-31.62,87.5,100.0,0,SIMULATED
2026-10-11 03:15:00,standard,26.07,75.7,0.0,0,6.87,0.24,14.1,21.21,52.82,-31.61,87.5,100.0,0,SIMULATED
2026-10-11 03:30:00,standard,26.13,75.4,0.0,0,6.9,0.24,14.1,21.24,52.82,-31.58,87.5,100.0,0,SIMULATED
2026-10-11 03:45:00,standard,26.2,75.1,0.0,0,6.93,0.24,14.1,21.27,52.82,-31.55,87.5,100.0,0,SIMULATED
2026-10-11 04:00:00,standard,26.29,74.7,0.0,0,6.97,0.24,14.1,21.31,52.82,-31.51,87.5,100.0,0,SIMULATED
2026-10-11 04:15:00,standard,26.39,74.2,0.0,0,7.03,0.24,14.1,21.37,52.82,-31.45,87.5,100.0,0,SIMULATED
2026-10-11 04:30:00,standard,26.5,73.7,0.0,0,7.07,0.24,14.1,21.41,52.82,-31.41,87.5,100.0,0,SIMULATED
2026-10-11 04:45:00,standard,26.63,73.1,0.0,0,7.15,0.24,14.1,21.49,52.82,-31.33,87.5,100.0,0,SIMULATED
2026-10-11 05:00:00,standard,26.77,72.5,0.0,0,7.21,0.24,14.1,21.55,52.82,-31.27,87.5,100.0,0,SIMULATED
2026-10-11 05:15:00,standard,26.93,71.8,0.0,0,7.31,0.24,14.1,21.65,52.82,-31.17,87.5,100.0,0,SIMULATED
2026-10-11 05:30:00,standard,27.1,71.0,0.0,0,7.42,0.24,14.1,21.76,52.82,-31.06,87.5,100.0,0,SIMULATED
2026-10-11 05:45:00,standard,27.28,70.2,0.0,0,7.49,0.24,14.1,21.83,52.82,-30.99,87.5,100.0,0,SIMULATED
2026-10-11 06:00:00,standard,27.47,69.3,0.0,0,7.6,0.24,14.1,21.94,52.82,-30.88,87.5,100.0,0,SIMULATED
2026-10-11 06:15:00,standard,27.67,68.4,53.4,0,8.31,0.24,14.1,22.65,52.82,-30.17,87.5,100.0,0,SIMULATED
2026-10-11 06:30:00,standard,27.88,67.5,106.5,0,9.0,0.24,14.1,23.34,52.82,-29.48,87.5,100.0,0,SIMULATED
2026-10-11 06:45:00,standard,28.09,66.5,159.3,0,9.7,0.24,14.1,24.04,52.94,-28.9,87.5,100.0,0,SIMULATED
2026-10-11 07:00:00,standard,28.31,65.5,211.4,0,10.7,1.52,14.1,26.33,53.22,-26.89,87.5,100.0,0,SIMULATED
2026-10-11 07:15:00,standard,28.54,64.5,262.7,0,11.4,1.52,14.1,27.03,53.49,-26.46,87.5,100.0,0,SIMULATED
2026-10-11 07:30:00,standard,28.78,63.4,312.9,0,12.11,1.52,14.1,27.72,53.8,-26.08,87.5,100.0,0,SIMULATED
2026-10-11 07:45:00,standard,29.02,62.3,361.9,0,12.8,1.52,14.1,28.42,54.1,-25.68,87.5,100.0,0,SIMULATED
2026-10-11 08:00:00,standard,29.26,61.2,409.5,0,13.51,1.52,14.1,29.12,54.42,-25.3,87.5,100.0,0,SIMULATED
2026-10-11 08:15:00,standard,29.5,60.1,455.5,0,14.18,1.52,14.1,29.79,54.7,-24.91,87.5,100.0,0,SIMULATED
2026-10-11 08:30:00,standard,29.75,59.0,499.6,0,14.85,1.52,14.1,30.47,55.02,-24.55,87.5,100.0,0,SIMULATED
2026-10-11 08:45:00,standard,30.0,57.9,541.8,0,15.5,1.52,14.1,31.12,55.34,-24.22,87.5,100.0,0,SIMULATED
2026-10-11 09:00:00,standard,30.24,56.8,581.9,1,16.21,1.85,14.1,32.15,55.64,-23.49,87.5,100.0,0,SIMULATED
2026-10-11 09:15:00,standard,30.48,55.7,619.6,2,16.84,1.85,14.1,32.79,55.93,-23.14,87.5,100.0,0,SIMULATED
2026-10-11 09:30:00,standard,30.72,54.6,654.9,1,17.04,1.85,14.1,32.99,56.24,-23.25,87.5,100.0,0,SIMULATED
2026-10-11 09:45:00,standard,30.96,53.5,687.7,1,17.25,1.85,14.1,33.19,56.51,-23.32,87.5,100.0,0,SIMULATED
2026-10-11 10:00:00,standard,31.19,52.5,717.7,5,17.44,4.31,14.1,35.85,56.82,-20.97,87.5,100.0,0,SIMULATED
2026-10-11 10:15:00,standard,31.41,51.5,744.9,6,17.61,4.31,14.1,36.02,57.1,-21.08,87.5,100.0,0,SIMULATED
2026-10-11 10:30:00,standard,31.62,50.5,769.1,4,17.78,4.31,14.1,36.19,57.36,-21.17,87.5,100.0,0,SIMULATED
2026-10-11 10:45:00,standard,31.83,49.6,790.3,5,17.95,4.31,14.1,36.36,57.62,-21.26,87.5,100.0,0,SIMULATED
2026-10-11 11:00:00,standard,32.03,48.7,808.4,6,18.09,4.31,14.1,36.5,57.87,-21.37,87.5,100.0,0,SIMULATED
2026-10-11 11:15:00,standard,32.22,47.8,823.3,7,18.22,4.31,14.1,36.63,58.1,-21.47,87.5,100.0,0,SIMULATED
2026-10-11 11:30:00,standard,32.4,47.0,834.9,6,18.35,4.31,14.1,36.76,58.31,-21.55,87.5,100.0,0,SIMULATED
2026-10-11 11:45:00,standard,32.57,46.2,843.3,5,18.43,4.31,14.1,36.84,58.53,-21.69,87.5,100.0,0,SIMULATED
2026-10-11 12:00:00,standard,32.73,45.5,848.3,4,18.51,4.31,14.1,36.92,58.74,-21.82,87.5,100.0,0,SIMULATED
2026-10-11 12:15:00,standard,32.87,44.9,850.0,5,18.56,4.31,14.1,36.97,58.92,-21.95,87.5,100.0,0,SIMULATED
2026-10-11 12:30:00,standard,33.0,44.3,848.3,6,18.65,4.31,14.1,37.06,59.07,-22.01,87.5,100.0,0,SIMULATED
2026-10-11 12:45:00,standard,33.11,43.8,843.3,5,18.67,4.31,14.1,37.08,59.22,-22.14,87.5,100.0,0,SIMULATED
2026-10-11 13:00:00,standard,33.21,43.3,834.9,6,18.73,4.31,14.1,37.14,59.34,-22.2,87.5,100.0,0,SIMULATED
2026-10-11 13:15:00,standard,33.3,42.9,823.3,5,18.77,4.31,14.1,37.18,59.46,-22.28,87.5,100.0,0,SIMULATED
2026-10-11 13:30:00,standard,33.37,42.6,808.4,4,18.78,4.31,14.1,37.19,59.54,-22.35,87.5,100.0,0,SIMULATED
2026-10-11 13:45:00,standard,33.43,42.3,790.3,7,18.82,4.31,14.1,37.23,59.62,-22.39,87.5,100.0,0,SIMULATED
2026-10-11 14:00:00,standard,33.47,42.1,769.1,5,18.75,4.31,14.1,37.16,59.67,-22.51,87.5,100.0,0,SIMULATED
2026-10-11 14:15:00,standard,33.49,42.0,744.9,5,18.57,3.98,14.1,36.66,59.7,-23.04,87.5,100.0,0,SIMULATED
2026-10-11 14:30:00,standard,33.5,42.0,717.7,6,18.5,3.98,14.1,36.59,59.7,-23.11,87.5,100.0,0,SIMULATED
2026-10-11 14:45:00,standard,33.49,42.0,687.7,3,18.42,3.98,14.1,36.51,59.7,-23.19,87.5,100.0,0,SIMULATED
2026-10-11 15:00:00,standard,33.47,42.1,654.9,5,18.34,3.98,14.1,36.43,59.67,-23.24,87.5,100.0,0,SIMULATED
2026-10-11 15:15:00,standard,33.43,42.3,619.6,5,18.23,3.98,14.1,36.32,59.62,-23.3,87.5,100.0,0,SIMULATED
2026-10-11 15:30:00,standard,33.37,42.6,581.9,3,18.07,3.98,14.1,36.15,59.54,-23.39,87.5,100.0,0,SIMULATED
2026-10-11 15:45:00,standard,33.3,42.9,541.8,4,17.95,3.98,14.1,36.03,59.46,-23.43,87.5,100.0,0,SIMULATED
2026-10-11 16:00:00,standard,33.21,43.3,499.6,4,17.79,3.98,14.1,35.87,59.34,-23.47,87.5,100.0,0,SIMULATED
2026-10-11 16:15:00,standard,33.11,43.8,455.5,0,17.61,1.52,14.1,33.24,59.22,-25.98,87.5,100.0,0,SIMULATED
2026-10-11 16:30:00,standard,33.0,44.3,409.5,0,17.44,1.52,14.1,33.07,59.07,-26.0,87.5,100.0,0,SIMULATED
2026-10-11 16:45:00,standard,32.87,44.9,361.9,0,17.25,1.52,14.1,32.87,58.92,-26.05,87.5,100.0,0,SIMULATED
2026-10-11 17:00:00,standard,32.73,45.5,312.9,0,17.06,1.52,14.1,32.69,58.74,-26.05,87.5,100.0,0,SIMULATED
2026-10-11 17:15:00,standard,32.57,46.2,262.7,0,16.77,1.52,14.1,32.38,58.53,-26.15,87.5,100.0,0,SIMULATED
2026-10-11 17:30:00,standard,32.4,47.0,211.4,0,15.95,1.52,14.1,31.57,58.31,-26.74,87.5,100.0,0,SIMULATED
2026-10-11 17:45:00,standard,32.22,47.8,159.3,0,15.01,1.52,14.1,30.62,58.1,-27.48,87.5,100.0,0,SIMULATED
2026-10-11 18:00:00,standard,32.03,48.7,106.5,0,14.04,1.52,14.1,29.66,57.87,-28.21,87.5,100.0,0,SIMULATED
2026-10-11 18:15:00,standard,31.83,49.6,53.4,0,13.11,1.52,14.1,28.72,57.62,-28.9,87.5,100.0,0,SIMULATED
2026-10-11 18:30:00,standard,31.62,50.5,0.0,0,12.18,1.52,14.1,27.79,57.36,-29.57,87.5,100.0,0,SIMULATED
2026-10-11 18:45:00,standard,31.41,51.5,0.0,0,11.89,1.52,14.1,27.49,57.1,-29.61,87.5,100.0,0,SIMULATED
2026-10-11 19:00:00,standard,31.19,52.5,0.0,0,11.62,1.52,14.1,27.24,56.82,-29.58,87.5,100.0,0,SIMULATED
2026-10-11 19:15:00,standard,30.96,53.5,0.0,0,11.36,1.52,14.1,26.98,56.51,-29.53,87.5,100.0,0,SIMULATED
2026-10-11 19:30:00,standard,30.72,54.6,0.0,0,11.09,1.52,14.1,26.71,56.24,-29.53,87.5,100.0,0,SIMULATED
2026-10-11 19:45:00,standard,30.48,55.7,0.0,0,10.83,1.52,14.1,26.44,55.93,-29.49,87.5,100.0,0,SIMULATED
2026-10-11 20:00:00,standard,30.24,56.8,0.0,0,10.29,0.24,14.1,24.63,55.64,-31.01,87.5,100.0,0,SIMULATED
2026-10-11 20:15:00,standard,30.0,57.9,0.0,0,10.05,0.24,14.1,24.39,55.34,-30.95,87.5,100.0,0,SIMULATED
2026-10-11 20:30:00,standard,29.75,59.0,0.0,0,9.82,0.24,14.1,24.16,55.02,-30.86,87.5,100.0,0,SIMULATED
2026-10-11 20:45:00,standard,29.5,60.1,0.0,0,9.6,0.24,14.1,23.94,54.7,-30.76,87.5,100.0,0,SIMULATED
2026-10-11 21:00:00,standard,29.26,61.2,0.0,0,9.37,0.24,14.1,23.71,54.42,-30.71,87.5,100.0,0,SIMULATED
2026-10-11 21:15:00,standard,29.02,62.3,0.0,0,9.17,0.24,14.1,23.51,54.1,-30.59,87.5,100.0,0,SIMULATED
2026-10-11 21:30:00,standard,28.78,63.4,0.0,0,8.99,0.24,14.1,23.33,53.8,-30.47,87.5,100.0,0,SIMULATED
2026-10-11 21:45:00,standard,28.54,64.5,0.0,0,8.78,0.24,14.1,23.12,53.49,-30.37,87.5,100.0,0,SIMULATED
2026-10-11 22:00:00,standard,28.31,65.5,0.0,0,8.61,0.24,14.1,22.95,53.22,-30.27,87.5,100.0,0,SIMULATED
2026-10-11 22:15:00,standard,28.09,66.5,0.0,0,8.43,0.24,14.1,22.77,52.94,-30.17,87.5,100.0,0,SIMULATED
2026-10-11 22:30:00,standard,27.88,67.5,0.0,0,8.27,0.24,14.1,22.61,52.82,-30.21,87.5,100.0,0,SIMULATED
2026-10-11 22:45:00,standard,27.67,68.4,0.0,0,8.13,0.24,14.1,22.47,52.82,-30.35,87.5,100.0,0,SIMULATED
2026-10-11 23:00:00,standard,27.47,69.3,0.0,0,7.96,0.24,14.1,22.3,52.82,-30.52,87.5,100.0,0,SIMULATED
2026-10-11 23:15:00,standard,27.28,70.2,0.0,0,7.82,0.24,14.1,22.16,52.82,-30.66,87.5,100.0,0,SIMULATED
2026-10-11 23:30:00,standard,27.1,71.0,0.0,0,7.71,0.24,14.1,22.05,52.82,-30.77,87.5,100.0,0,SIMULATED
2026-10-11 23:45:00,standard,26.93,71.8,0.0,0,7.57,0.24,14.1,21.91,52.82,-30.91,87.5,100.0,0,SIMULATED
2026-10-12 00:00:00,standard,26.77,72.5,0.0,0,7.45,0.24,14.1,21.79,52.82,-31.03,87.5,100.0,0,SIMULATED
2026-10-12 00:15:00,standard,26.63,73.1,0.0,0,7.37,0.24,14.1,21.71,52.82,-31.11,87.5,100.0,0,SIMULATED
2026-10-12 00:30:00,standard,26.5,73.7,0.0,0,7.26,0.24,14.1,21.6,52.82,-31.22,87.5,100.0,0,SIMULATED
2026-10-12 00:45:00,standard,26.39,74.2,0.0,0,7.2,0.24,14.1,21.54,52.82,-31.28,87.5,100.0,0,SIMULATED
2026-10-12 01:00:00,standard,26.29,74.7,0.0,0,7.13,0.24,14.1,21.47,52.82,-31.35,87.5,100.0,0,SIMULATED
2026-10-12 01:15:00,standard,26.2,75.1,0.0,0,7.05,0.24,14.1,21.39,52.82,-31.43,87.5,100.0,0,SIMULATED
2026-10-12 01:30:00,standard,26.13,75.4,0.0,0,7.0,0.24,14.1,21.34,52.82,-31.48,87.5,100.0,0,SIMULATED
2026-10-12 01:45:00,standard,26.07,75.7,0.0,0,6.95,0.24,14.1,21.29,52.82,-31.53,87.5,100.0,0,SIMULATED
2026-10-12 02:00:00,standard,26.03,75.9,0.0,0,6.92,0.24,14.1,21.26,52.82,-31.56,87.5,100.0,0,SIMULATED
2026-10-12 02:15:00,standard,26.01,76.0,0.0,0,6.89,0.24,14.1,21.23,52.82,-31.59,87.5,100.0,0,SIMULATED
2026-10-12 02:30:00,standard,26.0,76.0,0.0,0,6.87,0.24,14.1,21.21,52.82,-31.61,87.5,100.0,0,SIMULATED
2026-10-12 02:45:00,standard,26.01,76.0,0.0,0,6.87,0.24,14.1,21.21,52.82,-31.61,87.5,100.0,0,SIMULATED
2026-10-12 03:00:00,standard,26.03,75.9,0.0,0,6.86,0.24,14.1,21.2,52.82,-31.62,87.5,100.0,0,SIMULATED
2026-10-12 03:15:00,standard,26.07,75.7,0.0,0,6.87,0.24,14.1,21.21,52.82,-31.61,87.5,100.0,0,SIMULATED
2026-10-12 03:30:00,standard,26.13,75.4,0.0,0,6.9,0.24,14.1,21.24,52.82,-31.58,87.5,100.0,0,SIMULATED
2026-10-12 03:45:00,standard,26.2,75.1,0.0,0,6.93,0.24,14.1,21.27,52.82,-31.55,87.5,100.0,0,SIMULATED
2026-10-12 04:00:00,standard,26.29,74.7,0.0,0,6.97,0.24,14.1,21.31,52.82,-31.51,87.5,100.0,0,SIMULATED
2026-10-12 04:15:00,standard,26.39,74.2,0.0,0,7.03,0.24,14.1,21.37,52.82,-31.45,87.5,100.0,0,SIMULATED
2026-10-12 04:30:00,standard,26.5,73.7,0.0,0,7.07,0.24,14.1,21.41,52.82,-31.41,87.5,100.0,0,SIMULATED
2026-10-12 04:45:00,standard,26.63,73.1,0.0,0,7.15,0.24,14.1,21.49,52.82,-31.33,87.5,100.0,0,SIMULATED
2026-10-12 05:00:00,standard,26.77,72.5,0.0,0,7.21,0.24,14.1,21.55,52.82,-31.27,87.5,100.0,0,SIMULATED
2026-10-12 05:15:00,standard,26.93,71.8,0.0,0,7.31,0.24,14.1,21.65,52.82,-31.17,87.5,100.0,0,SIMULATED
2026-10-12 05:30:00,standard,27.1,71.0,0.0,0,7.42,0.24,14.1,21.76,52.82,-31.06,87.5,100.0,0,SIMULATED
2026-10-12 05:45:00,standard,27.28,70.2,0.0,0,7.49,0.24,14.1,21.83,52.82,-30.99,87.5,100.0,0,SIMULATED
2026-10-12 06:00:00,standard,27.47,69.3,0.0,0,7.6,0.24,14.1,21.94,52.82,-30.88,87.5,100.0,0,SIMULATED
2026-10-12 06:15:00,standard,27.67,68.4,53.4,0,8.31,0.24,14.1,22.65,52.82,-30.17,87.5,100.0,0,SIMULATED
2026-10-12 06:30:00,standard,27.88,67.5,106.5,0,9.0,0.24,14.1,23.34,52.82,-29.48,87.5,100.0,0,SIMULATED
2026-10-12 06:45:00,standard,28.09,66.5,159.3,0,9.7,0.24,14.1,24.04,52.94,-28.9,87.5,100.0,0,SIMULATED
2026-10-12 07:00:00,standard,28.31,65.5,211.4,0,10.7,1.52,14.1,26.33,53.22,-26.89,87.5,100.0,0,SIMULATED
2026-10-12 07:15:00,standard,28.54,64.5,262.7,0,11.4,1.52,14.1,27.03,53.49,-26.46,87.5,100.0,0,SIMULATED
2026-10-12 07:30:00,standard,28.78,63.4,312.9,0,12.11,1.52,14.1,27.72,53.8,-26.08,87.5,100.0,0,SIMULATED
2026-10-12 07:45:00,standard,29.02,62.3,361.9,0,12.8,1.52,14.1,28.42,54.1,-25.68,87.5,100.0,0,SIMULATED
2026-10-12 08:00:00,standard,29.26,61.2,409.5,3,13.68,1.85,14.1,29.62,54.42,-24.8,87.5,100.0,0,SIMULATED
2026-10-12 08:15:00,standard,29.5,60.1,455.5,4,14.69,3.21,14.1,31.99,54.7,-22.71,87.5,100.0,0,SIMULATED
2026-10-12 08:30:00,standard,29.75,59.0,499.6,12,15.79,3.99,14.1,33.87,55.02,-21.15,87.5,100.0,0,SIMULATED
2026-10-12 08:45:00,standard,30.0,57.9,541.8,18,16.83,5.09,14.1,36.02,55.34,-19.32,87.5,100.0,0,SIMULATED
2026-10-12 09:00:00,standard,30.24,56.8,581.9,47,17.53,6.0,14.1,37.63,55.64,-18.01,87.5,100.0,0,SIMULATED
2026-10-12 09:15:00,standard,30.48,55.7,619.6,49,17.74,6.0,14.1,37.84,55.93,-18.09,87.5,100.0,0,SIMULATED
2026-10-12 09:30:00,standard,30.72,54.6,654.9,70,18.33,6.6,14.1,39.03,56.24,-17.21,87.5,100.0,0,SIMULATED
2026-10-12 09:45:00,standard,30.96,53.5,687.7,70,18.47,6.6,14.1,39.17,56.51,-17.34,87.5,100.0,0,SIMULATED
2026-10-12 10:00:00,standard,31.19,52.5,717.7,79,18.8,6.42,14.1,39.32,56.82,-17.5,87.5,100.0,0,SIMULATED
2026-10-12 10:15:00,standard,31.41,51.5,744.9,78,18.9,6.42,14.1,39.42,57.1,-17.68,87.5,100.0,0,SIMULATED
2026-10-12 10:30:00,standard,31.62,50.5,769.1,71,18.58,5.82,14.1,38.5,57.36,-18.86,87.5,100.0,0,SIMULATED
2026-10-12 10:45:00,standard,31.83,49.6,790.3,69,18.62,5.82,14.1,38.54,57.62,-19.08,87.5,100.0,0,SIMULATED
2026-10-12 11:00:00,standard,32.03,48.7,808.4,74,18.83,5.82,14.1,38.75,57.87,-19.12,87.5,100.0,0,SIMULATED
2026-10-12 11:15:00,standard,32.22,47.8,823.3,72,18.92,5.82,14.1,38.84,58.1,-19.26,87.5,100.0,0,SIMULATED
2026-10-12 11:30:00,standard,32.4,47.0,834.9,81,19.41,6.42,14.1,39.93,58.31,-18.38,87.5,100.0,0,SIMULATED
2026-10-12 11:45:00,standard,32.57,46.2,843.3,68,18.92,5.82,14.1,38.84,58.53,-19.69,87.5,100.0,0,SIMULATED
2026-10-12 12:00:00,standard,32.73,45.5,848.3,93,19.9,6.6,14.1,40.6,58.74,-18.14,87.5,100.0,0,SIMULATED
2026-10-12 12:15:00,standard,32.87,44.9,850.0,93,19.97,6.6,14.1,40.67,58.92,-18.25,87.5,100.0,0,SIMULATED
2026-10-12 12:30:00,standard,33.0,44.3,848.3,74,19.58,6.0,14.1,39.68,59.07,-19.39,87.5,100.0,0,SIMULATED
2026-10-12 12:45:00,standard,33.11,43.8,843.3,71,19.64,6.0,14.1,39.74,59.22,-19.48,87.5,100.0,0,SIMULATED
2026-10-12 13:00:00,standard,33.21,43.3,834.9,66,19.66,6.0,14.1,39.76,59.34,-19.58,87.5,100.0,0,SIMULATED
2026-10-12 13:15:00,standard,33.3,42.9,823.3,64,19.74,6.0,14.1,39.84,59.46,-19.62,87.5,100.0,0,SIMULATED
2026-10-12 13:30:00,standard,33.37,42.6,808.4,73,20.17,6.6,14.1,40.87,59.54,-18.67,87.5,100.0,0,SIMULATED
2026-10-12 13:45:00,standard,33.43,42.3,790.3,69,20.15,6.6,14.1,40.85,59.62,-18.77,87.5,100.0,0,SIMULATED
2026-10-12 14:00:00,standard,33.47,42.1,769.1,72,19.64,6.5,14.1,40.24,59.67,-19.43,75.0,100.0,1,SIMULATED
2026-10-12 14:15:00,standard,33.49,42.0,744.9,72,19.64,6.5,14.1,40.24,59.7,-19.46,75.0,100.0,1,SIMULATED
2026-10-12 14:30:00,standard,33.5,42.0,717.7,71,19.65,6.5,14.1,40.25,59.7,-19.45,62.5,100.0,1,SIMULATED
2026-10-12 14:45:00,standard,33.49,42.0,687.7,71,19.65,6.5,14.1,40.25,59.7,-19.45,62.5,100.0,1,SIMULATED
2026-10-12 15:00:00,standard,33.47,42.1,654.9,70,19.45,5.82,14.1,39.37,59.67,-20.3,62.5,100.0,0,SIMULATED
2026-10-12 15:15:00,standard,33.43,42.3,619.6,70,19.44,5.82,14.1,39.36,59.62,-20.26,62.5,100.0,0,SIMULATED
2026-10-12 15:30:00,standard,33.37,42.6,581.9,70,19.38,6.0,14.1,39.48,59.54,-20.06,62.5,100.0,0,SIMULATED
2026-10-12 15:45:00,standard,33.3,42.9,541.8,72,19.38,6.0,14.1,39.48,59.46,-19.98,62.5,100.0,0,SIMULATED
2026-10-12 16:00:00,standard,33.21,43.3,499.6,69,19.33,6.0,14.1,39.43,59.34,-19.91,62.5,100.0,0,SIMULATED
2026-10-12 16:15:00,standard,33.11,43.8,455.5,68,19.22,6.0,14.1,39.32,59.22,-19.9,62.5,100.0,0,SIMULATED
2026-10-12 16:30:00,standard,33.0,44.3,409.5,80,19.67,6.6,14.1,40.37,59.07,-18.7,62.5,100.0,0,SIMULATED
2026-10-12 16:45:00,standard,32.87,44.9,361.9,79,19.61,6.6,14.1,40.31,58.92,-18.61,62.5,100.0,0,SIMULATED
2026-10-12 17:00:00,standard,32.73,45.5,312.9,66,18.92,6.6,14.1,39.62,58.74,-19.12,62.5,100.0,0,SIMULATED
2026-10-12 17:15:00,standard,32.57,46.2,262.7,64,18.6,6.6,14.1,39.3,58.53,-19.23,62.5,100.0,0,SIMULATED
2026-10-12 17:30:00,standard,32.4,47.0,211.4,58,17.95,6.0,14.1,38.05,58.31,-20.26,62.5,100.0,0,SIMULATED
2026-10-12 17:45:00,standard,32.22,47.8,159.3,55,17.69,6.0,14.1,37.79,58.1,-20.31,62.5,100.0,0,SIMULATED
2026-10-12 18:00:00,standard,32.03,48.7,106.5,50,17.34,6.0,14.1,37.44,57.87,-20.43,62.5,100.0,0,SIMULATED
2026-10-12 18:15:00,standard,31.83,49.6,53.4,49,17.12,6.0,14.1,37.22,57.62,-20.4,75.0,100.0,0,SIMULATED
2026-10-12 18:30:00,standard,31.62,50.5,0.0,40,16.4,5.09,14.1,35.59,57.36,-21.77,87.5,100.0,0,SIMULATED
2026-10-12 18:45:00,standard,31.41,51.5,0.0,34,15.99,5.09,14.1,35.18,57.1,-21.92,87.5,100.0,0,SIMULATED
2026-10-12 19:00:00,standard,31.19,52.5,0.0,21,15.11,3.98,14.1,33.19,56.82,-23.63,87.5,100.0,0,SIMULATED
2026-10-12 19:15:00,standard,30.96,53.5,0.0,15,14.73,3.98,14.1,32.81,56.51,-23.7,87.5,100.0,0,SIMULATED
2026-10-12 19:30:00,standard,30.72,54.6,0.0,10,13.81,2.62,14.1,30.53,56.24,-25.71,87.5,100.0,0,SIMULATED
2026-10-12 19:45:00,standard,30.48,55.7,0.0,8,13.31,2.62,14.1,30.03,55.93,-25.9,87.5,100.0,0,SIMULATED
2026-10-12 20:00:00,standard,30.24,56.8,0.0,5,12.58,1.6,14.1,28.28,55.64,-27.36,87.5,100.0,0,SIMULATED
2026-10-12 20:15:00,standard,30.0,57.9,0.0,2,12.08,1.6,14.1,27.78,55.34,-27.56,87.5,100.0,0,SIMULATED
2026-10-12 20:30:00,standard,29.75,59.0,0.0,0,11.33,0.24,14.1,25.67,55.02,-29.35,87.5,100.0,0,SIMULATED
2026-10-12 20:45:00,standard,29.5,60.1,0.0,0,10.98,0.24,14.1,25.32,54.7,-29.38,87.5,100.0,0,SIMULATED
2026-10-12 21:00:00,standard,29.26,61.2,0.0,0,10.65,0.24,14.1,24.99,54.42,-29.43,87.5,100.0,0,SIMULATED
2026-10-12 21:15:00,standard,29.02,62.3,0.0,0,10.33,0.24,14.1,24.67,54.1,-29.43,87.5,100.0,0,SIMULATED
2026-10-12 21:30:00,standard,28.78,63.4,0.0,0,10.05,0.24,14.1,24.39,53.8,-29.41,87.5,100.0,0,SIMULATED
2026-10-12 21:45:00,standard,28.54,64.5,0.0,0,9.76,0.24,14.1,24.1,53.49,-29.39,87.5,100.0,0,SIMULATED
2026-10-12 22:00:00,standard,28.31,65.5,0.0,0,9.5,0.24,14.1,23.84,53.22,-29.38,87.5,100.0,0,SIMULATED
2026-10-12 22:15:00,standard,28.09,66.5,0.0,0,9.23,0.24,14.1,23.57,52.94,-29.37,87.5,100.0,0,SIMULATED
2026-10-12 22:30:00,standard,27.88,67.5,0.0,0,9.01,0.24,14.1,23.35,52.82,-29.47,87.5,100.0,0,SIMULATED
2026-10-12 22:45:00,standard,27.67,68.4,0.0,0,8.81,0.24,14.1,23.15,52.82,-29.67,87.5,100.0,0,SIMULATED
2026-10-12 23:00:00,standard,27.47,69.3,0.0,0,8.59,0.24,14.1,22.93,52.82,-29.89,87.5,100.0,0,SIMULATED
2026-10-12 23:15:00,standard,27.28,70.2,0.0,0,8.4,0.24,14.1,22.74,52.82,-30.08,87.5,100.0,0,SIMULATED
2026-10-12 23:30:00,standard,27.1,71.0,0.0,0,8.24,0.24,14.1,22.58,52.82,-30.24,87.5,100.0,0,SIMULATED
2026-10-12 23:45:00,standard,26.93,71.8,0.0,0,8.07,0.24,14.1,22.41,52.82,-30.41,87.5,100.0,0,SIMULATED
2026-10-13 00:00:00,standard,26.77,72.5,0.0,0,7.9,0.24,14.1,22.24,52.82,-30.58,87.5,100.0,0,SIMULATED
2026-10-13 00:15:00,standard,26.63,73.1,0.0,0,7.79,0.24,14.1,22.13,52.82,-30.69,87.5,100.0,0,SIMULATED
2026-10-13 00:30:00,standard,26.5,73.7,0.0,0,7.65,0.24,14.1,21.99,52.82,-30.83,87.5,100.0,0,SIMULATED
2026-10-13 00:45:00,standard,26.39,74.2,0.0,0,7.55,0.24,14.1,21.89,52.82,-30.93,87.5,100.0,0,SIMULATED
2026-10-13 01:00:00,standard,26.29,74.7,0.0,0,7.45,0.24,14.1,21.79,52.82,-31.03,87.5,100.0,0,SIMULATED
2026-10-13 01:15:00,standard,26.2,75.1,0.0,0,7.35,0.24,14.1,21.69,52.82,-31.13,87.5,100.0,0,SIMULATED
2026-10-13 01:30:00,standard,26.13,75.4,0.0,0,7.28,0.24,14.1,21.62,52.82,-31.2,87.5,100.0,0,SIMULATED
2026-10-13 01:45:00,standard,26.07,75.7,0.0,0,7.2,0.24,14.1,21.54,52.82,-31.28,87.5,100.0,0,SIMULATED
2026-10-13 02:00:00,standard,26.03,75.9,0.0,0,7.15,0.24,14.1,21.49,52.82,-31.33,87.5,100.0,0,SIMULATED
2026-10-13 02:15:00,standard,26.01,76.0,0.0,0,7.11,0.24,14.1,21.45,52.82,-31.37,87.5,100.0,0,SIMULATED
2026-10-13 02:30:00,standard,26.0,76.0,0.0,0,7.08,0.24,14.1,21.42,52.82,-31.4,87.5,100.0,0,SIMULATED
2026-10-13 02:45:00,standard,26.01,76.0,0.0,0,7.06,0.24,14.1,21.4,52.82,-31.42,87.5,100.0,0,SIMULATED
2026-10-13 03:00:00,standard,26.03,75.9,0.0,0,7.04,0.24,14.1,21.38,52.82,-31.44,87.5,100.0,0,SIMULATED
2026-10-13 03:15:00,standard,26.07,75.7,0.0,0,7.03,0.24,14.1,21.37,52.82,-31.45,87.5,100.0,0,SIMULATED
2026-10-13 03:30:00,standard,26.13,75.4,0.0,0,7.05,0.24,14.1,21.39,52.82,-31.43,87.5,100.0,0,SIMULATED
2026-10-13 03:45:00,standard,26.2,75.1,0.0,0,7.07,0.24,14.1,21.41,52.82,-31.41,87.5,100.0,0,SIMULATED
2026-10-13 04:00:00,standard,26.29,74.7,0.0,0,7.11,0.24,14.1,21.45,52.82,-31.37,87.5,100.0,0,SIMULATED
2026-10-13 04:15:00,standard,26.39,74.2,0.0,0,7.14,0.24,14.1,21.48,52.82,-31.34,87.5,100.0,0,SIMULATED
2026-10-13 04:30:00,standard,26.5,73.7,0.0,0,7.18,0.24,14.1,21.52,52.82,-31.3,87.5,100.0,0,SIMULATED
2026-10-13 04:45:00,standard,26.63,73.1,0.0,0,7.24,0.24,14.1,21.58,52.82,-31.24,87.5,100.0,0,SIMULATED
2026-10-13 05:00:00,standard,26.77,72.5,0.0,0,7.28,0.24,14.1,21.62,52.82,-31.2,87.5,100.0,0,SIMULATED
2026-10-13 05:15:00,standard,26.93,71.8,0.0,0,7.36,0.24,14.1,21.7,52.82,-31.12,87.5,100.0,0,SIMULATED
2026-10-13 05:30:00,standard,27.1,71.0,0.0,0,7.46,0.24,14.1,21.8,52.82,-31.02,87.5,100.0,0,SIMULATED
2026-10-13 05:45:00,standard,27.28,70.2,0.0,0,7.53,0.24,14.1,21.87,52.82,-30.95,87.5,100.0,0,SIMULATED
2026-10-13 06:00:00,standard,27.47,69.3,0.0,0,7.63,0.24,14.1,21.97,52.82,-30.85,87.5,100.0,0,SIMULATED
2026-10-13 06:15:00,standard,27.67,68.4,53.4,0,8.32,0.24,14.1,22.66,52.82,-30.16,87.5,100.0,0,SIMULATED
2026-10-13 06:30:00,standard,27.88,67.5,106.5,0,9.01,0.24,14.1,23.35,52.82,-29.47,87.5,100.0,0,SIMULATED
2026-10-13 06:45:00,standard,28.09,66.5,159.3,0,9.7,0.24,14.1,24.04,52.94,-28.9,87.5,100.0,0,SIMULATED
2026-10-13 07:00:00,standard,28.31,65.5,211.4,0,10.7,1.52,14.1,26.33,53.22,-26.89,87.5,100.0,0,SIMULATED
2026-10-13 07:15:00,standard,28.54,64.5,262.7,0,11.4,1.52,14.1,27.03,53.49,-26.46,87.5,100.0,0,SIMULATED
2026-10-13 07:30:00,standard,28.78,63.4,312.9,0,12.11,1.52,14.1,27.72,53.8,-26.08,87.5,100.0,0,SIMULATED
2026-10-13 07:45:00,standard,29.02,62.3,361.9,0,12.8,1.52,14.1,28.42,54.1,-25.68,87.5,100.0,0,SIMULATED
2026-10-13 08:00:00,standard,29.26,61.2,409.5,4,13.71,1.85,14.1,29.65,54.42,-24.77,87.5,100.0,0,SIMULATED
2026-10-13 08:15:00,standard,29.5,60.1,455.5,7,14.79,3.21,14.1,32.09,54.7,-22.61,87.5,100.0,0,SIMULATED
2026-10-13 08:30:00,standard,29.75,59.0,499.6,11,15.75,3.99,14.1,33.83,55.02,-21.19,87.5,100.0,0,SIMULATED
2026-10-13 08:45:00,standard,30.0,57.9,541.8,18,16.79,5.09,14.1,35.98,55.34,-19.36,87.5,100.0,0,SIMULATED
2026-10-13 09:00:00,standard,30.24,56.8,581.9,44,17.5,6.0,14.1,37.6,55.64,-18.04,87.5,100.0,0,SIMULATED
2026-10-13 09:15:00,standard,30.48,55.7,619.6,46,17.68,6.0,14.1,37.78,55.93,-18.15,87.5,100.0,0,SIMULATED
2026-10-13 09:30:00,standard,30.72,54.6,654.9,67,18.3,6.6,14.1,39.0,56.24,-17.24,87.5,100.0,0,SIMULATED
2026-10-13 09:45:00,standard,30.96,53.5,687.7,71,18.51,6.6,14.1,39.21,56.51,-17.3,87.5,100.0,0,SIMULATED
2026-10-13 10:00:00,standard,31.19,52.5,717.7,77,18.77,6.42,14.1,39.29,56.82,-17.53,87.5,100.0,0,SIMULATED
2026-10-13 10:15:00,standard,31.41,51.5,744.9,78,18.86,6.42,14.1,39.38,57.1,-17.72,87.5,100.0,0,SIMULATED
2026-10-13 10:30:00,standard,31.62,50.5,769.1,71,18.61,5.82,14.1,38.53,57.36,-18.83,87.5,100.0,0,SIMULATED
2026-10-13 10:45:00,standard,31.83,49.6,790.3,72,18.68,5.82,14.1,38.6,57.62,-19.02,87.5,100.0,0,SIMULATED
2026-10-13 11:00:00,standard,32.03,48.7,808.4,72,18.84,5.82,14.1,38.76,57.87,-19.11,87.5,100.0,0,SIMULATED
2026-10-13 11:15:00,standard,32.22,47.8,823.3,73,18.86,5.82,14.1,38.78,58.1,-19.32,87.5,100.0,0,SIMULATED
2026-10-13 11:30:00,standard,32.4,47.0,834.9,80,19.37,6.42,14.1,39.89,58.31,-18.42,87.5,100.0,0,SIMULATED
2026-10-13 11:45:00,standard,32.57,46.2,843.3,66,18.89,5.82,14.1,38.81,58.53,-19.72,87.5,100.0,0,SIMULATED
2026-10-13 12:00:00,standard,32.73,45.5,848.3,90,19.9,6.6,14.1,40.6,58.74,-18.14,87.5,100.0,0,SIMULATED
2026-10-13 12:15:00,standard,32.87,44.9,850.0,93,19.96,6.6,14.1,40.66,58.92,-18.26,87.5,100.0,0,SIMULATED
2026-10-13 12:30:00,standard,33.0,44.3,848.3,72,19.58,6.0,14.1,39.68,59.07,-19.39,87.5,100.0,0,SIMULATED
2026-10-13 12:45:00,standard,33.11,43.8,843.3,74,19.68,6.0,14.1,39.78,59.22,-19.44,87.5,100.0,0,SIMULATED
2026-10-13 13:00:00,standard,33.21,43.3,834.9,65,19.66,6.0,14.1,39.76,59.34,-19.58,87.5,100.0,0,SIMULATED
2026-10-13 13:15:00,standard,33.3,42.9,823.3,65,19.74,6.0,14.1,39.84,59.46,-19.62,87.5,100.0,0,SIMULATED
2026-10-13 13:30:00,standard,33.37,42.6,808.4,75,20.24,6.6,14.1,40.94,59.54,-18.6,87.5,100.0,0,SIMULATED
2026-10-13 13:45:00,standard,33.43,42.3,790.3,74,20.18,6.6,14.1,40.88,59.62,-18.74,87.5,100.0,0,SIMULATED
2026-10-13 14:00:00,standard,33.47,42.1,769.1,72,19.68,6.5,14.1,40.28,59.67,-19.39,75.0,100.0,1,SIMULATED
2026-10-13 14:15:00,standard,33.49,42.0,744.9,71,19.61,6.5,14.1,40.21,59.7,-19.49,75.0,100.0,1,SIMULATED
2026-10-13 14:30:00,standard,33.5,42.0,717.7,71,19.61,6.5,14.1,40.21,59.7,-19.49,62.5,100.0,1,SIMULATED
2026-10-13 14:45:00,standard,33.49,42.0,687.7,73,19.64,6.5,14.1,40.24,59.7,-19.46,62.5,100.0,1,SIMULATED
2026-10-13 15:00:00,standard,33.47,42.1,654.9,72,19.48,5.82,14.1,39.4,59.67,-20.27,62.5,100.0,0,SIMULATED
2026-10-13 15:15:00,standard,33.43,42.3,619.6,71,19.44,5.82,14.1,39.36,59.62,-20.26,62.5,100.0,0,SIMULATED
2026-10-13 15:30:00,standard,33.37,42.6,581.9,73,19.47,6.0,14.1,39.57,59.54,-19.97,62.5,100.0,0,SIMULATED
2026-10-13 15:45:00,standard,33.3,42.9,541.8,71,19.41,6.0,14.1,39.51,59.46,-19.95,62.5,100.0,0,SIMULATED
2026-10-13 16:00:00,standard,33.21,43.3,499.6,71,19.33,6.0,14.1,39.43,59.34,-19.91,62.5,100.0,0,SIMULATED
2026-10-13 16:15:00,standard,33.11,43.8,455.5,70,19.29,6.0,14.1,39.39,59.22,-19.83,62.5,100.0,0,SIMULATED
2026-10-13 16:30:00,standard,33.0,44.3,409.5,76,19.6,6.6,14.1,40.3,59.07,-18.77,62.5,100.0,0,SIMULATED
2026-10-13 16:45:00,standard,32.87,44.9,361.9,80,19.64,6.6,14.1,40.34,58.92,-18.58,62.5,100.0,0,SIMULATED
2026-10-13 17:00:00,standard,32.73,45.5,312.9,66,18.95,6.6,14.1,39.65,58.74,-19.09,62.5,100.0,0,SIMULATED
2026-10-13 17:15:00,standard,32.57,46.2,262.7,66,18.66,6.6,14.1,39.36,58.53,-19.17,62.5,100.0,0,SIMULATED
2026-10-13 17:30:00,standard,32.4,47.0,211.4,57,17.97,6.0,14.1,38.07,58.31,-20.24,62.5,100.0,0,SIMULATED
2026-10-13 17:45:00,standard,32.22,47.8,159.3,54,17.68,6.0,14.1,37.78,58.1,-20.32,62.5,100.0,0,SIMULATED
2026-10-13 18:00:00,standard,32.03,48.7,106.5,52,17.39,6.0,14.1,37.49,57.87,-20.38,62.5,100.0,0,SIMULATED
2026-10-13 18:15:00,standard,31.83,49.6,53.4,47,17.08,6.0,14.1,37.18,57.62,-20.44,75.0,100.0,0,SIMULATED
2026-10-13 18:30:00,standard,31.62,50.5,0.0,39,16.42,5.09,14.1,35.61,57.36,-21.75,87.5,100.0,0,SIMULATED
2026-10-13 18:45:00,standard,31.41,51.5,0.0,32,15.98,5.09,14.1,35.17,57.1,-21.93,87.5,100.0,0,SIMULATED
2026-10-13 19:00:00,standard,31.19,52.5,0.0,22,15.16,3.98,14.1,33.24,56.82,-23.58,87.5,100.0,0,SIMULATED
2026-10-13 19:15:00,standard,30.96,53.5,0.0,15,14.74,3.98,14.1,32.82,56.51,-23.69,87.5,100.0,0,SIMULATED
2026-10-13 19:30:00,standard,30.72,54.6,0.0,10,13.84,2.62,14.1,30.56,56.24,-25.68,87.5,100.0,0,SIMULATED
2026-10-13 19:45:00,standard,30.48,55.7,0.0,8,13.34,2.62,14.1,30.06,55.93,-25.87,87.5,100.0,0,SIMULATED
2026-10-13 20:00:00,standard,30.24,56.8,0.0,5,12.6,1.6,14.1,28.3,55.64,-27.34,87.5,100.0,0,SIMULATED
2026-10-13 20:15:00,standard,30.0,57.9,0.0,3,12.13,1.6,14.1,27.83,55.34,-27.51,87.5,100.0,0,SIMULATED
2026-10-13 20:30:00,standard,29.75,59.0,0.0,0,11.34,0.24,14.1,25.68,55.02,-29.34,87.5,100.0,0,SIMULATED
2026-10-13 20:45:00,standard,29.5,60.1,0.0,0,10.99,0.24,14.1,25.33,54.7,-29.37,87.5,100.0,0,SIMULATED
2026-10-13 21:00:00,standard,29.26,61.2,0.0,0,10.66,0.24,14.1,25.0,54.42,-29.42,87.5,100.0,0,SIMULATED
2026-10-13 21:15:00,standard,29.02,62.3,0.0,0,10.34,0.24,14.1,24.68,54.1,-29.42,87.5,100.0,0,SIMULATED
2026-10-13 21:30:00,standard,28.78,63.4,0.0,0,10.06,0.24,14.1,24.4,53.8,-29.4,87.5,100.0,0,SIMULATED
2026-10-13 21:45:00,standard,28.54,64.5,0.0,0,9.77,0.24,14.1,24.11,53.49,-29.38,87.5,100.0,0,SIMULATED
2026-10-13 22:00:00,standard,28.31,65.5,0.0,0,9.51,0.24,14.1,23.85,53.22,-29.37,87.5,100.0,0,SIMULATED
2026-10-13 22:15:00,standard,28.09,66.5,0.0,0,9.23,0.24,14.1,23.57,52.94,-29.37,87.5,100.0,0,SIMULATED
2026-10-13 22:30:00,standard,27.88,67.5,0.0,0,9.01,0.24,14.1,23.35,52.82,-29.47,87.5,100.0,0,SIMULATED
2026-10-13 22:45:00,standard,27.67,68.4,0.0,0,8.81,0.24,14.1,23.15,52.82,-29.67,87.5,100.0,0,SIMULATED
2026-10-13 23:00:00,standard,27.47,69.3,0.0,0,8.6,0.24,14.1,22.94,52.82,-29.88,87.5,100.0,0,SIMULATED
2026-10-13 23:15:00,standard,27.28,70.2,0.0,0,8.4,0.24,14.1,22.74,52.82,-30.08,87.5,100.0,0,SIMULATED
2026-10-13 23:30:00,standard,27.1,71.0,0.0,0,8.24,0.24,14.1,22.58,52.82,-30.24,87.5,100.0,0,SIMULATED
2026-10-13 23:45:00,standard,26.93,71.8,0.0,0,8.07,0.24,14.1,22.41,52.82,-30.41,87.5,100.0,0,SIMULATED
2026-10-14 00:00:00,standard,26.77,72.5,0.0,0,7.9,0.24,14.1,22.24,52.82,-30.58,87.5,100.0,0,SIMULATED
2026-10-14 00:15:00,standard,26.63,73.1,0.0,0,7.79,0.24,14.1,22.13,52.82,-30.69,87.5,100.0,0,SIMULATED
2026-10-14 00:30:00,standard,26.5,73.7,0.0,0,7.65,0.24,14.1,21.99,52.82,-30.83,87.5,100.0,0,SIMULATED
2026-10-14 00:45:00,standard,26.39,74.2,0.0,0,7.55,0.24,14.1,21.89,52.82,-30.93,87.5,100.0,0,SIMULATED
2026-10-14 01:00:00,standard,26.29,74.7,0.0,0,7.45,0.24,14.1,21.79,52.82,-31.03,87.5,100.0,0,SIMULATED
2026-10-14 01:15:00,standard,26.2,75.1,0.0,0,7.35,0.24,14.1,21.69,52.82,-31.13,87.5,100.0,0,SIMULATED
2026-10-14 01:30:00,standard,26.13,75.4,0.0,0,7.28,0.24,14.1,21.62,52.82,-31.2,87.5,100.0,0,SIMULATED
2026-10-14 01:45:00,standard,26.07,75.7,0.0,0,7.2,0.24,14.1,21.54,52.82,-31.28,87.5,100.0,0,SIMULATED
2026-10-14 02:00:00,standard,26.03,75.9,0.0,0,7.15,0.24,14.1,21.49,52.82,-31.33,87.5,100.0,0,SIMULATED
2026-10-14 02:15:00,standard,26.01,76.0,0.0,0,7.11,0.24,14.1,21.45,52.82,-31.37,87.5,100.0,0,SIMULATED
2026-10-14 02:30:00,standard,26.0,76.0,0.0,0,7.08,0.24,14.1,21.42,52.82,-31.4,87.5,100.0,0,SIMULATED
2026-10-14 02:45:00,standard,26.01,76.0,0.0,0,7.06,0.24,14.1,21.4,52.82,-31.42,87.5,100.0,0,SIMULATED
2026-10-14 03:00:00,standard,26.03,75.9,0.0,0,7.04,0.24,14.1,21.38,52.82,-31.44,87.5,100.0,0,SIMULATED
2026-10-14 03:15:00,standard,26.07,75.7,0.0,0,7.03,0.24,14.1,21.37,52.82,-31.45,87.5,100.0,0,SIMULATED
2026-10-14 03:30:00,standard,26.13,75.4,0.0,0,7.05,0.24,14.1,21.39,52.82,-31.43,87.5,100.0,0,SIMULATED
2026-10-14 03:45:00,standard,26.2,75.1,0.0,0,7.07,0.24,14.1,21.41,52.82,-31.41,87.5,100.0,0,SIMULATED
2026-10-14 04:00:00,standard,26.29,74.7,0.0,0,7.11,0.24,14.1,21.45,52.82,-31.37,87.5,100.0,0,SIMULATED
2026-10-14 04:15:00,standard,26.39,74.2,0.0,0,7.14,0.24,14.1,21.48,52.82,-31.34,87.5,100.0,0,SIMULATED
2026-10-14 04:30:00,standard,26.5,73.7,0.0,0,7.18,0.24,14.1,21.52,52.82,-31.3,87.5,100.0,0,SIMULATED
2026-10-14 04:45:00,standard,26.63,73.1,0.0,0,7.24,0.24,14.1,21.58,52.82,-31.24,87.5,100.0,0,SIMULATED
2026-10-14 05:00:00,standard,26.77,72.5,0.0,0,7.28,0.24,14.1,21.62,52.82,-31.2,87.5,100.0,0,SIMULATED
2026-10-14 05:15:00,standard,26.93,71.8,0.0,0,7.36,0.24,14.1,21.7,52.82,-31.12,87.5,100.0,0,SIMULATED
2026-10-14 05:30:00,standard,27.1,71.0,0.0,0,7.46,0.24,14.1,21.8,52.82,-31.02,87.5,100.0,0,SIMULATED
2026-10-14 05:45:00,standard,27.28,70.2,0.0,0,7.53,0.24,14.1,21.87,52.82,-30.95,87.5,100.0,0,SIMULATED
2026-10-14 06:00:00,standard,27.47,69.3,0.0,0,7.63,0.24,14.1,21.97,52.82,-30.85,87.5,100.0,0,SIMULATED
2026-10-14 06:15:00,standard,27.67,68.4,53.4,0,8.32,0.24,14.1,22.66,52.82,-30.16,87.5,100.0,0,SIMULATED
2026-10-14 06:30:00,standard,27.88,67.5,106.5,0,9.01,0.24,14.1,23.35,52.82,-29.47,87.5,100.0,0,SIMULATED
2026-10-14 06:45:00,standard,28.09,66.5,159.3,0,9.7,0.24,14.1,24.04,52.94,-28.9,87.5,100.0,0,SIMULATED
2026-10-14 07:00:00,standard,28.31,65.5,211.4,0,10.7,1.52,14.1,26.33,53.22,-26.89,87.5,100.0,0,SIMULATED
2026-10-14 07:15:00,standard,28.54,64.5,262.7,0,11.4,1.52,14.1,27.03,53.49,-26.46,87.5,100.0,0,SIMULATED
2026-10-14 07:30:00,standard,28.78,63.4,312.9,0,12.11,1.52,14.1,27.72,53.8,-26.08,87.5,100.0,0,SIMULATED
2026-10-14 07:45:00,standard,29.02,62.3,361.9,0,12.8,1.52,14.1,28.42,54.1,-25.68,87.5,100.0,0,SIMULATED
2026-10-14 08:00:00,standard,29.26,61.2,409.5,3,13.68,1.85,14.1,29.62,54.42,-24.8,87.5,100.0,0,SIMULATED
2026-10-14 08:15:00,standard,29.5,60.1,455.5,6,14.76,3.21,14.1,32.06,54.7,-22.64,87.5,100.0,0,SIMULATED
2026-10-14 08:30:00,standard,29.75,59.0,499.6,14,15.85,3.99,14.1,33.93,55.02,-21.09,87.5,100.0,0,SIMULATED
2026-10-14 08:45:00,standard,30.0,57.9,541.8,18,16.8,5.09,14.1,35.99,55.34,-19.35,87.5,100.0,0,SIMULATED
2026-10-14 09:00:00,standard,30.24,56.8,581.9,46,17.56,6.0,14.1,37.66,55.64,-17.98,87.5,100.0,0,SIMULATED
2026-10-14 09:15:00,standard,30.48,55.7,619.6,48,17.74,6.0,14.1,37.84,55.93,-18.09,87.5,100.0,0,SIMULATED
2026-10-14 09:30:00,standard,30.72,54.6,654.9,68,18.3,6.6,14.1,39.0,56.24,-17.24,87.5,100.0,0,SIMULATED
2026-10-14 09:45:00,standard,30.96,53.5,687.7,70,18.44,6.6,14.1,39.14,56.51,-17.37,87.5,100.0,0,SIMULATED
2026-10-14 10:00:00,standard,31.19,52.5,717.7,77,18.77,6.42,14.1,39.29,56.82,-17.53,87.5,100.0,0,SIMULATED
2026-10-14 10:15:00,standard,31.41,51.5,744.9,77,18.82,6.42,14.1,39.34,57.1,-17.76,87.5,100.0,0,SIMULATED
2026-10-14 10:30:00,standard,31.62,50.5,769.1,72,18.55,5.82,14.1,38.47,57.36,-18.89,87.5,100.0,0,SIMULATED
2026-10-14 10:45:00,standard,31.83,49.6,790.3,73,18.71,5.82,14.1,38.63,57.62,-18.99,87.5,100.0,0,SIMULATED
2026-10-14 11:00:00,standard,32.03,48.7,808.4,71,18.81,5.82,14.1,38.73,57.87,-19.14,87.5,100.0,0,SIMULATED
2026-10-14 11:15:00,standard,32.22,47.8,823.3,72,18.92,5.82,14.1,38.84,58.1,-19.26,87.5,100.0,0,SIMULATED
2026-10-14 11:30:00,standard,32.4,47.0,834.9,78,19.31,6.42,14.1,39.83,58.31,-18.48,87.5,100.0,0,SIMULATED
2026-10-14 11:45:00,standard,32.57,46.2,843.3,69,18.96,5.82,14.1,38.88,58.53,-19.65,87.5,100.0,0,SIMULATED
2026-10-14 12:00:00,standard,32.73,45.5,848.3,94,19.9,6.6,14.1,40.6,58.74,-18.14,87.5,100.0,0,SIMULATED
2026-10-14 12:15:00,standard,32.87,44.9,850.0,90,19.93,6.6,14.1,40.63,58.92,-18.29,87.5,100.0,0,SIMULATED
2026-10-14 12:30:00,standard,33.0,44.3,848.3,71,19.55,6.0,14.1,39.65,59.07,-19.42,87.5,100.0,0,SIMULATED
2026-10-14 12:45:00,standard,33.11,43.8,843.3,72,19.68,6.0,14.1,39.78,59.22,-19.44,87.5,100.0,0,SIMULATED
2026-10-14 13:00:00,standard,33.21,43.3,834.9,62,19.63,6.0,14.1,39.73,59.34,-19.61,87.5,100.0,0,SIMULATED
2026-10-14 13:15:00,standard,33.3,42.9,823.3,66,19.8,6.0,14.1,39.9,59.46,-19.56,87.5,100.0,0,SIMULATED
2026-10-14 13:30:00,standard,33.37,42.6,808.4,71,20.1,6.6,14.1,40.8,59.54,-18.74,87.5,100.0,0,SIMULATED
2026-10-14 13:45:00,standard,33.43,42.3,790.3,73,20.15,6.6,14.1,40.85,59.62,-18.77,87.5,100.0,0,SIMULATED
2026-10-14 14:00:00,standard,33.47,42.1,769.1,73,19.64,6.5,14.1,40.24,59.67,-19.43,75.0,100.0,1,SIMULATED
2026-10-14 14:15:00,standard,33.49,42.0,744.9,74,19.67,6.5,14.1,40.27,59.7,-19.43,75.0,100.0,1,SIMULATED
2026-10-14 14:30:00,standard,33.5,42.0,717.7,73,19.65,6.5,14.1,40.25,59.7,-19.45,62.5,100.0,1,SIMULATED
2026-10-14 14:45:00,standard,33.49,42.0,687.7,72,19.64,6.5,14.1,40.24,59.7,-19.46,62.5,100.0,1,SIMULATED
2026-10-14 15:00:00,standard,33.47,42.1,654.9,71,19.48,5.82,14.1,39.4,59.67,-20.27,62.5,100.0,0,SIMULATED
2026-10-14 15:15:00,standard,33.43,42.3,619.6,69,19.43,5.82,14.1,39.35,59.62,-20.27,62.5,100.0,0,SIMULATED
2026-10-14 15:30:00,standard,33.37,42.6,581.9,72,19.44,6.0,14.1,39.54,59.54,-20.0,62.5,100.0,0,SIMULATED
2026-10-14 15:45:00,standard,33.3,42.9,541.8,69,19.35,6.0,14.1,39.45,59.46,-20.01,62.5,100.0,0,SIMULATED
2026-10-14 16:00:00,standard,33.21,43.3,499.6,71,19.36,6.0,14.1,39.46,59.34,-19.88,62.5,100.0,0,SIMULATED
2026-10-14 16:15:00,standard,33.11,43.8,455.5,71,19.35,6.0,14.1,39.45,59.22,-19.77,62.5,100.0,0,SIMULATED
2026-10-14 16:30:00,standard,33.0,44.3,409.5,77,19.6,6.6,14.1,40.3,59.07,-18.77,62.5,100.0,0,SIMULATED
2026-10-14 16:45:00,standard,32.87,44.9,361.9,79,19.61,6.6,14.1,40.31,58.92,-18.61,62.5,100.0,0,SIMULATED
2026-10-14 17:00:00,standard,32.73,45.5,312.9,65,18.92,6.6,14.1,39.62,58.74,-19.12,62.5,100.0,0,SIMULATED
2026-10-14 17:15:00,standard,32.57,46.2,262.7,65,18.62,6.6,14.1,39.32,58.53,-19.21,62.5,100.0,0,SIMULATED
2026-10-14 17:30:00,standard,32.4,47.0,211.4,58,17.97,6.0,14.1,38.07,58.31,-20.24,62.5,100.0,0,SIMULATED
2026-10-14 17:45:00,standard,32.22,47.8,159.3,53,17.61,6.0,14.1,37.71,58.1,-20.39,62.5,100.0,0,SIMULATED
2026-10-14 18:00:00,standard,32.03,48.7,106.5,50,17.36,6.0,14.1,37.46,57.87,-20.41,62.5,100.0,0,SIMULATED
2026-10-14 18:15:00,standard,31.83,49.6,53.4,49,17.11,6.0,14.1,37.21,57.62,-20.41,75.0,100.0,0,SIMULATED
2026-10-14 18:30:00,standard,31.62,50.5,0.0,41,16.45,5.09,14.1,35.64,57.36,-21.72,87.5,100.0,0,SIMULATED
2026-10-14 18:45:00,standard,31.41,51.5,0.0,32,15.99,5.09,14.1,35.18,57.1,-21.92,87.5,100.0,0,SIMULATED
2026-10-14 19:00:00,standard,31.19,52.5,0.0,21,15.14,3.98,14.1,33.22,56.82,-23.6,87.5,100.0,0,SIMULATED
2026-10-14 19:15:00,standard,30.96,53.5,0.0,14,14.72,3.98,14.1,32.8,56.51,-23.71,87.5,100.0,0,SIMULATED
2026-10-14 19:30:00,standard,30.72,54.6,0.0,11,13.86,2.62,14.1,30.58,56.24,-25.66,87.5,100.0,0,SIMULATED
2026-10-14 19:45:00,standard,30.48,55.7,0.0,7,13.3,2.62,14.1,30.02,55.93,-25.91,87.5,100.0,0,SIMULATED
2026-10-14 20:00:00,standard,30.24,56.8,0.0,5,12.59,1.6,14.1,28.29,55.64,-27.35,87.5,100.0,0,SIMULATED
2026-10-14 20:15:00,standard,30.0,57.9,0.0,2,12.09,1.6,14.1,27.79,55.34,-27.55,87.5,100.0,0,SIMULATED
2026-10-14 20:30:00,standard,29.75,59.0,0.0,0,11.33,0.24,14.1,25.67,55.02,-29.35,87.5,100.0,0,SIMULATED
2026-10-14 20:45:00,standard,29.5,60.1,0.0,0,10.98,0.24,14.1,25.32,54.7,-29.38,87.5,100.0,0,SIMULATED
2026-10-14 21:00:00,standard,29.26,61.2,0.0,0,10.65,0.24,14.1,24.99,54.42,-29.43,87.5,100.0,0,SIMULATED
2026-10-14 21:15:00,standard,29.02,62.3,0.0,0,10.33,0.24,14.1,24.67,54.1,-29.43,87.5,100.0,0,SIMULATED
2026-10-14 21:30:00,standard,28.78,63.4,0.0,0,10.05,0.24,14.1,24.39,53.8,-29.41,87.5,100.0,0,SIMULATED
2026-10-14 21:45:00,standard,28.54,64.5,0.0,0,9.76,0.24,14.1,24.1,53.49,-29.39,87.5,100.0,0,SIMULATED
2026-10-14 22:00:00,standard,28.31,65.5,0.0,0,9.51,0.24,14.1,23.85,53.22,-29.37,87.5,100.0,0,SIMULATED
2026-10-14 22:15:00,standard,28.09,66.5,0.0,0,9.24,0.24,14.1,23.58,52.94,-29.36,87.5,100.0,0,SIMULATED
2026-10-14 22:30:00,standard,27.88,67.5,0.0,0,9.02,0.24,14.1,23.36,52.82,-29.46,87.5,100.0,0,SIMULATED
2026-10-14 22:45:00,standard,27.67,68.4,0.0,0,8.82,0.24,14.1,23.16,52.82,-29.66,87.5,100.0,0,SIMULATED
2026-10-14 23:00:00,standard,27.47,69.3,0.0,0,8.6,0.24,14.1,22.94,52.82,-29.88,87.5,100.0,0,SIMULATED
2026-10-14 23:15:00,standard,27.28,70.2,0.0,0,8.41,0.24,14.1,22.75,52.82,-30.07,87.5,100.0,0,SIMULATED
2026-10-14 23:30:00,standard,27.1,71.0,0.0,0,8.25,0.24,14.1,22.59,52.82,-30.23,87.5,100.0,0,SIMULATED
2026-10-14 23:45:00,standard,26.93,71.8,0.0,0,8.08,0.24,14.1,22.42,52.82,-30.4,87.5,100.0,0,SIMULATED
2026-10-15 00:00:00,standard,26.77,72.5,0.0,0,7.91,0.24,14.1,22.25,52.82,-30.57,87.5,100.0,0,SIMULATED
2026-10-15 00:15:00,standard,26.63,73.1,0.0,0,7.8,0.24,14.1,22.14,52.82,-30.68,87.5,100.0,0,SIMULATED
2026-10-15 00:30:00,standard,26.5,73.7,0.0,0,7.66,0.24,14.1,22.0,52.82,-30.82,87.5,100.0,0,SIMULATED
2026-10-15 00:45:00,standard,26.39,74.2,0.0,0,7.56,0.24,14.1,21.9,52.82,-30.92,87.5,100.0,0,SIMULATED
2026-10-15 01:00:00,standard,26.29,74.7,0.0,0,7.46,0.24,14.1,21.8,52.82,-31.02,87.5,100.0,0,SIMULATED
2026-10-15 01:15:00,standard,26.2,75.1,0.0,0,7.36,0.24,14.1,21.7,52.82,-31.12,87.5,100.0,0,SIMULATED
2026-10-15 01:30:00,standard,26.13,75.4,0.0,0,7.29,0.24,14.1,21.63,52.82,-31.19,87.5,100.0,0,SIMULATED
2026-10-15 01:45:00,standard,26.07,75.7,0.0,0,7.21,0.24,14.1,21.55,52.82,-31.27,87.5,100.0,0,SIMULATED
2026-10-15 02:00:00,standard,26.03,75.9,0.0,0,7.16,0.24,14.1,21.5,52.82,-31.32,87.5,100.0,0,SIMULATED
2026-10-15 02:15:00,standard,26.01,76.0,0.0,0,7.12,0.24,14.1,21.46,52.82,-31.36,87.5,100.0,0,SIMULATED
2026-10-15 02:30:00,standard,26.0,76.0,0.0,0,7.09,0.24,14.1,21.43,52.82,-31.39,87.5,100.0,0,SIMULATED
2026-10-15 02:45:00,standard,26.01,76.0,0.0,0,7.07,0.24,14.1,21.41,52.82,-31.41,87.5,100.0,0,SIMULATED
2026-10-15 03:00:00,standard,26.03,75.9,0.0,0,7.05,0.24,14.1,21.39,52.82,-31.43,87.5,100.0,0,SIMULATED
2026-10-15 03:15:00,standard,26.07,75.7,0.0,0,7.04,0.24,14.1,21.38,52.82,-31.44,87.5,100.0,0,SIMULATED
2026-10-15 03:30:00,standard,26.13,75.4,0.0,0,7.06,0.24,14.1,21.4,52.82,-31.42,87.5,100.0,0,SIMULATED
2026-10-15 03:45:00,standard,26.2,75.1,0.0,0,7.08,0.24,14.1,21.42,52.82,-31.4,87.5,100.0,0,SIMULATED
2026-10-15 04:00:00,standard,26.29,74.7,0.0,0,7.12,0.24,14.1,21.46,52.82,-31.36,87.5,100.0,0,SIMULATED
2026-10-15 04:15:00,standard,26.39,74.2,0.0,0,7.15,0.24,14.1,21.49,52.82,-31.33,87.5,100.0,0,SIMULATED
2026-10-15 04:30:00,standard,26.5,73.7,0.0,0,7.19,0.24,14.1,21.53,52.82,-31.29,87.5,100.0,0,SIMULATED
2026-10-15 04:45:00,standard,26.63,73.1,0.0,0,7.25,0.24,14.1,21.59,52.82,-31.23,87.5,100.0,0,SIMULATED
2026-10-15 05:00:00,standard,26.77,72.5,0.0,0,7.29,0.24,14.1,21.63,52.82,-31.19,87.5,100.0,0,SIMULATED
2026-10-15 05:15:00,standard,26.93,71.8,0.0,0,7.37,0.24,14.1,21.71,52.82,-31.11,87.5,100.0,0,SIMULATED
2026-10-15 05:30:00,standard,27.1,71.0,0.0,0,7.47,0.24,14.1,21.81,52.82,-31.01,87.5,100.0,0,SIMULATED
2026-10-15 05:45:00,standard,27.28,70.2,0.0,0,7.54,0.24,14.1,21.88,52.82,-30.94,87.5,100.0,0,SIMULATED
2026-10-15 06:00:00,standard,27.47,69.3,0.0,0,7.63,0.24,14.1,21.97,52.82,-30.85,87.5,100.0,0,SIMULATED
2026-10-15 06:15:00,standard,27.67,68.4,53.4,0,8.33,0.24,14.1,22.67,52.82,-30.15,87.5,100.0,0,SIMULATED
2026-10-15 06:30:00,standard,27.88,67.5,106.5,0,9.02,0.24,14.1,23.36,52.82,-29.46,87.5,100.0,0,SIMULATED
2026-10-15 06:45:00,standard,28.09,66.5,159.3,0,9.71,0.24,14.1,24.05,52.94,-28.89,87.5,100.0,0,SIMULATED
2026-10-15 07:00:00,standard,28.31,65.5,211.4,0,10.7,1.52,14.1,26.33,53.22,-26.89,87.5,100.0,0,SIMULATED
2026-10-15 07:15:00,standard,28.54,64.5,262.7,0,11.4,1.52,14.1,27.03,53.49,-26.46,87.5,100.0,0,SIMULATED
2026-10-15 07:30:00,standard,28.78,63.4,312.9,0,12.11,1.52,14.1,27.72,53.8,-26.08,87.5,100.0,0,SIMULATED
2026-10-15 07:45:00,standard,29.02,62.3,361.9,0,12.8,1.52,14.1,28.42,54.1,-25.68,87.5,100.0,0,SIMULATED
2026-10-15 08:00:00,standard,29.26,61.2,409.5,4,13.71,1.85,14.1,29.65,54.42,-24.77,87.5,100.0,0,SIMULATED
2026-10-15 08:15:00,standard,29.5,60.1,455.5,5,14.72,3.21,14.1,32.02,54.7,-22.68,87.5,100.0,0,SIMULATED
2026-10-15 08:30:00,standard,29.75,59.0,499.6,12,15.79,3.99,14.1,33.87,55.02,-21.15,87.5,100.0,0,SIMULATED
2026-10-15 08:45:00,standard,30.0,57.9,541.8,18,16.8,5.09,14.1,35.99,55.34,-19.35,87.5,100.0,0,SIMULATED
2026-10-15 09:00:00,standard,30.24,56.8,581.9,46,17.59,6.0,14.1,37.69,55.64,-17.95,87.5,100.0,0,SIMULATED
2026-10-15 09:15:00,standard,30.48,55.7,619.6,49,17.8,6.0,14.1,37.9,55.93,-18.03,87.5,100.0,0,SIMULATED
2026-10-15 09:30:00,standard,30.72,54.6,654.9,72,18.36,6.6,14.1,39.06,56.24,-17.18,87.5,100.0,0,SIMULATED
2026-10-15 09:45:00,standard,30.96,53.5,687.7,71,18.51,6.6,14.1,39.21,56.51,-17.3,87.5,100.0,0,SIMULATED
2026-10-15 10:00:00,standard,31.19,52.5,717.7,79,18.77,6.42,14.1,39.29,56.82,-17.53,87.5,100.0,0,SIMULATED
2026-10-15 10:15:00,standard,31.41,51.5,744.9,78,18.86,6.42,14.1,39.38,57.1,-17.72,87.5,100.0,0,SIMULATED
2026-10-15 10:30:00,standard,31.62,50.5,769.1,72,18.58,5.82,14.1,38.5,57.36,-18.86,87.5,100.0,0,SIMULATED
2026-10-15 10:45:00,standard,31.83,49.6,790.3,71,18.68,5.82,14.1,38.6,57.62,-19.02,87.5,100.0,0,SIMULATED
2026-10-15 11:00:00,standard,32.03,48.7,808.4,72,18.8,5.82,14.1,38.72,57.87,-19.15,87.5,100.0,0,SIMULATED
2026-10-15 11:15:00,standard,32.22,47.8,823.3,71,18.89,5.82,14.1,38.81,58.1,-19.29,87.5,100.0,0,SIMULATED
2026-10-15 11:30:00,standard,32.4,47.0,834.9,80,19.34,6.42,14.1,39.86,58.31,-18.45,87.5,100.0,0,SIMULATED
2026-10-15 11:45:00,standard,32.57,46.2,843.3,67,18.89,5.82,14.1,38.81,58.53,-19.72,87.5,100.0,0,SIMULATED
2026-10-15 12:00:00,standard,32.73,45.5,848.3,94,19.87,6.6,14.1,40.57,58.74,-18.17,87.5,100.0,0,SIMULATED
2026-10-15 12:15:00,standard,32.87,44.9,850.0,88,19.86,6.6,14.1,40.56,58.92,-18.36,87.5,100.0,0,SIMULATED
2026-10-15 12:30:00,standard,33.0,44.3,848.3,71,19.55,6.0,14.1,39.65,59.07,-19.42,87.5,100.0,0,SIMULATED
2026-10-15 12:45:00,standard,33.11,43.8,843.3,73,19.65,6.0,14.1,39.75,59.22,-19.47,87.5,100.0,0,SIMULATED
2026-10-15 13:00:00,standard,33.21,43.3,834.9,66,19.69,6.0,14.1,39.79,59.34,-19.55,87.5,100.0,0,SIMULATED
2026-10-15 13:15:00,standard,33.3,42.9,823.3,66,19.74,6.0,14.1,39.84,59.46,-19.62,87.5,100.0,0,SIMULATED
2026-10-15 13:30:00,standard,33.37,42.6,808.4,74,20.21,6.6,14.1,40.91,59.54,-18.63,87.5,100.0,0,SIMULATED
2026-10-15 13:45:00,standard,33.43,42.3,790.3,73,20.18,6.6,14.1,40.88,59.62,-18.74,87.5,100.0,0,SIMULATED
2026-10-15 14:00:00,standard,33.47,42.1,769.1,71,19.61,6.5,14.1,40.21,59.67,-19.46,75.0,100.0,1,SIMULATED
2026-10-15 14:15:00,standard,33.49,42.0,744.9,71,19.61,6.5,14.1,40.21,59.7,-19.49,62.5,100.0,1,SIMULATED
2026-10-15 14:30:00,standard,33.5,42.0,717.7,73,19.62,6.5,14.1,40.22,59.7,-19.48,62.5,100.0,1,SIMULATED
2026-10-15 14:45:00,standard,33.49,42.0,687.7,73,19.64,6.5,14.1,40.24,59.7,-19.46,62.5,100.0,1,SIMULATED
2026-10-15 15:00:00,standard,33.47,42.1,654.9,73,19.52,5.82,14.1,39.44,59.67,-20.23,62.5,100.0,0,SIMULATED
2026-10-15 15:15:00,standard,33.43,42.3,619.6,68,19.4,5.82,14.1,39.32,59.62,-20.3,62.5,100.0,0,SIMULATED
2026-10-15 15:30:00,standard,33.37,42.6,581.9,69,19.41,6.0,14.1,39.51,59.54,-20.03,62.5,100.0,0,SIMULATED
2026-10-15 15:45:00,standard,33.3,42.9,541.8,70,19.41,6.0,14.1,39.51,59.46,-19.95,62.5,100.0,0,SIMULATED
2026-10-15 16:00:00,standard,33.21,43.3,499.6,70,19.36,6.0,14.1,39.46,59.34,-19.88,62.5,100.0,0,SIMULATED
2026-10-15 16:15:00,standard,33.11,43.8,455.5,72,19.29,6.0,14.1,39.39,59.22,-19.83,62.5,100.0,0,SIMULATED
2026-10-15 16:30:00,standard,33.0,44.3,409.5,77,19.68,6.6,14.1,40.38,59.07,-18.69,62.5,100.0,0,SIMULATED
2026-10-15 16:45:00,standard,32.87,44.9,361.9,77,19.58,6.6,14.1,40.28,58.92,-18.64,62.5,100.0,0,SIMULATED
2026-10-15 17:00:00,standard,32.73,45.5,312.9,66,18.99,6.6,14.1,39.69,58.74,-19.05,62.5,100.0,0,SIMULATED
2026-10-15 17:15:00,standard,32.57,46.2,262.7,67,18.66,6.6,14.1,39.36,58.53,-19.17,62.5,100.0,0,SIMULATED
2026-10-15 17:30:00,standard,32.4,47.0,211.4,58,18.0,6.0,14.1,38.1,58.31,-20.21,62.5,100.0,0,SIMULATED
2026-10-15 17:45:00,standard,32.22,47.8,159.3,56,17.71,6.0,14.1,37.81,58.1,-20.29,62.5,100.0,0,SIMULATED
2026-10-15 18:00:00,standard,32.03,48.7,106.5,52,17.39,6.0,14.1,37.49,57.87,-20.38,62.5,100.0,0,SIMULATED
2026-10-15 18:15:00,standard,31.83,49.6,53.4,48,17.11,6.0,14.1,37.21,57.62,-20.41,75.0,100.0,0,SIMULATED
2026-10-15 18:30:00,standard,31.62,50.5,0.0,39,16.41,5.09,14.1,35.6,57.36,-21.76,87.5,100.0,0,SIMULATED
2026-10-15 18:45:00,standard,31.41,51.5,0.0,36,16.06,5.09,14.1,35.25,57.1,-21.85,87.5,100.0,0,SIMULATED
2026-10-15 19:00:00,standard,31.19,52.5,0.0,22,15.14,3.98,14.1,33.22,56.82,-23.6,87.5,100.0,0,SIMULATED
2026-10-15 19:15:00,standard,30.96,53.5,0.0,16,14.72,3.98,14.1,32.8,56.51,-23.71,87.5,100.0,0,SIMULATED
2026-10-15 19:30:00,standard,30.72,54.6,0.0,11,13.86,2.62,14.1,30.58,56.24,-25.66,87.5,100.0,0,SIMULATED
2026-10-15 19:45:00,standard,30.48,55.7,0.0,8,13.33,2.62,14.1,30.05,55.93,-25.88,87.5,100.0,0,SIMULATED
2026-10-15 20:00:00,standard,30.24,56.8,0.0,5,12.6,1.6,14.1,28.3,55.64,-27.34,87.5,100.0,0,SIMULATED
2026-10-15 20:15:00,standard,30.0,57.9,0.0,3,12.14,1.6,14.1,27.84,55.34,-27.5,87.5,100.0,0,SIMULATED
2026-10-15 20:30:00,standard,29.75,59.0,0.0,0,11.34,0.24,14.1,25.68,55.02,-29.34,87.5,100.0,0,SIMULATED
2026-10-15 20:45:00,standard,29.5,60.1,0.0,0,10.99,0.24,14.1,25.33,54.7,-29.37,87.5,100.0,0,SIMULATED
2026-10-15 21:00:00,standard,29.26,61.2,0.0,0,10.66,0.24,14.1,25.0,54.42,-29.42,87.5,100.0,0,SIMULATED
2026-10-15 21:15:00,standard,29.02,62.3,0.0,0,10.33,0.24,14.1,24.67,54.1,-29.43,87.5,100.0,0,SIMULATED
2026-10-15 21:30:00,standard,28.78,63.4,0.0,0,10.07,0.24,14.1,24.41,53.8,-29.39,87.5,100.0,0,SIMULATED
2026-10-15 21:45:00,standard,28.54,64.5,0.0,0,9.78,0.24,14.1,24.12,53.49,-29.37,87.5,100.0,0,SIMULATED
2026-10-15 22:00:00,standard,28.31,65.5,0.0,0,9.51,0.24,14.1,23.85,53.22,-29.37,87.5,100.0,0,SIMULATED
2026-10-15 22:15:00,standard,28.09,66.5,0.0,0,9.24,0.24,14.1,23.58,52.94,-29.36,87.5,100.0,0,SIMULATED
2026-10-15 22:30:00,standard,27.88,67.5,0.0,0,9.02,0.24,14.1,23.36,52.82,-29.46,87.5,100.0,0,SIMULATED
2026-10-15 22:45:00,standard,27.67,68.4,0.0,0,8.82,0.24,14.1,23.16,52.82,-29.66,87.5,100.0,0,SIMULATED
2026-10-15 23:00:00,standard,27.47,69.3,0.0,0,8.6,0.24,14.1,22.94,52.82,-29.88,87.5,100.0,0,SIMULATED
2026-10-15 23:15:00,standard,27.28,70.2,0.0,0,8.41,0.24,14.1,22.75,52.82,-30.07,87.5,100.0,0,SIMULATED
2026-10-15 23:30:00,standard,27.1,71.0,0.0,0,8.25,0.24,14.1,22.59,52.82,-30.23,87.5,100.0,0,SIMULATED
2026-10-15 23:45:00,standard,26.93,71.8,0.0,0,8.08,0.24,14.1,22.42,52.82,-30.4,87.5,100.0,0,SIMULATED
2026-10-16 00:00:00,standard,26.77,72.5,0.0,0,7.9,0.24,14.1,22.24,52.82,-30.58,87.5,100.0,0,SIMULATED
2026-10-16 00:15:00,standard,26.63,73.1,0.0,0,7.79,0.24,14.1,22.13,52.82,-30.69,87.5,100.0,0,SIMULATED
2026-10-16 00:30:00,standard,26.5,73.7,0.0,0,7.65,0.24,14.1,21.99,52.82,-30.83,87.5,100.0,0,SIMULATED
2026-10-16 00:45:00,standard,26.39,74.2,0.0,0,7.55,0.24,14.1,21.89,52.82,-30.93,87.5,100.0,0,SIMULATED
2026-10-16 01:00:00,standard,26.29,74.7,0.0,0,7.45,0.24,14.1,21.79,52.82,-31.03,87.5,100.0,0,SIMULATED
2026-10-16 01:15:00,standard,26.2,75.1,0.0,0,7.35,0.24,14.1,21.69,52.82,-31.13,87.5,100.0,0,SIMULATED
2026-10-16 01:30:00,standard,26.13,75.4,0.0,0,7.28,0.24,14.1,21.62,52.82,-31.2,87.5,100.0,0,SIMULATED
2026-10-16 01:45:00,standard,26.07,75.7,0.0,0,7.2,0.24,14.1,21.54,52.82,-31.28,87.5,100.0,0,SIMULATED
2026-10-16 02:00:00,standard,26.03,75.9,0.0,0,7.15,0.24,14.1,21.49,52.82,-31.33,87.5,100.0,0,SIMULATED
2026-10-16 02:15:00,standard,26.01,76.0,0.0,0,7.11,0.24,14.1,21.45,52.82,-31.37,87.5,100.0,0,SIMULATED
2026-10-16 02:30:00,standard,26.0,76.0,0.0,0,7.08,0.24,14.1,21.42,52.82,-31.4,87.5,100.0,0,SIMULATED
2026-10-16 02:45:00,standard,26.01,76.0,0.0,0,7.06,0.24,14.1,21.4,52.82,-31.42,87.5,100.0,0,SIMULATED
2026-10-16 03:00:00,standard,26.03,75.9,0.0,0,7.04,0.24,14.1,21.38,52.82,-31.44,87.5,100.0,0,SIMULATED
2026-10-16 03:15:00,standard,26.07,75.7,0.0,0,7.03,0.24,14.1,21.37,52.82,-31.45,87.5,100.0,0,SIMULATED
2026-10-16 03:30:00,standard,26.13,75.4,0.0,0,7.05,0.24,14.1,21.39,52.82,-31.43,87.5,100.0,0,SIMULATED
2026-10-16 03:45:00,standard,26.2,75.1,0.0,0,7.07,0.24,14.1,21.41,52.82,-31.41,87.5,100.0,0,SIMULATED
2026-10-16 04:00:00,standard,26.29,74.7,0.0,0,7.11,0.24,14.1,21.45,52.82,-31.37,87.5,100.0,0,SIMULATED
2026-10-16 04:15:00,standard,26.39,74.2,0.0,0,7.14,0.24,14.1,21.48,52.82,-31.34,87.5,100.0,0,SIMULATED
2026-10-16 04:30:00,standard,26.5,73.7,0.0,0,7.18,0.24,14.1,21.52,52.82,-31.3,87.5,100.0,0,SIMULATED
2026-10-16 04:45:00,standard,26.63,73.1,0.0,0,7.24,0.24,14.1,21.58,52.82,-31.24,87.5,100.0,0,SIMULATED
2026-10-16 05:00:00,standard,26.77,72.5,0.0,0,7.28,0.24,14.1,21.62,52.82,-31.2,87.5,100.0,0,SIMULATED
2026-10-16 05:15:00,standard,26.93,71.8,0.0,0,7.36,0.24,14.1,21.7,52.82,-31.12,87.5,100.0,0,SIMULATED
2026-10-16 05:30:00,standard,27.1,71.0,0.0,0,7.46,0.24,14.1,21.8,52.82,-31.02,87.5,100.0,0,SIMULATED
2026-10-16 05:45:00,standard,27.28,70.2,0.0,0,7.53,0.24,14.1,21.87,52.82,-30.95,87.5,100.0,0,SIMULATED
2026-10-16 06:00:00,standard,27.47,69.3,0.0,0,7.63,0.24,14.1,21.97,52.82,-30.85,87.5,100.0,0,SIMULATED
2026-10-16 06:15:00,standard,27.67,68.4,53.4,0,8.32,0.24,14.1,22.66,52.82,-30.16,87.5,100.0,0,SIMULATED
2026-10-16 06:30:00,standard,27.88,67.5,106.5,0,9.01,0.24,14.1,23.35,52.82,-29.47,87.5,100.0,0,SIMULATED
2026-10-16 06:45:00,standard,28.09,66.5,159.3,0,9.7,0.24,14.1,24.04,52.94,-28.9,87.5,100.0,0,SIMULATED
2026-10-16 07:00:00,standard,28.31,65.5,211.4,0,10.7,1.52,14.1,26.33,53.22,-26.89,87.5,100.0,0,SIMULATED
2026-10-16 07:15:00,standard,28.54,64.5,262.7,0,11.4,1.52,14.1,27.03,53.49,-26.46,87.5,100.0,0,SIMULATED
2026-10-16 07:30:00,standard,28.78,63.4,312.9,0,12.11,1.52,14.1,27.72,53.8,-26.08,87.5,100.0,0,SIMULATED
2026-10-16 07:45:00,standard,29.02,62.3,361.9,0,12.8,1.52,14.1,28.42,54.1,-25.68,87.5,100.0,0,SIMULATED
2026-10-16 08:00:00,standard,29.26,61.2,409.5,3,13.68,1.85,14.1,29.62,54.42,-24.8,87.5,100.0,0,SIMULATED
2026-10-16 08:15:00,standard,29.5,60.1,455.5,5,14.73,3.21,14.1,32.03,54.7,-22.67,87.5,100.0,0,SIMULATED
2026-10-16 08:30:00,standard,29.75,59.0,499.6,13,15.82,3.99,14.1,33.9,55.02,-21.12,87.5,100.0,0,SIMULATED
2026-10-16 08:45:00,standard,30.0,57.9,541.8,20,16.82,5.09,14.1,36.01,55.34,-19.33,87.5,100.0,0,SIMULATED
2026-10-16 09:00:00,standard,30.24,56.8,581.9,46,17.53,6.0,14.1,37.63,55.64,-18.01,87.5,100.0,0,SIMULATED
2026-10-16 09:15:00,standard,30.48,55.7,619.6,47,17.71,6.0,14.1,37.81,55.93,-18.12,87.5,100.0,0,SIMULATED
2026-10-16 09:30:00,standard,30.72,54.6,654.9,69,18.3,6.6,14.1,39.0,56.24,-17.24,87.5,100.0,0,SIMULATED
2026-10-16 09:45:00,standard,30.96,53.5,687.7,71,18.47,6.6,14.1,39.17,56.51,-17.34,87.5,100.0,0,SIMULATED
2026-10-16 10:00:00,standard,31.19,52.5,717.7,79,18.77,6.42,14.1,39.29,56.82,-17.53,87.5,100.0,0,SIMULATED
2026-10-16 10:15:00,standard,31.41,51.5,744.9,77,18.83,6.42,14.1,39.35,57.1,-17.75,87.5,100.0,0,SIMULATED
2026-10-16 10:30:00,standard,31.62,50.5,769.1,70,18.58,5.82,14.1,38.5,57.36,-18.86,87.5,100.0,0,SIMULATED
2026-10-16 10:45:00,standard,31.83,49.6,790.3,70,18.68,5.82,14.1,38.6,57.62,-19.02,87.5,100.0,0,SIMULATED
2026-10-16 11:00:00,standard,32.03,48.7,808.4,72,18.84,5.82,14.1,38.76,57.87,-19.11,87.5,100.0,0,SIMULATED
2026-10-16 11:15:00,standard,32.22,47.8,823.3,73,18.92,5.82,14.1,38.84,58.1,-19.26,87.5,100.0,0,SIMULATED
2026-10-16 11:30:00,standard,32.4,47.0,834.9,78,19.38,6.42,14.1,39.9,58.31,-18.41,87.5,100.0,0,SIMULATED
2026-10-16 11:45:00,standard,32.57,46.2,843.3,67,18.89,5.82,14.1,38.81,58.53,-19.72,87.5,100.0,0,SIMULATED
2026-10-16 12:00:00,standard,32.73,45.5,848.3,94,19.9,6.6,14.1,40.6,58.74,-18.14,87.5,100.0,0,SIMULATED
2026-10-16 12:15:00,standard,32.87,44.9,850.0,91,19.92,6.6,14.1,40.62,58.92,-18.3,87.5,100.0,0,SIMULATED
2026-10-16 12:30:00,standard,33.0,44.3,848.3,71,19.58,6.0,14.1,39.68,59.07,-19.39,87.5,100.0,0,SIMULATED
2026-10-16 12:45:00,standard,33.11,43.8,843.3,73,19.67,6.0,14.1,39.77,59.22,-19.45,87.5,100.0,0,SIMULATED
2026-10-16 13:00:00,standard,33.21,43.3,834.9,67,19.7,6.0,14.1,39.8,59.34,-19.54,87.5,100.0,0,SIMULATED
2026-10-16 13:15:00,standard,33.3,42.9,823.3,66,19.77,6.0,14.1,39.87,59.46,-19.59,87.5,100.0,0,SIMULATED
2026-10-16 13:30:00,standard,33.37,42.6,808.4,73,20.15,6.6,14.1,40.85,59.54,-18.69,87.5,100.0,0,SIMULATED
2026-10-16 13:45:00,standard,33.43,42.3,790.3,73,20.18,6.6,14.1,40.88,59.62,-18.74,87.5,100.0,0,SIMULATED
2026-10-16 14:00:00,standard,33.47,42.1,769.1,73,19.67,6.5,14.1,40.27,59.67,-19.4,75.0,100.0,1,SIMULATED
2026-10-16 14:15:00,standard,33.49,42.0,744.9,72,19.64,6.5,14.1,40.24,59.7,-19.46,75.0,100.0,1,SIMULATED
2026-10-16 14:30:00,standard,33.5,42.0,717.7,70,19.65,6.5,14.1,40.25,59.7,-19.45,62.5,100.0,1,SIMULATED
2026-10-16 14:45:00,standard,33.49,42.0,687.7,74,19.68,6.5,14.1,40.28,59.7,-19.42,62.5,100.0,1,SIMULATED
2026-10-16 15:00:00,standard,33.47,42.1,654.9,73,19.45,5.82,14.1,39.37,59.67,-20.3,62.5,100.0,0,SIMULATED
2026-10-16 15:15:00,standard,33.43,42.3,619.6,72,19.46,5.82,14.1,39.38,59.62,-20.24,62.5,100.0,0,SIMULATED
2026-10-16 15:30:00,standard,33.37,42.6,581.9,71,19.44,6.0,14.1,39.54,59.54,-20.0,62.5,100.0,0,SIMULATED
2026-10-16 15:45:00,standard,33.3,42.9,541.8,71,19.41,6.0,14.1,39.51,59.46,-19.95,62.5,100.0,0,SIMULATED
2026-10-16 16:00:00,standard,33.21,43.3,499.6,70,19.33,6.0,14.1,39.43,59.34,-19.91,62.5,100.0,0,SIMULATED
2026-10-16 16:15:00,standard,33.11,43.8,455.5,68,19.26,6.0,14.1,39.36,59.22,-19.86,62.5,100.0,0,SIMULATED
2026-10-16 16:30:00,standard,33.0,44.3,409.5,78,19.64,6.6,14.1,40.34,59.07,-18.73,62.5,100.0,0,SIMULATED
2026-10-16 16:45:00,standard,32.87,44.9,361.9,81,19.64,6.6,14.1,40.34,58.92,-18.58,62.5,100.0,0,SIMULATED
2026-10-16 17:00:00,standard,32.73,45.5,312.9,64,18.91,6.6,14.1,39.61,58.74,-19.13,62.5,100.0,0,SIMULATED
2026-10-16 17:15:00,standard,32.57,46.2,262.7,66,18.65,6.6,14.1,39.35,58.53,-19.18,62.5,100.0,0,SIMULATED
2026-10-16 17:30:00,standard,32.4,47.0,211.4,59,17.96,6.0,14.1,38.06,58.31,-20.25,62.5,100.0,0,SIMULATED
2026-10-16 17:45:00,standard,32.22,47.8,159.3,55,17.67,6.0,14.1,37.77,58.1,-20.33,62.5,100.0,0,SIMULATED
2026-10-16 18:00:00,standard,32.03,48.7,106.5,53,17.42,6.0,14.1,37.52,57.87,-20.35,62.5,100.0,0,SIMULATED
2026-10-16 18:15:00,standard,31.83,49.6,53.4,47,17.07,6.0,14.1,37.17,57.62,-20.45,75.0,100.0,0,SIMULATED
2026-10-16 18:30:00,standard,31.62,50.5,0.0,39,16.43,5.09,14.1,35.62,57.36,-21.74,87.5,100.0,0,SIMULATED
2026-10-16 18:45:00,standard,31.41,51.5,0.0,34,16.04,5.09,14.1,35.23,57.1,-21.87,87.5,100.0,0,SIMULATED
2026-10-16 19:00:00,standard,31.19,52.5,0.0,22,15.16,3.98,14.1,33.24,56.82,-23.58,87.5,100.0,0,SIMULATED
2026-10-16 19:15:00,standard,30.96,53.5,0.0,16,14.75,3.98,14.1,32.83,56.51,-23.68,87.5,100.0,0,SIMULATED
2026-10-16 19:30:00,standard,30.72,54.6,0.0,10,13.82,2.62,14.1,30.54,56.24,-25.7,87.5,100.0,0,SIMULATED
2026-10-16 19:45:00,standard,30.48,55.7,0.0,8,13.32,2.62,14.1,30.04,55.93,-25.89,87.5,100.0,0,SIMULATED
2026-10-16 20:00:00,standard,30.24,56.8,0.0,5,12.58,1.6,14.1,28.28,55.64,-27.36,87.5,100.0,0,SIMULATED
2026-10-16 20:15:00,standard,30.0,57.9,0.0,2,12.08,1.6,14.1,27.78,55.34,-27.56,87.5,100.0,0,SIMULATED
2026-10-16 20:30:00,standard,29.75,59.0,0.0,0,11.33,0.24,14.1,25.67,55.02,-29.35,87.5,100.0,0,SIMULATED
2026-10-16 20:45:00,standard,29.5,60.1,0.0,0,10.98,0.24,14.1,25.32,54.7,-29.38,87.5,100.0,0,SIMULATED
2026-10-16 21:00:00,standard,29.26,61.2,0.0,0,10.65,0.24,14.1,24.99,54.42,-29.43,87.5,100.0,0,SIMULATED
2026-10-16 21:15:00,standard,29.02,62.3,0.0,0,10.33,0.24,14.1,24.67,54.1,-29.43,87.5,100.0,0,SIMULATED
2026-10-16 21:30:00,standard,28.78,63.4,0.0,0,10.05,0.24,14.1,24.39,53.8,-29.41,87.5,100.0,0,SIMULATED
2026-10-16 21:45:00,standard,28.54,64.5,0.0,0,9.76,0.24,14.1,24.1,53.49,-29.39,87.5,100.0,0,SIMULATED
2026-10-16 22:00:00,standard,28.31,65.5,0.0,0,9.51,0.24,14.1,23.85,53.22,-29.37,87.5,100.0,0,SIMULATED
2026-10-16 22:15:00,standard,28.09,66.5,0.0,0,9.24,0.24,14.1,23.58,52.94,-29.36,87.5,100.0,0,SIMULATED
2026-10-16 22:30:00,standard,27.88,67.5,0.0,0,9.02,0.24,14.1,23.36,52.82,-29.46,87.5,100.0,0,SIMULATED
2026-10-16 22:45:00,standard,27.67,68.4,0.0,0,8.82,0.24,14.1,23.16,52.82,-29.66,87.5,100.0,0,SIMULATED
2026-10-16 23:00:00,standard,27.47,69.3,0.0,0,8.6,0.24,14.1,22.94,52.82,-29.88,87.5,100.0,0,SIMULATED
2026-10-16 23:15:00,standard,27.28,70.2,0.0,0,8.41,0.24,14.1,22.75,52.82,-30.07,87.5,100.0,0,SIMULATED
2026-10-16 23:30:00,standard,27.1,71.0,0.0,0,8.25,0.24,14.1,22.59,52.82,-30.23,87.5,100.0,0,SIMULATED
2026-10-16 23:45:00,standard,26.93,71.8,0.0,0,8.08,0.24,14.1,22.42,52.82,-30.4,87.5,100.0,0,SIMULATED
2026-10-17 00:00:00,standard,26.77,72.5,0.0,0,7.91,0.24,14.1,22.25,52.82,-30.57,87.5,100.0,0,SIMULATED
2026-10-17 00:15:00,standard,26.63,73.1,0.0,0,7.8,0.24,14.1,22.14,52.82,-30.68,87.5,100.0,0,SIMULATED
2026-10-17 00:30:00,standard,26.5,73.7,0.0,0,7.66,0.24,14.1,22.0,52.82,-30.82,87.5,100.0,0,SIMULATED
2026-10-17 00:45:00,standard,26.39,74.2,0.0,0,7.56,0.24,14.1,21.9,52.82,-30.92,87.5,100.0,0,SIMULATED
2026-10-17 01:00:00,standard,26.29,74.7,0.0,0,7.46,0.24,14.1,21.8,52.82,-31.02,87.5,100.0,0,SIMULATED
2026-10-17 01:15:00,standard,26.2,75.1,0.0,0,7.36,0.24,14.1,21.7,52.82,-31.12,87.5,100.0,0,SIMULATED
2026-10-17 01:30:00,standard,26.13,75.4,0.0,0,7.29,0.24,14.1,21.63,52.82,-31.19,87.5,100.0,0,SIMULATED
2026-10-17 01:45:00,standard,26.07,75.7,0.0,0,7.21,0.24,14.1,21.55,52.82,-31.27,87.5,100.0,0,SIMULATED
2026-10-17 02:00:00,standard,26.03,75.9,0.0,0,7.16,0.24,14.1,21.5,52.82,-31.32,87.5,100.0,0,SIMULATED
2026-10-17 02:15:00,standard,26.01,76.0,0.0,0,7.12,0.24,14.1,21.46,52.82,-31.36,87.5,100.0,0,SIMULATED
2026-10-17 02:30:00,standard,26.0,76.0,0.0,0,7.09,0.24,14.1,21.43,52.82,-31.39,87.5,100.0,0,SIMULATED
2026-10-17 02:45:00,standard,26.01,76.0,0.0,0,7.07,0.24,14.1,21.41,52.82,-31.41,87.5,100.0,0,SIMULATED
2026-10-17 03:00:00,standard,26.03,75.9,0.0,0,7.05,0.24,14.1,21.39,52.82,-31.43,87.5,100.0,0,SIMULATED
2026-10-17 03:15:00,standard,26.07,75.7,0.0,0,7.04,0.24,14.1,21.38,52.82,-31.44,87.5,100.0,0,SIMULATED
2026-10-17 03:30:00,standard,26.13,75.4,0.0,0,7.06,0.24,14.1,21.4,52.82,-31.42,87.5,100.0,0,SIMULATED
2026-10-17 03:45:00,standard,26.2,75.1,0.0,0,7.08,0.24,14.1,21.42,52.82,-31.4,87.5,100.0,0,SIMULATED
2026-10-17 04:00:00,standard,26.29,74.7,0.0,0,7.12,0.24,14.1,21.46,52.82,-31.36,87.5,100.0,0,SIMULATED
2026-10-17 04:15:00,standard,26.39,74.2,0.0,0,7.15,0.24,14.1,21.49,52.82,-31.33,87.5,100.0,0,SIMULATED
2026-10-17 04:30:00,standard,26.5,73.7,0.0,0,7.19,0.24,14.1,21.53,52.82,-31.29,87.5,100.0,0,SIMULATED
2026-10-17 04:45:00,standard,26.63,73.1,0.0,0,7.25,0.24,14.1,21.59,52.82,-31.23,87.5,100.0,0,SIMULATED
2026-10-17 05:00:00,standard,26.77,72.5,0.0,0,7.29,0.24,14.1,21.63,52.82,-31.19,87.5,100.0,0,SIMULATED
2026-10-17 05:15:00,standard,26.93,71.8,0.0,0,7.37,0.24,14.1,21.71,52.82,-31.11,87.5,100.0,0,SIMULATED
2026-10-17 05:30:00,standard,27.1,71.0,0.0,0,7.47,0.24,14.1,21.81,52.82,-31.01,87.5,100.0,0,SIMULATED
2026-10-17 05:45:00,standard,27.28,70.2,0.0,0,7.54,0.24,14.1,21.88,52.82,-30.94,87.5,100.0,0,SIMULATED
2026-10-17 06:00:00,standard,27.47,69.3,0.0,0,7.63,0.24,14.1,21.97,52.82,-30.85,87.5,100.0,0,SIMULATED
2026-10-17 06:15:00,standard,27.67,68.4,53.4,0,8.33,0.24,14.1,22.67,52.82,-30.15,87.5,100.0,0,SIMULATED
2026-10-17 06:30:00,standard,27.88,67.5,106.5,0,9.02,0.24,14.1,23.36,52.82,-29.46,87.5,100.0,0,SIMULATED
2026-10-17 06:45:00,standard,28.09,66.5,159.3,0,9.71,0.24,14.1,24.05,52.94,-28.89,87.5,100.0,0,SIMULATED
2026-10-17 07:00:00,standard,28.31,65.5,211.4,0,10.7,1.52,14.1,26.33,53.22,-26.89,87.5,100.0,0,SIMULATED
2026-10-17 07:15:00,standard,28.54,64.5,262.7,0,11.4,1.52,14.1,27.03,53.49,-26.46,87.5,100.0,0,SIMULATED
2026-10-17 07:30:00,standard,28.78,63.4,312.9,0,12.11,1.52,14.1,27.72,53.8,-26.08,87.5,100.0,0,SIMULATED
2026-10-17 07:45:00,standard,29.02,62.3,361.9,0,12.8,1.52,14.1,28.42,54.1,-25.68,87.5,100.0,0,SIMULATED
2026-10-17 08:00:00,standard,29.26,61.2,409.5,0,13.51,1.52,14.1,29.12,54.42,-25.3,87.5,100.0,0,SIMULATED
2026-10-17 08:15:00,standard,29.5,60.1,455.5,0,14.18,1.52,14.1,29.79,54.7,-24.91,87.5,100.0,0,SIMULATED
2026-10-17 08:30:00,standard,29.75,59.0,499.6,0,14.85,1.52,14.1,30.47,55.02,-24.55,87.5,100.0,0,SIMULATED
2026-10-17 08:45:00,standard,30.0,57.9,541.8,0,15.5,1.52,14.1,31.12,55.34,-24.22,87.5,100.0,0,SIMULATED
2026-10-17 09:00:00,standard,30.24,56.8,581.9,1,16.21,1.85,14.1,32.15,55.64,-23.49,87.5,100.0,0,SIMULATED
2026-10-17 09:15:00,standard,30.48,55.7,619.6,1,16.81,1.85,14.1,32.76,55.93,-23.17,87.5,100.0,0,SIMULATED
2026-10-17 09:30:00,standard,30.72,54.6,654.9,1,17.04,1.85,14.1,32.99,56.24,-23.25,87.5,100.0,0,SIMULATED
2026-10-17 09:45:00,standard,30.96,53.5,687.7,2,17.28,1.85,14.1,33.22,56.51,-23.29,87.5,100.0,0,SIMULATED
2026-10-17 10:00:00,standard,31.19,52.5,717.7,7,17.47,4.31,14.1,35.88,56.82,-20.94,87.5,100.0,0,SIMULATED
2026-10-17 10:15:00,standard,31.41,51.5,744.9,5,17.61,4.31,14.1,36.02,57.1,-21.08,87.5,100.0,0,SIMULATED
2026-10-17 10:30:00,standard,31.62,50.5,769.1,6,17.78,4.31,14.1,36.19,57.36,-21.17,87.5,100.0,0,SIMULATED
2026-10-17 10:45:00,standard,31.83,49.6,790.3,5,17.95,4.31,14.1,36.36,57.62,-21.26,87.5,100.0,0,SIMULATED
2026-10-17 11:00:00,standard,32.03,48.7,808.4,5,18.09,4.31,14.1,36.5,57.87,-21.37,87.5,100.0,0,SIMULATED
2026-10-17 11:15:00,standard,32.22,47.8,823.3,5,18.22,4.31,14.1,36.63,58.1,-21.47,87.5,100.0,0,SIMULATED
2026-10-17 11:30:00,standard,32.4,47.0,834.9,6,18.35,4.31,14.1,36.76,58.31,-21.55,87.5,100.0,0,SIMULATED
2026-10-17 11:45:00,standard,32.57,46.2,843.3,5,18.43,4.31,14.1,36.84,58.53,-21.69,87.5,100.0,0,SIMULATED
2026-10-17 12:00:00,standard,32.73,45.5,848.3,7,18.54,4.31,14.1,36.95,58.74,-21.79,87.5,100.0,0,SIMULATED
2026-10-17 12:15:00,standard,32.87,44.9,850.0,4,18.56,4.31,14.1,36.97,58.92,-21.95,87.5,100.0,0,SIMULATED
2026-10-17 12:30:00,standard,33.0,44.3,848.3,4,18.62,4.31,14.1,37.03,59.07,-22.04,87.5,100.0,0,SIMULATED
2026-10-17 12:45:00,standard,33.11,43.8,843.3,5,18.67,4.31,14.1,37.08,59.22,-22.14,87.5,100.0,0,SIMULATED
2026-10-17 13:00:00,standard,33.21,43.3,834.9,6,18.73,4.31,14.1,37.14,59.34,-22.2,87.5,100.0,0,SIMULATED
2026-10-17 13:15:00,standard,33.3,42.9,823.3,6,18.77,4.31,14.1,37.18,59.46,-22.28,87.5,100.0,0,SIMULATED
2026-10-17 13:30:00,standard,33.37,42.6,808.4,6,18.78,4.31,14.1,37.19,59.54,-22.35,87.5,100.0,0,SIMULATED
2026-10-17 13:45:00,standard,33.43,42.3,790.3,6,18.79,4.31,14.1,37.2,59.62,-22.42,87.5,100.0,0,SIMULATED
2026-10-17 14:00:00,standard,33.47,42.1,769.1,4,18.75,4.31,14.1,37.16,59.67,-22.51,87.5,100.0,0,SIMULATED
2026-10-17 14:15:00,standard,33.49,42.0,744.9,4,18.57,3.98,14.1,36.66,59.7,-23.04,87.5,100.0,0,SIMULATED
2026-10-17 14:30:00,standard,33.5,42.0,717.7,6,18.5,3.98,14.1,36.59,59.7,-23.11,87.5,100.0,0,SIMULATED
2026-10-17 14:45:00,standard,33.49,42.0,687.7,4,18.42,3.98,14.1,36.51,59.7,-23.19,87.5,100.0,0,SIMULATED
2026-10-17 15:00:00,standard,33.47,42.1,654.9,5,18.34,3.98,14.1,36.43,59.67,-23.24,87.5,100.0,0,SIMULATED
2026-10-17 15:15:00,standard,33.43,42.3,619.6,3,18.23,3.98,14.1,36.32,59.62,-23.3,87.5,100.0,0,SIMULATED
2026-10-17 15:30:00,standard,33.37,42.6,581.9,4,18.07,3.98,14.1,36.15,59.54,-23.39,87.5,100.0,0,SIMULATED
2026-10-17 15:45:00,standard,33.3,42.9,541.8,5,17.95,3.98,14.1,36.03,59.46,-23.43,87.5,100.0,0,SIMULATED
2026-10-17 16:00:00,standard,33.21,43.3,499.6,5,17.79,3.98,14.1,35.87,59.34,-23.47,87.5,100.0,0,SIMULATED
2026-10-17 16:15:00,standard,33.11,43.8,455.5,0,17.61,1.52,14.1,33.24,59.22,-25.98,87.5,100.0,0,SIMULATED
2026-10-17 16:30:00,standard,33.0,44.3,409.5,0,17.44,1.52,14.1,33.07,59.07,-26.0,87.5,100.0,0,SIMULATED
2026-10-17 16:45:00,standard,32.87,44.9,361.9,0,17.25,1.52,14.1,32.87,58.92,-26.05,87.5,100.0,0,SIMULATED
2026-10-17 17:00:00,standard,32.73,45.5,312.9,0,17.06,1.52,14.1,32.69,58.74,-26.05,87.5,100.0,0,SIMULATED
2026-10-17 17:15:00,standard,32.57,46.2,262.7,0,16.77,1.52,14.1,32.38,58.53,-26.15,87.5,100.0,0,SIMULATED
2026-10-17 17:30:00,standard,32.4,47.0,211.4,0,15.92,1.52,14.1,31.53,58.31,-26.78,87.5,100.0,0,SIMULATED
2026-10-17 17:45:00,standard,32.22,47.8,159.3,0,14.99,1.52,14.1,30.61,58.1,-27.49,87.5,100.0,0,SIMULATED
2026-10-17 18:00:00,standard,32.03,48.7,106.5,0,14.03,1.52,14.1,29.65,57.87,-28.22,87.5,100.0,0,SIMULATED
2026-10-17 18:15:00,standard,31.83,49.6,53.4,0,13.11,1.52,14.1,28.72,57.62,-28.9,87.5,100.0,0,SIMULATED
2026-10-17 18:30:00,standard,31.62,50.5,0.0,0,12.17,1.52,14.1,27.78,57.36,-29.58,87.5,100.0,0,SIMULATED
2026-10-17 18:45:00,standard,31.41,51.5,0.0,0,11.88,1.52,14.1,27.48,57.1,-29.62,87.5,100.0,0,SIMULATED
2026-10-17 19:00:00,standard,31.19,52.5,0.0,0,11.61,1.52,14.1,27.23,56.82,-29.59,87.5,100.0,0,SIMULATED
2026-10-17 19:15:00,standard,30.96,53.5,0.0,0,11.35,1.52,14.1,26.97,56.51,-29.54,87.5,100.0,0,SIMULATED
2026-10-17 19:30:00,standard,30.72,54.6,0.0,0,11.08,1.52,14.1,26.69,56.24,-29.55,87.5,100.0,0,SIMULATED
2026-10-17 19:45:00,standard,30.48,55.7,0.0,0,10.82,1.52,14.1,26.42,55.93,-29.51,87.5,100.0,0,SIMULATED
2026-10-17 20:00:00,standard,30.24,56.8,0.0,0,10.28,0.24,14.1,24.62,55.64,-31.02,87.5,100.0,0,SIMULATED
2026-10-17 20:15:00,standard,30.0,57.9,0.0,0,10.04,0.24,14.1,24.38,55.34,-30.96,87.5,100.0,0,SIMULATED
2026-10-17 20:30:00,standard,29.75,59.0,0.0,0,9.81,0.24,14.1,24.15,55.02,-30.87,87.5,100.0,0,SIMULATED
2026-10-17 20:45:00,standard,29.5,60.1,0.0,0,9.59,0.24,14.1,23.93,54.7,-30.77,87.5,100.0,0,SIMULATED
2026-10-17 21:00:00,standard,29.26,61.2,0.0,0,9.36,0.24,14.1,23.7,54.42,-30.72,87.5,100.0,0,SIMULATED
2026-10-17 21:15:00,standard,29.02,62.3,0.0,0,9.16,0.24,14.1,23.5,54.1,-30.6,87.5,100.0,0,SIMULATED
2026-10-17 21:30:00,standard,28.78,63.4,0.0,0,8.98,0.24,14.1,23.32,53.8,-30.48,87.5,100.0,0,SIMULATED
2026-10-17 21:45:00,standard,28.54,64.5,0.0,0,8.77,0.24,14.1,23.11,53.49,-30.38,87.5,100.0,0,SIMULATED
2026-10-17 22:00:00,standard,28.31,65.5,0.0,0,8.6,0.24,14.1,22.94,53.22,-30.28,87.5,100.0,0,SIMULATED
2026-10-17 22:15:00,standard,28.09,66.5,0.0,0,8.42,0.24,14.1,22.76,52.94,-30.18,87.5,100.0,0,SIMULATED
2026-10-17 22:30:00,standard,27.88,67.5,0.0,0,8.26,0.24,14.1,22.6,52.82,-30.22,87.5,100.0,0,SIMULATED
2026-10-17 22:45:00,standard,27.67,68.4,0.0,0,8.12,0.24,14.1,22.46,52.82,-30.36,87.5,100.0,0,SIMULATED
2026-10-17 23:00:00,standard,27.47,69.3,0.0,0,7.95,0.24,14.1,22.29,52.82,-30.53,87.5,100.0,0,SIMULATED
2026-10-17 23:15:00,standard,27.28,70.2,0.0,0,7.81,0.24,14.1,22.15,52.82,-30.67,87.5,100.0,0,SIMULATED
2026-10-17 23:30:00,standard,27.1,71.0,0.0,0,7.7,0.24,14.1,22.04,52.82,-30.78,87.5,100.0,0,SIMULATED
2026-10-17 23:45:00,standard,26.93,71.8,0.0,0,7.57,0.24,14.1,21.91,52.82,-30.91,87.5,100.0,0,SIMULATED
2026-10-18 00:00:00,standard,26.77,72.5,0.0,0,7.44,0.24,14.1,21.78,52.82,-31.04,87.5,100.0,0,SIMULATED
2026-10-18 00:15:00,standard,26.63,73.1,0.0,0,7.36,0.24,14.1,21.7,52.82,-31.12,87.5,100.0,0,SIMULATED
2026-10-18 00:30:00,standard,26.5,73.7,0.0,0,7.25,0.24,14.1,21.59,52.82,-31.23,87.5,100.0,0,SIMULATED
2026-10-18 00:45:00,standard,26.39,74.2,0.0,0,7.19,0.24,14.1,21.53,52.82,-31.29,87.5,100.0,0,SIMULATED
2026-10-18 01:00:00,standard,26.29,74.7,0.0,0,7.12,0.24,14.1,21.46,52.82,-31.36,87.5,100.0,0,SIMULATED
2026-10-18 01:15:00,standard,26.2,75.1,0.0,0,7.04,0.24,14.1,21.38,52.82,-31.44,87.5,100.0,0,SIMULATED
2026-10-18 01:30:00,standard,26.13,75.4,0.0,0,7.0,0.24,14.1,21.34,52.82,-31.48,87.5,100.0,0,SIMULATED
2026-10-18 01:45:00,standard,26.07,75.7,0.0,0,6.94,0.24,14.1,21.28,52.82,-31.54,87.5,100.0,0,SIMULATED
2026-10-18 02:00:00,standard,26.03,75.9,0.0,0,6.91,0.24,14.1,21.25,52.82,-31.57,87.5,100.0,0,SIMULATED
2026-10-18 02:15:00,standard,26.01,76.0,0.0,0,6.88,0.24,14.1,21.22,52.82,-31.6,87.5,100.0,0,SIMULATED
2026-10-18 02:30:00,standard,26.0,76.0,0.0,0,6.87,0.24,14.1,21.21,52.82,-31.61,87.5,100.0,0,SIMULATED
2026-10-18 02:45:00,standard,26.01,76.0,0.0,0,6.87,0.24,14.1,21.21,52.82,-31.61,87.5,100.0,0,SIMULATED
2026-10-18 03:00:00,standard,26.03,75.9,0.0,0,6.86,0.24,14.1,21.2,52.82,-31.62,87.5,100.0,0,SIMULATED
2026-10-18 03:15:00,standard,26.07,75.7,0.0,0,6.87,0.24,14.1,21.21,52.82,-31.61,87.5,100.0,0,SIMULATED
2026-10-18 03:30:00,standard,26.13,75.4,0.0,0,6.9,0.24,14.1,21.24,52.82,-31.58,87.5,100.0,0,SIMULATED
2026-10-18 03:45:00,standard,26.2,75.1,0.0,0,6.93,0.24,14.1,21.27,52.82,-31.55,87.5,100.0,0,SIMULATED
2026-10-18 04:00:00,standard,26.29,74.7,0.0,0,6.97,0.24,14.1,21.31,52.82,-31.51,87.5,100.0,0,SIMULATED
2026-10-18 04:15:00,standard,26.39,74.2,0.0,0,7.03,0.24,14.1,21.37,52.82,-31.45,87.5,100.0,0,SIMULATED
2026-10-18 04:30:00,standard,26.5,73.7,0.0,0,7.07,0.24,14.1,21.41,52.82,-31.41,87.5,100.0,0,SIMULATED
2026-10-18 04:45:00,standard,26.63,73.1,0.0,0,7.15,0.24,14.1,21.49,52.82,-31.33,87.5,100.0,0,SIMULATED
2026-10-18 05:00:00,standard,26.77,72.5,0.0,0,7.21,0.24,14.1,21.55,52.82,-31.27,87.5,100.0,0,SIMULATED
2026-10-18 05:15:00,standard,26.93,71.8,0.0,0,7.31,0.24,14.1,21.65,52.82,-31.17,87.5,100.0,0,SIMULATED
2026-10-18 05:30:00,standard,27.1,71.0,0.0,0,7.42,0.24,14.1,21.76,52.82,-31.06,87.5,100.0,0,SIMULATED
2026-10-18 05:45:00,standard,27.28,70.2,0.0,0,7.49,0.24,14.1,21.83,52.82,-30.99,87.5,100.0,0,SIMULATED
2026-10-18 06:00:00,standard,27.47,69.3,0.0,0,7.6,0.24,14.1,21.94,52.82,-30.88,87.5,100.0,0,SIMULATED
2026-10-18 06:15:00,standard,27.67,68.4,53.4,0,8.31,0.24,14.1,22.65,52.82,-30.17,87.5,100.0,0,SIMULATED
2026-10-18 06:30:00,standard,27.88,67.5,106.5,0,9.0,0.24,14.1,23.34,52.82,-29.48,87.5,100.0,0,SIMULATED
2026-10-18 06:45:00,standard,28.09,66.5,159.3,0,9.7,0.24,14.1,24.04,52.94,-28.9,87.5,100.0,0,SIMULATED
2026-10-18 07:00:00,standard,28.31,65.5,211.4,0,10.7,1.52,14.1,26.33,53.22,-26.89,87.5,100.0,0,SIMULATED
2026-10-18 07:15:00,standard,28.54,64.5,262.7,0,11.4,1.52,14.1,27.03,53.49,-26.46,87.5,100.0,0,SIMULATED
2026-10-18 07:30:00,standard,28.78,63.4,312.9,0,12.11,1.52,14.1,27.72,53.8,-26.08,87.5,100.0,0,SIMULATED
2026-10-18 07:45:00,standard,29.02,62.3,361.9,0,12.8,1.52,14.1,28.42,54.1,-25.68,87.5,100.0,0,SIMULATED
2026-10-18 08:00:00,standard,29.26,61.2,409.5,0,13.51,1.52,14.1,29.12,54.42,-25.3,87.5,100.0,0,SIMULATED
2026-10-18 08:15:00,standard,29.5,60.1,455.5,0,14.18,1.52,14.1,29.79,54.7,-24.91,87.5,100.0,0,SIMULATED
2026-10-18 08:30:00,standard,29.75,59.0,499.6,0,14.85,1.52,14.1,30.47,55.02,-24.55,87.5,100.0,0,SIMULATED
2026-10-18 08:45:00,standard,30.0,57.9,541.8,0,15.5,1.52,14.1,31.12,55.34,-24.22,87.5,100.0,0,SIMULATED
2026-10-18 09:00:00,standard,30.24,56.8,581.9,1,16.21,1.85,14.1,32.15,55.64,-23.49,87.5,100.0,0,SIMULATED
2026-10-18 09:15:00,standard,30.48,55.7,619.6,2,16.84,1.85,14.1,32.79,55.93,-23.14,87.5,100.0,0,SIMULATED
2026-10-18 09:30:00,standard,30.72,54.6,654.9,1,17.04,1.85,14.1,32.99,56.24,-23.25,87.5,100.0,0,SIMULATED
2026-10-18 09:45:00,standard,30.96,53.5,687.7,1,17.25,1.85,14.1,33.19,56.51,-23.32,87.5,100.0,0,SIMULATED
2026-10-18 10:00:00,standard,31.19,52.5,717.7,4,17.44,4.31,14.1,35.85,56.82,-20.97,87.5,100.0,0,SIMULATED
2026-10-18 10:15:00,standard,31.41,51.5,744.9,6,17.61,4.31,14.1,36.02,57.1,-21.08,87.5,100.0,0,SIMULATED
2026-10-18 10:30:00,standard,31.62,50.5,769.1,4,17.78,4.31,14.1,36.19,57.36,-21.17,87.5,100.0,0,SIMULATED
2026-10-18 10:45:00,standard,31.83,49.6,790.3,4,17.95,4.31,14.1,36.36,57.62,-21.26,87.5,100.0,0,SIMULATED
2026-10-18 11:00:00,standard,32.03,48.7,808.4,6,18.09,4.31,14.1,36.5,57.87,-21.37,87.5,100.0,0,SIMULATED
2026-10-18 11:15:00,standard,32.22,47.8,823.3,5,18.22,4.31,14.1,36.63,58.1,-21.47,87.5,100.0,0,SIMULATED
2026-10-18 11:30:00,standard,32.4,47.0,834.9,6,18.35,4.31,14.1,36.76,58.31,-21.55,87.5,100.0,0,SIMULATED
2026-10-18 11:45:00,standard,32.57,46.2,843.3,6,18.43,4.31,14.1,36.84,58.53,-21.69,87.5,100.0,0,SIMULATED
2026-10-18 12:00:00,standard,32.73,45.5,848.3,4,18.51,4.31,14.1,36.92,58.74,-21.82,87.5,100.0,0,SIMULATED
2026-10-18 12:15:00,standard,32.87,44.9,850.0,7,18.59,4.31,14.1,37.0,58.92,-21.92,87.5,100.0,0,SIMULATED
2026-10-18 12:30:00,standard,33.0,44.3,848.3,6,18.62,4.31,14.1,37.03,59.07,-22.04,87.5,100.0,0,SIMULATED
2026-10-18 12:45:00,standard,33.11,43.8,843.3,5,18.67,4.31,14.1,37.08,59.22,-22.14,87.5,100.0,0,SIMULATED
2026-10-18 13:00:00,standard,33.21,43.3,834.9,5,18.73,4.31,14.1,37.14,59.34,-22.2,87.5,100.0,0,SIMULATED
2026-10-18 13:15:00,standard,33.3,42.9,823.3,5,18.77,4.31,14.1,37.18,59.46,-22.28,87.5,100.0,0,SIMULATED
2026-10-18 13:30:00,standard,33.37,42.6,808.4,6,18.82,4.31,14.1,37.23,59.54,-22.31,87.5,100.0,0,SIMULATED
2026-10-18 13:45:00,standard,33.43,42.3,790.3,6,18.82,4.31,14.1,37.23,59.62,-22.39,87.5,100.0,0,SIMULATED
2026-10-18 14:00:00,standard,33.47,42.1,769.1,6,18.75,4.31,14.1,37.16,59.67,-22.51,87.5,100.0,0,SIMULATED
2026-10-18 14:15:00,standard,33.49,42.0,744.9,6,18.57,3.98,14.1,36.66,59.7,-23.04,87.5,100.0,0,SIMULATED
2026-10-18 14:30:00,standard,33.5,42.0,717.7,6,18.5,3.98,14.1,36.59,59.7,-23.11,87.5,100.0,0,SIMULATED
2026-10-18 14:45:00,standard,33.49,42.0,687.7,5,18.42,3.98,14.1,36.51,59.7,-23.19,87.5,100.0,0,SIMULATED
2026-10-18 15:00:00,standard,33.47,42.1,654.9,4,18.34,3.98,14.1,36.43,59.67,-23.24,87.5,100.0,0,SIMULATED
2026-10-18 15:15:00,standard,33.43,42.3,619.6,5,18.23,3.98,14.1,36.32,59.62,-23.3,87.5,100.0,0,SIMULATED
2026-10-18 15:30:00,standard,33.37,42.6,581.9,3,18.07,3.98,14.1,36.15,59.54,-23.39,87.5,100.0,0,SIMULATED
2026-10-18 15:45:00,standard,33.3,42.9,541.8,4,17.95,3.98,14.1,36.03,59.46,-23.43,87.5,100.0,0,SIMULATED
2026-10-18 16:00:00,standard,33.21,43.3,499.6,5,17.79,3.98,14.1,35.87,59.34,-23.47,87.5,100.0,0,SIMULATED
2026-10-18 16:15:00,standard,33.11,43.8,455.5,0,17.61,1.52,14.1,33.24,59.22,-25.98,87.5,100.0,0,SIMULATED
2026-10-18 16:30:00,standard,33.0,44.3,409.5,0,17.44,1.52,14.1,33.07,59.07,-26.0,87.5,100.0,0,SIMULATED
2026-10-18 16:45:00,standard,32.87,44.9,361.9,0,17.25,1.52,14.1,32.87,58.92,-26.05,87.5,100.0,0,SIMULATED
2026-10-18 17:00:00,standard,32.73,45.5,312.9,0,17.06,1.52,14.1,32.69,58.74,-26.05,87.5,100.0,0,SIMULATED
2026-10-18 17:15:00,standard,32.57,46.2,262.7,0,16.77,1.52,14.1,32.38,58.53,-26.15,87.5,100.0,0,SIMULATED
2026-10-18 17:30:00,standard,32.4,47.0,211.4,0,15.95,1.52,14.1,31.57,58.31,-26.74,87.5,100.0,0,SIMULATED
2026-10-18 17:45:00,standard,32.22,47.8,159.3,0,15.01,1.52,14.1,30.62,58.1,-27.48,87.5,100.0,0,SIMULATED
2026-10-18 18:00:00,standard,32.03,48.7,106.5,0,14.04,1.52,14.1,29.66,57.87,-28.21,87.5,100.0,0,SIMULATED
2026-10-18 18:15:00,standard,31.83,49.6,53.4,0,13.11,1.52,14.1,28.72,57.62,-28.9,87.5,100.0,0,SIMULATED
2026-10-18 18:30:00,standard,31.62,50.5,0.0,0,12.18,1.52,14.1,27.79,57.36,-29.57,87.5,100.0,0,SIMULATED
2026-10-18 18:45:00,standard,31.41,51.5,0.0,0,11.89,1.52,14.1,27.49,57.1,-29.61,87.5,100.0,0,SIMULATED
2026-10-18 19:00:00,standard,31.19,52.5,0.0,0,11.62,1.52,14.1,27.24,56.82,-29.58,87.5,100.0,0,SIMULATED
2026-10-18 19:15:00,standard,30.96,53.5,0.0,0,11.36,1.52,14.1,26.98,56.51,-29.53,87.5,100.0,0,SIMULATED
2026-10-18 19:30:00,standard,30.72,54.6,0.0,0,11.09,1.52,14.1,26.71,56.24,-29.53,87.5,100.0,0,SIMULATED
2026-10-18 19:45:00,standard,30.48,55.7,0.0,0,10.83,1.52,14.1,26.44,55.93,-29.49,87.5,100.0,0,SIMULATED
2026-10-18 20:00:00,standard,30.24,56.8,0.0,0,10.29,0.24,14.1,24.63,55.64,-31.01,87.5,100.0,0,SIMULATED
2026-10-18 20:15:00,standard,30.0,57.9,0.0,0,10.05,0.24,14.1,24.39,55.34,-30.95,87.5,100.0,0,SIMULATED
2026-10-18 20:30:00,standard,29.75,59.0,0.0,0,9.82,0.24,14.1,24.16,55.02,-30.86,87.5,100.0,0,SIMULATED
2026-10-18 20:45:00,standard,29.5,60.1,0.0,0,9.6,0.24,14.1,23.94,54.7,-30.76,87.5,100.0,0,SIMULATED
2026-10-18 21:00:00,standard,29.26,61.2,0.0,0,9.37,0.24,14.1,23.71,54.42,-30.71,87.5,100.0,0,SIMULATED
2026-10-18 21:15:00,standard,29.02,62.3,0.0,0,9.17,0.24,14.1,23.51,54.1,-30.59,87.5,100.0,0,SIMULATED
2026-10-18 21:30:00,standard,28.78,63.4,0.0,0,8.99,0.24,14.1,23.33,53.8,-30.47,87.5,100.0,0,SIMULATED
2026-10-18 21:45:00,standard,28.54,64.5,0.0,0,8.78,0.24,14.1,23.12,53.49,-30.37,87.5,100.0,0,SIMULATED
2026-10-18 22:00:00,standard,28.31,65.5,0.0,0,8.61,0.24,14.1,22.95,53.22,-30.27,87.5,100.0,0,SIMULATED
2026-10-18 22:15:00,standard,28.09,66.5,0.0,0,8.43,0.24,14.1,22.77,52.94,-30.17,87.5,100.0,0,SIMULATED
2026-10-18 22:30:00,standard,27.88,67.5,0.0,0,8.27,0.24,14.1,22.61,52.82,-30.21,87.5,100.0,0,SIMULATED
2026-10-18 22:45:00,standard,27.67,68.4,0.0,0,8.13,0.24,14.1,22.47,52.82,-30.35,87.5,100.0,0,SIMULATED
2026-10-18 23:00:00,standard,27.47,69.3,0.0,0,7.96,0.24,14.1,22.3,52.82,-30.52,87.5,100.0,0,SIMULATED
2026-10-18 23:15:00,standard,27.28,70.2,0.0,0,7.82,0.24,14.1,22.16,52.82,-30.66,87.5,100.0,0,SIMULATED
2026-10-18 23:30:00,standard,27.1,71.0,0.0,0,7.71,0.24,14.1,22.05,52.82,-30.77,87.5,100.0,0,SIMULATED
2026-10-18 23:45:00,standard,26.93,71.8,0.0,0,7.57,0.24,14.1,21.91,52.82,-30.91,87.5,100.0,0,SIMULATED
2026-10-19 00:00:00,standard,26.77,72.5,0.0,0,7.45,0.24,14.1,21.79,52.82,-31.03,87.5,100.0,0,SIMULATED
2026-10-19 00:15:00,standard,26.63,73.1,0.0,0,7.37,0.24,14.1,21.71,52.82,-31.11,87.5,100.0,0,SIMULATED
2026-10-19 00:30:00,standard,26.5,73.7,0.0,0,7.26,0.24,14.1,21.6,52.82,-31.22,87.5,100.0,0,SIMULATED
2026-10-19 00:45:00,standard,26.39,74.2,0.0,0,7.2,0.24,14.1,21.54,52.82,-31.28,87.5,100.0,0,SIMULATED
2026-10-19 01:00:00,standard,26.29,74.7,0.0,0,7.13,0.24,14.1,21.47,52.82,-31.35,87.5,100.0,0,SIMULATED
2026-10-19 01:15:00,standard,26.2,75.1,0.0,0,7.05,0.24,14.1,21.39,52.82,-31.43,87.5,100.0,0,SIMULATED
2026-10-19 01:30:00,standard,26.13,75.4,0.0,0,7.0,0.24,14.1,21.34,52.82,-31.48,87.5,100.0,0,SIMULATED
2026-10-19 01:45:00,standard,26.07,75.7,0.0,0,6.95,0.24,14.1,21.29,52.82,-31.53,87.5,100.0,0,SIMULATED
2026-10-19 02:00:00,standard,26.03,75.9,0.0,0,6.92,0.24,14.1,21.26,52.82,-31.56,87.5,100.0,0,SIMULATED
2026-10-19 02:15:00,standard,26.01,76.0,0.0,0,6.89,0.24,14.1,21.23,52.82,-31.59,87.5,100.0,0,SIMULATED
2026-10-19 02:30:00,standard,26.0,76.0,0.0,0,6.87,0.24,14.1,21.21,52.82,-31.61,87.5,100.0,0,SIMULATED
2026-10-19 02:45:00,standard,26.01,76.0,0.0,0,6.87,0.24,14.1,21.21,52.82,-31.61,87.5,100.0,0,SIMULATED
2026-10-19 03:00:00,standard,26.03,75.9,0.0,0,6.86,0.24,14.1,21.2,52.82,-31.62,87.5,100.0,0,SIMULATED
2026-10-19 03:15:00,standard,26.07,75.7,0.0,0,6.87,0.24,14.1,21.21,52.82,-31.61,87.5,100.0,0,SIMULATED
2026-10-19 03:30:00,standard,26.13,75.4,0.0,0,6.9,0.24,14.1,21.24,52.82,-31.58,87.5,100.0,0,SIMULATED
2026-10-19 03:45:00,standard,26.2,75.1,0.0,0,6.93,0.24,14.1,21.27,52.82,-31.55,87.5,100.0,0,SIMULATED
2026-10-19 04:00:00,standard,26.29,74.7,0.0,0,6.97,0.24,14.1,21.31,52.82,-31.51,87.5,100.0,0,SIMULATED
2026-10-19 04:15:00,standard,26.39,74.2,0.0,0,7.03,0.24,14.1,21.37,52.82,-31.45,87.5,100.0,0,SIMULATED
2026-10-19 04:30:00,standard,26.5,73.7,0.0,0,7.07,0.24,14.1,21.41,52.82,-31.41,87.5,100.0,0,SIMULATED
2026-10-19 04:45:00,standard,26.63,73.1,0.0,0,7.15,0.24,14.1,21.49,52.82,-31.33,87.5,100.0,0,SIMULATED
2026-10-19 05:00:00,standard,26.77,72.5,0.0,0,7.21,0.24,14.1,21.55,52.82,-31.27,87.5,100.0,0,SIMULATED
2026-10-19 05:15:00,standard,26.93,71.8,0.0,0,7.31,0.24,14.1,21.65,52.82,-31.17,87.5,100.0,0,SIMULATED
2026-10-19 05:30:00,standard,27.1,71.0,0.0,0,7.42,0.24,14.1,21.76,52.82,-31.06,87.5,100.0,0,SIMULATED
2026-10-19 05:45:00,standard,27.28,70.2,0.0,0,7.49,0.24,14.1,21.83,52.82,-30.99,87.5,100.0,0,SIMULATED
2026-10-19 06:00:00,standard,27.47,69.3,0.0,0,7.6,0.24,14.1,21.94,52.82,-30.88,87.5,100.0,0,SIMULATED
2026-10-19 06:15:00,standard,27.67,68.4,53.4,0,8.31,0.24,14.1,22.65,52.82,-30.17,87.5,100.0,0,SIMULATED
2026-10-19 06:30:00,standard,27.88,67.5,106.5,0,9.0,0.24,14.1,23.34,52.82,-29.48,87.5,100.0,0,SIMULATED
2026-10-19 06:45:00,standard,28.09,66.5,159.3,0,9.7,0.24,14.1,24.04,52.94,-28.9,87.5,100.0,0,SIMULATED
2026-10-19 07:00:00,standard,28.31,65.5,211.4,0,10.7,1.52,14.1,26.33,53.22,-26.89,87.5,100.0,0,SIMULATED
2026-10-19 07:15:00,standard,28.54,64.5,262.7,0,11.4,1.52,14.1,27.03,53.49,-26.46,87.5,100.0,0,SIMULATED
2026-10-19 07:30:00,standard,28.78,63.4,312.9,0,12.11,1.52,14.1,27.72,53.8,-26.08,87.5,100.0,0,SIMULATED
2026-10-19 07:45:00,standard,29.02,62.3,361.9,0,12.8,1.52,14.1,28.42,54.1,-25.68,87.5,100.0,0,SIMULATED
2026-10-19 08:00:00,standard,29.26,61.2,409.5,3,13.68,1.85,14.1,29.62,54.42,-24.8,87.5,100.0,0,SIMULATED
2026-10-19 08:15:00,standard,29.5,60.1,455.5,6,14.76,3.21,14.1,32.06,54.7,-22.64,87.5,100.0,0,SIMULATED
2026-10-19 08:30:00,standard,29.75,59.0,499.6,14,15.85,3.99,14.1,33.93,55.02,-21.09,87.5,100.0,0,SIMULATED
2026-10-19 08:45:00,standard,30.0,57.9,541.8,18,16.79,5.09,14.1,35.98,55.34,-19.36,87.5,100.0,0,SIMULATED
2026-10-19 09:00:00,standard,30.24,56.8,581.9,46,17.53,6.0,14.1,37.63,55.64,-18.01,87.5,100.0,0,SIMULATED
2026-10-19 09:15:00,standard,30.48,55.7,619.6,47,17.7,6.0,14.1,37.8,55.93,-18.13,87.5,100.0,0,SIMULATED
2026-10-19 09:30:00,standard,30.72,54.6,654.9,71,18.36,6.6,14.1,39.06,56.24,-17.18,87.5,100.0,0,SIMULATED
2026-10-19 09:45:00,standard,30.96,53.5,687.7,69,18.47,6.6,14.1,39.17,56.51,-17.34,87.5,100.0,0,SIMULATED
2026-10-19 10:00:00,standard,31.19,52.5,717.7,78,18.83,6.42,14.1,39.35,56.82,-17.47,87.5,100.0,0,SIMULATED
2026-10-19 10:15:00,standard,31.41,51.5,744.9,80,18.89,6.42,14.1,39.41,57.1,-17.69,87.5,100.0,0,SIMULATED
2026-10-19 10:30:00,standard,31.62,50.5,769.1,70,18.61,5.82,14.1,38.53,57.36,-18.83,87.5,100.0,0,SIMULATED
2026-10-19 10:45:00,standard,31.83,49.6,790.3,70,18.68,5.82,14.1,38.6,57.62,-19.02,87.5,100.0,0,SIMULATED
2026-10-19 11:00:00,standard,32.03,48.7,808.4,75,18.83,5.82,14.1,38.75,57.87,-19.12,87.5,100.0,0,SIMULATED
2026-10-19 11:15:00,standard,32.22,47.8,823.3,71,18.89,5.82,14.1,38.81,58.1,-19.29,87.5,100.0,0,SIMULATED
2026-10-19 11:30:00,standard,32.4,47.0,834.9,81,19.38,6.42,14.1,39.9,58.31,-18.41,87.5,100.0,0,SIMULATED
2026-10-19 11:45:00,standard,32.57,46.2,843.3,68,18.89,5.82,14.1,38.81,58.53,-19.72,87.5,100.0,0,SIMULATED
2026-10-19 12:00:00,standard,32.73,45.5,848.3,90,19.87,6.6,14.1,40.57,58.74,-18.17,87.5,100.0,0,SIMULATED
2026-10-19 12:15:00,standard,32.87,44.9,850.0,92,19.93,6.6,14.1,40.63,58.92,-18.29,87.5,100.0,0,SIMULATED
2026-10-19 12:30:00,standard,33.0,44.3,848.3,74,19.58,6.0,14.1,39.68,59.07,-19.39,87.5,100.0,0,SIMULATED
2026-10-19 12:45:00,standard,33.11,43.8,843.3,70,19.58,6.0,14.1,39.68,59.22,-19.54,87.5,100.0,0,SIMULATED
2026-10-19 13:00:00,standard,33.21,43.3,834.9,64,19.63,6.0,14.1,39.73,59.34,-19.61,87.5,100.0,0,SIMULATED
2026-10-19 13:15:00,standard,33.3,42.9,823.3,64,19.7,6.0,14.1,39.8,59.46,-19.66,87.5,100.0,0,SIMULATED
2026-10-19 13:30:00,standard,33.37,42.6,808.4,76,20.21,6.6,14.1,40.91,59.54,-18.63,87.5,100.0,0,SIMULATED
2026-10-19 13:45:00,standard,33.43,42.3,790.3,75,20.25,6.6,14.1,40.95,59.62,-18.67,87.5,100.0,0,SIMULATED
2026-10-19 14:00:00,standard,33.47,42.1,769.1,72,19.68,6.5,14.1,40.28,59.67,-19.39,75.0,100.0,1,SIMULATED
2026-10-19 14:15:00,standard,33.49,42.0,744.9,73,19.64,6.5,14.1,40.24,59.7,-19.46,75.0,100.0,1,SIMULATED
2026-10-19 14:30:00,standard,33.5,42.0,717.7,71,19.62,6.5,14.1,40.22,59.7,-19.48,62.5,100.0,1,SIMULATED
2026-10-19 14:45:00,standard,33.49,42.0,687.7,70,19.61,6.5,14.1,40.21,59.7,-19.49,62.5,100.0,1,SIMULATED
2026-10-19 15:00:00,standard,33.47,42.1,654.9,72,19.48,5.82,14.1,39.4,59.67,-20.27,62.5,100.0,0,SIMULATED
2026-10-19 15:15:00,standard,33.43,42.3,619.6,71,19.44,5.82,14.1,39.36,59.62,-20.26,62.5,100.0,0,SIMULATED
2026-10-19 15:30:00,standard,33.37,42.6,581.9,72,19.44,6.0,14.1,39.54,59.54,-20.0,62.5,100.0,0,SIMULATED
2026-10-19 15:45:00,standard,33.3,42.9,541.8,70,19.38,6.0,14.1,39.48,59.46,-19.98,62.5,100.0,0,SIMULATED
2026-10-19 16:00:00,standard,33.21,43.3,499.6,69,19.34,6.0,14.1,39.44,59.34,-19.9,62.5,100.0,0,SIMULATED
2026-10-19 16:15:00,standard,33.11,43.8,455.5,71,19.32,6.0,14.1,39.42,59.22,-19.8,62.5,100.0,0,SIMULATED
2026-10-19 16:30:00,standard,33.0,44.3,409.5,76,19.61,6.6,14.1,40.31,59.07,-18.76,62.5,100.0,0,SIMULATED
2026-10-19 16:45:00,standard,32.87,44.9,361.9,78,19.54,6.6,14.1,40.24,58.92,-18.68,62.5,100.0,0,SIMULATED
2026-10-19 17:00:00,standard,32.73,45.5,312.9,63,18.86,6.6,14.1,39.56,58.74,-19.18,62.5,100.0,0,SIMULATED
2026-10-19 17:15:00,standard,32.57,46.2,262.7,65,18.6,6.6,14.1,39.3,58.53,-19.23,62.5,100.0,0,SIMULATED
2026-10-19 17:30:00,standard,32.4,47.0,211.4,58,17.95,6.0,14.1,38.05,58.31,-20.26,62.5,100.0,0,SIMULATED
2026-10-19 17:45:00,standard,32.22,47.8,159.3,57,17.69,6.0,14.1,37.79,58.1,-20.31,62.5,100.0,0,SIMULATED
2026-10-19 18:00:00,standard,32.03,48.7,106.5,52,17.37,6.0,14.1,37.47,57.87,-20.4,62.5,100.0,0,SIMULATED
2026-10-19 18:15:00,standard,31.83,49.6,53.4,47,17.06,6.0,14.1,37.16,57.62,-20.46,75.0,100.0,0,SIMULATED
2026-10-19 18:30:00,standard,31.62,50.5,0.0,40,16.43,5.09,14.1,35.62,57.36,-21.74,87.5,100.0,0,SIMULATED
2026-10-19 18:45:00,standard,31.41,51.5,0.0,33,15.96,5.09,14.1,35.15,57.1,-21.95,87.5,100.0,0,SIMULATED
2026-10-19 19:00:00,standard,31.19,52.5,0.0,21,15.11,3.98,14.1,33.19,56.82,-23.63,87.5,100.0,0,SIMULATED
2026-10-19 19:15:00,standard,30.96,53.5,0.0,15,14.7,3.98,14.1,32.78,56.51,-23.73,87.5,100.0,0,SIMULATED
2026-10-19 19:30:00,standard,30.72,54.6,0.0,9,13.79,2.62,14.1,30.51,56.24,-25.73,87.5,100.0,0,SIMULATED
2026-10-19 19:45:00,standard,30.48,55.7,0.0,8,13.32,2.62,14.1,30.04,55.93,-25.89,87.5,100.0,0,SIMULATED
2026-10-19 20:00:00,standard,30.24,56.8,0.0,4,12.56,1.6,14.1,28.26,55.64,-27.38,87.5,100.0,0,SIMULATED
2026-10-19 20:15:00,standard,30.0,57.9,0.0,2,12.09,1.6,14.1,27.79,55.34,-27.55,87.5,100.0,0,SIMULATED
2026-10-19 20:30:00,standard,29.75,59.0,0.0,0,11.34,0.24,14.1,25.68,55.02,-29.34,87.5,100.0,0,SIMULATED
2026-10-19 20:45:00,standard,29.5,60.1,0.0,0,10.99,0.24,14.1,25.33,54.7,-29.37,87.5,100.0,0,SIMULATED
2026-10-19 21:00:00,standard,29.26,61.2,0.0,0,10.66,0.24,14.1,25.0,54.42,-29.42,87.5,100.0,0,SIMULATED
2026-10-19 21:15:00,standard,29.02,62.3,0.0,0,10.34,0.24,14.1,24.68,54.1,-29.42,87.5,100.0,0,SIMULATED
2026-10-19 21:30:00,standard,28.78,63.4,0.0,0,10.06,0.24,14.1,24.4,53.8,-29.4,87.5,100.0,0,SIMULATED
2026-10-19 21:45:00,standard,28.54,64.5,0.0,0,9.77,0.24,14.1,24.11,53.49,-29.38,87.5,100.0,0,SIMULATED
2026-10-19 22:00:00,standard,28.31,65.5,0.0,0,9.51,0.24,14.1,23.85,53.22,-29.37,87.5,100.0,0,SIMULATED
2026-10-19 22:15:00,standard,28.09,66.5,0.0,0,9.23,0.24,14.1,23.57,52.94,-29.37,87.5,100.0,0,SIMULATED
2026-10-19 22:30:00,standard,27.88,67.5,0.0,0,9.01,0.24,14.1,23.35,52.82,-29.47,87.5,100.0,0,SIMULATED
2026-10-19 22:45:00,standard,27.67,68.4,0.0,0,8.81,0.24,14.1,23.15,52.82,-29.67,87.5,100.0,0,SIMULATED
2026-10-19 23:00:00,standard,27.47,69.3,0.0,0,8.6,0.24,14.1,22.94,52.82,-29.88,87.5,100.0,0,SIMULATED
2026-10-19 23:15:00,standard,27.28,70.2,0.0,0,8.4,0.24,14.1,22.74,52.82,-30.08,87.5,100.0,0,SIMULATED
2026-10-19 23:30:00,standard,27.1,71.0,0.0,0,8.24,0.24,14.1,22.58,52.82,-30.24,87.5,100.0,0,SIMULATED
2026-10-19 23:45:00,standard,26.93,71.8,0.0,0,8.07,0.24,14.1,22.41,52.82,-30.41,87.5,100.0,0,SIMULATED
2026-10-20 00:00:00,standard,26.77,72.5,0.0,0,7.9,0.24,14.1,22.24,52.82,-30.58,87.5,100.0,0,SIMULATED
2026-10-20 00:15:00,standard,26.63,73.1,0.0,0,7.79,0.24,14.1,22.13,52.82,-30.69,87.5,100.0,0,SIMULATED
2026-10-20 00:30:00,standard,26.5,73.7,0.0,0,7.65,0.24,14.1,21.99,52.82,-30.83,87.5,100.0,0,SIMULATED
2026-10-20 00:45:00,standard,26.39,74.2,0.0,0,7.55,0.24,14.1,21.89,52.82,-30.93,87.5,100.0,0,SIMULATED
2026-10-20 01:00:00,standard,26.29,74.7,0.0,0,7.45,0.24,14.1,21.79,52.82,-31.03,87.5,100.0,0,SIMULATED
2026-10-20 01:15:00,standard,26.2,75.1,0.0,0,7.35,0.24,14.1,21.69,52.82,-31.13,87.5,100.0,0,SIMULATED
2026-10-20 01:30:00,standard,26.13,75.4,0.0,0,7.28,0.24,14.1,21.62,52.82,-31.2,87.5,100.0,0,SIMULATED
2026-10-20 01:45:00,standard,26.07,75.7,0.0,0,7.2,0.24,14.1,21.54,52.82,-31.28,87.5,100.0,0,SIMULATED
2026-10-20 02:00:00,standard,26.03,75.9,0.0,0,7.15,0.24,14.1,21.49,52.82,-31.33,87.5,100.0,0,SIMULATED
2026-10-20 02:15:00,standard,26.01,76.0,0.0,0,7.11,0.24,14.1,21.45,52.82,-31.37,87.5,100.0,0,SIMULATED
2026-10-20 02:30:00,standard,26.0,76.0,0.0,0,7.08,0.24,14.1,21.42,52.82,-31.4,87.5,100.0,0,SIMULATED
2026-10-20 02:45:00,standard,26.01,76.0,0.0,0,7.06,0.24,14.1,21.4,52.82,-31.42,87.5,100.0,0,SIMULATED
2026-10-20 03:00:00,standard,26.03,75.9,0.0,0,7.04,0.24,14.1,21.38,52.82,-31.44,87.5,100.0,0,SIMULATED
2026-10-20 03:15:00,standard,26.07,75.7,0.0,0,7.03,0.24,14.1,21.37,52.82,-31.45,87.5,100.0,0,SIMULATED
2026-10-20 03:30:00,standard,26.13,75.4,0.0,0,7.05,0.24,14.1,21.39,52.82,-31.43,87.5,100.0,0,SIMULATED
2026-10-20 03:45:00,standard,26.2,75.1,0.0,0,7.07,0.24,14.1,21.41,52.82,-31.41,87.5,100.0,0,SIMULATED
2026-10-20 04:00:00,standard,26.29,74.7,0.0,0,7.11,0.24,14.1,21.45,52.82,-31.37,87.5,100.0,0,SIMULATED
2026-10-20 04:15:00,standard,26.39,74.2,0.0,0,7.14,0.24,14.1,21.48,52.82,-31.34,87.5,100.0,0,SIMULATED
2026-10-20 04:30:00,standard,26.5,73.7,0.0,0,7.18,0.24,14.1,21.52,52.82,-31.3,87.5,100.0,0,SIMULATED
2026-10-20 04:45:00,standard,26.63,73.1,0.0,0,7.24,0.24,14.1,21.58,52.82,-31.24,87.5,100.0,0,SIMULATED
2026-10-20 05:00:00,standard,26.77,72.5,0.0,0,7.28,0.24,14.1,21.62,52.82,-31.2,87.5,100.0,0,SIMULATED
2026-10-20 05:15:00,standard,26.93,71.8,0.0,0,7.36,0.24,14.1,21.7,52.82,-31.12,87.5,100.0,0,SIMULATED
2026-10-20 05:30:00,standard,27.1,71.0,0.0,0,7.46,0.24,14.1,21.8,52.82,-31.02,87.5,100.0,0,SIMULATED
2026-10-20 05:45:00,standard,27.28,70.2,0.0,0,7.53,0.24,14.1,21.87,52.82,-30.95,87.5,100.0,0,SIMULATED
2026-10-20 06:00:00,standard,27.47,69.3,0.0,0,7.63,0.24,14.1,21.97,52.82,-30.85,87.5,100.0,0,SIMULATED
2026-10-20 06:15:00,standard,27.67,68.4,53.4,0,8.32,0.24,14.1,22.66,52.82,-30.16,87.5,100.0,0,SIMULATED
2026-10-20 06:30:00,standard,27.88,67.5,106.5,0,9.01,0.24,14.1,23.35,52.82,-29.47,87.5,100.0,0,SIMULATED
2026-10-20 06:45:00,standard,28.09,66.5,159.3,0,9.7,0.24,14.1,24.04,52.94,-28.9,87.5,100.0,0,SIMULATED
2026-10-20 07:00:00,standard,28.31,65.5,211.4,0,10.7,1.52,14.1,26.33,53.22,-26.89,87.5,100.0,0,SIMULATED
2026-10-20 07:15:00,standard,28.54,64.5,262.7,0,11.4,1.52,14.1,27.03,53.49,-26.46,87.5,100.0,0,SIMULATED
2026-10-20 07:30:00,standard,28.78,63.4,312.9,0,12.11,1.52,14.1,27.72,53.8,-26.08,87.5,100.0,0,SIMULATED
2026-10-20 07:45:00,standard,29.02,62.3,361.9,0,12.8,1.52,14.1,28.42,54.1,-25.68,87.5,100.0,0,SIMULATED
2026-10-20 08:00:00,standard,29.26,61.2,409.5,3,13.68,1.85,14.1,29.62,54.42,-24.8,87.5,100.0,0,SIMULATED
2026-10-20 08:15:00,standard,29.5,60.1,455.5,5,14.72,3.21,14.1,32.02,54.7,-22.68,87.5,100.0,0,SIMULATED
2026-10-20 08:30:00,standard,29.75,59.0,499.6,13,15.82,3.99,14.1,33.9,55.02,-21.12,87.5,100.0,0,SIMULATED
2026-10-20 08:45:00,standard,30.0,57.9,541.8,16,16.73,5.09,14.1,35.92,55.34,-19.42,87.5,100.0,0,SIMULATED
2026-10-20 09:00:00,standard,30.24,56.8,581.9,45,17.53,6.0,14.1,37.63,55.64,-18.01,87.5,100.0,0,SIMULATED
2026-10-20 09:15:00,standard,30.48,55.7,619.6,48,17.71,6.0,14.1,37.81,55.93,-18.12,87.5,100.0,0,SIMULATED
2026-10-20 09:30:00,standard,30.72,54.6,654.9,69,18.33,6.6,14.1,39.03,56.24,-17.21,87.5,100.0,0,SIMULATED
2026-10-20 09:45:00,standard,30.96,53.5,687.7,70,18.47,6.6,14.1,39.17,56.51,-17.34,87.5,100.0,0,SIMULATED
2026-10-20 10:00:00,standard,31.19,52.5,717.7,74,18.7,6.42,14.1,39.22,56.82,-17.6,87.5,100.0,0,SIMULATED
2026-10-20 10:15:00,standard,31.41,51.5,744.9,76,18.79,6.42,14.1,39.31,57.1,-17.79,87.5,100.0,0,SIMULATED
2026-10-20 10:30:00,standard,31.62,50.5,769.1,71,18.64,5.82,14.1,38.56,57.36,-18.8,87.5,100.0,0,SIMULATED
2026-10-20 10:45:00,standard,31.83,49.6,790.3,71,18.68,5.82,14.1,38.6,57.62,-19.02,87.5,100.0,0,SIMULATED
2026-10-20 11:00:00,standard,32.03,48.7,808.4,70,18.8,5.82,14.1,38.72,57.87,-19.15,87.5,100.0,0,SIMULATED
2026-10-20 11:15:00,standard,32.22,47.8,823.3,70,18.85,5.82,14.1,38.77,58.1,-19.33,87.5,100.0,0,SIMULATED
2026-10-20 11:30:00,standard,32.4,47.0,834.9,78,19.35,6.42,14.1,39.87,58.31,-18.44,87.5,100.0,0,SIMULATED
2026-10-20 11:45:00,standard,32.57,46.2,843.3,67,18.89,5.82,14.1,38.81,58.53,-19.72,87.5,100.0,0,SIMULATED
2026-10-20 12:00:00,standard,32.73,45.5,848.3,93,19.93,6.6,14.1,40.63,58.74,-18.11,87.5,100.0,0,SIMULATED
2026-10-20 12:15:00,standard,32.87,44.9,850.0,92,19.93,6.6,14.1,40.63,58.92,-18.29,87.5,100.0,0,SIMULATED
2026-10-20 12:30:00,standard,33.0,44.3,848.3,72,19.58,6.0,14.1,39.68,59.07,-19.39,87.5,100.0,0,SIMULATED
2026-10-20 12:45:00,standard,33.11,43.8,843.3,71,19.61,6.0,14.1,39.71,59.22,-19.51,87.5,100.0,0,SIMULATED
2026-10-20 13:00:00,standard,33.21,43.3,834.9,66,19.72,6.0,14.1,39.82,59.34,-19.52,87.5,100.0,0,SIMULATED
2026-10-20 13:15:00,standard,33.3,42.9,823.3,66,19.74,6.0,14.1,39.84,59.46,-19.62,87.5,100.0,0,SIMULATED
2026-10-20 13:30:00,standard,33.37,42.6,808.4,74,20.17,6.6,14.1,40.87,59.54,-18.67,87.5,100.0,0,SIMULATED
2026-10-20 13:45:00,standard,33.43,42.3,790.3,72,20.15,6.6,14.1,40.85,59.62,-18.77,87.5,100.0,0,SIMULATED
2026-10-20 14:00:00,standard,33.47,42.1,769.1,72,19.61,6.5,14.1,40.21,59.67,-19.46,75.0,100.0,1,SIMULATED
2026-10-20 14:15:00,standard,33.49,42.0,744.9,72,19.64,6.5,14.1,40.24,59.7,-19.46,75.0,100.0,1,SIMULATED
2026-10-20 14:30:00,standard,33.5,42.0,717.7,69,19.58,6.5,14.1,40.18,59.7,-19.52,62.5,100.0,1,SIMULATED
2026-10-20 14:45:00,standard,33.49,42.0,687.7,72,19.64,6.5,14.1,40.24,59.7,-19.46,62.5,100.0,1,SIMULATED
2026-10-20 15:00:00,standard,33.47,42.1,654.9,72,19.45,5.82,14.1,39.37,59.67,-20.3,62.5,100.0,0,SIMULATED
2026-10-20 15:15:00,standard,33.43,42.3,619.6,71,19.47,5.82,14.1,39.39,59.62,-20.23,62.5,100.0,0,SIMULATED
2026-10-20 15:30:00,standard,33.37,42.6,581.9,73,19.47,6.0,14.1,39.57,59.54,-19.97,62.5,100.0,0,SIMULATED
2026-10-20 15:45:00,standard,33.3,42.9,541.8,70,19.38,6.0,14.1,39.48,59.46,-19.98,62.5,100.0,0,SIMULATED
2026-10-20 16:00:00,standard,33.21,43.3,499.6,71,19.36,6.0,14.1,39.46,59.34,-19.88,62.5,100.0,0,SIMULATED
2026-10-20 16:15:00,standard,33.11,43.8,455.5,71,19.35,6.0,14.1,39.45,59.22,-19.77,62.5,100.0,0,SIMULATED
2026-10-20 16:30:00,standard,33.0,44.3,409.5,76,19.64,6.6,14.1,40.34,59.07,-18.73,62.5,100.0,0,SIMULATED
2026-10-20 16:45:00,standard,32.87,44.9,361.9,79,19.61,6.6,14.1,40.31,58.92,-18.61,62.5,100.0,0,SIMULATED
2026-10-20 17:00:00,standard,32.73,45.5,312.9,64,18.86,6.6,14.1,39.56,58.74,-19.18,62.5,100.0,0,SIMULATED
2026-10-20 17:15:00,standard,32.57,46.2,262.7,64,18.57,6.6,14.1,39.27,58.53,-19.26,62.5,100.0,0,SIMULATED
2026-10-20 17:30:00,standard,32.4,47.0,211.4,56,17.92,6.0,14.1,38.02,58.31,-20.29,62.5,100.0,0,SIMULATED
2026-10-20 17:45:00,standard,32.22,47.8,159.3,54,17.66,6.0,14.1,37.76,58.1,-20.34,62.5,100.0,0,SIMULATED
2026-10-20 18:00:00,standard,32.03,48.7,106.5,52,17.34,6.0,14.1,37.44,57.87,-20.43,62.5,100.0,0,SIMULATED
2026-10-20 18:15:00,standard,31.83,49.6,53.4,48,17.06,6.0,14.1,37.16,57.62,-20.46,75.0,100.0,0,SIMULATED
2026-10-20 18:30:00,standard,31.62,50.5,0.0,39,16.4,5.09,14.1,35.59,57.36,-21.77,87.5,100.0,0,SIMULATED
2026-10-20 18:45:00,standard,31.41,51.5,0.0,35,16.05,5.09,14.1,35.24,57.1,-21.86,87.5,100.0,0,SIMULATED
2026-10-20 19:00:00,standard,31.19,52.5,0.0,21,15.14,3.98,14.1,33.22,56.82,-23.6,87.5,100.0,0,SIMULATED
2026-10-20 19:15:00,standard,30.96,53.5,0.0,17,14.79,3.98,14.1,32.87,56.51,-23.64,87.5,100.0,0,SIMULATED
2026-10-20 19:30:00,standard,30.72,54.6,0.0,10,13.83,2.62,14.1,30.55,56.24,-25.69,87.5,100.0,0,SIMULATED
2026-10-20 19:45:00,standard,30.48,55.7,0.0,8,13.33,2.62,14.1,30.05,55.93,-25.88,87.5,100.0,0,SIMULATED
2026-10-20 20:00:00,standard,30.24,56.8,0.0,5,12.59,1.6,14.1,28.29,55.64,-27.35,87.5,100.0,0,SIMULATED
2026-10-20 20:15:00,standard,30.0,57.9,0.0,3,12.12,1.6,14.1,27.82,55.34,-27.52,87.5,100.0,0,SIMULATED
2026-10-20 20:30:00,standard,29.75,59.0,0.0,0,11.34,0.24,14.1,25.68,55.02,-29.34,87.5,100.0,0,SIMULATED
2026-10-20 20:45:00,standard,29.5,60.1,0.0,0,10.99,0.24,14.1,25.33,54.7,-29.37,87.5,100.0,0,SIMULATED
2026-10-20 21:00:00,standard,29.26,61.2,0.0,0,10.66,0.24,14.1,25.0,54.42,-29.42,87.5,100.0,0,SIMULATED
2026-10-20 21:15:00,standard,29.02,62.3,0.0,0,10.34,0.24,14.1,24.68,54.1,-29.42,87.5,100.0,0,SIMULATED
2026-10-20 21:30:00,standard,28.78,63.4,0.0,0,10.06,0.24,14.1,24.4,53.8,-29.4,87.5,100.0,0,SIMULATED
2026-10-20 21:45:00,standard,28.54,64.5,0.0,0,9.77,0.24,14.1,24.11,53.49,-29.38,87.5,100.0,0,SIMULATED
2026-10-20 22:00:00,standard,28.31,65.5,0.0,0,9.52,0.24,14.1,23.86,53.22,-29.36,87.5,100.0,0,SIMULATED
2026-10-20 22:15:00,standard,28.09,66.5,0.0,0,9.25,0.24,14.1,23.59,52.94,-29.35,87.5,100.0,0,SIMULATED
2026-10-20 22:30:00,standard,27.88,67.5,0.0,0,9.03,0.24,14.1,23.37,52.82,-29.45,87.5,100.0,0,SIMULATED
2026-10-20 22:45:00,standard,27.67,68.4,0.0,0,8.83,0.24,14.1,23.17,52.82,-29.65,87.5,100.0,0,SIMULATED
2026-10-20 23:00:00,standard,27.47,69.3,0.0,0,8.61,0.24,14.1,22.95,52.82,-29.87,87.5,100.0,0,SIMULATED
2026-10-20 23:15:00,standard,27.28,70.2,0.0,0,8.42,0.24,14.1,22.76,52.82,-30.06,87.5,100.0,0,SIMULATED
2026-10-20 23:30:00,standard,27.1,71.0,0.0,0,8.26,0.24,14.1,22.6,52.82,-30.22,87.5,100.0,0,SIMULATED
2026-10-20 23:45:00,standard,26.93,71.8,0.0,0,8.09,0.24,14.1,22.43,52.82,-30.39,87.5,100.0,0,SIMULATED
2026-10-21 00:00:00,standard,26.77,72.5,0.0,0,7.92,0.24,14.1,22.26,52.82,-30.56,87.5,100.0,0,SIMULATED
2026-10-21 00:15:00,standard,26.63,73.1,0.0,0,7.81,0.24,14.1,22.15,52.82,-30.67,87.5,100.0,0,SIMULATED
2026-10-21 00:30:00,standard,26.5,73.7,0.0,0,7.66,0.24,14.1,22.0,52.82,-30.82,87.5,100.0,0,SIMULATED
2026-10-21 00:45:00,standard,26.39,74.2,0.0,0,7.56,0.24,14.1,21.9,52.82,-30.92,87.5,100.0,0,SIMULATED
2026-10-21 01:00:00,standard,26.29,74.7,0.0,0,7.46,0.24,14.1,21.8,52.82,-31.02,87.5,100.0,0,SIMULATED
2026-10-21 01:15:00,standard,26.2,75.1,0.0,0,7.36,0.24,14.1,21.7,52.82,-31.12,87.5,100.0,0,SIMULATED
2026-10-21 01:30:00,standard,26.13,75.4,0.0,0,7.29,0.24,14.1,21.63,52.82,-31.19,87.5,100.0,0,SIMULATED
2026-10-21 01:45:00,standard,26.07,75.7,0.0,0,7.21,0.24,14.1,21.55,52.82,-31.27,87.5,100.0,0,SIMULATED
2026-10-21 02:00:00,standard,26.03,75.9,0.0,0,7.16,0.24,14.1,21.5,52.82,-31.32,87.5,100.0,0,SIMULATED
2026-10-21 02:15:00,standard,26.01,76.0,0.0,0,7.12,0.24,14.1,21.46,52.82,-31.36,87.5,100.0,0,SIMULATED
2026-10-21 02:30:00,standard,26.0,76.0,0.0,0,7.09,0.24,14.1,21.43,52.82,-31.39,87.5,100.0,0,SIMULATED
2026-10-21 02:45:00,standard,26.01,76.0,0.0,0,7.07,0.24,14.1,21.41,52.82,-31.41,87.5,100.0,0,SIMULATED
2026-10-21 03:00:00,standard,26.03,75.9,0.0,0,7.05,0.24,14.1,21.39,52.82,-31.43,87.5,100.0,0,SIMULATED
2026-10-21 03:15:00,standard,26.07,75.7,0.0,0,7.04,0.24,14.1,21.38,52.82,-31.44,87.5,100.0,0,SIMULATED
2026-10-21 03:30:00,standard,26.13,75.4,0.0,0,7.06,0.24,14.1,21.4,52.82,-31.42,87.5,100.0,0,SIMULATED
2026-10-21 03:45:00,standard,26.2,75.1,0.0,0,7.08,0.24,14.1,21.42,52.82,-31.4,87.5,100.0,0,SIMULATED
2026-10-21 04:00:00,standard,26.29,74.7,0.0,0,7.12,0.24,14.1,21.46,52.82,-31.36,87.5,100.0,0,SIMULATED
2026-10-21 04:15:00,standard,26.39,74.2,0.0,0,7.15,0.24,14.1,21.49,52.82,-31.33,87.5,100.0,0,SIMULATED
2026-10-21 04:30:00,standard,26.5,73.7,0.0,0,7.19,0.24,14.1,21.53,52.82,-31.29,87.5,100.0,0,SIMULATED
2026-10-21 04:45:00,standard,26.63,73.1,0.0,0,7.25,0.24,14.1,21.59,52.82,-31.23,87.5,100.0,0,SIMULATED
2026-10-21 05:00:00,standard,26.77,72.5,0.0,0,7.29,0.24,14.1,21.63,52.82,-31.19,87.5,100.0,0,SIMULATED
2026-10-21 05:15:00,standard,26.93,71.8,0.0,0,7.37,0.24,14.1,21.71,52.82,-31.11,87.5,100.0,0,SIMULATED
2026-10-21 05:30:00,standard,27.1,71.0,0.0,0,7.47,0.24,14.1,21.81,52.82,-31.01,87.5,100.0,0,SIMULATED
2026-10-21 05:45:00,standard,27.28,70.2,0.0,0,7.54,0.24,14.1,21.88,52.82,-30.94,87.5,100.0,0,SIMULATED
2026-10-21 06:00:00,standard,27.47,69.3,0.0,0,7.63,0.24,14.1,21.97,52.82,-30.85,87.5,100.0,0,SIMULATED
2026-10-21 06:15:00,standard,27.67,68.4,53.4,0,8.33,0.24,14.1,22.67,52.82,-30.15,87.5,100.0,0,SIMULATED
2026-10-21 06:30:00,standard,27.88,67.5,106.5,0,9.02,0.24,14.1,23.36,52.82,-29.46,87.5,100.0,0,SIMULATED
2026-10-21 06:45:00,standard,28.09,66.5,159.3,0,9.71,0.24,14.1,24.05,52.94,-28.89,87.5,100.0,0,SIMULATED
2026-10-21 07:00:00,standard,28.31,65.5,211.4,0,10.7,1.52,14.1,26.33,53.22,-26.89,87.5,100.0,0,SIMULATED
2026-10-21 07:15:00,standard,28.54,64.5,262.7,0,11.4,1.52,14.1,27.03,53.49,-26.46,87.5,100.0,0,SIMULATED
2026-10-21 07:30:00,standard,28.78,63.4,312.9,0,12.11,1.52,14.1,27.72,53.8,-26.08,87.5,100.0,0,SIMULATED
2026-10-21 07:45:00,standard,29.02,62.3,361.9,0,12.8,1.52,14.1,28.42,54.1,-25.68,87.5,100.0,0,SIMULATED
2026-10-21 08:00:00,standard,29.26,61.2,409.5,3,13.68,1.85,14.1,29.62,54.42,-24.8,87.5,100.0,0,SIMULATED
2026-10-21 08:15:00,standard,29.5,60.1,455.5,5,14.72,3.21,14.1,32.02,54.7,-22.68,87.5,100.0,0,SIMULATED
2026-10-21 08:30:00,standard,29.75,59.0,499.6,11,15.76,3.99,14.1,33.84,55.02,-21.18,87.5,100.0,0,SIMULATED
2026-10-21 08:45:00,standard,30.0,57.9,541.8,16,16.74,5.09,14.1,35.93,55.34,-19.41,87.5,100.0,0,SIMULATED
2026-10-21 09:00:00,standard,30.24,56.8,581.9,46,17.53,6.0,14.1,37.63,55.64,-18.01,87.5,100.0,0,SIMULATED
2026-10-21 09:15:00,standard,30.48,55.7,619.6,47,17.7,6.0,14.1,37.8,55.93,-18.13,87.5,100.0,0,SIMULATED
2026-10-21 09:30:00,standard,30.72,54.6,654.9,67,18.27,6.6,14.1,38.97,56.24,-17.27,87.5,100.0,0,SIMULATED
2026-10-21 09:45:00,standard,30.96,53.5,687.7,69,18.47,6.6,14.1,39.17,56.51,-17.34,87.5,100.0,0,SIMULATED
2026-10-21 10:00:00,standard,31.19,52.5,717.7,78,18.77,6.42,14.1,39.29,56.82,-17.53,87.5,100.0,0,SIMULATED
2026-10-21 10:15:00,standard,31.41,51.5,744.9,78,18.89,6.42,14.1,39.41,57.1,-17.69,87.5,100.0,0,SIMULATED
2026-10-21 10:30:00,standard,31.62,50.5,769.1,72,18.61,5.82,14.1,38.53,57.36,-18.83,87.5,100.0,0,SIMULATED
2026-10-21 10:45:00,standard,31.83,49.6,790.3,72,18.71,5.82,14.1,38.63,57.62,-18.99,87.5,100.0,0,SIMULATED
2026-10-21 11:00:00,standard,32.03,48.7,808.4,70,18.77,5.82,14.1,38.69,57.87,-19.18,87.5,100.0,0,SIMULATED
2026-10-21 11:15:00,standard,32.22,47.8,823.3,73,18.88,5.82,14.1,38.8,58.1,-19.3,87.5,100.0,0,SIMULATED
2026-10-21 11:30:00,standard,32.4,47.0,834.9,80,19.38,6.42,14.1,39.9,58.31,-18.41,87.5,100.0,0,SIMULATED
2026-10-21 11:45:00,standard,32.57,46.2,843.3,67,18.92,5.82,14.1,38.84,58.53,-19.69,87.5,100.0,0,SIMULATED
2026-10-21 12:00:00,standard,32.73,45.5,848.3,93,19.9,6.6,14.1,40.6,58.74,-18.14,87.5,100.0,0,SIMULATED
2026-10-21 12:15:00,standard,32.87,44.9,850.0,93,19.96,6.6,14.1,40.66,58.92,-18.26,87.5,100.0,0,SIMULATED
2026-10-21 12:30:00,standard,33.0,44.3,848.3,71,19.55,6.0,14.1,39.65,59.07,-19.42,87.5,100.0,0,SIMULATED
2026-10-21 12:45:00,standard,33.11,43.8,843.3,72,19.61,6.0,14.1,39.71,59.22,-19.51,87.5,100.0,0,SIMULATED
2026-10-21 13:00:00,standard,33.21,43.3,834.9,67,19.73,6.0,14.1,39.83,59.34,-19.51,87.5,100.0,0,SIMULATED
2026-10-21 13:15:00,standard,33.3,42.9,823.3,68,19.73,6.0,14.1,39.83,59.46,-19.63,87.5,100.0,0,SIMULATED
2026-10-21 13:30:00,standard,33.37,42.6,808.4,74,20.14,6.6,14.1,40.84,59.54,-18.7,87.5,100.0,0,SIMULATED
2026-10-21 13:45:00,standard,33.43,42.3,790.3,73,20.15,6.6,14.1,40.85,59.62,-18.77,87.5,100.0,0,SIMULATED
2026-10-21 14:00:00,standard,33.47,42.1,769.1,73,19.68,6.5,14.1,40.28,59.67,-19.39,75.0,100.0,1,SIMULATED
2026-10-21 14:15:00,standard,33.49,42.0,744.9,72,19.65,6.5,14.1,40.25,59.7,-19.45,75.0,100.0,1,SIMULATED
2026-10-21 14:30:00,standard,33.5,42.0,717.7,73,19.68,6.5,14.1,40.28,59.7,-19.42,62.5,100.0,1,SIMULATED
2026-10-21 14:45:00,standard,33.49,42.0,687.7,73,19.64,6.5,14.1,40.24,59.7,-19.46,62.5,100.0,1,SIMULATED
2026-10-21 15:00:00,standard,33.47,42.1,654.9,70,19.45,5.82,14.1,39.37,59.67,-20.3,62.5,100.0,0,SIMULATED
2026-10-21 15:15:00,standard,33.43,42.3,619.6,74,19.5,5.82,14.1,39.42,59.62,-20.2,62.5,100.0,0,SIMULATED
2026-10-21 15:30:00,standard,33.37,42.6,581.9,70,19.44,6.0,14.1,39.54,59.54,-20.0,62.5,100.0,0,SIMULATED
2026-10-21 15:45:00,standard,33.3,42.9,541.8,69,19.37,6.0,14.1,39.47,59.46,-19.99,62.5,100.0,0,SIMULATED
2026-10-21 16:00:00,standard,33.21,43.3,499.6,72,19.36,6.0,14.1,39.46,59.34,-19.88,62.5,100.0,0,SIMULATED
2026-10-21 16:15:00,standard,33.11,43.8,455.5,70,19.32,6.0,14.1,39.42,59.22,-19.8,62.5,100.0,0,SIMULATED
2026-10-21 16:30:00,standard,33.0,44.3,409.5,80,19.68,6.6,14.1,40.38,59.07,-18.69,62.5,100.0,0,SIMULATED
2026-10-21 16:45:00,standard,32.87,44.9,361.9,78,19.58,6.6,14.1,40.28,58.92,-18.64,62.5,100.0,0,SIMULATED
2026-10-21 17:00:00,standard,32.73,45.5,312.9,69,19.01,6.6,14.1,39.71,58.74,-19.03,62.5,100.0,0,SIMULATED
2026-10-21 17:15:00,standard,32.57,46.2,262.7,65,18.62,6.6,14.1,39.32,58.53,-19.21,62.5,100.0,0,SIMULATED
2026-10-21 17:30:00,standard,32.4,47.0,211.4,59,17.99,6.0,14.1,38.09,58.31,-20.22,62.5,100.0,0,SIMULATED
2026-10-21 17:45:00,standard,32.22,47.8,159.3,52,17.6,6.0,14.1,37.7,58.1,-20.4,62.5,100.0,0,SIMULATED
2026-10-21 18:00:00,standard,32.03,48.7,106.5,52,17.35,6.0,14.1,37.45,57.87,-20.42,62.5,100.0,0,SIMULATED
2026-10-21 18:15:00,standard,31.83,49.6,53.4,46,17.04,6.0,14.1,37.14,57.62,-20.48,75.0,100.0,0,SIMULATED
2026-10-21 18:30:00,standard,31.62,50.5,0.0,39,16.41,5.09,14.1,35.6,57.36,-21.76,87.5,100.0,0,SIMULATED
2026-10-21 18:45:00,standard,31.41,51.5,0.0,34,16.04,5.09,14.1,35.23,57.1,-21.87,87.5,100.0,0,SIMULATED
2026-10-21 19:00:00,standard,31.19,52.5,0.0,21,15.13,3.98,14.1,33.21,56.82,-23.61,87.5,100.0,0,SIMULATED
2026-10-21 19:15:00,standard,30.96,53.5,0.0,16,14.78,3.98,14.1,32.86,56.51,-23.65,87.5,100.0,0,SIMULATED
2026-10-21 19:30:00,standard,30.72,54.6,0.0,10,13.86,2.62,14.1,30.58,56.24,-25.66,87.5,100.0,0,SIMULATED
2026-10-21 19:45:00,standard,30.48,55.7,0.0,7,13.33,2.62,14.1,30.05,55.93,-25.88,87.5,100.0,0,SIMULATED
2026-10-21 20:00:00,standard,30.24,56.8,0.0,5,12.62,1.6,14.1,28.32,55.64,-27.32,87.5,100.0,0,SIMULATED
2026-10-21 20:15:00,standard,30.0,57.9,0.0,2,12.12,1.6,14.1,27.82,55.34,-27.52,87.5,100.0,0,SIMULATED
2026-10-21 20:30:00,standard,29.75,59.0,0.0,0,11.37,0.24,14.1,25.71,55.02,-29.31,87.5,100.0,0,SIMULATED
2026-10-21 20:45:00,standard,29.5,60.1,0.0,0,11.02,0.24,14.1,25.36,54.7,-29.34,87.5,100.0,0,SIMULATED
2026-10-21 21:00:00,standard,29.26,61.2,0.0,0,10.69,0.24,14.1,25.03,54.42,-29.39,87.5,100.0,0,SIMULATED
2026-10-21 21:15:00,standard,29.02,62.3,0.0,0,10.36,0.24,14.1,24.7,54.1,-29.4,87.5,100.0,0,SIMULATED
2026-10-21 21:30:00,standard,28.78,63.4,0.0,0,10.09,0.24,14.1,24.43,53.8,-29.37,87.5,100.0,0,SIMULATED
2026-10-21 21:45:00,standard,28.54,64.5,0.0,0,9.79,0.24,14.1,24.13,53.49,-29.36,87.5,100.0,0,SIMULATED
2026-10-21 22:00:00,standard,28.31,65.5,0.0,0,9.53,0.24,14.1,23.87,53.22,-29.35,87.5,100.0,0,SIMULATED
2026-10-21 22:15:00,standard,28.09,66.5,0.0,0,9.25,0.24,14.1,23.59,52.94,-29.35,87.5,100.0,0,SIMULATED
2026-10-21 22:30:00,standard,27.88,67.5,0.0,0,9.03,0.24,14.1,23.37,52.82,-29.45,87.5,100.0,0,SIMULATED
2026-10-21 22:45:00,standard,27.67,68.4,0.0,0,8.83,0.24,14.1,23.17,52.82,-29.65,87.5,100.0,0,SIMULATED
2026-10-21 23:00:00,standard,27.47,69.3,0.0,0,8.61,0.24,14.1,22.95,52.82,-29.87,87.5,100.0,0,SIMULATED
2026-10-21 23:15:00,standard,27.28,70.2,0.0,0,8.42,0.24,14.1,22.76,52.82,-30.06,87.5,100.0,0,SIMULATED
2026-10-21 23:30:00,standard,27.1,71.0,0.0,0,8.26,0.24,14.1,22.6,52.82,-30.22,87.5,100.0,0,SIMULATED
2026-10-21 23:45:00,standard,26.93,71.8,0.0,0,8.09,0.24,14.1,22.43,52.82,-30.39,87.5,100.0,0,SIMULATED
2026-10-22 00:00:00,standard,26.77,72.5,0.0,0,7.91,0.24,14.1,22.25,52.82,-30.57,87.5,100.0,0,SIMULATED
2026-10-22 00:15:00,standard,26.63,73.1,0.0,0,7.8,0.24,14.1,22.14,52.82,-30.68,87.5,100.0,0,SIMULATED
2026-10-22 00:30:00,standard,26.5,73.7,0.0,0,7.66,0.24,14.1,22.0,52.82,-30.82,87.5,100.0,0,SIMULATED
2026-10-22 00:45:00,standard,26.39,74.2,0.0,0,7.56,0.24,14.1,21.9,52.82,-30.92,87.5,100.0,0,SIMULATED
2026-10-22 01:00:00,standard,26.29,74.7,0.0,0,7.46,0.24,14.1,21.8,52.82,-31.02,87.5,100.0,0,SIMULATED
2026-10-22 01:15:00,standard,26.2,75.1,0.0,0,7.36,0.24,14.1,21.7,52.82,-31.12,87.5,100.0,0,SIMULATED
2026-10-22 01:30:00,standard,26.13,75.4,0.0,0,7.29,0.24,14.1,21.63,52.82,-31.19,87.5,100.0,0,SIMULATED
2026-10-22 01:45:00,standard,26.07,75.7,0.0,0,7.21,0.24,14.1,21.55,52.82,-31.27,87.5,100.0,0,SIMULATED
2026-10-22 02:00:00,standard,26.03,75.9,0.0,0,7.16,0.24,14.1,21.5,52.82,-31.32,87.5,100.0,0,SIMULATED
2026-10-22 02:15:00,standard,26.01,76.0,0.0,0,7.12,0.24,14.1,21.46,52.82,-31.36,87.5,100.0,0,SIMULATED
2026-10-22 02:30:00,standard,26.0,76.0,0.0,0,7.09,0.24,14.1,21.43,52.82,-31.39,87.5,100.0,0,SIMULATED
2026-10-22 02:45:00,standard,26.01,76.0,0.0,0,7.07,0.24,14.1,21.41,52.82,-31.41,87.5,100.0,0,SIMULATED
2026-10-22 03:00:00,standard,26.03,75.9,0.0,0,7.05,0.24,14.1,21.39,52.82,-31.43,87.5,100.0,0,SIMULATED
2026-10-22 03:15:00,standard,26.07,75.7,0.0,0,7.04,0.24,14.1,21.38,52.82,-31.44,87.5,100.0,0,SIMULATED
2026-10-22 03:30:00,standard,26.13,75.4,0.0,0,7.06,0.24,14.1,21.4,52.82,-31.42,87.5,100.0,0,SIMULATED
2026-10-22 03:45:00,standard,26.2,75.1,0.0,0,7.08,0.24,14.1,21.42,52.82,-31.4,87.5,100.0,0,SIMULATED
2026-10-22 04:00:00,standard,26.29,74.7,0.0,0,7.12,0.24,14.1,21.46,52.82,-31.36,87.5,100.0,0,SIMULATED
2026-10-22 04:15:00,standard,26.39,74.2,0.0,0,7.15,0.24,14.1,21.49,52.82,-31.33,87.5,100.0,0,SIMULATED
2026-10-22 04:30:00,standard,26.5,73.7,0.0,0,7.19,0.24,14.1,21.53,52.82,-31.29,87.5,100.0,0,SIMULATED
2026-10-22 04:45:00,standard,26.63,73.1,0.0,0,7.25,0.24,14.1,21.59,52.82,-31.23,87.5,100.0,0,SIMULATED
2026-10-22 05:00:00,standard,26.77,72.5,0.0,0,7.29,0.24,14.1,21.63,52.82,-31.19,87.5,100.0,0,SIMULATED
2026-10-22 05:15:00,standard,26.93,71.8,0.0,0,7.37,0.24,14.1,21.71,52.82,-31.11,87.5,100.0,0,SIMULATED
2026-10-22 05:30:00,standard,27.1,71.0,0.0,0,7.47,0.24,14.1,21.81,52.82,-31.01,87.5,100.0,0,SIMULATED
2026-10-22 05:45:00,standard,27.28,70.2,0.0,0,7.54,0.24,14.1,21.88,52.82,-30.94,87.5,100.0,0,SIMULATED
2026-10-22 06:00:00,standard,27.47,69.3,0.0,0,7.63,0.24,14.1,21.97,52.82,-30.85,87.5,100.0,0,SIMULATED
2026-10-22 06:15:00,standard,27.67,68.4,53.4,0,8.33,0.24,14.1,22.67,52.82,-30.15,87.5,100.0,0,SIMULATED
2026-10-22 06:30:00,standard,27.88,67.5,106.5,0,9.02,0.24,14.1,23.36,52.82,-29.46,87.5,100.0,0,SIMULATED
2026-10-22 06:45:00,standard,28.09,66.5,159.3,0,9.71,0.24,14.1,24.05,52.94,-28.89,87.5,100.0,0,SIMULATED
2026-10-22 07:00:00,standard,28.31,65.5,211.4,0,10.7,1.52,14.1,26.33,53.22,-26.89,87.5,100.0,0,SIMULATED
2026-10-22 07:15:00,standard,28.54,64.5,262.7,0,11.4,1.52,14.1,27.03,53.49,-26.46,87.5,100.0,0,SIMULATED
2026-10-22 07:30:00,standard,28.78,63.4,312.9,0,12.11,1.52,14.1,27.72,53.8,-26.08,87.5,100.0,0,SIMULATED
2026-10-22 07:45:00,standard,29.02,62.3,361.9,0,12.8,1.52,14.1,28.42,54.1,-25.68,87.5,100.0,0,SIMULATED
2026-10-22 08:00:00,standard,29.26,61.2,409.5,3,13.68,1.85,14.1,29.62,54.42,-24.8,87.5,100.0,0,SIMULATED
2026-10-22 08:15:00,standard,29.5,60.1,455.5,5,14.72,3.21,14.1,32.02,54.7,-22.68,87.5,100.0,0,SIMULATED
2026-10-22 08:30:00,standard,29.75,59.0,499.6,12,15.78,3.99,14.1,33.86,55.02,-21.16,87.5,100.0,0,SIMULATED
2026-10-22 08:45:00,standard,30.0,57.9,541.8,18,16.76,5.09,14.1,35.95,55.34,-19.39,87.5,100.0,0,SIMULATED
2026-10-22 09:00:00,standard,30.24,56.8,581.9,47,17.59,6.0,14.1,37.69,55.64,-17.95,87.5,100.0,0,SIMULATED
2026-10-22 09:15:00,standard,30.48,55.7,619.6,51,17.8,6.0,14.1,37.9,55.93,-18.03,87.5,100.0,0,SIMULATED
2026-10-22 09:30:00,standard,30.72,54.6,654.9,69,18.3,6.6,14.1,39.0,56.24,-17.24,87.5,100.0,0,SIMULATED
2026-10-22 09:45:00,standard,30.96,53.5,687.7,69,18.47,6.6,14.1,39.17,56.51,-17.34,87.5,100.0,0,SIMULATED
2026-10-22 10:00:00,standard,31.19,52.5,717.7,78,18.8,6.42,14.1,39.32,56.82,-17.5,87.5,100.0,0,SIMULATED
2026-10-22 10:15:00,standard,31.41,51.5,744.9,80,18.89,6.42,14.1,39.41,57.1,-17.69,87.5,100.0,0,SIMULATED
2026-10-22 10:30:00,standard,31.62,50.5,769.1,69,18.58,5.82,14.1,38.5,57.36,-18.86,87.5,100.0,0,SIMULATED
2026-10-22 10:45:00,standard,31.83,49.6,790.3,72,18.68,5.82,14.1,38.6,57.62,-19.02,87.5,100.0,0,SIMULATED
2026-10-22 11:00:00,standard,32.03,48.7,808.4,73,18.83,5.82,14.1,38.75,57.87,-19.12,87.5,100.0,0,SIMULATED
2026-10-22 11:15:00,standard,32.22,47.8,823.3,70,18.86,5.82,14.1,38.78,58.1,-19.32,87.5,100.0,0,SIMULATED
2026-10-22 11:30:00,standard,32.4,47.0,834.9,78,19.35,6.42,14.1,39.87,58.31,-18.44,87.5,100.0,0,SIMULATED
2026-10-22 11:45:00,standard,32.57,46.2,843.3,68,18.92,5.82,14.1,38.84,58.53,-19.69,87.5,100.0,0,SIMULATED
2026-10-22 12:00:00,standard,32.73,45.5,848.3,93,19.9,6.6,14.1,40.6,58.74,-18.14,87.5,100.0,0,SIMULATED
2026-10-22 12:15:00,standard,32.87,44.9,850.0,94,20.03,6.6,14.1,40.73,58.92,-18.19,87.5,100.0,0,SIMULATED
2026-10-22 12:30:00,standard,33.0,44.3,848.3,72,19.58,6.0,14.1,39.68,59.07,-19.39,87.5,100.0,0,SIMULATED
2026-10-22 12:45:00,standard,33.11,43.8,843.3,72,19.64,6.0,14.1,39.74,59.22,-19.48,87.5,100.0,0,SIMULATED
2026-10-22 13:00:00,standard,33.21,43.3,834.9,67,19.72,6.0,14.1,39.82,59.34,-19.52,87.5,100.0,0,SIMULATED
2026-10-22 13:15:00,standard,33.3,42.9,823.3,67,19.73,6.0,14.1,39.83,59.46,-19.63,87.5,100.0,0,SIMULATED
2026-10-22 13:30:00,standard,33.37,42.6,808.4,74,20.17,6.6,14.1,40.87,59.54,-18.67,87.5,100.0,0,SIMULATED
2026-10-22 13:45:00,standard,33.43,42.3,790.3,74,20.21,6.6,14.1,40.91,59.62,-18.71,87.5,100.0,0,SIMULATED
2026-10-22 14:00:00,standard,33.47,42.1,769.1,73,19.68,6.5,14.1,40.28,59.67,-19.39,75.0,100.0,1,SIMULATED
2026-10-22 14:15:00,standard,33.49,42.0,744.9,70,19.64,6.5,14.1,40.24,59.7,-19.46,75.0,100.0,1,SIMULATED
2026-10-22 14:30:00,standard,33.5,42.0,717.7,71,19.68,6.5,14.1,40.28,59.7,-19.42,62.5,100.0,1,SIMULATED
2026-10-22 14:45:00,standard,33.49,42.0,687.7,72,19.68,6.5,14.1,40.28,59.7,-19.42,62.5,100.0,1,SIMULATED
2026-10-22 15:00:00,standard,33.47,42.1,654.9,73,19.49,5.82,14.1,39.41,59.67,-20.26,62.5,100.0,0,SIMULATED
2026-10-22 15:15:00,standard,33.43,42.3,619.6,71,19.44,5.82,14.1,39.36,59.62,-20.26,62.5,100.0,0,SIMULATED
2026-10-22 15:30:00,standard,33.37,42.6,581.9,70,19.41,6.0,14.1,39.51,59.54,-20.03,62.5,100.0,0,SIMULATED
2026-10-22 15:45:00,standard,33.3,42.9,541.8,69,19.38,6.0,14.1,39.48,59.46,-19.98,62.5,100.0,0,SIMULATED
2026-10-22 16:00:00,standard,33.21,43.3,499.6,70,19.33,6.0,14.1,39.43,59.34,-19.91,62.5,100.0,0,SIMULATED
2026-10-22 16:15:00,standard,33.11,43.8,455.5,69,19.29,6.0,14.1,39.39,59.22,-19.83,62.5,100.0,0,SIMULATED
2026-10-22 16:30:00,standard,33.0,44.3,409.5,78,19.67,6.6,14.1,40.37,59.07,-18.7,62.5,100.0,0,SIMULATED
2026-10-22 16:45:00,standard,32.87,44.9,361.9,78,19.54,6.6,14.1,40.24,58.92,-18.68,62.5,100.0,0,SIMULATED
2026-10-22 17:00:00,standard,32.73,45.5,312.9,66,18.93,6.6,14.1,39.63,58.74,-19.11,62.5,100.0,0,SIMULATED
2026-10-22 17:15:00,standard,32.57,46.2,262.7,66,18.68,6.6,14.1,39.38,58.53,-19.15,62.5,100.0,0,SIMULATED
2026-10-22 17:30:00,standard,32.4,47.0,211.4,58,17.95,6.0,14.1,38.05,58.31,-20.26,62.5,100.0,0,SIMULATED
2026-10-22 17:45:00,standard,32.22,47.8,159.3,54,17.66,6.0,14.1,37.76,58.1,-20.34,62.5,100.0,0,SIMULATED
2026-10-22 18:00:00,standard,32.03,48.7,106.5,52,17.4,6.0,14.1,37.5,57.87,-20.37,62.5,100.0,0,SIMULATED
2026-10-22 18:15:00,standard,31.83,49.6,53.4,49,17.12,6.0,14.1,37.22,57.62,-20.4,75.0,100.0,0,SIMULATED
2026-10-22 18:30:00,standard,31.62,50.5,0.0,41,16.46,5.09,14.1,35.65,57.36,-21.71,87.5,100.0,0,SIMULATED
2026-10-22 18:45:00,standard,31.41,51.5,0.0,35,16.06,5.09,14.1,35.25,57.1,-21.85,87.5,100.0,0,SIMULATED
2026-10-22 19:00:00,standard,31.19,52.5,0.0,21,15.14,3.98,14.1,33.22,56.82,-23.6,87.5,100.0,0,SIMULATED
2026-10-22 19:15:00,standard,30.96,53.5,0.0,16,14.76,3.98,14.1,32.84,56.51,-23.67,87.5,100.0,0,SIMULATED
2026-10-22 19:30:00,standard,30.72,54.6,0.0,11,13.87,2.62,14.1,30.59,56.24,-25.65,87.5,100.0,0,SIMULATED
2026-10-22 19:45:00,standard,30.48,55.7,0.0,8,13.34,2.62,14.1,30.06,55.93,-25.87,87.5,100.0,0,SIMULATED
2026-10-22 20:00:00,standard,30.24,56.8,0.0,5,12.6,1.6,14.1,28.3,55.64,-27.34,87.5,100.0,0,SIMULATED
2026-10-22 20:15:00,standard,30.0,57.9,0.0,2,12.1,1.6,14.1,27.8,55.34,-27.54,87.5,100.0,0,SIMULATED
2026-10-22 20:30:00,standard,29.75,59.0,0.0,0,11.35,0.24,14.1,25.69,55.02,-29.33,87.5,100.0,0,SIMULATED
2026-10-22 20:45:00,standard,29.5,60.1,0.0,0,11.0,0.24,14.1,25.34,54.7,-29.36,87.5,100.0,0,SIMULATED
2026-10-22 21:00:00,standard,29.26,61.2,0.0,0,10.67,0.24,14.1,25.01,54.42,-29.41,87.5,100.0,0,SIMULATED
2026-10-22 21:15:00,standard,29.02,62.3,0.0,0,10.35,0.24,14.1,24.69,54.1,-29.41,87.5,100.0,0,SIMULATED
2026-10-22 21:30:00,standard,28.78,63.4,0.0,0,10.07,0.24,14.1,24.41,53.8,-29.39,87.5,100.0,0,SIMULATED
2026-10-22 21:45:00,standard,28.54,64.5,0.0,0,9.77,0.24,14.1,24.11,53.49,-29.38,87.5,100.0,0,SIMULATED
2026-10-22 22:00:00,standard,28.31,65.5,0.0,0,9.52,0.24,14.1,23.86,53.22,-29.36,87.5,100.0,0,SIMULATED
2026-10-22 22:15:00,standard,28.09,66.5,0.0,0,9.25,0.24,14.1,23.59,52.94,-29.35,87.5,100.0,0,SIMULATED
2026-10-22 22:30:00,standard,27.88,67.5,0.0,0,9.03,0.24,14.1,23.37,52.82,-29.45,87.5,100.0,0,SIMULATED
2026-10-22 22:45:00,standard,27.67,68.4,0.0,0,8.83,0.24,14.1,23.17,52.82,-29.65,87.5,100.0,0,SIMULATED
2026-10-22 23:00:00,standard,27.47,69.3,0.0,0,8.61,0.24,14.1,22.95,52.82,-29.87,87.5,100.0,0,SIMULATED
2026-10-22 23:15:00,standard,27.28,70.2,0.0,0,8.42,0.24,14.1,22.76,52.82,-30.06,87.5,100.0,0,SIMULATED
2026-10-22 23:30:00,standard,27.1,71.0,0.0,0,8.26,0.24,14.1,22.6,52.82,-30.22,87.5,100.0,0,SIMULATED
2026-10-22 23:45:00,standard,26.93,71.8,0.0,0,8.09,0.24,14.1,22.43,52.82,-30.39,87.5,100.0,0,SIMULATED
2026-10-23 00:00:00,standard,26.77,72.5,0.0,0,7.92,0.24,14.1,22.26,52.82,-30.56,87.5,100.0,0,SIMULATED
2026-10-23 00:15:00,standard,26.63,73.1,0.0,0,7.81,0.24,14.1,22.15,52.82,-30.67,87.5,100.0,0,SIMULATED
2026-10-23 00:30:00,standard,26.5,73.7,0.0,0,7.66,0.24,14.1,22.0,52.82,-30.82,87.5,100.0,0,SIMULATED
2026-10-23 00:45:00,standard,26.39,74.2,0.0,0,7.56,0.24,14.1,21.9,52.82,-30.92,87.5,100.0,0,SIMULATED
2026-10-23 01:00:00,standard,26.29,74.7,0.0,0,7.46,0.24,14.1,21.8,52.82,-31.02,87.5,100.0,0,SIMULATED
2026-10-23 01:15:00,standard,26.2,75.1,0.0,0,7.36,0.24,14.1,21.7,52.82,-31.12,87.5,100.0,0,SIMULATED
2026-10-23 01:30:00,standard,26.13,75.4,0.0,0,7.29,0.24,14.1,21.63,52.82,-31.19,87.5,100.0,0,SIMULATED
2026-10-23 01:45:00,standard,26.07,75.7,0.0,0,7.21,0.24,14.1,21.55,52.82,-31.27,87.5,100.0,0,SIMULATED
2026-10-23 02:00:00,standard,26.03,75.9,0.0,0,7.16,0.24,14.1,21.5,52.82,-31.32,87.5,100.0,0,SIMULATED
2026-10-23 02:15:00,standard,26.01,76.0,0.0,0,7.12,0.24,14.1,21.46,52.82,-31.36,87.5,100.0,0,SIMULATED
2026-10-23 02:30:00,standard,26.0,76.0,0.0,0,7.09,0.24,14.1,21.43,52.82,-31.39,87.5,100.0,0,SIMULATED
2026-10-23 02:45:00,standard,26.01,76.0,0.0,0,7.07,0.24,14.1,21.41,52.82,-31.41,87.5,100.0,0,SIMULATED
2026-10-23 03:00:00,standard,26.03,75.9,0.0,0,7.05,0.24,14.1,21.39,52.82,-31.43,87.5,100.0,0,SIMULATED
2026-10-23 03:15:00,standard,26.07,75.7,0.0,0,7.04,0.24,14.1,21.38,52.82,-31.44,87.5,100.0,0,SIMULATED
2026-10-23 03:30:00,standard,26.13,75.4,0.0,0,7.06,0.24,14.1,21.4,52.82,-31.42,87.5,100.0,0,SIMULATED
2026-10-23 03:45:00,standard,26.2,75.1,0.0,0,7.08,0.24,14.1,21.42,52.82,-31.4,87.5,100.0,0,SIMULATED
2026-10-23 04:00:00,standard,26.29,74.7,0.0,0,7.12,0.24,14.1,21.46,52.82,-31.36,87.5,100.0,0,SIMULATED
2026-10-23 04:15:00,standard,26.39,74.2,0.0,0,7.15,0.24,14.1,21.49,52.82,-31.33,87.5,100.0,0,SIMULATED
2026-10-23 04:30:00,standard,26.5,73.7,0.0,0,7.19,0.24,14.1,21.53,52.82,-31.29,87.5,100.0,0,SIMULATED
2026-10-23 04:45:00,standard,26.63,73.1,0.0,0,7.25,0.24,14.1,21.59,52.82,-31.23,87.5,100.0,0,SIMULATED
2026-10-23 05:00:00,standard,26.77,72.5,0.0,0,7.29,0.24,14.1,21.63,52.82,-31.19,87.5,100.0,0,SIMULATED
2026-10-23 05:15:00,standard,26.93,71.8,0.0,0,7.37,0.24,14.1,21.71,52.82,-31.11,87.5,100.0,0,SIMULATED
2026-10-23 05:30:00,standard,27.1,71.0,0.0,0,7.47,0.24,14.1,21.81,52.82,-31.01,87.5,100.0,0,SIMULATED
2026-10-23 05:45:00,standard,27.28,70.2,0.0,0,7.54,0.24,14.1,21.88,52.82,-30.94,87.5,100.0,0,SIMULATED
2026-10-23 06:00:00,standard,27.47,69.3,0.0,0,7.63,0.24,14.1,21.97,52.82,-30.85,87.5,100.0,0,SIMULATED
2026-10-23 06:15:00,standard,27.67,68.4,53.4,0,8.33,0.24,14.1,22.67,52.82,-30.15,87.5,100.0,0,SIMULATED
2026-10-23 06:30:00,standard,27.88,67.5,106.5,0,9.02,0.24,14.1,23.36,52.82,-29.46,87.5,100.0,0,SIMULATED
2026-10-23 06:45:00,standard,28.09,66.5,159.3,0,9.71,0.24,14.1,24.05,52.94,-28.89,87.5,100.0,0,SIMULATED
2026-10-23 07:00:00,standard,28.31,65.5,211.4,0,10.7,1.52,14.1,26.33,53.22,-26.89,87.5,100.0,0,SIMULATED
2026-10-23 07:15:00,standard,28.54,64.5,262.7,0,11.4,1.52,14.1,27.03,53.49,-26.46,87.5,100.0,0,SIMULATED
2026-10-23 07:30:00,standard,28.78,63.4,312.9,0,12.11,1.52,14.1,27.72,53.8,-26.08,87.5,100.0,0,SIMULATED
2026-10-23 07:45:00,standard,29.02,62.3,361.9,0,12.8,1.52,14.1,28.42,54.1,-25.68,87.5,100.0,0,SIMULATED
2026-10-23 08:00:00,standard,29.26,61.2,409.5,3,13.68,1.85,14.1,29.62,54.42,-24.8,87.5,100.0,0,SIMULATED
2026-10-23 08:15:00,standard,29.5,60.1,455.5,6,14.76,3.21,14.1,32.06,54.7,-22.64,87.5,100.0,0,SIMULATED
2026-10-23 08:30:00,standard,29.75,59.0,499.6,14,15.85,3.99,14.1,33.93,55.02,-21.09,87.5,100.0,0,SIMULATED
2026-10-23 08:45:00,standard,30.0,57.9,541.8,18,16.8,5.09,14.1,35.99,55.34,-19.35,87.5,100.0,0,SIMULATED
2026-10-23 09:00:00,standard,30.24,56.8,581.9,44,17.5,6.0,14.1,37.6,55.64,-18.04,87.5,100.0,0,SIMULATED
2026-10-23 09:15:00,standard,30.48,55.7,619.6,48,17.74,6.0,14.1,37.84,55.93,-18.09,87.5,100.0,0,SIMULATED
2026-10-23 09:30:00,standard,30.72,54.6,654.9,67,18.26,6.6,14.1,38.96,56.24,-17.28,87.5,100.0,0,SIMULATED
2026-10-23 09:45:00,standard,30.96,53.5,687.7,71,18.51,6.6,14.1,39.21,56.51,-17.3,87.5,100.0,0,SIMULATED
2026-10-23 10:00:00,standard,31.19,52.5,717.7,80,18.83,6.42,14.1,39.35,56.82,-17.47,87.5,100.0,0,SIMULATED
2026-10-23 10:15:00,standard,31.41,51.5,744.9,78,18.86,6.42,14.1,39.38,57.1,-17.72,87.5,100.0,0,SIMULATED
2026-10-23 10:30:00,standard,31.62,50.5,769.1,70,18.55,5.82,14.1,38.47,57.36,-18.89,87.5,100.0,0,SIMULATED
2026-10-23 10:45:00,standard,31.83,49.6,790.3,73,18.74,5.82,14.1,38.66,57.62,-18.96,87.5,100.0,0,SIMULATED
2026-10-23 11:00:00,standard,32.03,48.7,808.4,72,18.8,5.82,14.1,38.72,57.87,-19.15,87.5,100.0,0,SIMULATED
2026-10-23 11:15:00,standard,32.22,47.8,823.3,73,18.92,5.82,14.1,38.84,58.1,-19.26,87.5,100.0,0,SIMULATED
2026-10-23 11:30:00,standard,32.4,47.0,834.9,80,19.38,6.42,14.1,39.9,58.31,-18.41,87.5,100.0,0,SIMULATED
2026-10-23 11:45:00,standard,32.57,46.2,843.3,66,18.89,5.82,14.1,38.81,58.53,-19.72,87.5,100.0,0,SIMULATED
2026-10-23 12:00:00,standard,32.73,45.5,848.3,91,19.84,6.6,14.1,40.54,58.74,-18.2,87.5,100.0,0,SIMULATED
2026-10-23 12:15:00,standard,32.87,44.9,850.0,92,19.96,6.6,14.1,40.66,58.92,-18.26,87.5,100.0,0,SIMULATED
2026-10-23 12:30:00,standard,33.0,44.3,848.3,72,19.58,6.0,14.1,39.68,59.07,-19.39,87.5,100.0,0,SIMULATED
2026-10-23 12:45:00,standard,33.11,43.8,843.3,72,19.64,6.0,14.1,39.74,59.22,-19.48,87.5,100.0,0,SIMULATED
2026-10-23 13:00:00,standard,33.21,43.3,834.9,64,19.66,6.0,14.1,39.76,59.34,-19.58,87.5,100.0,0,SIMULATED
2026-10-23 13:15:00,standard,33.3,42.9,823.3,68,19.77,6.0,14.1,39.87,59.46,-19.59,87.5,100.0,0,SIMULATED
2026-10-23 13:30:00,standard,33.37,42.6,808.4,74,20.17,6.6,14.1,40.87,59.54,-18.67,87.5,100.0,0,SIMULATED
2026-10-23 13:45:00,standard,33.43,42.3,790.3,74,20.21,6.6,14.1,40.91,59.62,-18.71,87.5,100.0,0,SIMULATED
2026-10-23 14:00:00,standard,33.47,42.1,769.1,72,19.64,6.5,14.1,40.24,59.67,-19.43,75.0,100.0,1,SIMULATED
2026-10-23 14:15:00,standard,33.49,42.0,744.9,71,19.61,6.5,14.1,40.21,59.7,-19.49,75.0,100.0,1,SIMULATED
2026-10-23 14:30:00,standard,33.5,42.0,717.7,71,19.61,6.5,14.1,40.21,59.7,-19.49,62.5,100.0,1,SIMULATED
2026-10-23 14:45:00,standard,33.49,42.0,687.7,71,19.61,6.5,14.1,40.21,59.7,-19.49,62.5,100.0,1,SIMULATED
2026-10-23 15:00:00,standard,33.47,42.1,654.9,71,19.48,5.82,14.1,39.4,59.67,-20.27,62.5,100.0,0,SIMULATED
2026-10-23 15:15:00,standard,33.43,42.3,619.6,71,19.47,5.82,14.1,39.39,59.62,-20.23,62.5,100.0,0,SIMULATED
2026-10-23 15:30:00,standard,33.37,42.6,581.9,70,19.41,6.0,14.1,39.51,59.54,-20.03,62.5,100.0,0,SIMULATED
2026-10-23 15:45:00,standard,33.3,42.9,541.8,70,19.41,6.0,14.1,39.51,59.46,-19.95,62.5,100.0,0,SIMULATED
2026-10-23 16:00:00,standard,33.21,43.3,499.6,72,19.37,6.0,14.1,39.47,59.34,-19.87,62.5,100.0,0,SIMULATED
2026-10-23 16:15:00,standard,33.11,43.8,455.5,71,19.32,6.0,14.1,39.42,59.22,-19.8,62.5,100.0,0,SIMULATED
2026-10-23 16:30:00,standard,33.0,44.3,409.5,78,19.61,6.6,14.1,40.31,59.07,-18.76,62.5,100.0,0,SIMULATED
2026-10-23 16:45:00,standard,32.87,44.9,361.9,78,19.55,6.6,14.1,40.25,58.92,-18.67,62.5,100.0,0,SIMULATED
2026-10-23 17:00:00,standard,32.73,45.5,312.9,67,18.96,6.6,14.1,39.66,58.74,-19.08,62.5,100.0,0,SIMULATED
2026-10-23 17:15:00,standard,32.57,46.2,262.7,66,18.59,6.6,14.1,39.29,58.53,-19.24,62.5,100.0,0,SIMULATED
2026-10-23 17:30:00,standard,32.4,47.0,211.4,56,17.91,6.0,14.1,38.01,58.31,-20.3,62.5,100.0,0,SIMULATED
2026-10-23 17:45:00,standard,32.22,47.8,159.3,55,17.69,6.0,14.1,37.79,58.1,-20.31,62.5,100.0,0,SIMULATED
2026-10-23 18:00:00,standard,32.03,48.7,106.5,53,17.4,6.0,14.1,37.5,57.87,-20.37,62.5,100.0,0,SIMULATED
2026-10-23 18:15:00,standard,31.83,49.6,53.4,49,17.09,6.0,14.1,37.19,57.62,-20.43,75.0,100.0,0,SIMULATED
2026-10-23 18:30:00,standard,31.62,50.5,0.0,40,16.37,5.09,14.1,35.56,57.36,-21.8,87.5,100.0,0,SIMULATED
2026-10-23 18:45:00,standard,31.41,51.5,0.0,33,15.97,5.09,14.1,35.16,57.1,-21.94,87.5,100.0,0,SIMULATED
2026-10-23 19:00:00,standard,31.19,52.5,0.0,21,15.12,3.98,14.1,33.2,56.82,-23.62,87.5,100.0,0,SIMULATED
2026-10-23 19:15:00,standard,30.96,53.5,0.0,17,14.77,3.98,14.1,32.85,56.51,-23.66,87.5,100.0,0,SIMULATED
2026-10-23 19:30:00,standard,30.72,54.6,0.0,11,13.88,2.62,14.1,30.6,56.24,-25.64,87.5,100.0,0,SIMULATED
2026-10-23 19:45:00,standard,30.48,55.7,0.0,7,13.32,2.62,14.1,30.04,55.93,-25.89,87.5,100.0,0,SIMULATED
2026-10-23 20:00:00,standard,30.24,56.8,0.0,5,12.61,1.6,14.1,28.31,55.64,-27.33,87.5,100.0,0,SIMULATED
2026-10-23 20:15:00,standard,30.0,57.9,0.0,3,12.14,1.6,14.1,27.84,55.34,-27.5,87.5,100.0,0,SIMULATED
2026-10-23 20:30:00,standard,29.75,59.0,0.0,0,11.36,0.24,14.1,25.7,55.02,-29.32,87.5,100.0,0,SIMULATED
2026-10-23 20:45:00,standard,29.5,60.1,0.0,0,11.01,0.24,14.1,25.35,54.7,-29.35,87.5,100.0,0,SIMULATED
2026-10-23 21:00:00,standard,29.26,61.2,0.0,0,10.68,0.24,14.1,25.02,54.42,-29.4,87.5,100.0,0,SIMULATED
2026-10-23 21:15:00,standard,29.02,62.3,0.0,0,10.35,0.24,14.1,24.69,54.1,-29.41,87.5,100.0,0,SIMULATED
2026-10-23 21:30:00,standard,28.78,63.4,0.0,0,10.08,0.24,14.1,24.42,53.8,-29.38,87.5,100.0,0,SIMULATED
2026-10-23 21:45:00,standard,28.54,64.5,0.0,0,9.79,0.24,14.1,24.13,53.49,-29.36,87.5,100.0,0,SIMULATED
2026-10-23 22:00:00,standard,28.31,65.5,0.0,0,9.52,0.24,14.1,23.86,53.22,-29.36,87.5,100.0,0,SIMULATED
2026-10-23 22:15:00,standard,28.09,66.5,0.0,0,9.24,0.24,14.1,23.58,52.94,-29.36,87.5,100.0,0,SIMULATED
2026-10-23 22:30:00,standard,27.88,67.5,0.0,0,9.02,0.24,14.1,23.36,52.82,-29.46,87.5,100.0,0,SIMULATED
2026-10-23 22:45:00,standard,27.67,68.4,0.0,0,8.82,0.24,14.1,23.16,52.82,-29.66,87.5,100.0,0,SIMULATED
2026-10-23 23:00:00,standard,27.47,69.3,0.0,0,8.6,0.24,14.1,22.94,52.82,-29.88,87.5,100.0,0,SIMULATED
2026-10-23 23:15:00,standard,27.28,70.2,0.0,0,8.41,0.24,14.1,22.75,52.82,-30.07,87.5,100.0,0,SIMULATED
2026-10-23 23:30:00,standard,27.1,71.0,0.0,0,8.25,0.24,14.1,22.59,52.82,-30.23,87.5,100.0,0,SIMULATED
2026-10-23 23:45:00,standard,26.93,71.8,0.0,0,8.08,0.24,14.1,22.42,52.82,-30.4,87.5,100.0,0,SIMULATED
2026-10-24 00:00:00,standard,26.77,72.5,0.0,0,7.9,0.24,14.1,22.24,52.82,-30.58,87.5,100.0,0,SIMULATED
2026-10-24 00:15:00,standard,26.63,73.1,0.0,0,7.79,0.24,14.1,22.13,52.82,-30.69,87.5,100.0,0,SIMULATED
2026-10-24 00:30:00,standard,26.5,73.7,0.0,0,7.65,0.24,14.1,21.99,52.82,-30.83,87.5,100.0,0,SIMULATED
2026-10-24 00:45:00,standard,26.39,74.2,0.0,0,7.55,0.24,14.1,21.89,52.82,-30.93,87.5,100.0,0,SIMULATED
2026-10-24 01:00:00,standard,26.29,74.7,0.0,0,7.45,0.24,14.1,21.79,52.82,-31.03,87.5,100.0,0,SIMULATED
2026-10-24 01:15:00,standard,26.2,75.1,0.0,0,7.35,0.24,14.1,21.69,52.82,-31.13,87.5,100.0,0,SIMULATED
2026-10-24 01:30:00,standard,26.13,75.4,0.0,0,7.28,0.24,14.1,21.62,52.82,-31.2,87.5,100.0,0,SIMULATED
2026-10-24 01:45:00,standard,26.07,75.7,0.0,0,7.2,0.24,14.1,21.54,52.82,-31.28,87.5,100.0,0,SIMULATED
2026-10-24 02:00:00,standard,26.03,75.9,0.0,0,7.15,0.24,14.1,21.49,52.82,-31.33,87.5,100.0,0,SIMULATED
2026-10-24 02:15:00,standard,26.01,76.0,0.0,0,7.11,0.24,14.1,21.45,52.82,-31.37,87.5,100.0,0,SIMULATED
2026-10-24 02:30:00,standard,26.0,76.0,0.0,0,7.08,0.24,14.1,21.42,52.82,-31.4,87.5,100.0,0,SIMULATED
2026-10-24 02:45:00,standard,26.01,76.0,0.0,0,7.06,0.24,14.1,21.4,52.82,-31.42,87.5,100.0,0,SIMULATED
2026-10-24 03:00:00,standard,26.03,75.9,0.0,0,7.04,0.24,14.1,21.38,52.82,-31.44,87.5,100.0,0,SIMULATED
2026-10-24 03:15:00,standard,26.07,75.7,0.0,0,7.03,0.24,14.1,21.37,52.82,-31.45,87.5,100.0,0,SIMULATED
2026-10-24 03:30:00,standard,26.13,75.4,0.0,0,7.05,0.24,14.1,21.39,52.82,-31.43,87.5,100.0,0,SIMULATED
2026-10-24 03:45:00,standard,26.2,75.1,0.0,0,7.07,0.24,14.1,21.41,52.82,-31.41,87.5,100.0,0,SIMULATED
2026-10-24 04:00:00,standard,26.29,74.7,0.0,0,7.11,0.24,14.1,21.45,52.82,-31.37,87.5,100.0,0,SIMULATED
2026-10-24 04:15:00,standard,26.39,74.2,0.0,0,7.14,0.24,14.1,21.48,52.82,-31.34,87.5,100.0,0,SIMULATED
2026-10-24 04:30:00,standard,26.5,73.7,0.0,0,7.18,0.24,14.1,21.52,52.82,-31.3,87.5,100.0,0,SIMULATED
2026-10-24 04:45:00,standard,26.63,73.1,0.0,0,7.24,0.24,14.1,21.58,52.82,-31.24,87.5,100.0,0,SIMULATED
2026-10-24 05:00:00,standard,26.77,72.5,0.0,0,7.28,0.24,14.1,21.62,52.82,-31.2,87.5,100.0,0,SIMULATED
2026-10-24 05:15:00,standard,26.93,71.8,0.0,0,7.36,0.24,14.1,21.7,52.82,-31.12,87.5,100.0,0,SIMULATED
2026-10-24 05:30:00,standard,27.1,71.0,0.0,0,7.46,0.24,14.1,21.8,52.82,-31.02,87.5,100.0,0,SIMULATED
2026-10-24 05:45:00,standard,27.28,70.2,0.0,0,7.53,0.24,14.1,21.87,52.82,-30.95,87.5,100.0,0,SIMULATED
2026-10-24 06:00:00,standard,27.47,69.3,0.0,0,7.63,0.24,14.1,21.97,52.82,-30.85,87.5,100.0,0,SIMULATED
2026-10-24 06:15:00,standard,27.67,68.4,53.4,0,8.32,0.24,14.1,22.66,52.82,-30.16,87.5,100.0,0,SIMULATED
2026-10-24 06:30:00,standard,27.88,67.5,106.5,0,9.01,0.24,14.1,23.35,52.82,-29.47,87.5,100.0,0,SIMULATED
2026-10-24 06:45:00,standard,28.09,66.5,159.3,0,9.7,0.24,14.1,24.04,52.94,-28.9,87.5,100.0,0,SIMULATED
2026-10-24 07:00:00,standard,28.31,65.5,211.4,0,10.7,1.52,14.1,26.33,53.22,-26.89,87.5,100.0,0,SIMULATED
2026-10-24 07:15:00,standard,28.54,64.5,262.7,0,11.4,1.52,14.1,27.03,53.49,-26.46,87.5,100.0,0,SIMULATED
2026-10-24 07:30:00,standard,28.78,63.4,312.9,0,12.11,1.52,14.1,27.72,53.8,-26.08,87.5,100.0,0,SIMULATED
2026-10-24 07:45:00,standard,29.02,62.3,361.9,0,12.8,1.52,14.1,28.42,54.1,-25.68,87.5,100.0,0,SIMULATED
2026-10-24 08:00:00,standard,29.26,61.2,409.5,0,13.51,1.52,14.1,29.12,54.42,-25.3,87.5,100.0,0,SIMULATED
2026-10-24 08:15:00,standard,29.5,60.1,455.5,0,14.18,1.52,14.1,29.79,54.7,-24.91,87.5,100.0,0,SIMULATED
2026-10-24 08:30:00,standard,29.75,59.0,499.6,0,14.85,1.52,14.1,30.47,55.02,-24.55,87.5,100.0,0,SIMULATED
2026-10-24 08:45:00,standard,30.0,57.9,541.8,0,15.5,1.52,14.1,31.12,55.34,-24.22,87.5,100.0,0,SIMULATED
2026-10-24 09:00:00,standard,30.24,56.8,581.9,1,16.21,1.85,14.1,32.15,55.64,-23.49,87.5,100.0,0,SIMULATED
2026-10-24 09:15:00,standard,30.48,55.7,619.6,1,16.81,1.85,14.1,32.76,55.93,-23.17,87.5,100.0,0,SIMULATED
2026-10-24 09:30:00,standard,30.72,54.6,654.9,1,17.04,1.85,14.1,32.99,56.24,-23.25,87.5,100.0,0,SIMULATED
2026-10-24 09:45:00,standard,30.96,53.5,687.7,1,17.25,1.85,14.1,33.19,56.51,-23.32,87.5,100.0,0,SIMULATED
2026-10-24 10:00:00,standard,31.19,52.5,717.7,5,17.44,4.31,14.1,35.85,56.82,-20.97,87.5,100.0,0,SIMULATED
2026-10-24 10:15:00,standard,31.41,51.5,744.9,4,17.61,4.31,14.1,36.02,57.1,-21.08,87.5,100.0,0,SIMULATED
2026-10-24 10:30:00,standard,31.62,50.5,769.1,4,17.78,4.31,14.1,36.19,57.36,-21.17,87.5,100.0,0,SIMULATED
2026-10-24 10:45:00,standard,31.83,49.6,790.3,4,17.95,4.31,14.1,36.36,57.62,-21.26,87.5,100.0,0,SIMULATED
2026-10-24 11:00:00,standard,32.03,48.7,808.4,5,18.09,4.31,14.1,36.5,57.87,-21.37,87.5,100.0,0,SIMULATED
2026-10-24 11:15:00,standard,32.22,47.8,823.3,6,18.22,4.31,14.1,36.63,58.1,-21.47,87.5,100.0,0,SIMULATED
2026-10-24 11:30:00,standard,32.4,47.0,834.9,6,18.38,4.31,14.1,36.79,58.31,-21.52,87.5,100.0,0,SIMULATED
2026-10-24 11:45:00,standard,32.57,46.2,843.3,6,18.43,4.31,14.1,36.84,58.53,-21.69,87.5,100.0,0,SIMULATED
2026-10-24 12:00:00,standard,32.73,45.5,848.3,5,18.51,4.31,14.1,36.92,58.74,-21.82,87.5,100.0,0,SIMULATED
2026-10-24 12:15:00,standard,32.87,44.9,850.0,7,18.59,4.31,14.1,37.0,58.92,-21.92,87.5,100.0,0,SIMULATED
2026-10-24 12:30:00,standard,33.0,44.3,848.3,5,18.62,4.31,14.1,37.03,59.07,-22.04,87.5,100.0,0,SIMULATED
2026-10-24 12:45:00,standard,33.11,43.8,843.3,6,18.67,4.31,14.1,37.08,59.22,-22.14,87.5,100.0,0,SIMULATED
2026-10-24 13:00:00,standard,33.21,43.3,834.9,6,18.73,4.31,14.1,37.14,59.34,-22.2,87.5,100.0,0,SIMULATED
2026-10-24 13:15:00,standard,33.3,42.9,823.3,5,18.77,4.31,14.1,37.18,59.46,-22.28,87.5,100.0,0,SIMULATED
2026-10-24 13:30:00,standard,33.37,42.6,808.4,4,18.78,4.31,14.1,37.19,59.54,-22.35,87.5,100.0,0,SIMULATED
2026-10-24 13:45:00,standard,33.43,42.3,790.3,5,18.79,4.31,14.1,37.2,59.62,-22.42,87.5,100.0,0,SIMULATED
2026-10-24 14:00:00,standard,33.47,42.1,769.1,7,18.78,4.31,14.1,37.19,59.67,-22.48,87.5,100.0,0,SIMULATED
2026-10-24 14:15:00,standard,33.49,42.0,744.9,6,18.57,3.98,14.1,36.66,59.7,-23.04,87.5,100.0,0,SIMULATED
2026-10-24 14:30:00,standard,33.5,42.0,717.7,6,18.5,3.98,14.1,36.59,59.7,-23.11,87.5,100.0,0,SIMULATED
2026-10-24 14:45:00,standard,33.49,42.0,687.7,3,18.42,3.98,14.1,36.51,59.7,-23.19,87.5,100.0,0,SIMULATED
2026-10-24 15:00:00,standard,33.47,42.1,654.9,5,18.34,3.98,14.1,36.43,59.67,-23.24,87.5,100.0,0,SIMULATED
2026-10-24 15:15:00,standard,33.43,42.3,619.6,5,18.23,3.98,14.1,36.32,59.62,-23.3,87.5,100.0,0,SIMULATED
2026-10-24 15:30:00,standard,33.37,42.6,581.9,6,18.07,3.98,14.1,36.15,59.54,-23.39,87.5,100.0,0,SIMULATED
2026-10-24 15:45:00,standard,33.3,42.9,541.8,5,17.95,3.98,14.1,36.03,59.46,-23.43,87.5,100.0,0,SIMULATED
2026-10-24 16:00:00,standard,33.21,43.3,499.6,5,17.79,3.98,14.1,35.87,59.34,-23.47,87.5,100.0,0,SIMULATED
2026-10-24 16:15:00,standard,33.11,43.8,455.5,0,17.61,1.52,14.1,33.24,59.22,-25.98,87.5,100.0,0,SIMULATED
2026-10-24 16:30:00,standard,33.0,44.3,409.5,0,17.44,1.52,14.1,33.07,59.07,-26.0,87.5,100.0,0,SIMULATED
2026-10-24 16:45:00,standard,32.87,44.9,361.9,0,17.25,1.52,14.1,32.87,58.92,-26.05,87.5,100.0,0,SIMULATED
2026-10-24 17:00:00,standard,32.73,45.5,312.9,0,17.06,1.52,14.1,32.69,58.74,-26.05,87.5,100.0,0,SIMULATED
2026-10-24 17:15:00,standard,32.57,46.2,262.7,0,16.77,1.52,14.1,32.38,58.53,-26.15,87.5,100.0,0,SIMULATED
2026-10-24 17:30:00,standard,32.4,47.0,211.4,0,15.96,1.52,14.1,31.57,58.31,-26.74,87.5,100.0,0,SIMULATED
2026-10-24 17:45:00,standard,32.22,47.8,159.3,0,15.02,1.52,14.1,30.63,58.1,-27.47,87.5,100.0,0,SIMULATED
2026-10-24 18:00:00,standard,32.03,48.7,106.5,0,14.05,1.52,14.1,29.66,57.87,-28.21,87.5,100.0,0,SIMULATED
2026-10-24 18:15:00,standard,31.83,49.6,53.4,0,13.12,1.52,14.1,28.74,57.62,-28.88,87.5,100.0,0,SIMULATED
2026-10-24 18:30:00,standard,31.62,50.5,0.0,0,12.19,1.52,14.1,27.81,57.36,-29.55,87.5,100.0,0,SIMULATED
2026-10-24 18:45:00,standard,31.41,51.5,0.0,0,11.9,1.52,14.1,27.5,57.1,-29.6,87.5,100.0,0,SIMULATED
2026-10-24 19:00:00,standard,31.19,52.5,0.0,0,11.62,1.52,14.1,27.24,56.82,-29.58,87.5,100.0,0,SIMULATED
2026-10-24 19:15:00,standard,30.96,53.5,0.0,0,11.36,1.52,14.1,26.98,56.51,-29.53,87.5,100.0,0,SIMULATED
2026-10-24 19:30:00,standard,30.72,54.6,0.0,0,11.09,1.52,14.1,26.71,56.24,-29.53,87.5,100.0,0,SIMULATED
2026-10-24 19:45:00,standard,30.48,55.7,0.0,0,10.83,1.52,14.1,26.44,55.93,-29.49,87.5,100.0,0,SIMULATED
2026-10-24 20:00:00,standard,30.24,56.8,0.0,0,10.29,0.24,14.1,24.63,55.64,-31.01,87.5,100.0,0,SIMULATED
2026-10-24 20:15:00,standard,30.0,57.9,0.0,0,10.05,0.24,14.1,24.39,55.34,-30.95,87.5,100.0,0,SIMULATED
2026-10-24 20:30:00,standard,29.75,59.0,0.0,0,9.82,0.24,14.1,24.16,55.02,-30.86,87.5,100.0,0,SIMULATED
2026-10-24 20:45:00,standard,29.5,60.1,0.0,0,9.6,0.24,14.1,23.94,54.7,-30.76,87.5,100.0,0,SIMULATED
2026-10-24 21:00:00,standard,29.26,61.2,0.0,0,9.37,0.24,14.1,23.71,54.42,-30.71,87.5,100.0,0,SIMULATED
2026-10-24 21:15:00,standard,29.02,62.3,0.0,0,9.17,0.24,14.1,23.51,54.1,-30.59,87.5,100.0,0,SIMULATED
2026-10-24 21:30:00,standard,28.78,63.4,0.0,0,8.99,0.24,14.1,23.33,53.8,-30.47,87.5,100.0,0,SIMULATED
2026-10-24 21:45:00,standard,28.54,64.5,0.0,0,8.78,0.24,14.1,23.12,53.49,-30.37,87.5,100.0,0,SIMULATED
2026-10-24 22:00:00,standard,28.31,65.5,0.0,0,8.61,0.24,14.1,22.95,53.22,-30.27,87.5,100.0,0,SIMULATED
2026-10-24 22:15:00,standard,28.09,66.5,0.0,0,8.43,0.24,14.1,22.77,52.94,-30.17,87.5,100.0,0,SIMULATED
2026-10-24 22:30:00,standard,27.88,67.5,0.0,0,8.27,0.24,14.1,22.61,52.82,-30.21,87.5,100.0,0,SIMULATED
2026-10-24 22:45:00,standard,27.67,68.4,0.0,0,8.13,0.24,14.1,22.47,52.82,-30.35,87.5,100.0,0,SIMULATED
2026-10-24 23:00:00,standard,27.47,69.3,0.0,0,7.96,0.24,14.1,22.3,52.82,-30.52,87.5,100.0,0,SIMULATED
2026-10-24 23:15:00,standard,27.28,70.2,0.0,0,7.82,0.24,14.1,22.16,52.82,-30.66,87.5,100.0,0,SIMULATED
2026-10-24 23:30:00,standard,27.1,71.0,0.0,0,7.71,0.24,14.1,22.05,52.82,-30.77,87.5,100.0,0,SIMULATED
2026-10-24 23:45:00,standard,26.93,71.8,0.0,0,7.57,0.24,14.1,21.91,52.82,-30.91,87.5,100.0,0,SIMULATED
2026-10-25 00:00:00,standard,26.77,72.5,0.0,0,7.45,0.24,14.1,21.79,52.82,-31.03,87.5,100.0,0,SIMULATED
2026-10-25 00:15:00,standard,26.63,73.1,0.0,0,7.37,0.24,14.1,21.71,52.82,-31.11,87.5,100.0,0,SIMULATED
2026-10-25 00:30:00,standard,26.5,73.7,0.0,0,7.26,0.24,14.1,21.6,52.82,-31.22,87.5,100.0,0,SIMULATED
2026-10-25 00:45:00,standard,26.39,74.2,0.0,0,7.2,0.24,14.1,21.54,52.82,-31.28,87.5,100.0,0,SIMULATED
2026-10-25 01:00:00,standard,26.29,74.7,0.0,0,7.13,0.24,14.1,21.47,52.82,-31.35,87.5,100.0,0,SIMULATED
2026-10-25 01:15:00,standard,26.2,75.1,0.0,0,7.05,0.24,14.1,21.39,52.82,-31.43,87.5,100.0,0,SIMULATED
2026-10-25 01:30:00,standard,26.13,75.4,0.0,0,7.0,0.24,14.1,21.34,52.82,-31.48,87.5,100.0,0,SIMULATED
2026-10-25 01:45:00,standard,26.07,75.7,0.0,0,6.95,0.24,14.1,21.29,52.82,-31.53,87.5,100.0,0,SIMULATED
2026-10-25 02:00:00,standard,26.03,75.9,0.0,0,6.92,0.24,14.1,21.26,52.82,-31.56,87.5,100.0,0,SIMULATED
2026-10-25 02:15:00,standard,26.01,76.0,0.0,0,6.89,0.24,14.1,21.23,52.82,-31.59,87.5,100.0,0,SIMULATED
2026-10-25 02:30:00,standard,26.0,76.0,0.0,0,6.87,0.24,14.1,21.21,52.82,-31.61,87.5,100.0,0,SIMULATED
2026-10-25 02:45:00,standard,26.01,76.0,0.0,0,6.87,0.24,14.1,21.21,52.82,-31.61,87.5,100.0,0,SIMULATED
2026-10-25 03:00:00,standard,26.03,75.9,0.0,0,6.86,0.24,14.1,21.2,52.82,-31.62,87.5,100.0,0,SIMULATED
2026-10-25 03:15:00,standard,26.07,75.7,0.0,0,6.87,0.24,14.1,21.21,52.82,-31.61,87.5,100.0,0,SIMULATED
2026-10-25 03:30:00,standard,26.13,75.4,0.0,0,6.9,0.24,14.1,21.24,52.82,-31.58,87.5,100.0,0,SIMULATED
2026-10-25 03:45:00,standard,26.2,75.1,0.0,0,6.93,0.24,14.1,21.27,52.82,-31.55,87.5,100.0,0,SIMULATED
2026-10-25 04:00:00,standard,26.29,74.7,0.0,0,6.97,0.24,14.1,21.31,52.82,-31.51,87.5,100.0,0,SIMULATED
2026-10-25 04:15:00,standard,26.39,74.2,0.0,0,7.03,0.24,14.1,21.37,52.82,-31.45,87.5,100.0,0,SIMULATED
2026-10-25 04:30:00,standard,26.5,73.7,0.0,0,7.07,0.24,14.1,21.41,52.82,-31.41,87.5,100.0,0,SIMULATED
2026-10-25 04:45:00,standard,26.63,73.1,0.0,0,7.15,0.24,14.1,21.49,52.82,-31.33,87.5,100.0,0,SIMULATED
2026-10-25 05:00:00,standard,26.77,72.5,0.0,0,7.21,0.24,14.1,21.55,52.82,-31.27,87.5,100.0,0,SIMULATED
2026-10-25 05:15:00,standard,26.93,71.8,0.0,0,7.31,0.24,14.1,21.65,52.82,-31.17,87.5,100.0,0,SIMULATED
2026-10-25 05:30:00,standard,27.1,71.0,0.0,0,7.42,0.24,14.1,21.76,52.82,-31.06,87.5,100.0,0,SIMULATED
2026-10-25 05:45:00,standard,27.28,70.2,0.0,0,7.49,0.24,14.1,21.83,52.82,-30.99,87.5,100.0,0,SIMULATED
2026-10-25 06:00:00,standard,27.47,69.3,0.0,0,7.6,0.24,14.1,21.94,52.82,-30.88,87.5,100.0,0,SIMULATED
2026-10-25 06:15:00,standard,27.67,68.4,53.4,0,8.31,0.24,14.1,22.65,52.82,-30.17,87.5,100.0,0,SIMULATED
2026-10-25 06:30:00,standard,27.88,67.5,106.5,0,9.0,0.24,14.1,23.34,52.82,-29.48,87.5,100.0,0,SIMULATED
2026-10-25 06:45:00,standard,28.09,66.5,159.3,0,9.7,0.24,14.1,24.04,52.94,-28.9,87.5,100.0,0,SIMULATED
2026-10-25 07:00:00,standard,28.31,65.5,211.4,0,10.7,1.52,14.1,26.33,53.22,-26.89,87.5,100.0,0,SIMULATED
2026-10-25 07:15:00,standard,28.54,64.5,262.7,0,11.4,1.52,14.1,27.03,53.49,-26.46,87.5,100.0,0,SIMULATED
2026-10-25 07:30:00,standard,28.78,63.4,312.9,0,12.11,1.52,14.1,27.72,53.8,-26.08,87.5,100.0,0,SIMULATED
2026-10-25 07:45:00,standard,29.02,62.3,361.9,0,12.8,1.52,14.1,28.42,54.1,-25.68,87.5,100.0,0,SIMULATED
2026-10-25 08:00:00,standard,29.26,61.2,409.5,0,13.51,1.52,14.1,29.12,54.42,-25.3,87.5,100.0,0,SIMULATED
2026-10-25 08:15:00,standard,29.5,60.1,455.5,0,14.18,1.52,14.1,29.79,54.7,-24.91,87.5,100.0,0,SIMULATED
2026-10-25 08:30:00,standard,29.75,59.0,499.6,0,14.85,1.52,14.1,30.47,55.02,-24.55,87.5,100.0,0,SIMULATED
2026-10-25 08:45:00,standard,30.0,57.9,541.8,0,15.5,1.52,14.1,31.12,55.34,-24.22,87.5,100.0,0,SIMULATED
2026-10-25 09:00:00,standard,30.24,56.8,581.9,1,16.21,1.85,14.1,32.15,55.64,-23.49,87.5,100.0,0,SIMULATED
2026-10-25 09:15:00,standard,30.48,55.7,619.6,1,16.81,1.85,14.1,32.76,55.93,-23.17,87.5,100.0,0,SIMULATED
2026-10-25 09:30:00,standard,30.72,54.6,654.9,1,17.04,1.85,14.1,32.99,56.24,-23.25,87.5,100.0,0,SIMULATED
2026-10-25 09:45:00,standard,30.96,53.5,687.7,1,17.25,1.85,14.1,33.19,56.51,-23.32,87.5,100.0,0,SIMULATED
2026-10-25 10:00:00,standard,31.19,52.5,717.7,5,17.44,4.31,14.1,35.85,56.82,-20.97,87.5,100.0,0,SIMULATED
2026-10-25 10:15:00,standard,31.41,51.5,744.9,6,17.64,4.31,14.1,36.05,57.1,-21.05,87.5,100.0,0,SIMULATED
2026-10-25 10:30:00,standard,31.62,50.5,769.1,5,17.78,4.31,14.1,36.19,57.36,-21.17,87.5,100.0,0,SIMULATED
2026-10-25 10:45:00,standard,31.83,49.6,790.3,5,17.95,4.31,14.1,36.36,57.62,-21.26,87.5,100.0,0,SIMULATED
2026-10-25 11:00:00,standard,32.03,48.7,808.4,7,18.09,4.31,14.1,36.5,57.87,-21.37,87.5,100.0,0,SIMULATED
2026-10-25 11:15:00,standard,32.22,47.8,823.3,7,18.26,4.31,14.1,36.67,58.1,-21.43,87.5,100.0,0,SIMULATED
2026-10-25 11:30:00,standard,32.4,47.0,834.9,6,18.35,4.31,14.1,36.76,58.31,-21.55,87.5,100.0,0,SIMULATED
2026-10-25 11:45:00,standard,32.57,46.2,843.3,6,18.43,4.31,14.1,36.84,58.53,-21.69,87.5,100.0,0,SIMULATED
2026-10-25 12:00:00,standard,32.73,45.5,848.3,5,18.51,4.31,14.1,36.92,58.74,-21.82,87.5,100.0,0,SIMULATED
2026-10-25 12:15:00,standard,32.87,44.9,850.0,6,18.56,4.31,14.1,36.97,58.92,-21.95,87.5,100.0,0,SIMULATED
2026-10-25 12:30:00,standard,33.0,44.3,848.3,4,18.62,4.31,14.1,37.03,59.07,-22.04,87.5,100.0,0,SIMULATED
2026-10-25 12:45:00,standard,33.11,43.8,843.3,6,18.71,4.31,14.1,37.12,59.22,-22.1,87.5,100.0,0,SIMULATED
2026-10-25 13:00:00,standard,33.21,43.3,834.9,6,18.73,4.31,14.1,37.14,59.34,-22.2,87.5,100.0,0,SIMULATED
2026-10-25 13:15:00,standard,33.3,42.9,823.3,6,18.8,4.31,14.1,37.21,59.46,-22.25,87.5,100.0,0,SIMULATED
2026-10-25 13:30:00,standard,33.37,42.6,808.4,5,18.78,4.31,14.1,37.19,59.54,-22.35,87.5,100.0,0,SIMULATED
2026-10-25 13:45:00,standard,33.43,42.3,790.3,6,18.79,4.31,14.1,37.2,59.62,-22.42,87.5,100.0,0,SIMULATED
2026-10-25 14:00:00,standard,33.47,42.1,769.1,6,18.75,4.31,14.1,37.16,59.67,-22.51,87.5,100.0,0,SIMULATED
2026-10-25 14:15:00,standard,33.49,42.0,744.9,5,18.57,3.98,14.1,36.66,59.7,-23.04,87.5,100.0,0,SIMULATED
2026-10-25 14:30:00,standard,33.5,42.0,717.7,6,18.5,3.98,14.1,36.59,59.7,-23.11,87.5,100.0,0,SIMULATED
2026-10-25 14:45:00,standard,33.49,42.0,687.7,4,18.42,3.98,14.1,36.51,59.7,-23.19,87.5,100.0,0,SIMULATED
2026-10-25 15:00:00,standard,33.47,42.1,654.9,5,18.34,3.98,14.1,36.43,59.67,-23.24,87.5,100.0,0,SIMULATED
2026-10-25 15:15:00,standard,33.43,42.3,619.6,5,18.23,3.98,14.1,36.32,59.62,-23.3,87.5,100.0,0,SIMULATED
2026-10-25 15:30:00,standard,33.37,42.6,581.9,6,18.07,3.98,14.1,36.15,59.54,-23.39,87.5,100.0,0,SIMULATED
2026-10-25 15:45:00,standard,33.3,42.9,541.8,5,17.95,3.98,14.1,36.03,59.46,-23.43,87.5,100.0,0,SIMULATED
2026-10-25 16:00:00,standard,33.21,43.3,499.6,5,17.79,3.98,14.1,35.87,59.34,-23.47,87.5,100.0,0,SIMULATED
2026-10-25 16:15:00,standard,33.11,43.8,455.5,0,17.61,1.52,14.1,33.24,59.22,-25.98,87.5,100.0,0,SIMULATED
2026-10-25 16:30:00,standard,33.0,44.3,409.5,0,17.44,1.52,14.1,33.07,59.07,-26.0,87.5,100.0,0,SIMULATED
2026-10-25 16:45:00,standard,32.87,44.9,361.9,0,17.25,1.52,14.1,32.87,58.92,-26.05,87.5,100.0,0,SIMULATED
2026-10-25 17:00:00,standard,32.73,45.5,312.9,0,17.06,1.52,14.1,32.69,58.74,-26.05,87.5,100.0,0,SIMULATED
2026-10-25 17:15:00,standard,32.57,46.2,262.7,0,16.77,1.52,14.1,32.38,58.53,-26.15,87.5,100.0,0,SIMULATED
2026-10-25 17:30:00,standard,32.4,47.0,211.4,0,15.96,1.52,14.1,31.57,58.31,-26.74,87.5,100.0,0,SIMULATED
2026-10-25 17:45:00,standard,32.22,47.8,159.3,0,15.02,1.52,14.1,30.63,58.1,-27.47,87.5,100.0,0,SIMULATED
2026-10-25 18:00:00,standard,32.03,48.7,106.5,0,14.05,1.52,14.1,29.66,57.87,-28.21,87.5,100.0,0,SIMULATED
2026-10-25 18:15:00,standard,31.83,49.6,53.4,0,13.12,1.52,14.1,28.74,57.62,-28.88,87.5,100.0,0,SIMULATED
2026-10-25 18:30:00,standard,31.62,50.5,0.0,0,12.19,1.52,14.1,27.81,57.36,-29.55,87.5,100.0,0,SIMULATED
2026-10-25 18:45:00,standard,31.41,51.5,0.0,0,11.9,1.52,14.1,27.5,57.1,-29.6,87.5,100.0,0,SIMULATED
2026-10-25 19:00:00,standard,31.19,52.5,0.0,0,11.62,1.52,14.1,27.24,56.82,-29.58,87.5,100.0,0,SIMULATED
2026-10-25 19:15:00,standard,30.96,53.5,0.0,0,11.36,1.52,14.1,26.98,56.51,-29.53,87.5,100.0,0,SIMULATED
2026-10-25 19:30:00,standard,30.72,54.6,0.0,0,11.09,1.52,14.1,26.71,56.24,-29.53,87.5,100.0,0,SIMULATED
2026-10-25 19:45:00,standard,30.48,55.7,0.0,0,10.83,1.52,14.1,26.44,55.93,-29.49,87.5,100.0,0,SIMULATED
2026-10-25 20:00:00,standard,30.24,56.8,0.0,0,10.29,0.24,14.1,24.63,55.64,-31.01,87.5,100.0,0,SIMULATED
2026-10-25 20:15:00,standard,30.0,57.9,0.0,0,10.05,0.24,14.1,24.39,55.34,-30.95,87.5,100.0,0,SIMULATED
2026-10-25 20:30:00,standard,29.75,59.0,0.0,0,9.82,0.24,14.1,24.16,55.02,-30.86,87.5,100.0,0,SIMULATED
2026-10-25 20:45:00,standard,29.5,60.1,0.0,0,9.6,0.24,14.1,23.94,54.7,-30.76,87.5,100.0,0,SIMULATED
2026-10-25 21:00:00,standard,29.26,61.2,0.0,0,9.37,0.24,14.1,23.71,54.42,-30.71,87.5,100.0,0,SIMULATED
2026-10-25 21:15:00,standard,29.02,62.3,0.0,0,9.17,0.24,14.1,23.51,54.1,-30.59,87.5,100.0,0,SIMULATED
2026-10-25 21:30:00,standard,28.78,63.4,0.0,0,8.99,0.24,14.1,23.33,53.8,-30.47,87.5,100.0,0,SIMULATED
2026-10-25 21:45:00,standard,28.54,64.5,0.0,0,8.78,0.24,14.1,23.12,53.49,-30.37,87.5,100.0,0,SIMULATED
2026-10-25 22:00:00,standard,28.31,65.5,0.0,0,8.61,0.24,14.1,22.95,53.22,-30.27,87.5,100.0,0,SIMULATED
2026-10-25 22:15:00,standard,28.09,66.5,0.0,0,8.43,0.24,14.1,22.77,52.94,-30.17,87.5,100.0,0,SIMULATED
2026-10-25 22:30:00,standard,27.88,67.5,0.0,0,8.27,0.24,14.1,22.61,52.82,-30.21,87.5,100.0,0,SIMULATED
2026-10-25 22:45:00,standard,27.67,68.4,0.0,0,8.13,0.24,14.1,22.47,52.82,-30.35,87.5,100.0,0,SIMULATED
2026-10-25 23:00:00,standard,27.47,69.3,0.0,0,7.96,0.24,14.1,22.3,52.82,-30.52,87.5,100.0,0,SIMULATED
2026-10-25 23:15:00,standard,27.28,70.2,0.0,0,7.82,0.24,14.1,22.16,52.82,-30.66,87.5,100.0,0,SIMULATED
2026-10-25 23:30:00,standard,27.1,71.0,0.0,0,7.71,0.24,14.1,22.05,52.82,-30.77,87.5,100.0,0,SIMULATED
2026-10-25 23:45:00,standard,26.93,71.8,0.0,0,7.57,0.24,14.1,21.91,52.82,-30.91,87.5,100.0,0,SIMULATED
2026-10-26 00:00:00,standard,26.77,72.5,0.0,0,7.45,0.24,14.1,21.79,52.82,-31.03,87.5,100.0,0,SIMULATED
2026-10-26 00:15:00,standard,26.63,73.1,0.0,0,7.37,0.24,14.1,21.71,52.82,-31.11,87.5,100.0,0,SIMULATED
2026-10-26 00:30:00,standard,26.5,73.7,0.0,0,7.26,0.24,14.1,21.6,52.82,-31.22,87.5,100.0,0,SIMULATED
2026-10-26 00:45:00,standard,26.39,74.2,0.0,0,7.2,0.24,14.1,21.54,52.82,-31.28,87.5,100.0,0,SIMULATED
2026-10-26 01:00:00,standard,26.29,74.7,0.0,0,7.13,0.24,14.1,21.47,52.82,-31.35,87.5,100.0,0,SIMULATED
2026-10-26 01:15:00,standard,26.2,75.1,0.0,0,7.05,0.24,14.1,21.39,52.82,-31.43,87.5,100.0,0,SIMULATED
2026-10-26 01:30:00,standard,26.13,75.4,0.0,0,7.0,0.24,14.1,21.34,52.82,-31.48,87.5,100.0,0,SIMULATED
2026-10-26 01:45:00,standard,26.07,75.7,0.0,0,6.95,0.24,14.1,21.29,52.82,-31.53,87.5,100.0,0,SIMULATED
2026-10-26 02:00:00,standard,26.03,75.9,0.0,0,6.92,0.24,14.1,21.26,52.82,-31.56,87.5,100.0,0,SIMULATED
2026-10-26 02:15:00,standard,26.01,76.0,0.0,0,6.89,0.24,14.1,21.23,52.82,-31.59,87.5,100.0,0,SIMULATED
2026-10-26 02:30:00,standard,26.0,76.0,0.0,0,6.87,0.24,14.1,21.21,52.82,-31.61,87.5,100.0,0,SIMULATED
2026-10-26 02:45:00,standard,26.01,76.0,0.0,0,6.87,0.24,14.1,21.21,52.82,-31.61,87.5,100.0,0,SIMULATED
2026-10-26 03:00:00,standard,26.03,75.9,0.0,0,6.86,0.24,14.1,21.2,52.82,-31.62,87.5,100.0,0,SIMULATED
2026-10-26 03:15:00,standard,26.07,75.7,0.0,0,6.87,0.24,14.1,21.21,52.82,-31.61,87.5,100.0,0,SIMULATED
2026-10-26 03:30:00,standard,26.13,75.4,0.0,0,6.9,0.24,14.1,21.24,52.82,-31.58,87.5,100.0,0,SIMULATED
2026-10-26 03:45:00,standard,26.2,75.1,0.0,0,6.93,0.24,14.1,21.27,52.82,-31.55,87.5,100.0,0,SIMULATED
2026-10-26 04:00:00,standard,26.29,74.7,0.0,0,6.97,0.24,14.1,21.31,52.82,-31.51,87.5,100.0,0,SIMULATED
2026-10-26 04:15:00,standard,26.39,74.2,0.0,0,7.03,0.24,14.1,21.37,52.82,-31.45,87.5,100.0,0,SIMULATED
2026-10-26 04:30:00,standard,26.5,73.7,0.0,0,7.07,0.24,14.1,21.41,52.82,-31.41,87.5,100.0,0,SIMULATED
2026-10-26 04:45:00,standard,26.63,73.1,0.0,0,7.15,0.24,14.1,21.49,52.82,-31.33,87.5,100.0,0,SIMULATED
2026-10-26 05:00:00,standard,26.77,72.5,0.0,0,7.21,0.24,14.1,21.55,52.82,-31.27,87.5,100.0,0,SIMULATED
2026-10-26 05:15:00,standard,26.93,71.8,0.0,0,7.31,0.24,14.1,21.65,52.82,-31.17,87.5,100.0,0,SIMULATED
2026-10-26 05:30:00,standard,27.1,71.0,0.0,0,7.42,0.24,14.1,21.76,52.82,-31.06,87.5,100.0,0,SIMULATED
2026-10-26 05:45:00,standard,27.28,70.2,0.0,0,7.49,0.24,14.1,21.83,52.82,-30.99,87.5,100.0,0,SIMULATED
2026-10-26 06:00:00,standard,27.47,69.3,0.0,0,7.6,0.24,14.1,21.94,52.82,-30.88,87.5,100.0,0,SIMULATED
2026-10-26 06:15:00,standard,27.67,68.4,53.4,0,8.31,0.24,14.1,22.65,52.82,-30.17,87.5,100.0,0,SIMULATED
2026-10-26 06:30:00,standard,27.88,67.5,106.5,0,9.0,0.24,14.1,23.34,52.82,-29.48,87.5,100.0,0,SIMULATED
2026-10-26 06:45:00,standard,28.09,66.5,159.3,0,9.7,0.24,14.1,24.04,52.94,-28.9,87.5,100.0,0,SIMULATED
2026-10-26 07:00:00,standard,28.31,65.5,211.4,0,10.7,1.52,14.1,26.33,53.22,-26.89,87.5,100.0,0,SIMULATED
2026-10-26 07:15:00,standard,28.54,64.5,262.7,0,11.4,1.52,14.1,27.03,53.49,-26.46,87.5,100.0,0,SIMULATED
2026-10-26 07:30:00,standard,28.78,63.4,312.9,0,12.11,1.52,14.1,27.72,53.8,-26.08,87.5,100.0,0,SIMULATED
2026-10-26 07:45:00,standard,29.02,62.3,361.9,0,12.8,1.52,14.1,28.42,54.1,-25.68,87.5,100.0,0,SIMULATED
2026-10-26 08:00:00,standard,29.26,61.2,409.5,3,13.68,1.85,14.1,29.62,54.42,-24.8,87.5,100.0,0,SIMULATED
2026-10-26 08:15:00,standard,29.5,60.1,455.5,6,14.76,3.21,14.1,32.06,54.7,-22.64,87.5,100.0,0,SIMULATED
2026-10-26 08:30:00,standard,29.75,59.0,499.6,12,15.79,3.99,14.1,33.87,55.02,-21.15,87.5,100.0,0,SIMULATED
2026-10-26 08:45:00,standard,30.0,57.9,541.8,17,16.76,5.09,14.1,35.95,55.34,-19.39,87.5,100.0,0,SIMULATED
2026-10-26 09:00:00,standard,30.24,56.8,581.9,46,17.53,6.0,14.1,37.63,55.64,-18.01,87.5,100.0,0,SIMULATED
2026-10-26 09:15:00,standard,30.48,55.7,619.6,50,17.8,6.0,14.1,37.9,55.93,-18.03,87.5,100.0,0,SIMULATED
2026-10-26 09:30:00,standard,30.72,54.6,654.9,68,18.3,6.6,14.1,39.0,56.24,-17.24,87.5,100.0,0,SIMULATED
2026-10-26 09:45:00,standard,30.96,53.5,687.7,69,18.47,6.6,14.1,39.17,56.51,-17.34,87.5,100.0,0,SIMULATED
2026-10-26 10:00:00,standard,31.19,52.5,717.7,77,18.77,6.42,14.1,39.29,56.82,-17.53,87.5,100.0,0,SIMULATED
2026-10-26 10:15:00,standard,31.41,51.5,744.9,78,18.86,6.42,14.1,39.38,57.1,-17.72,87.5,100.0,0,SIMULATED
2026-10-26 10:30:00,standard,31.62,50.5,769.1,70,18.58,5.82,14.1,38.5,57.36,-18.86,87.5,100.0,0,SIMULATED
2026-10-26 10:45:00,standard,31.83,49.6,790.3,68,18.62,5.82,14.1,38.54,57.62,-19.08,87.5,100.0,0,SIMULATED
2026-10-26 11:00:00,standard,32.03,48.7,808.4,70,18.77,5.82,14.1,38.69,57.87,-19.18,87.5,100.0,0,SIMULATED
2026-10-26 11:15:00,standard,32.22,47.8,823.3,70,18.82,5.82,14.1,38.74,58.1,-19.36,87.5,100.0,0,SIMULATED
2026-10-26 11:30:00,standard,32.4,47.0,834.9,76,19.32,6.42,14.1,39.84,58.31,-18.47,87.5,100.0,0,SIMULATED
2026-10-26 11:45:00,standard,32.57,46.2,843.3,69,18.92,5.82,14.1,38.84,58.53,-19.69,87.5,100.0,0,SIMULATED
2026-10-26 12:00:00,standard,32.73,45.5,848.3,92,19.87,6.6,14.1,40.57,58.74,-18.17,87.5,100.0,0,SIMULATED
2026-10-26 12:15:00,standard,32.87,44.9,850.0,92,19.96,6.6,14.1,40.66,58.92,-18.26,87.5,100.0,0,SIMULATED
2026-10-26 12:30:00,standard,33.0,44.3,848.3,72,19.58,6.0,14.1,39.68,59.07,-19.39,87.5,100.0,0,SIMULATED
2026-10-26 12:45:00,standard,33.11,43.8,843.3,71,19.64,6.0,14.1,39.74,59.22,-19.48,87.5,100.0,0,SIMULATED
2026-10-26 13:00:00,standard,33.21,43.3,834.9,65,19.72,6.0,14.1,39.82,59.34,-19.52,87.5,100.0,0,SIMULATED
2026-10-26 13:15:00,standard,33.3,42.9,823.3,65,19.77,6.0,14.1,39.87,59.46,-19.59,87.5,100.0,0,SIMULATED
2026-10-26 13:30:00,standard,33.37,42.6,808.4,75,20.21,6.6,14.1,40.91,59.54,-18.63,87.5,100.0,0,SIMULATED
2026-10-26 13:45:00,standard,33.43,42.3,790.3,74,20.21,6.6,14.1,40.91,59.62,-18.71,87.5,100.0,0,SIMULATED
2026-10-26 14:00:00,standard,33.47,42.1,769.1,70,19.61,6.5,14.1,40.21,59.67,-19.46,75.0,100.0,1,SIMULATED
2026-10-26 14:15:00,standard,33.49,42.0,744.9,71,19.61,6.5,14.1,40.21,59.7,-19.49,75.0,100.0,1,SIMULATED
2026-10-26 14:30:00,standard,33.5,42.0,717.7,71,19.62,6.5,14.1,40.22,59.7,-19.48,62.5,100.0,1,SIMULATED
2026-10-26 14:45:00,standard,33.49,42.0,687.7,71,19.61,6.5,14.1,40.21,59.7,-19.49,62.5,100.0,1,SIMULATED
2026-10-26 15:00:00,standard,33.47,42.1,654.9,72,19.45,5.82,14.1,39.37,59.67,-20.3,62.5,100.0,0,SIMULATED
2026-10-26 15:15:00,standard,33.43,42.3,619.6,69,19.4,5.82,14.1,39.32,59.62,-20.3,62.5,100.0,0,SIMULATED
2026-10-26 15:30:00,standard,33.37,42.6,581.9,71,19.41,6.0,14.1,39.51,59.54,-20.03,62.5,100.0,0,SIMULATED
2026-10-26 15:45:00,standard,33.3,42.9,541.8,70,19.41,6.0,14.1,39.51,59.46,-19.95,62.5,100.0,0,SIMULATED
2026-10-26 16:00:00,standard,33.21,43.3,499.6,71,19.37,6.0,14.1,39.47,59.34,-19.87,62.5,100.0,0,SIMULATED
2026-10-26 16:15:00,standard,33.11,43.8,455.5,70,19.29,6.0,14.1,39.39,59.22,-19.83,62.5,100.0,0,SIMULATED
2026-10-26 16:30:00,standard,33.0,44.3,409.5,80,19.71,6.6,14.1,40.41,59.07,-18.66,62.5,100.0,0,SIMULATED
2026-10-26 16:45:00,standard,32.87,44.9,361.9,79,19.61,6.6,14.1,40.31,58.92,-18.61,62.5,100.0,0,SIMULATED
2026-10-26 17:00:00,standard,32.73,45.5,312.9,66,18.9,6.6,14.1,39.6,58.74,-19.14,62.5,100.0,0,SIMULATED
2026-10-26 17:15:00,standard,32.57,46.2,262.7,66,18.64,6.6,14.1,39.34,58.53,-19.19,62.5,100.0,0,SIMULATED
2026-10-26 17:30:00,standard,32.4,47.0,211.4,58,17.91,6.0,14.1,38.01,58.31,-20.3,62.5,100.0,0,SIMULATED
2026-10-26 17:45:00,standard,32.22,47.8,159.3,54,17.63,6.0,14.1,37.73,58.1,-20.37,62.5,100.0,0,SIMULATED
2026-10-26 18:00:00,standard,32.03,48.7,106.5,50,17.31,6.0,14.1,37.41,57.87,-20.46,62.5,100.0,0,SIMULATED
2026-10-26 18:15:00,standard,31.83,49.6,53.4,48,17.09,6.0,14.1,37.19,57.62,-20.43,75.0,100.0,0,SIMULATED
2026-10-26 18:30:00,standard,31.62,50.5,0.0,40,16.44,5.09,14.1,35.63,57.36,-21.73,87.5,100.0,0,SIMULATED
2026-10-26 18:45:00,standard,31.41,51.5,0.0,33,15.97,5.09,14.1,35.16,57.1,-21.94,87.5,100.0,0,SIMULATED
2026-10-26 19:00:00,standard,31.19,52.5,0.0,21,15.12,3.98,14.1,33.2,56.82,-23.62,87.5,100.0,0,SIMULATED
2026-10-26 19:15:00,standard,30.96,53.5,0.0,15,14.74,3.98,14.1,32.82,56.51,-23.69,87.5,100.0,0,SIMULATED
2026-10-26 19:30:00,standard,30.72,54.6,0.0,10,13.83,2.62,14.1,30.55,56.24,-25.69,87.5,100.0,0,SIMULATED
2026-10-26 19:45:00,standard,30.48,55.7,0.0,7,13.3,2.62,14.1,30.02,55.93,-25.91,87.5,100.0,0,SIMULATED
2026-10-26 20:00:00,standard,30.24,56.8,0.0,6,12.62,1.6,14.1,28.32,55.64,-27.32,87.5,100.0,0,SIMULATED
2026-10-26 20:15:00,standard,30.0,57.9,0.0,2,12.09,1.6,14.1,27.79,55.34,-27.55,87.5,100.0,0,SIMULATED
2026-10-26 20:30:00,standard,29.75,59.0,0.0,0,11.34,0.24,14.1,25.68,55.02,-29.34,87.5,100.0,0,SIMULATED
2026-10-26 20:45:00,standard,29.5,60.1,0.0,0,10.99,0.24,14.1,25.33,54.7,-29.37,87.5,100.0,0,SIMULATED
2026-10-26 21:00:00,standard,29.26,61.2,0.0,0,10.66,0.24,14.1,25.0,54.42,-29.42,87.5,100.0,0,SIMULATED
2026-10-26 21:15:00,standard,29.02,62.3,0.0,0,10.34,0.24,14.1,24.68,54.1,-29.42,87.5,100.0,0,SIMULATED
2026-10-26 21:30:00,standard,28.78,63.4,0.0,0,10.06,0.24,14.1,24.4,53.8,-29.4,87.5,100.0,0,SIMULATED
2026-10-26 21:45:00,standard,28.54,64.5,0.0,0,9.77,0.24,14.1,24.11,53.49,-29.38,87.5,100.0,0,SIMULATED
2026-10-26 22:00:00,standard,28.31,65.5,0.0,0,9.51,0.24,14.1,23.85,53.22,-29.37,87.5,100.0,0,SIMULATED
2026-10-26 22:15:00,standard,28.09,66.5,0.0,0,9.23,0.24,14.1,23.57,52.94,-29.37,87.5,100.0,0,SIMULATED
2026-10-26 22:30:00,standard,27.88,67.5,0.0,0,9.01,0.24,14.1,23.35,52.82,-29.47,87.5,100.0,0,SIMULATED
2026-10-26 22:45:00,standard,27.67,68.4,0.0,0,8.81,0.24,14.1,23.15,52.82,-29.67,87.5,100.0,0,SIMULATED
2026-10-26 23:00:00,standard,27.47,69.3,0.0,0,8.6,0.24,14.1,22.94,52.82,-29.88,87.5,100.0,0,SIMULATED
2026-10-26 23:15:00,standard,27.28,70.2,0.0,0,8.4,0.24,14.1,22.74,52.82,-30.08,87.5,100.0,0,SIMULATED
2026-10-26 23:30:00,standard,27.1,71.0,0.0,0,8.24,0.24,14.1,22.58,52.82,-30.24,87.5,100.0,0,SIMULATED
2026-10-26 23:45:00,standard,26.93,71.8,0.0,0,8.07,0.24,14.1,22.41,52.82,-30.41,87.5,100.0,0,SIMULATED
2026-10-27 00:00:00,standard,26.77,72.5,0.0,0,7.9,0.24,14.1,22.24,52.82,-30.58,87.5,100.0,0,SIMULATED
2026-10-27 00:15:00,standard,26.63,73.1,0.0,0,7.79,0.24,14.1,22.13,52.82,-30.69,87.5,100.0,0,SIMULATED
2026-10-27 00:30:00,standard,26.5,73.7,0.0,0,7.65,0.24,14.1,21.99,52.82,-30.83,87.5,100.0,0,SIMULATED
2026-10-27 00:45:00,standard,26.39,74.2,0.0,0,7.55,0.24,14.1,21.89,52.82,-30.93,87.5,100.0,0,SIMULATED
2026-10-27 01:00:00,standard,26.29,74.7,0.0,0,7.45,0.24,14.1,21.79,52.82,-31.03,87.5,100.0,0,SIMULATED
2026-10-27 01:15:00,standard,26.2,75.1,0.0,0,7.35,0.24,14.1,21.69,52.82,-31.13,87.5,100.0,0,SIMULATED
2026-10-27 01:30:00,standard,26.13,75.4,0.0,0,7.28,0.24,14.1,21.62,52.82,-31.2,87.5,100.0,0,SIMULATED
2026-10-27 01:45:00,standard,26.07,75.7,0.0,0,7.2,0.24,14.1,21.54,52.82,-31.28,87.5,100.0,0,SIMULATED
2026-10-27 02:00:00,standard,26.03,75.9,0.0,0,7.15,0.24,14.1,21.49,52.82,-31.33,87.5,100.0,0,SIMULATED
2026-10-27 02:15:00,standard,26.01,76.0,0.0,0,7.11,0.24,14.1,21.45,52.82,-31.37,87.5,100.0,0,SIMULATED
2026-10-27 02:30:00,standard,26.0,76.0,0.0,0,7.08,0.24,14.1,21.42,52.82,-31.4,87.5,100.0,0,SIMULATED
2026-10-27 02:45:00,standard,26.01,76.0,0.0,0,7.06,0.24,14.1,21.4,52.82,-31.42,87.5,100.0,0,SIMULATED
2026-10-27 03:00:00,standard,26.03,75.9,0.0,0,7.04,0.24,14.1,21.38,52.82,-31.44,87.5,100.0,0,SIMULATED
2026-10-27 03:15:00,standard,26.07,75.7,0.0,0,7.03,0.24,14.1,21.37,52.82,-31.45,87.5,100.0,0,SIMULATED
2026-10-27 03:30:00,standard,26.13,75.4,0.0,0,7.05,0.24,14.1,21.39,52.82,-31.43,87.5,100.0,0,SIMULATED
2026-10-27 03:45:00,standard,26.2,75.1,0.0,0,7.07,0.24,14.1,21.41,52.82,-31.41,87.5,100.0,0,SIMULATED
2026-10-27 04:00:00,standard,26.29,74.7,0.0,0,7.11,0.24,14.1,21.45,52.82,-31.37,87.5,100.0,0,SIMULATED
2026-10-27 04:15:00,standard,26.39,74.2,0.0,0,7.14,0.24,14.1,21.48,52.82,-31.34,87.5,100.0,0,SIMULATED
2026-10-27 04:30:00,standard,26.5,73.7,0.0,0,7.18,0.24,14.1,21.52,52.82,-31.3,87.5,100.0,0,SIMULATED
2026-10-27 04:45:00,standard,26.63,73.1,0.0,0,7.24,0.24,14.1,21.58,52.82,-31.24,87.5,100.0,0,SIMULATED
2026-10-27 05:00:00,standard,26.77,72.5,0.0,0,7.28,0.24,14.1,21.62,52.82,-31.2,87.5,100.0,0,SIMULATED
2026-10-27 05:15:00,standard,26.93,71.8,0.0,0,7.36,0.24,14.1,21.7,52.82,-31.12,87.5,100.0,0,SIMULATED
2026-10-27 05:30:00,standard,27.1,71.0,0.0,0,7.46,0.24,14.1,21.8,52.82,-31.02,87.5,100.0,0,SIMULATED
2026-10-27 05:45:00,standard,27.28,70.2,0.0,0,7.53,0.24,14.1,21.87,52.82,-30.95,87.5,100.0,0,SIMULATED
2026-10-27 06:00:00,standard,27.47,69.3,0.0,0,7.63,0.24,14.1,21.97,52.82,-30.85,87.5,100.0,0,SIMULATED
2026-10-27 06:15:00,standard,27.67,68.4,53.4,0,8.32,0.24,14.1,22.66,52.82,-30.16,87.5,100.0,0,SIMULATED
2026-10-27 06:30:00,standard,27.88,67.5,106.5,0,9.01,0.24,14.1,23.35,52.82,-29.47,87.5,100.0,0,SIMULATED
2026-10-27 06:45:00,standard,28.09,66.5,159.3,0,9.7,0.24,14.1,24.04,52.94,-28.9,87.5,100.0,0,SIMULATED
2026-10-27 07:00:00,standard,28.31,65.5,211.4,0,10.7,1.52,14.1,26.33,53.22,-26.89,87.5,100.0,0,SIMULATED
2026-10-27 07:15:00,standard,28.54,64.5,262.7,0,11.4,1.52,14.1,27.03,53.49,-26.46,87.5,100.0,0,SIMULATED
2026-10-27 07:30:00,standard,28.78,63.4,312.9,0,12.11,1.52,14.1,27.72,53.8,-26.08,87.5,100.0,0,SIMULATED
2026-10-27 07:45:00,standard,29.02,62.3,361.9,0,12.8,1.52,14.1,28.42,54.1,-25.68,87.5,100.0,0,SIMULATED
2026-10-27 08:00:00,standard,29.26,61.2,409.5,3,13.68,1.85,14.1,29.62,54.42,-24.8,87.5,100.0,0,SIMULATED
2026-10-27 08:15:00,standard,29.5,60.1,455.5,5,14.72,3.21,14.1,32.02,54.7,-22.68,87.5,100.0,0,SIMULATED
2026-10-27 08:30:00,standard,29.75,59.0,499.6,12,15.78,3.99,14.1,33.86,55.02,-21.16,87.5,100.0,0,SIMULATED
2026-10-27 08:45:00,standard,30.0,57.9,541.8,15,16.73,5.09,14.1,35.92,55.34,-19.42,87.5,100.0,0,SIMULATED
2026-10-27 09:00:00,standard,30.24,56.8,581.9,45,17.53,6.0,14.1,37.63,55.64,-18.01,87.5,100.0,0,SIMULATED
2026-10-27 09:15:00,standard,30.48,55.7,619.6,46,17.71,6.0,14.1,37.81,55.93,-18.12,87.5,100.0,0,SIMULATED
2026-10-27 09:30:00,standard,30.72,54.6,654.9,71,18.36,6.6,14.1,39.06,56.24,-17.18,87.5,100.0,0,SIMULATED
2026-10-27 09:45:00,standard,30.96,53.5,687.7,69,18.44,6.6,14.1,39.14,56.51,-17.37,87.5,100.0,0,SIMULATED
2026-10-27 10:00:00,standard,31.19,52.5,717.7,77,18.8,6.42,14.1,39.32,56.82,-17.5,87.5,100.0,0,SIMULATED
2026-10-27 10:15:00,standard,31.41,51.5,744.9,78,18.86,6.42,14.1,39.38,57.1,-17.72,87.5,100.0,0,SIMULATED
2026-10-27 10:30:00,standard,31.62,50.5,769.1,69,18.55,5.82,14.1,38.47,57.36,-18.89,87.5,100.0,0,SIMULATED
2026-10-27 10:45:00,standard,31.83,49.6,790.3,70,18.68,5.82,14.1,38.6,57.62,-19.02,87.5,100.0,0,SIMULATED
2026-10-27 11:00:00,standard,32.03,48.7,808.4,73,18.83,5.82,14.1,38.75,57.87,-19.12,87.5,100.0,0,SIMULATED
2026-10-27 11:15:00,standard,32.22,47.8,823.3,72,18.89,5.82,14.1,38.81,58.1,-19.29,87.5,100.0,0,SIMULATED
2026-10-27 11:30:00,standard,32.4,47.0,834.9,80,19.41,6.42,14.1,39.93,58.31,-18.38,87.5,100.0,0,SIMULATED
2026-10-27 11:45:00,standard,32.57,46.2,843.3,68,18.93,5.82,14.1,38.85,58.53,-19.68,87.5,100.0,0,SIMULATED
2026-10-27 12:00:00,standard,32.73,45.5,848.3,93,19.9,6.6,14.1,40.6,58.74,-18.14,87.5,100.0,0,SIMULATED
2026-10-27 12:15:00,standard,32.87,44.9,850.0,90,19.89,6.6,14.1,40.59,58.92,-18.33,87.5,100.0,0,SIMULATED
2026-10-27 12:30:00,standard,33.0,44.3,848.3,70,19.58,6.0,14.1,39.68,59.07,-19.39,87.5,100.0,0,SIMULATED
2026-10-27 12:45:00,standard,33.11,43.8,843.3,70,19.61,6.0,14.1,39.71,59.22,-19.51,87.5,100.0,0,SIMULATED
2026-10-27 13:00:00,standard,33.21,43.3,834.9,67,19.72,6.0,14.1,39.82,59.34,-19.52,87.5,100.0,0,SIMULATED
2026-10-27 13:15:00,standard,33.3,42.9,823.3,66,19.77,6.0,14.1,39.87,59.46,-19.59,87.5,100.0,0,SIMULATED
2026-10-27 13:30:00,standard,33.37,42.6,808.4,73,20.17,6.6,14.1,40.87,59.54,-18.67,87.5,100.0,0,SIMULATED
2026-10-27 13:45:00,standard,33.43,42.3,790.3,71,20.15,6.6,14.1,40.85,59.62,-18.77,87.5,100.0,0,SIMULATED
2026-10-27 14:00:00,standard,33.47,42.1,769.1,71,19.61,6.5,14.1,40.21,59.67,-19.46,75.0,100.0,1,SIMULATED
2026-10-27 14:15:00,standard,33.49,42.0,744.9,73,19.64,6.5,14.1,40.24,59.7,-19.46,75.0,100.0,1,SIMULATED
2026-10-27 14:30:00,standard,33.5,42.0,717.7,72,19.65,6.5,14.1,40.25,59.7,-19.45,62.5,100.0,1,SIMULATED
2026-10-27 14:45:00,standard,33.49,42.0,687.7,71,19.61,6.5,14.1,40.21,59.7,-19.49,62.5,100.0,1,SIMULATED
2026-10-27 15:00:00,standard,33.47,42.1,654.9,73,19.48,5.82,14.1,39.4,59.67,-20.27,62.5,100.0,0,SIMULATED
2026-10-27 15:15:00,standard,33.43,42.3,619.6,75,19.5,5.82,14.1,39.42,59.62,-20.2,62.5,100.0,0,SIMULATED
2026-10-27 15:30:00,standard,33.37,42.6,581.9,71,19.38,6.0,14.1,39.48,59.54,-20.06,62.5,100.0,0,SIMULATED
2026-10-27 15:45:00,standard,33.3,42.9,541.8,71,19.38,6.0,14.1,39.48,59.46,-19.98,62.5,100.0,0,SIMULATED
2026-10-27 16:00:00,standard,33.21,43.3,499.6,71,19.33,6.0,14.1,39.43,59.34,-19.91,62.5,100.0,0,SIMULATED
2026-10-27 16:15:00,standard,33.11,43.8,455.5,68,19.26,6.0,14.1,39.36,59.22,-19.86,62.5,100.0,0,SIMULATED
2026-10-27 16:30:00,standard,33.0,44.3,409.5,79,19.63,6.6,14.1,40.33,59.07,-18.74,62.5,100.0,0,SIMULATED
2026-10-27 16:45:00,standard,32.87,44.9,361.9,76,19.51,6.6,14.1,40.21,58.92,-18.71,62.5,100.0,0,SIMULATED
2026-10-27 17:00:00,standard,32.73,45.5,312.9,67,18.94,6.6,14.1,39.64,58.74,-19.1,62.5,100.0,0,SIMULATED
2026-10-27 17:15:00,standard,32.57,46.2,262.7,66,18.65,6.6,14.1,39.35,58.53,-19.18,62.5,100.0,0,SIMULATED
2026-10-27 17:30:00,standard,32.4,47.0,211.4,57,17.9,6.0,14.1,38.0,58.31,-20.31,62.5,100.0,0,SIMULATED
2026-10-27 17:45:00,standard,32.22,47.8,159.3,55,17.67,6.0,14.1,37.77,58.1,-20.33,62.5,100.0,0,SIMULATED
2026-10-27 18:00:00,standard,32.03,48.7,106.5,51,17.39,6.0,14.1,37.49,57.87,-20.38,62.5,100.0,0,SIMULATED
2026-10-27 18:15:00,standard,31.83,49.6,53.4,49,17.1,6.0,14.1,37.2,57.62,-20.42,75.0,100.0,0,SIMULATED
2026-10-27 18:30:00,standard,31.62,50.5,0.0,40,16.44,5.09,14.1,35.63,57.36,-21.73,87.5,100.0,0,SIMULATED
2026-10-27 18:45:00,standard,31.41,51.5,0.0,34,16.01,5.09,14.1,35.2,57.1,-21.9,87.5,100.0,0,SIMULATED
2026-10-27 19:00:00,standard,31.19,52.5,0.0,23,15.16,3.98,14.1,33.24,56.82,-23.58,87.5,100.0,0,SIMULATED
2026-10-27 19:15:00,standard,30.96,53.5,0.0,17,14.78,3.98,14.1,32.86,56.51,-23.65,87.5,100.0,0,SIMULATED
2026-10-27 19:30:00,standard,30.72,54.6,0.0,10,13.84,2.62,14.1,30.56,56.24,-25.68,87.5,100.0,0,SIMULATED
2026-10-27 19:45:00,standard,30.48,55.7,0.0,8,13.34,2.62,14.1,30.06,55.93,-25.87,87.5,100.0,0,SIMULATED
2026-10-27 20:00:00,standard,30.24,56.8,0.0,5,12.6,1.6,14.1,28.3,55.64,-27.34,87.5,100.0,0,SIMULATED
2026-10-27 20:15:00,standard,30.0,57.9,0.0,2,12.1,1.6,14.1,27.8,55.34,-27.54,87.5,100.0,0,SIMULATED
2026-10-27 20:30:00,standard,29.75,59.0,0.0,0,11.35,0.24,14.1,25.69,55.02,-29.33,87.5,100.0,0,SIMULATED
2026-10-27 20:45:00,standard,29.5,60.1,0.0,0,11.0,0.24,14.1,25.34,54.7,-29.36,87.5,100.0,0,SIMULATED
2026-10-27 21:00:00,standard,29.26,61.2,0.0,0,10.67,0.24,14.1,25.01,54.42,-29.41,87.5,100.0,0,SIMULATED
2026-10-27 21:15:00,standard,29.02,62.3,0.0,0,10.35,0.24,14.1,24.69,54.1,-29.41,87.5,100.0,0,SIMULATED
2026-10-27 21:30:00,standard,28.78,63.4,0.0,0,10.07,0.24,14.1,24.41,53.8,-29.39,87.5,100.0,0,SIMULATED
2026-10-27 21:45:00,standard,28.54,64.5,0.0,0,9.77,0.24,14.1,24.11,53.49,-29.38,87.5,100.0,0,SIMULATED
2026-10-27 22:00:00,standard,28.31,65.5,0.0,0,9.52,0.24,14.1,23.86,53.22,-29.36,87.5,100.0,0,SIMULATED
2026-10-27 22:15:00,standard,28.09,66.5,0.0,0,9.24,0.24,14.1,23.58,52.94,-29.36,87.5,100.0,0,SIMULATED
2026-10-27 22:30:00,standard,27.88,67.5,0.0,0,9.02,0.24,14.1,23.36,52.82,-29.46,87.5,100.0,0,SIMULATED
2026-10-27 22:45:00,standard,27.67,68.4,0.0,0,8.82,0.24,14.1,23.16,52.82,-29.66,87.5,100.0,0,SIMULATED
2026-10-27 23:00:00,standard,27.47,69.3,0.0,0,8.61,0.24,14.1,22.95,52.82,-29.87,87.5,100.0,0,SIMULATED
2026-10-27 23:15:00,standard,27.28,70.2,0.0,0,8.41,0.24,14.1,22.75,52.82,-30.07,87.5,100.0,0,SIMULATED
2026-10-27 23:30:00,standard,27.1,71.0,0.0,0,8.25,0.24,14.1,22.59,52.82,-30.23,87.5,100.0,0,SIMULATED
2026-10-27 23:45:00,standard,26.93,71.8,0.0,0,8.08,0.24,14.1,22.42,52.82,-30.4,87.5,100.0,0,SIMULATED
2026-10-28 00:00:00,standard,26.77,72.5,0.0,0,7.91,0.24,14.1,22.25,52.82,-30.57,87.5,100.0,0,SIMULATED
2026-10-28 00:15:00,standard,26.63,73.1,0.0,0,7.8,0.24,14.1,22.14,52.82,-30.68,87.5,100.0,0,SIMULATED
2026-10-28 00:30:00,standard,26.5,73.7,0.0,0,7.66,0.24,14.1,22.0,52.82,-30.82,87.5,100.0,0,SIMULATED
2026-10-28 00:45:00,standard,26.39,74.2,0.0,0,7.56,0.24,14.1,21.9,52.82,-30.92,87.5,100.0,0,SIMULATED
2026-10-28 01:00:00,standard,26.29,74.7,0.0,0,7.46,0.24,14.1,21.8,52.82,-31.02,87.5,100.0,0,SIMULATED
2026-10-28 01:15:00,standard,26.2,75.1,0.0,0,7.36,0.24,14.1,21.7,52.82,-31.12,87.5,100.0,0,SIMULATED
2026-10-28 01:30:00,standard,26.13,75.4,0.0,0,7.29,0.24,14.1,21.63,52.82,-31.19,87.5,100.0,0,SIMULATED
2026-10-28 01:45:00,standard,26.07,75.7,0.0,0,7.21,0.24,14.1,21.55,52.82,-31.27,87.5,100.0,0,SIMULATED
2026-10-28 02:00:00,standard,26.03,75.9,0.0,0,7.16,0.24,14.1,21.5,52.82,-31.32,87.5,100.0,0,SIMULATED
2026-10-28 02:15:00,standard,26.01,76.0,0.0,0,7.12,0.24,14.1,21.46,52.82,-31.36,87.5,100.0,0,SIMULATED
2026-10-28 02:30:00,standard,26.0,76.0,0.0,0,7.09,0.24,14.1,21.43,52.82,-31.39,87.5,100.0,0,SIMULATED
2026-10-28 02:45:00,standard,26.01,76.0,0.0,0,7.07,0.24,14.1,21.41,52.82,-31.41,87.5,100.0,0,SIMULATED
2026-10-28 03:00:00,standard,26.03,75.9,0.0,0,7.05,0.24,14.1,21.39,52.82,-31.43,87.5,100.0,0,SIMULATED
2026-10-28 03:15:00,standard,26.07,75.7,0.0,0,7.04,0.24,14.1,21.38,52.82,-31.44,87.5,100.0,0,SIMULATED
2026-10-28 03:30:00,standard,26.13,75.4,0.0,0,7.06,0.24,14.1,21.4,52.82,-31.42,87.5,100.0,0,SIMULATED
2026-10-28 03:45:00,standard,26.2,75.1,0.0,0,7.08,0.24,14.1,21.42,52.82,-31.4,87.5,100.0,0,SIMULATED
2026-10-28 04:00:00,standard,26.29,74.7,0.0,0,7.12,0.24,14.1,21.46,52.82,-31.36,87.5,100.0,0,SIMULATED
2026-10-28 04:15:00,standard,26.39,74.2,0.0,0,7.15,0.24,14.1,21.49,52.82,-31.33,87.5,100.0,0,SIMULATED
2026-10-28 04:30:00,standard,26.5,73.7,0.0,0,7.19,0.24,14.1,21.53,52.82,-31.29,87.5,100.0,0,SIMULATED
2026-10-28 04:45:00,standard,26.63,73.1,0.0,0,7.25,0.24,14.1,21.59,52.82,-31.23,87.5,100.0,0,SIMULATED
2026-10-28 05:00:00,standard,26.77,72.5,0.0,0,7.29,0.24,14.1,21.63,52.82,-31.19,87.5,100.0,0,SIMULATED
2026-10-28 05:15:00,standard,26.93,71.8,0.0,0,7.37,0.24,14.1,21.71,52.82,-31.11,87.5,100.0,0,SIMULATED
2026-10-28 05:30:00,standard,27.1,71.0,0.0,0,7.47,0.24,14.1,21.81,52.82,-31.01,87.5,100.0,0,SIMULATED
2026-10-28 05:45:00,standard,27.28,70.2,0.0,0,7.54,0.24,14.1,21.88,52.82,-30.94,87.5,100.0,0,SIMULATED
2026-10-28 06:00:00,standard,27.47,69.3,0.0,0,7.63,0.24,14.1,21.97,52.82,-30.85,87.5,100.0,0,SIMULATED
2026-10-28 06:15:00,standard,27.67,68.4,53.4,0,8.33,0.24,14.1,22.67,52.82,-30.15,87.5,100.0,0,SIMULATED
2026-10-28 06:30:00,standard,27.88,67.5,106.5,0,9.02,0.24,14.1,23.36,52.82,-29.46,87.5,100.0,0,SIMULATED
2026-10-28 06:45:00,standard,28.09,66.5,159.3,0,9.71,0.24,14.1,24.05,52.94,-28.89,87.5,100.0,0,SIMULATED
2026-10-28 07:00:00,standard,28.31,65.5,211.4,0,10.7,1.52,14.1,26.33,53.22,-26.89,87.5,100.0,0,SIMULATED
2026-10-28 07:15:00,standard,28.54,64.5,262.7,0,11.4,1.52,14.1,27.03,53.49,-26.46,87.5,100.0,0,SIMULATED
2026-10-28 07:30:00,standard,28.78,63.4,312.9,0,12.11,1.52,14.1,27.72,53.8,-26.08,87.5,100.0,0,SIMULATED
2026-10-28 07:45:00,standard,29.02,62.3,361.9,0,12.8,1.52,14.1,28.42,54.1,-25.68,87.5,100.0,0,SIMULATED
2026-10-28 08:00:00,standard,29.26,61.2,409.5,3,13.68,1.85,14.1,29.62,54.42,-24.8,87.5,100.0,0,SIMULATED
2026-10-28 08:15:00,standard,29.5,60.1,455.5,5,14.73,3.21,14.1,32.03,54.7,-22.67,87.5,100.0,0,SIMULATED
2026-10-28 08:30:00,standard,29.75,59.0,499.6,12,15.79,3.99,14.1,33.87,55.02,-21.15,87.5,100.0,0,SIMULATED
2026-10-28 08:45:00,standard,30.0,57.9,541.8,14,16.7,5.09,14.1,35.89,55.34,-19.45,87.5,100.0,0,SIMULATED
2026-10-28 09:00:00,standard,30.24,56.8,581.9,47,17.56,6.0,14.1,37.66,55.64,-17.98,87.5,100.0,0,SIMULATED
2026-10-28 09:15:00,standard,30.48,55.7,619.6,48,17.74,6.0,14.1,37.84,55.93,-18.09,87.5,100.0,0,SIMULATED
2026-10-28 09:30:00,standard,30.72,54.6,654.9,70,18.33,6.6,14.1,39.03,56.24,-17.21,87.5,100.0,0,SIMULATED
2026-10-28 09:45:00,standard,30.96,53.5,687.7,69,18.47,6.6,14.1,39.17,56.51,-17.34,87.5,100.0,0,SIMULATED
2026-10-28 10:00:00,standard,31.19,52.5,717.7,77,18.77,6.42,14.1,39.29,56.82,-17.53,87.5,100.0,0,SIMULATED
2026-10-28 10:15:00,standard,31.41,51.5,744.9,79,18.89,6.42,14.1,39.41,57.1,-17.69,87.5,100.0,0,SIMULATED
2026-10-28 10:30:00,standard,31.62,50.5,769.1,73,18.61,5.82,14.1,38.53,57.36,-18.83,87.5,100.0,0,SIMULATED
2026-10-28 10:45:00,standard,31.83,49.6,790.3,71,18.68,5.82,14.1,38.6,57.62,-19.02,87.5,100.0,0,SIMULATED
2026-10-28 11:00:00,standard,32.03,48.7,808.4,72,18.8,5.82,14.1,38.72,57.87,-19.15,87.5,100.0,0,SIMULATED
2026-10-28 11:15:00,standard,32.22,47.8,823.3,72,18.85,5.82,14.1,38.77,58.1,-19.33,87.5,100.0,0,SIMULATED
2026-10-28 11:30:00,standard,32.4,47.0,834.9,75,19.32,6.42,14.1,39.84,58.31,-18.47,87.5,100.0,0,SIMULATED
2026-10-28 11:45:00,standard,32.57,46.2,843.3,65,18.89,5.82,14.1,38.81,58.53,-19.72,87.5,100.0,0,SIMULATED
2026-10-28 12:00:00,standard,32.73,45.5,848.3,93,19.87,6.6,14.1,40.57,58.74,-18.17,87.5,100.0,0,SIMULATED
2026-10-28 12:15:00,standard,32.87,44.9,850.0,93,19.99,6.6,14.1,40.69,58.92,-18.23,87.5,100.0,0,SIMULATED
2026-10-28 12:30:00,standard,33.0,44.3,848.3,72,19.55,6.0,14.1,39.65,59.07,-19.42,87.5,100.0,0,SIMULATED
2026-10-28 12:45:00,standard,33.11,43.8,843.3,72,19.68,6.0,14.1,39.78,59.22,-19.44,87.5,100.0,0,SIMULATED
2026-10-28 13:00:00,standard,33.21,43.3,834.9,68,19.72,6.0,14.1,39.82,59.34,-19.52,87.5,100.0,0,SIMULATED
2026-10-28 13:15:00,standard,33.3,42.9,823.3,65,19.74,6.0,14.1,39.84,59.46,-19.62,87.5,100.0,0,SIMULATED
2026-10-28 13:30:00,standard,33.37,42.6,808.4,75,20.21,6.6,14.1,40.91,59.54,-18.63,87.5,100.0,0,SIMULATED
2026-10-28 13:45:00,standard,33.43,42.3,790.3,73,20.18,6.6,14.1,40.88,59.62,-18.74,87.5,100.0,0,SIMULATED
2026-10-28 14:00:00,standard,33.47,42.1,769.1,72,19.64,6.5,14.1,40.24,59.67,-19.43,75.0,100.0,1,SIMULATED
2026-10-28 14:15:00,standard,33.49,42.0,744.9,72,19.64,6.5,14.1,40.24,59.7,-19.46,75.0,100.0,1,SIMULATED
2026-10-28 14:30:00,standard,33.5,42.0,717.7,70,19.61,6.5,14.1,40.21,59.7,-19.49,62.5,100.0,1,SIMULATED
2026-10-28 14:45:00,standard,33.49,42.0,687.7,72,19.64,6.5,14.1,40.24,59.7,-19.46,62.5,100.0,1,SIMULATED
2026-10-28 15:00:00,standard,33.47,42.1,654.9,72,19.48,5.82,14.1,39.4,59.67,-20.27,62.5,100.0,0,SIMULATED
2026-10-28 15:15:00,standard,33.43,42.3,619.6,69,19.4,5.82,14.1,39.32,59.62,-20.3,62.5,100.0,0,SIMULATED
2026-10-28 15:30:00,standard,33.37,42.6,581.9,70,19.41,6.0,14.1,39.51,59.54,-20.03,62.5,100.0,0,SIMULATED
2026-10-28 15:45:00,standard,33.3,42.9,541.8,69,19.38,6.0,14.1,39.48,59.46,-19.98,62.5,100.0,0,SIMULATED
2026-10-28 16:00:00,standard,33.21,43.3,499.6,71,19.37,6.0,14.1,39.47,59.34,-19.87,62.5,100.0,0,SIMULATED
2026-10-28 16:15:00,standard,33.11,43.8,455.5,70,19.29,6.0,14.1,39.39,59.22,-19.83,62.5,100.0,0,SIMULATED
2026-10-28 16:30:00,standard,33.0,44.3,409.5,77,19.64,6.6,14.1,40.34,59.07,-18.73,62.5,100.0,0,SIMULATED
2026-10-28 16:45:00,standard,32.87,44.9,361.9,80,19.64,6.6,14.1,40.34,58.92,-18.58,62.5,100.0,0,SIMULATED
2026-10-28 17:00:00,standard,32.73,45.5,312.9,63,18.87,6.6,14.1,39.57,58.74,-19.17,62.5,100.0,0,SIMULATED
2026-10-28 17:15:00,standard,32.57,46.2,262.7,68,18.71,6.6,14.1,39.41,58.53,-19.12,62.5,100.0,0,SIMULATED
2026-10-28 17:30:00,standard,32.4,47.0,211.4,56,17.92,6.0,14.1,38.02,58.31,-20.29,62.5,100.0,0,SIMULATED
2026-10-28 17:45:00,standard,32.22,47.8,159.3,54,17.63,6.0,14.1,37.73,58.1,-20.37,62.5,100.0,0,SIMULATED
2026-10-28 18:00:00,standard,32.03,48.7,106.5,49,17.31,6.0,14.1,37.41,57.87,-20.46,62.5,100.0,0,SIMULATED
2026-10-28 18:15:00,standard,31.83,49.6,53.4,50,17.09,6.0,14.1,37.19,57.62,-20.43,75.0,100.0,0,SIMULATED
2026-10-28 18:30:00,standard,31.62,50.5,0.0,40,16.43,5.09,14.1,35.62,57.36,-21.74,87.5,100.0,0,SIMULATED
2026-10-28 18:45:00,standard,31.41,51.5,0.0,32,15.96,5.09,14.1,35.15,57.1,-21.95,87.5,100.0,0,SIMULATED
2026-10-28 19:00:00,standard,31.19,52.5,0.0,21,15.11,3.98,14.1,33.19,56.82,-23.63,87.5,100.0,0,SIMULATED
2026-10-28 19:15:00,standard,30.96,53.5,0.0,17,14.76,3.98,14.1,32.84,56.51,-23.67,87.5,100.0,0,SIMULATED
2026-10-28 19:30:00,standard,30.72,54.6,0.0,11,13.83,2.62,14.1,30.55,56.24,-25.69,87.5,100.0,0,SIMULATED
2026-10-28 19:45:00,standard,30.48,55.7,0.0,8,13.3,2.62,14.1,30.02,55.93,-25.91,87.5,100.0,0,SIMULATED
2026-10-28 20:00:00,standard,30.24,56.8,0.0,5,12.57,1.6,14.1,28.27,55.64,-27.37,87.5,100.0,0,SIMULATED
2026-10-28 20:15:00,standard,30.0,57.9,0.0,2,12.07,1.6,14.1,27.77,55.34,-27.57,87.5,100.0,0,SIMULATED
2026-10-28 20:30:00,standard,29.75,59.0,0.0,0,11.32,0.24,14.1,25.66,55.02,-29.36,87.5,100.0,0,SIMULATED
2026-10-28 20:45:00,standard,29.5,60.1,0.0,0,10.97,0.24,14.1,25.31,54.7,-29.39,87.5,100.0,0,SIMULATED
2026-10-28 21:00:00,standard,29.26,61.2,0.0,0,10.64,0.24,14.1,24.98,54.42,-29.44,87.5,100.0,0,SIMULATED
2026-10-28 21:15:00,standard,29.02,62.3,0.0,0,10.32,0.24,14.1,24.66,54.1,-29.44,87.5,100.0,0,SIMULATED
2026-10-28 21:30:00,standard,28.78,63.4,0.0,0,10.04,0.24,14.1,24.38,53.8,-29.42,87.5,100.0,0,SIMULATED
2026-10-28 21:45:00,standard,28.54,64.5,0.0,0,9.76,0.24,14.1,24.1,53.49,-29.39,87.5,100.0,0,SIMULATED
2026-10-28 22:00:00,standard,28.31,65.5,0.0,0,9.5,0.24,14.1,23.84,53.22,-29.38,87.5,100.0,0,SIMULATED
2026-10-28 22:15:00,standard,28.09,66.5,0.0,0,9.23,0.24,14.1,23.57,52.94,-29.37,87.5,100.0,0,SIMULATED
2026-10-28 22:30:00,standard,27.88,67.5,0.0,0,9.01,0.24,14.1,23.35,52.82,-29.47,87.5,100.0,0,SIMULATED
2026-10-28 22:45:00,standard,27.67,68.4,0.0,0,8.81,0.24,14.1,23.15,52.82,-29.67,87.5,100.0,0,SIMULATED
2026-10-28 23:00:00,standard,27.47,69.3,0.0,0,8.59,0.24,14.1,22.93,52.82,-29.89,87.5,100.0,0,SIMULATED
2026-10-28 23:15:00,standard,27.28,70.2,0.0,0,8.4,0.24,14.1,22.74,52.82,-30.08,87.5,100.0,0,SIMULATED
2026-10-28 23:30:00,standard,27.1,71.0,0.0,0,8.24,0.24,14.1,22.58,52.82,-30.24,87.5,100.0,0,SIMULATED
2026-10-28 23:45:00,standard,26.93,71.8,0.0,0,8.07,0.24,14.1,22.41,52.82,-30.41,87.5,100.0,0,SIMULATED
2026-10-29 00:00:00,standard,26.77,72.5,0.0,0,7.9,0.24,14.1,22.24,52.82,-30.58,87.5,100.0,0,SIMULATED
2026-10-29 00:15:00,standard,26.63,73.1,0.0,0,7.79,0.24,14.1,22.13,52.82,-30.69,87.5,100.0,0,SIMULATED
2026-10-29 00:30:00,standard,26.5,73.7,0.0,0,7.65,0.24,14.1,21.99,52.82,-30.83,87.5,100.0,0,SIMULATED
2026-10-29 00:45:00,standard,26.39,74.2,0.0,0,7.55,0.24,14.1,21.89,52.82,-30.93,87.5,100.0,0,SIMULATED
2026-10-29 01:00:00,standard,26.29,74.7,0.0,0,7.45,0.24,14.1,21.79,52.82,-31.03,87.5,100.0,0,SIMULATED
2026-10-29 01:15:00,standard,26.2,75.1,0.0,0,7.35,0.24,14.1,21.69,52.82,-31.13,87.5,100.0,0,SIMULATED
2026-10-29 01:30:00,standard,26.13,75.4,0.0,0,7.28,0.24,14.1,21.62,52.82,-31.2,87.5,100.0,0,SIMULATED
2026-10-29 01:45:00,standard,26.07,75.7,0.0,0,7.2,0.24,14.1,21.54,52.82,-31.28,87.5,100.0,0,SIMULATED
2026-10-29 02:00:00,standard,26.03,75.9,0.0,0,7.15,0.24,14.1,21.49,52.82,-31.33,87.5,100.0,0,SIMULATED
2026-10-29 02:15:00,standard,26.01,76.0,0.0,0,7.11,0.24,14.1,21.45,52.82,-31.37,87.5,100.0,0,SIMULATED
2026-10-29 02:30:00,standard,26.0,76.0,0.0,0,7.08,0.24,14.1,21.42,52.82,-31.4,87.5,100.0,0,SIMULATED
2026-10-29 02:45:00,standard,26.01,76.0,0.0,0,7.06,0.24,14.1,21.4,52.82,-31.42,87.5,100.0,0,SIMULATED
2026-10-29 03:00:00,standard,26.03,75.9,0.0,0,7.04,0.24,14.1,21.38,52.82,-31.44,87.5,100.0,0,SIMULATED
2026-10-29 03:15:00,standard,26.07,75.7,0.0,0,7.03,0.24,14.1,21.37,52.82,-31.45,87.5,100.0,0,SIMULATED
2026-10-29 03:30:00,standard,26.13,75.4,0.0,0,7.05,0.24,14.1,21.39,52.82,-31.43,87.5,100.0,0,SIMULATED
2026-10-29 03:45:00,standard,26.2,75.1,0.0,0,7.07,0.24,14.1,21.41,52.82,-31.41,87.5,100.0,0,SIMULATED
2026-10-29 04:00:00,standard,26.29,74.7,0.0,0,7.11,0.24,14.1,21.45,52.82,-31.37,87.5,100.0,0,SIMULATED
2026-10-29 04:15:00,standard,26.39,74.2,0.0,0,7.14,0.24,14.1,21.48,52.82,-31.34,87.5,100.0,0,SIMULATED
2026-10-29 04:30:00,standard,26.5,73.7,0.0,0,7.18,0.24,14.1,21.52,52.82,-31.3,87.5,100.0,0,SIMULATED
2026-10-29 04:45:00,standard,26.63,73.1,0.0,0,7.24,0.24,14.1,21.58,52.82,-31.24,87.5,100.0,0,SIMULATED
2026-10-29 05:00:00,standard,26.77,72.5,0.0,0,7.28,0.24,14.1,21.62,52.82,-31.2,87.5,100.0,0,SIMULATED
2026-10-29 05:15:00,standard,26.93,71.8,0.0,0,7.36,0.24,14.1,21.7,52.82,-31.12,87.5,100.0,0,SIMULATED
2026-10-29 05:30:00,standard,27.1,71.0,0.0,0,7.46,0.24,14.1,21.8,52.82,-31.02,87.5,100.0,0,SIMULATED
2026-10-29 05:45:00,standard,27.28,70.2,0.0,0,7.53,0.24,14.1,21.87,52.82,-30.95,87.5,100.0,0,SIMULATED
2026-10-29 06:00:00,standard,27.47,69.3,0.0,0,7.63,0.24,14.1,21.97,52.82,-30.85,87.5,100.0,0,SIMULATED
2026-10-29 06:15:00,standard,27.67,68.4,53.4,0,8.32,0.24,14.1,22.66,52.82,-30.16,87.5,100.0,0,SIMULATED
2026-10-29 06:30:00,standard,27.88,67.5,106.5,0,9.01,0.24,14.1,23.35,52.82,-29.47,87.5,100.0,0,SIMULATED
2026-10-29 06:45:00,standard,28.09,66.5,159.3,0,9.7,0.24,14.1,24.04,52.94,-28.9,87.5,100.0,0,SIMULATED
2026-10-29 07:00:00,standard,28.31,65.5,211.4,0,10.7,1.52,14.1,26.33,53.22,-26.89,87.5,100.0,0,SIMULATED
2026-10-29 07:15:00,standard,28.54,64.5,262.7,0,11.4,1.52,14.1,27.03,53.49,-26.46,87.5,100.0,0,SIMULATED
2026-10-29 07:30:00,standard,28.78,63.4,312.9,0,12.11,1.52,14.1,27.72,53.8,-26.08,87.5,100.0,0,SIMULATED
2026-10-29 07:45:00,standard,29.02,62.3,361.9,0,12.8,1.52,14.1,28.42,54.1,-25.68,87.5,100.0,0,SIMULATED
2026-10-29 08:00:00,standard,29.26,61.2,409.5,2,13.65,1.85,14.1,29.59,54.42,-24.83,87.5,100.0,0,SIMULATED
2026-10-29 08:15:00,standard,29.5,60.1,455.5,7,14.79,3.21,14.1,32.09,54.7,-22.61,87.5,100.0,0,SIMULATED
2026-10-29 08:30:00,standard,29.75,59.0,499.6,12,15.79,3.99,14.1,33.87,55.02,-21.15,87.5,100.0,0,SIMULATED
2026-10-29 08:45:00,standard,30.0,57.9,541.8,17,16.76,5.09,14.1,35.95,55.34,-19.39,87.5,100.0,0,SIMULATED
2026-10-29 09:00:00,standard,30.24,56.8,581.9,47,17.56,6.0,14.1,37.66,55.64,-17.98,87.5,100.0,0,SIMULATED
2026-10-29 09:15:00,standard,30.48,55.7,619.6,49,17.77,6.0,14.1,37.87,55.93,-18.06,87.5,100.0,0,SIMULATED
2026-10-29 09:30:00,standard,30.72,54.6,654.9,67,18.27,6.6,14.1,38.97,56.24,-17.27,87.5,100.0,0,SIMULATED
2026-10-29 09:45:00,standard,30.96,53.5,687.7,69,18.47,6.6,14.1,39.17,56.51,-17.34,87.5,100.0,0,SIMULATED
2026-10-29 10:00:00,standard,31.19,52.5,717.7,75,18.73,6.42,14.1,39.25,56.82,-17.57,87.5,100.0,0,SIMULATED
2026-10-29 10:15:00,standard,31.41,51.5,744.9,78,18.86,6.42,14.1,39.38,57.1,-17.72,87.5,100.0,0,SIMULATED
2026-10-29 10:30:00,standard,31.62,50.5,769.1,70,18.58,5.82,14.1,38.5,57.36,-18.86,87.5,100.0,0,SIMULATED
2026-10-29 10:45:00,standard,31.83,49.6,790.3,71,18.65,5.82,14.1,38.57,57.62,-19.05,87.5,100.0,0,SIMULATED
2026-10-29 11:00:00,standard,32.03,48.7,808.4,72,18.8,5.82,14.1,38.72,57.87,-19.15,87.5,100.0,0,SIMULATED
2026-10-29 11:15:00,standard,32.22,47.8,823.3,71,18.92,5.82,14.1,38.84,58.1,-19.26,87.5,100.0,0,SIMULATED
2026-10-29 11:30:00,standard,32.4,47.0,834.9,81,19.41,6.42,14.1,39.93,58.31,-18.38,87.5,100.0,0,SIMULATED
2026-10-29 11:45:00,standard,32.57,46.2,843.3,67,18.92,5.82,14.1,38.84,58.53,-19.69,87.5,100.0,0,SIMULATED
2026-10-29 12:00:00,standard,32.73,45.5,848.3,93,19.87,6.6,14.1,40.57,58.74,-18.17,87.5,100.0,0,SIMULATED
2026-10-29 12:15:00,standard,32.87,44.9,850.0,91,19.92,6.6,14.1,40.62,58.92,-18.3,87.5,100.0,0,SIMULATED
2026-10-29 12:30:00,standard,33.0,44.3,848.3,71,19.55,6.0,14.1,39.65,59.07,-19.42,87.5,100.0,0,SIMULATED
2026-10-29 12:45:00,standard,33.11,43.8,843.3,72,19.61,6.0,14.1,39.71,59.22,-19.51,87.5,100.0,0,SIMULATED
2026-10-29 13:00:00,standard,33.21,43.3,834.9,64,19.69,6.0,14.1,39.79,59.34,-19.55,87.5,100.0,0,SIMULATED
2026-10-29 13:15:00,standard,33.3,42.9,823.3,65,19.71,6.0,14.1,39.81,59.46,-19.65,87.5,100.0,0,SIMULATED
2026-10-29 13:30:00,standard,33.37,42.6,808.4,75,20.24,6.6,14.1,40.94,59.54,-18.6,87.5,100.0,0,SIMULATED
2026-10-29 13:45:00,standard,33.43,42.3,790.3,75,20.21,6.6,14.1,40.91,59.62,-18.71,87.5,100.0,0,SIMULATED
2026-10-29 14:00:00,standard,33.47,42.1,769.1,71,19.61,6.5,14.1,40.21,59.67,-19.46,75.0,100.0,1,SIMULATED
2026-10-29 14:15:00,standard,33.49,42.0,744.9,73,19.67,6.5,14.1,40.27,59.7,-19.43,75.0,100.0,1,SIMULATED
2026-10-29 14:30:00,standard,33.5,42.0,717.7,71,19.61,6.5,14.1,40.21,59.7,-19.49,62.5,100.0,1,SIMULATED
2026-10-29 14:45:00,standard,33.49,42.0,687.7,71,19.61,6.5,14.1,40.21,59.7,-19.49,62.5,100.0,1,SIMULATED
2026-10-29 15:00:00,standard,33.47,42.1,654.9,73,19.48,5.82,14.1,39.4,59.67,-20.27,62.5,100.0,0,SIMULATED
2026-10-29 15:15:00,standard,33.43,42.3,619.6,72,19.47,5.82,14.1,39.39,59.62,-20.23,62.5,100.0,0,SIMULATED
2026-10-29 15:30:00,standard,33.37,42.6,581.9,71,19.41,6.0,14.1,39.51,59.54,-20.03,62.5,100.0,0,SIMULATED
2026-10-29 15:45:00,standard,33.3,42.9,541.8,70,19.41,6.0,14.1,39.51,59.46,-19.95,62.5,100.0,0,SIMULATED
2026-10-29 16:00:00,standard,33.21,43.3,499.6,69,19.3,6.0,14.1,39.4,59.34,-19.94,62.5,100.0,0,SIMULATED
2026-10-29 16:15:00,standard,33.11,43.8,455.5,70,19.29,6.0,14.1,39.39,59.22,-19.83,62.5,100.0,0,SIMULATED
2026-10-29 16:30:00,standard,33.0,44.3,409.5,78,19.67,6.6,14.1,40.37,59.07,-18.7,62.5,100.0,0,SIMULATED
2026-10-29 16:45:00,standard,32.87,44.9,361.9,79,19.61,6.6,14.1,40.31,58.92,-18.61,62.5,100.0,0,SIMULATED
2026-10-29 17:00:00,standard,32.73,45.5,312.9,66,18.96,6.6,14.1,39.66,58.74,-19.08,62.5,100.0,0,SIMULATED
2026-10-29 17:15:00,standard,32.57,46.2,262.7,67,18.67,6.6,14.1,39.37,58.53,-19.16,62.5,100.0,0,SIMULATED
2026-10-29 17:30:00,standard,32.4,47.0,211.4,57,17.92,6.0,14.1,38.02,58.31,-20.29,62.5,100.0,0,SIMULATED
2026-10-29 17:45:00,standard,32.22,47.8,159.3,53,17.59,6.0,14.1,37.69,58.1,-20.41,62.5,100.0,0,SIMULATED
2026-10-29 18:00:00,standard,32.03,48.7,106.5,51,17.34,6.0,14.1,37.44,57.87,-20.43,62.5,100.0,0,SIMULATED
2026-10-29 18:15:00,standard,31.83,49.6,53.4,49,17.12,6.0,14.1,37.22,57.62,-20.4,75.0,100.0,0,SIMULATED
2026-10-29 18:30:00,standard,31.62,50.5,0.0,40,16.43,5.09,14.1,35.62,57.36,-21.74,87.5,100.0,0,SIMULATED
2026-10-29 18:45:00,standard,31.41,51.5,0.0,32,15.98,5.09,14.1,35.17,57.1,-21.93,87.5,100.0,0,SIMULATED
2026-10-29 19:00:00,standard,31.19,52.5,0.0,22,15.13,3.98,14.1,33.21,56.82,-23.61,87.5,100.0,0,SIMULATED
2026-10-29 19:15:00,standard,30.96,53.5,0.0,16,14.75,3.98,14.1,32.83,56.51,-23.68,87.5,100.0,0,SIMULATED
2026-10-29 19:30:00,standard,30.72,54.6,0.0,10,13.84,2.62,14.1,30.56,56.24,-25.68,87.5,100.0,0,SIMULATED
2026-10-29 19:45:00,standard,30.48,55.7,0.0,8,13.34,2.62,14.1,30.06,55.93,-25.87,87.5,100.0,0,SIMULATED
2026-10-29 20:00:00,standard,30.24,56.8,0.0,6,12.63,1.6,14.1,28.33,55.64,-27.31,87.5,100.0,0,SIMULATED
2026-10-29 20:15:00,standard,30.0,57.9,0.0,3,12.13,1.6,14.1,27.83,55.34,-27.51,87.5,100.0,0,SIMULATED
2026-10-29 20:30:00,standard,29.75,59.0,0.0,0,11.35,0.24,14.1,25.69,55.02,-29.33,87.5,100.0,0,SIMULATED
2026-10-29 20:45:00,standard,29.5,60.1,0.0,0,11.0,0.24,14.1,25.34,54.7,-29.36,87.5,100.0,0,SIMULATED
2026-10-29 21:00:00,standard,29.26,61.2,0.0,0,10.67,0.24,14.1,25.01,54.42,-29.41,87.5,100.0,0,SIMULATED
2026-10-29 21:15:00,standard,29.02,62.3,0.0,0,10.35,0.24,14.1,24.69,54.1,-29.41,87.5,100.0,0,SIMULATED
2026-10-29 21:30:00,standard,28.78,63.4,0.0,0,10.07,0.24,14.1,24.41,53.8,-29.39,87.5,100.0,0,SIMULATED
2026-10-29 21:45:00,standard,28.54,64.5,0.0,0,9.77,0.24,14.1,24.11,53.49,-29.38,87.5,100.0,0,SIMULATED
2026-10-29 22:00:00,standard,28.31,65.5,0.0,0,9.52,0.24,14.1,23.86,53.22,-29.36,87.5,100.0,0,SIMULATED
2026-10-29 22:15:00,standard,28.09,66.5,0.0,0,9.24,0.24,14.1,23.58,52.94,-29.36,87.5,100.0,0,SIMULATED
2026-10-29 22:30:00,standard,27.88,67.5,0.0,0,9.02,0.24,14.1,23.36,52.82,-29.46,87.5,100.0,0,SIMULATED
2026-10-29 22:45:00,standard,27.67,68.4,0.0,0,8.82,0.24,14.1,23.16,52.82,-29.66,87.5,100.0,0,SIMULATED
2026-10-29 23:00:00,standard,27.47,69.3,0.0,0,8.61,0.24,14.1,22.95,52.82,-29.87,87.5,100.0,0,SIMULATED
2026-10-29 23:15:00,standard,27.28,70.2,0.0,0,8.41,0.24,14.1,22.75,52.82,-30.07,87.5,100.0,0,SIMULATED
2026-10-29 23:30:00,standard,27.1,71.0,0.0,0,8.25,0.24,14.1,22.59,52.82,-30.23,87.5,100.0,0,SIMULATED
2026-10-29 23:45:00,standard,26.93,71.8,0.0,0,8.08,0.24,14.1,22.42,52.82,-30.4,87.5,100.0,0,SIMULATED
